{
  "pageProps": {
    "contentId": "litv-longturn02",
    "channel": {
      "title": "龍華洋片台",
      "no": 72,
      "charge_mode": "F",
      "content_id": "litv-longturn02",
      "content_type": "channel",
      "epg_categories": [
        21,
        19
      ],
      "genres": [
        {
          "id": "",
          "name": "Movie",
          "logo": ""
        }
      ],
      "liad_id": "CHOFIWEB",
      "package_info_id": "VOD_CHANNEL_DELUX",
      "picture": "pics/logo_litv_litv-longturn02_tv.png",
      "provider": [
        {
          "id": "",
          "name": "4gTV",
          "logo": ""
        }
      ],
      "quality": "HD",
      "station_id": "",
      "trial": "CH_TRAIL",
      "selectable": 0,
      "tr_logo": "",
      "tl_logo": "",
      "br_logo": "",
      "bl_logo": "",
      "menu_type": 0,
      "StationID": 1231,
      "Name": "龍華洋片台",
      "CallSign": "龍華洋片台",
      "TuningChannel": "72",
      "Categories": [
        19,
        21
      ],
      "ChannelId": "",
      "CdnCode": "litv-longturn02",
      "IsHD": true,
      "Schedule": [
        {
          "StationId": 1231,
          "ProgramId": "00000001000151",
          "AirDateTime": "2025-11-04T06:05:00Z",
          "Duration": 6900,
          "PartNumber": 0,
          "NumberParts": 0,
          "Repeat": false,
          "PremiereFinale": 0,
          "LiveDelay": 3,
          "ClosedCaption": false,
          "Subtitled": false,
          "TvRating": 1,
          "SexRating": false,
          "ViolenceRating": false,
          "LanguageRating": false,
          "FVRating": false,
          "BroadcastFormat": "4x3",
          "EndTime": "0001-01-01T00:00:00Z",
          "program": {
            "ProgramId": "00000001000151",
            "Title": "前線叛逃",
            "ShowType": "1"
          }
        },
        {
          "StationId": 1231,
          "ProgramId": "00174892000000",
          "AirDateTime": "2025-11-04T08:00:00Z",
          "Duration": 5400,
          "PartNumber": 0,
          "NumberParts": 0,
          "Repeat": false,
          "PremiereFinale": 0,
          "LiveDelay": 3,
          "ClosedCaption": false,
          "Subtitled": false,
          "TvRating": 1,
          "SexRating": false,
          "ViolenceRating": false,
          "LanguageRating": false,
          "FVRating": false,
          "BroadcastFormat": "4x3",
          "EndTime": "0001-01-01T00:00:00Z",
          "program": {
            "ProgramId": "00174892000000",
            "Title": "美聲歌雞",
            "SubTitle": "Turu, the Wacky Hen",
            "Description": "圖魯是一隻相貌古怪且不會下蛋的母雞，因此遭到其他母雞的嘲笑。老奶奶伊莎貝爾將圖魯帶到自己的農場，竟意外發現圖魯的獨特天賦：她不僅能夠跟人類說話，還有著美麗的動人歌聲。。某天，伊莎貝爾從屋頂上摔下來而且失去了記憶，隨後被救護車送往醫院；想念老奶奶的圖魯決定踏上旅程尋找她珍貴的好友！",
            "ShowType": "98"
          }
        },
        {
          "StationId": 1231,
          "ProgramId": "00153638000000",
          "AirDateTime": "2025-11-04T09:30:00Z",
          "Duration": 5700,
          "PartNumber": 0,
          "NumberParts": 0,
          "Repeat": false,
          "PremiereFinale": 0,
          "LiveDelay": 3,
          "ClosedCaption": false,
          "Subtitled": false,
          "TvRating": 1,
          "SexRating": false,
          "ViolenceRating": false,
          "LanguageRating": false,
          "FVRating": false,
          "BroadcastFormat": "4x3",
          "EndTime": "0001-01-01T00:00:00Z",
          "program": {
            "ProgramId": "00153638000000",
            "Title": "我的老爸喵星人",
            "SubTitle": "Nine Lives",
            "Description": "商業大亨湯姆（凱文史貝西）是個為事業忽略家庭的工作狂，因女兒一直想要貓當生日禮物，他到寵物店挑了一隻，回家途中繞道公司卻意外摔落大樓。醒來後湯姆發現自己竟困在貓的身體裡，而他若無法在七天內找出原因，就會永遠變成貓…",
            "ShowType": "98"
          }
        },
        {
          "StationId": 1231,
          "ProgramId": "00180106000000",
          "AirDateTime": "2025-11-04T11:05:00Z",
          "Duration": 6900,
          "PartNumber": 0,
          "NumberParts": 0,
          "Repeat": false,
          "PremiereFinale": 0,
          "LiveDelay": 3,
          "ClosedCaption": false,
          "Subtitled": false,
          "TvRating": 1,
          "SexRating": false,
          "ViolenceRating": false,
          "LanguageRating": false,
          "FVRating": false,
          "BroadcastFormat": "4x3",
          "EndTime": "0001-01-01T00:00:00Z",
          "program": {
            "ProgramId": "00180106000000",
            "Title": "獨帆之聲",
            "SubTitle": "The Mercy",
            "Description": "1968年，唐諾（柯林佛斯）打算參加備受矚目的環行世界獨帆大賽，並成為史上第一位完全不靠岸、獨自航行環繞世界的人。隨著唐諾在比賽中，以史無前例的驚人速度航行，媒體也將他打造成英國家喻戶曉的英雄人物。不過，就在家人歡天喜地準備迎接他凱旋歸來時，遠方竟傳來唐諾消失在茫茫大海中的噩耗…",
            "ShowType": "98"
          }
        },
        {
          "StationId": 1231,
          "ProgramId": "00150396000000",
          "AirDateTime": "2025-11-04T13:00:00Z",
          "Duration": 6300,
          "PartNumber": 0,
          "NumberParts": 0,
          "Repeat": false,
          "PremiereFinale": 0,
          "LiveDelay": 3,
          "ClosedCaption": false,
          "Subtitled": false,
          "TvRating": 1,
          "SexRating": false,
          "ViolenceRating": false,
          "LanguageRating": false,
          "FVRating": false,
          "BroadcastFormat": "4x3",
          "EndTime": "0001-01-01T00:00:00Z",
          "program": {
            "ProgramId": "00150396000000",
            "Title": "科技浩劫",
            "SubTitle": "Cell",
            "Description": "恐怖大師史蒂芬金小說改編。一股邪惡的脈衝磁波藉由手機入侵大腦，讓人類如狂犬病患般失控且嗜殺，疫情迅速擴及全球。獨自駕車尋找分居妻兒的柯雷（約翰庫薩克）僥倖逃過一劫，他與途中偶遇的倖存者要合作找出災難根源，以免禍延自身…",
            "ShowType": "98"
          }
        },
        {
          "StationId": 1231,
          "ProgramId": "00000001000152",
          "AirDateTime": "2025-11-04T14:45:00Z",
          "Duration": 5700,
          "PartNumber": 0,
          "NumberParts": 0,
          "Repeat": false,
          "PremiereFinale": 0,
          "LiveDelay": 3,
          "ClosedCaption": false,
          "Subtitled": false,
          "TvRating": 1,
          "SexRating": false,
          "ViolenceRating": false,
          "LanguageRating": false,
          "FVRating": false,
          "BroadcastFormat": "4x3",
          "EndTime": "0001-01-01T00:00:00Z",
          "program": {
            "ProgramId": "00000001000152",
            "Title": "黑獄戰場",
            "ShowType": "1"
          }
        },
        {
          "StationId": 1231,
          "ProgramId": "00188295000000",
          "AirDateTime": "2025-11-04T16:20:00Z",
          "Duration": 6000,
          "PartNumber": 0,
          "NumberParts": 0,
          "Repeat": false,
          "PremiereFinale": 0,
          "LiveDelay": 3,
          "ClosedCaption": false,
          "Subtitled": false,
          "TvRating": 1,
          "SexRating": false,
          "ViolenceRating": false,
          "LanguageRating": false,
          "FVRating": false,
          "BroadcastFormat": "4x3",
          "EndTime": "0001-01-01T00:00:00Z",
          "program": {
            "ProgramId": "00188295000000",
            "Title": "史前魔種",
            "Description": "迪德麗（露西馬丁 飾）、夏綠蒂（雀兒喜埃奇 飾）和希瑟（蘇菲薇瓦雪 飾）三位好友相約前往莫哈韋沙漠，以便在希瑟父親的別墅中直播流星雨，夜裡一顆隕石墜落，她們將它撿回來之後，發現它其實是隻古怪的生物，這時三人還不知道，她們的網紅美夢，將因為這個外星異形而演變成腥紅地獄……。",
            "ShowType": "98"
          }
        },
        {
          "StationId": 1231,
          "ProgramId": "00000001000153",
          "AirDateTime": "2025-11-04T18:00:00Z",
          "Duration": 5100,
          "PartNumber": 0,
          "NumberParts": 0,
          "Repeat": false,
          "PremiereFinale": 0,
          "LiveDelay": 3,
          "ClosedCaption": false,
          "Subtitled": false,
          "TvRating": 1,
          "SexRating": false,
          "ViolenceRating": false,
          "LanguageRating": false,
          "FVRating": false,
          "BroadcastFormat": "4x3",
          "EndTime": "0001-01-01T00:00:00Z",
          "program": {
            "ProgramId": "00000001000153",
            "Title": "微光殺機",
            "ShowType": "1"
          }
        },
        {
          "StationId": 1231,
          "ProgramId": "00000001000154",
          "AirDateTime": "2025-11-04T19:25:00Z",
          "Duration": 7200,
          "PartNumber": 0,
          "NumberParts": 0,
          "Repeat": false,
          "PremiereFinale": 0,
          "LiveDelay": 3,
          "ClosedCaption": false,
          "Subtitled": false,
          "TvRating": 1,
          "SexRating": false,
          "ViolenceRating": false,
          "LanguageRating": false,
          "FVRating": false,
          "BroadcastFormat": "4x3",
          "EndTime": "0001-01-01T00:00:00Z",
          "program": {
            "ProgramId": "00000001000154",
            "Title": "黑水巷",
            "ShowType": "1"
          }
        },
        {
          "StationId": 1231,
          "ProgramId": "00000001000155",
          "AirDateTime": "2025-11-04T21:25:00Z",
          "Duration": 5700,
          "PartNumber": 0,
          "NumberParts": 0,
          "Repeat": false,
          "PremiereFinale": 0,
          "LiveDelay": 3,
          "ClosedCaption": false,
          "Subtitled": false,
          "TvRating": 1,
          "SexRating": false,
          "ViolenceRating": false,
          "LanguageRating": false,
          "FVRating": false,
          "BroadcastFormat": "4x3",
          "EndTime": "0001-01-01T00:00:00Z",
          "program": {
            "ProgramId": "00000001000155",
            "Title": "超市撿到槍",
            "ShowType": "1"
          }
        },
        {
          "StationId": 1231,
          "ProgramId": "00166296000000",
          "AirDateTime": "2025-11-04T23:00:00Z",
          "Duration": 6600,
          "PartNumber": 0,
          "NumberParts": 0,
          "Repeat": false,
          "PremiereFinale": 0,
          "LiveDelay": 3,
          "ClosedCaption": false,
          "Subtitled": false,
          "TvRating": 1,
          "SexRating": false,
          "ViolenceRating": false,
          "LanguageRating": false,
          "FVRating": false,
          "BroadcastFormat": "4x3",
          "EndTime": "0001-01-01T00:00:00Z",
          "program": {
            "ProgramId": "00166296000000",
            "Title": "犯罪教條",
            "SubTitle": "Trespass Against Us",
            "Description": "出身犯罪世家的查德（麥可法賓斯達）為了給兒子更好的將來，想要脫離家族事業，但他父親寇比（布蘭登葛里森）卻認為此舉無異於背叛而設法阻止，並再次要求查德參與搶案。不料成功犯下搶案並脫身後，警方卻強力掃蕩查德家族的聚居地…",
            "ShowType": "98"
          }
        },
        {
          "StationId": 1231,
          "ProgramId": "00000001000156",
          "AirDateTime": "2025-11-05T00:50:00Z",
          "Duration": 6000,
          "PartNumber": 0,
          "NumberParts": 0,
          "Repeat": false,
          "PremiereFinale": 0,
          "LiveDelay": 3,
          "ClosedCaption": false,
          "Subtitled": false,
          "TvRating": 1,
          "SexRating": false,
          "ViolenceRating": false,
          "LanguageRating": false,
          "FVRating": false,
          "BroadcastFormat": "4x3",
          "EndTime": "0001-01-01T00:00:00Z",
          "program": {
            "ProgramId": "00000001000156",
            "Title": "完美的敵人",
            "ShowType": "1"
          }
        },
        {
          "StationId": 1231,
          "ProgramId": "00180336000000",
          "AirDateTime": "2025-11-05T02:30:00Z",
          "Duration": 6600,
          "PartNumber": 0,
          "NumberParts": 0,
          "Repeat": false,
          "PremiereFinale": 0,
          "LiveDelay": 3,
          "ClosedCaption": false,
          "Subtitled": false,
          "TvRating": 1,
          "SexRating": false,
          "ViolenceRating": false,
          "LanguageRating": false,
          "FVRating": false,
          "BroadcastFormat": "4x3",
          "EndTime": "0001-01-01T00:00:00Z",
          "program": {
            "ProgramId": "00180336000000",
            "Title": "午夜密令",
            "SubTitle": "Six Minutes To Midnight",
            "Description": "1939年夏天英德之間緊張情勢日益高漲，情報員米勒（艾迪依薩）臥底進入位於英國南岸專收納粹高官女兒的女子學院調查教師失蹤案。當學生在岸邊發現老師的屍體之際，米勒偷聽到體育老師要將學生祕密送回德國，卻因被發現遭栽贓為殺人犯…",
            "ShowType": "98"
          }
        },
        {
          "StationId": 1231,
          "ProgramId": "00000001000157",
          "AirDateTime": "2025-11-05T04:20:00Z",
          "Duration": 6300,
          "PartNumber": 0,
          "NumberParts": 0,
          "Repeat": false,
          "PremiereFinale": 0,
          "LiveDelay": 3,
          "ClosedCaption": false,
          "Subtitled": false,
          "TvRating": 1,
          "SexRating": false,
          "ViolenceRating": false,
          "LanguageRating": false,
          "FVRating": false,
          "BroadcastFormat": "4x3",
          "EndTime": "0001-01-01T00:00:00Z",
          "program": {
            "ProgramId": "00000001000157",
            "Title": "殲滅黑蠍幫",
            "ShowType": "1"
          }
        },
        {
          "StationId": 1231,
          "ProgramId": "00000001000158",
          "AirDateTime": "2025-11-05T06:05:00Z",
          "Duration": 6900,
          "PartNumber": 0,
          "NumberParts": 0,
          "Repeat": false,
          "PremiereFinale": 0,
          "LiveDelay": 3,
          "ClosedCaption": false,
          "Subtitled": false,
          "TvRating": 1,
          "SexRating": false,
          "ViolenceRating": false,
          "LanguageRating": false,
          "FVRating": false,
          "BroadcastFormat": "4x3",
          "EndTime": "0001-01-01T00:00:00Z",
          "program": {
            "ProgramId": "00000001000158",
            "Title": "疾速求生",
            "ShowType": "1"
          }
        },
        {
          "StationId": 1231,
          "ProgramId": "00178036000000",
          "AirDateTime": "2025-11-05T08:00:00Z",
          "Duration": 6600,
          "PartNumber": 0,
          "NumberParts": 0,
          "Repeat": false,
          "PremiereFinale": 0,
          "LiveDelay": 3,
          "ClosedCaption": false,
          "Subtitled": false,
          "TvRating": 1,
          "SexRating": false,
          "ViolenceRating": false,
          "LanguageRating": false,
          "FVRating": false,
          "BroadcastFormat": "4x3",
          "EndTime": "0001-01-01T00:00:00Z",
          "program": {
            "ProgramId": "00178036000000",
            "Title": "特斯拉",
            "SubTitle": "Tesla",
            "Description": "描寫傳奇發明家「交流電之父」特斯拉（伊森霍克）的傳奇人生，包括特斯拉與愛迪生（凱爾麥克拉蘭）之間的恩怨糾葛、與西屋電氣創始人的合作、以及他和知名投資家JP摩根的女兒安妮摩根的關係，與現代交流電電力系統的發展過程。",
            "ShowType": "98"
          }
        },
        {
          "StationId": 1231,
          "ProgramId": "00175772000000",
          "AirDateTime": "2025-11-05T09:50:00Z",
          "Duration": 5400,
          "PartNumber": 0,
          "NumberParts": 0,
          "Repeat": false,
          "PremiereFinale": 0,
          "LiveDelay": 3,
          "ClosedCaption": false,
          "Subtitled": false,
          "TvRating": 1,
          "SexRating": false,
          "ViolenceRating": false,
          "LanguageRating": false,
          "FVRating": false,
          "BroadcastFormat": "4x3",
          "EndTime": "0001-01-01T00:00:00Z",
          "program": {
            "ProgramId": "00175772000000",
            "Title": "小麻煩當家",
            "SubTitle": "Trouble",
            "Description": "嬌生慣養、養尊處優的狗狗小麻煩，從小過著皇帝般的幸福生活。不料女主人猝逝後，為躲過主人貪婪兒女的魔掌，牠被迫流落街頭。直到牠意外找到新主人：立志當歌手的年輕女孩，雙方一拍即合，從此相依為命，一同面對各種逆境，朝夢想邁進…",
            "ShowType": "98"
          }
        },
        {
          "StationId": 1231,
          "ProgramId": "00124390000000",
          "AirDateTime": "2025-11-05T11:20:00Z",
          "Duration": 6000,
          "PartNumber": 0,
          "NumberParts": 0,
          "Repeat": false,
          "PremiereFinale": 0,
          "LiveDelay": 3,
          "ClosedCaption": false,
          "Subtitled": false,
          "TvRating": 1,
          "SexRating": false,
          "ViolenceRating": false,
          "LanguageRating": false,
          "FVRating": false,
          "BroadcastFormat": "4x3",
          "EndTime": "0001-01-01T00:00:00Z",
          "program": {
            "ProgramId": "00124390000000",
            "Title": "鎖命橫財",
            "SubTitle": "Good People",
            "Description": "湯姆（詹姆斯法蘭柯）和太太安娜（凱特哈德森）從美國搬到倫敦定居，為整修房子而陷入財務困境時，卻在他們的公寓中發現一位已故房客留下的一大筆現金！夫妻倆原以為天降橫財，打算將之占為己有，不料這筆來路不明的贓款竟引來意外殺機…",
            "ShowType": "98"
          }
        },
        {
          "StationId": 1231,
          "ProgramId": "00189963000000",
          "AirDateTime": "2025-11-05T13:00:00Z",
          "Duration": 8400,
          "PartNumber": 0,
          "NumberParts": 0,
          "Repeat": false,
          "PremiereFinale": 0,
          "LiveDelay": 3,
          "ClosedCaption": false,
          "Subtitled": false,
          "TvRating": 1,
          "SexRating": false,
          "ViolenceRating": false,
          "LanguageRating": false,
          "FVRating": false,
          "BroadcastFormat": "4x3",
          "EndTime": "0001-01-01T00:00:00Z",
          "program": {
            "ProgramId": "00189963000000",
            "Title": "孤狼特警",
            "SubTitle": "Wolf",
            "Description": "代號「孤狼」的特殊警察部隊，代表的是土耳其警察中，最堅忍不拔的一群菁英。在黑夜中守望是孤狼的使命，儘管遭到政變者的背叛偷襲，背向敵人臨陣脫逃不是他們的作戰風格。這一夜，會是土耳其最黑暗的時刻，但只要孤狼特警仍為了國家不懈奮戰著，土耳其的榮耀將永不殞落！",
            "ShowType": "98"
          }
        },
        {
          "StationId": 1231,
          "ProgramId": "00000001000159",
          "AirDateTime": "2025-11-05T15:20:00Z",
          "Duration": 7500,
          "PartNumber": 0,
          "NumberParts": 0,
          "Repeat": false,
          "PremiereFinale": 0,
          "LiveDelay": 3,
          "ClosedCaption": false,
          "Subtitled": false,
          "TvRating": 1,
          "SexRating": false,
          "ViolenceRating": false,
          "LanguageRating": false,
          "FVRating": false,
          "BroadcastFormat": "4x3",
          "EndTime": "0001-01-01T00:00:00Z",
          "program": {
            "ProgramId": "00000001000159",
            "Title": "聖保羅大劫案",
            "ShowType": "1"
          }
        },
        {
          "StationId": 1231,
          "ProgramId": "00082155000000",
          "AirDateTime": "2025-11-05T17:25:00Z",
          "Duration": 6900,
          "PartNumber": 0,
          "NumberParts": 0,
          "Repeat": false,
          "PremiereFinale": 0,
          "LiveDelay": 3,
          "ClosedCaption": false,
          "Subtitled": false,
          "TvRating": 1,
          "SexRating": false,
          "ViolenceRating": false,
          "LanguageRating": false,
          "FVRating": false,
          "BroadcastFormat": "4x3",
          "EndTime": "0001-01-01T00:00:00Z",
          "program": {
            "ProgramId": "00082155000000",
            "Title": "力挽狂瀾",
            "SubTitle": "The Wrestler",
            "Description": "曾經紅極一時的職業摔角手“榔頭”—藍迪羅賓森（米基洛克），如今，只能以表演賺取微薄的生活費，直到一場意外的心臟病，讓藍迪開始重新審視他的人生。他與一名脫衣舞孃（瑪麗莎托梅）墜入情網，並試圖和失聯的女兒重建親情。為愛、為親情、為始終未背棄他的粉絲他將用盡生命的力量完成這最後一擊…",
            "ShowType": "98"
          }
        },
        {
          "StationId": 1231,
          "ProgramId": "00000001000160",
          "AirDateTime": "2025-11-05T19:20:00Z",
          "Duration": 5400,
          "PartNumber": 0,
          "NumberParts": 0,
          "Repeat": false,
          "PremiereFinale": 0,
          "LiveDelay": 3,
          "ClosedCaption": false,
          "Subtitled": false,
          "TvRating": 1,
          "SexRating": false,
          "ViolenceRating": false,
          "LanguageRating": false,
          "FVRating": false,
          "BroadcastFormat": "4x3",
          "EndTime": "0001-01-01T00:00:00Z",
          "program": {
            "ProgramId": "00000001000160",
            "Title": "祕室逃脫",
            "ShowType": "1"
          }
        },
        {
          "StationId": 1231,
          "ProgramId": "00186525000000",
          "AirDateTime": "2025-11-05T20:50:00Z",
          "Duration": 6900,
          "PartNumber": 0,
          "NumberParts": 0,
          "Repeat": false,
          "PremiereFinale": 0,
          "LiveDelay": 3,
          "ClosedCaption": false,
          "Subtitled": false,
          "TvRating": 1,
          "SexRating": false,
          "ViolenceRating": false,
          "LanguageRating": false,
          "FVRating": false,
          "BroadcastFormat": "4x3",
          "EndTime": "0001-01-01T00:00:00Z",
          "program": {
            "ProgramId": "00186525000000",
            "Title": "天才樂手行不行",
            "Description": "年輕樂手馬提爾的悠揚琴聲，吸引了音樂學院總監皮耶的注意，將馬提爾帶回學校，指定由校內最優秀也最嚴格的音樂老師「女爵士」教導。沒有受過專業訓練、出身貧窮、對自己充滿懷疑的馬提爾，單靠天賦與短暫努力就能成功嗎？皮耶賭上了一切要栽培馬提爾，但真的能如願讓天才樂手一戰成名嗎？",
            "ShowType": "98"
          }
        },
        {
          "StationId": 1231,
          "ProgramId": "00187406000000",
          "AirDateTime": "2025-11-05T22:45:00Z",
          "Duration": 5400,
          "PartNumber": 0,
          "NumberParts": 0,
          "Repeat": false,
          "PremiereFinale": 0,
          "LiveDelay": 3,
          "ClosedCaption": false,
          "Subtitled": false,
          "TvRating": 1,
          "SexRating": false,
          "ViolenceRating": false,
          "LanguageRating": false,
          "FVRating": false,
          "BroadcastFormat": "4x3",
          "EndTime": "0001-01-01T00:00:00Z",
          "program": {
            "ProgramId": "00187406000000",
            "Title": "淘金網美",
            "Description": "她是經營風格品味的時尚網美，經濟壓力逼著她到姊姊公司工作，趕著上班途中意外撞車，身無分文的她給了對方假電話將賠償金矇混過去，某次活動居然又再次遇到這位苦主奧拉維，沒想到的是面前這位毫無品味的毛頭小子居然是全國最富有的人之一！",
            "ShowType": "98"
          }
        },
        {
          "StationId": 1231,
          "ProgramId": "00178132000000",
          "AirDateTime": "2025-11-06T00:15:00Z",
          "Duration": 8100,
          "PartNumber": 0,
          "NumberParts": 0,
          "Repeat": false,
          "PremiereFinale": 0,
          "LiveDelay": 3,
          "ClosedCaption": false,
          "Subtitled": false,
          "TvRating": 1,
          "SexRating": false,
          "ViolenceRating": false,
          "LanguageRating": false,
          "FVRating": false,
          "BroadcastFormat": "4x3",
          "EndTime": "0001-01-01T00:00:00Z",
          "program": {
            "ProgramId": "00178132000000",
            "Title": "三日一生",
            "SubTitle": "Three Days and a Life",
            "Description": "1999年，在比利時一座小鎮裡，12歲的安東意外殺死了鄰居小孩，然而一場罕見的暴風雨摧毀了一切證據，安東背負著罪惡感過著往後的人生。十多年後，偶然的機緣讓他回到家鄉，而死去男孩的屍體也終於被人發現，安東被迫面對自己的過去，並做出此生最重要的抉擇…",
            "ShowType": "98"
          }
        },
        {
          "StationId": 1231,
          "ProgramId": "00000001000161",
          "AirDateTime": "2025-11-06T02:30:00Z",
          "Duration": 6600,
          "PartNumber": 0,
          "NumberParts": 0,
          "Repeat": false,
          "PremiereFinale": 0,
          "LiveDelay": 3,
          "ClosedCaption": false,
          "Subtitled": false,
          "TvRating": 1,
          "SexRating": false,
          "ViolenceRating": false,
          "LanguageRating": false,
          "FVRating": false,
          "BroadcastFormat": "4x3",
          "EndTime": "0001-01-01T00:00:00Z",
          "program": {
            "ProgramId": "00000001000161",
            "Title": "英勇交錯",
            "ShowType": "1"
          }
        },
        {
          "StationId": 1231,
          "ProgramId": "00187405000000",
          "AirDateTime": "2025-11-06T04:20:00Z",
          "Duration": 6000,
          "PartNumber": 0,
          "NumberParts": 0,
          "Repeat": false,
          "PremiereFinale": 0,
          "LiveDelay": 3,
          "ClosedCaption": false,
          "Subtitled": false,
          "TvRating": 1,
          "SexRating": false,
          "ViolenceRating": false,
          "LanguageRating": false,
          "FVRating": false,
          "BroadcastFormat": "4x3",
          "EndTime": "0001-01-01T00:00:00Z",
          "program": {
            "ProgramId": "00187405000000",
            "Title": "奇楚亞救援",
            "Description": "在後世界末日的時代，一名懷孕的奇楚亞女孩和她的克里奧爾人夥伴扮成年輕夫婦，計畫從危險的難民營逃走，為新生命尋找更好的未來。這場穿越數千公里的沙漠旅程因為被工業開發破壞而更為艱困，途中遇到一位試圖拯救難民的戰地記者，這場人道救援行動能否成功？",
            "ShowType": "98"
          }
        },
        {
          "StationId": 1231,
          "ProgramId": "00166650000000",
          "AirDateTime": "2025-11-06T06:00:00Z",
          "Duration": 6300,
          "PartNumber": 0,
          "NumberParts": 0,
          "Repeat": false,
          "PremiereFinale": 0,
          "LiveDelay": 3,
          "ClosedCaption": false,
          "Subtitled": false,
          "TvRating": 1,
          "SexRating": false,
          "ViolenceRating": false,
          "LanguageRating": false,
          "FVRating": false,
          "BroadcastFormat": "4x3",
          "EndTime": "0001-01-01T00:00:00Z",
          "program": {
            "ProgramId": "00166650000000",
            "Title": "諜影交鋒",
            "SubTitle": "Damascus Cover",
            "Description": "以色列間諜阿里（強納森萊斯梅爾）奉命前往敘利亞首都大馬士革解救一名武器科學家。阿里在執行任務的過程中結識了美女攝影師金（奧莉薇瑟爾比），在她身上找到精神的慰藉。但任務卻再次生變，他發現自己正一步步踏入一個巨大的陰謀中…",
            "ShowType": "98"
          }
        },
        {
          "StationId": 1231,
          "ProgramId": "00000001000162",
          "AirDateTime": "2025-11-06T07:45:00Z",
          "Duration": 5400,
          "PartNumber": 0,
          "NumberParts": 0,
          "Repeat": false,
          "PremiereFinale": 0,
          "LiveDelay": 3,
          "ClosedCaption": false,
          "Subtitled": false,
          "TvRating": 1,
          "SexRating": false,
          "ViolenceRating": false,
          "LanguageRating": false,
          "FVRating": false,
          "BroadcastFormat": "4x3",
          "EndTime": "0001-01-01T00:00:00Z",
          "program": {
            "ProgramId": "00000001000162",
            "Title": "白雪奇緣",
            "ShowType": "1"
          }
        },
        {
          "StationId": 1231,
          "ProgramId": "00184277000000",
          "AirDateTime": "2025-11-06T09:15:00Z",
          "Duration": 6300,
          "PartNumber": 0,
          "NumberParts": 0,
          "Repeat": false,
          "PremiereFinale": 0,
          "LiveDelay": 3,
          "ClosedCaption": false,
          "Subtitled": false,
          "TvRating": 1,
          "SexRating": false,
          "ViolenceRating": false,
          "LanguageRating": false,
          "FVRating": false,
          "BroadcastFormat": "4x3",
          "EndTime": "0001-01-01T00:00:00Z",
          "program": {
            "ProgramId": "00184277000000",
            "Title": "父愁者聯盟",
            "SubTitle": "It's for Your Own Good",
            "Description": "亞圖、卡雷和尤蘇夫是三個風格迥異的父親，但他們如今有個共通點：女兒都被愛情給沖昏了頭！一個瘋狂迷戀一位霸住別人家的政治激進份子、一個愛上裸體攝影師、一個為毒販男友頻翹課，為了女兒的幸福，三人展開了瘋狂的「勸離行動」…",
            "ShowType": "98"
          }
        },
        {
          "StationId": 1231,
          "ProgramId": "00000001000163",
          "AirDateTime": "2025-11-06T11:00:00Z",
          "Duration": 7200,
          "PartNumber": 0,
          "NumberParts": 0,
          "Repeat": false,
          "PremiereFinale": 0,
          "LiveDelay": 3,
          "ClosedCaption": false,
          "Subtitled": false,
          "TvRating": 1,
          "SexRating": false,
          "ViolenceRating": false,
          "LanguageRating": false,
          "FVRating": false,
          "BroadcastFormat": "4x3",
          "EndTime": "0001-01-01T00:00:00Z",
          "program": {
            "ProgramId": "00000001000163",
            "Title": "血戰危城卡爾巴拉",
            "ShowType": "1"
          }
        },
        {
          "StationId": 1231,
          "ProgramId": "00136846000000",
          "AirDateTime": "2025-11-06T13:00:00Z",
          "Duration": 6900,
          "PartNumber": 0,
          "NumberParts": 0,
          "Repeat": false,
          "PremiereFinale": 0,
          "LiveDelay": 3,
          "ClosedCaption": false,
          "Subtitled": false,
          "TvRating": 1,
          "SexRating": false,
          "ViolenceRating": false,
          "LanguageRating": false,
          "FVRating": false,
          "BroadcastFormat": "4x3",
          "EndTime": "0001-01-01T00:00:00Z",
          "program": {
            "ProgramId": "00136846000000",
            "Title": "巡弋狙擊手",
            "SubTitle": "Good Kill",
            "Description": "空軍少校湯米（伊森霍克）從F16飛行員轉任無人戰鬥機駕駛，戰場從煙硝瀰漫的中東沙漠，變成像在打電動遊戲的密室。當湯米和同事受命為中情局執行一項具道德爭議的任務時，令他們心中陷入天人交戰，而湯米的婚姻也在此時逐漸產生裂痕…",
            "ShowType": "98"
          }
        },
        {
          "StationId": 1231,
          "ProgramId": "00000001000164",
          "AirDateTime": "2025-11-06T14:55:00Z",
          "Duration": 6000,
          "PartNumber": 0,
          "NumberParts": 0,
          "Repeat": false,
          "PremiereFinale": 0,
          "LiveDelay": 3,
          "ClosedCaption": false,
          "Subtitled": false,
          "TvRating": 1,
          "SexRating": false,
          "ViolenceRating": false,
          "LanguageRating": false,
          "FVRating": false,
          "BroadcastFormat": "4x3",
          "EndTime": "0001-01-01T00:00:00Z",
          "program": {
            "ProgramId": "00000001000164",
            "Title": "鯊魚困鬥",
            "ShowType": "1"
          }
        },
        {
          "StationId": 1231,
          "ProgramId": "00173491000000",
          "AirDateTime": "2025-11-06T16:35:00Z",
          "Duration": 5400,
          "PartNumber": 0,
          "NumberParts": 0,
          "Repeat": false,
          "PremiereFinale": 0,
          "LiveDelay": 3,
          "ClosedCaption": false,
          "Subtitled": false,
          "TvRating": 1,
          "SexRating": false,
          "ViolenceRating": false,
          "LanguageRating": false,
          "FVRating": false,
          "BroadcastFormat": "4x3",
          "EndTime": "0001-01-01T00:00:00Z",
          "program": {
            "ProgramId": "00173491000000",
            "Title": "惡靈20",
            "SubTitle": "Prey",
            "Description": "少年托比（羅根米勒）因父親之死而自責，輔導員讓他參加荒島求生訓練。托比原以為置身無人島，卻發現久住當地的少女瑪德琳，對方教他荒島求生技能，卻警告他遠離她母親。托比見瑪德琳之母離開一艘小船，游入翻覆船內卻發現輔導員屍體…",
            "ShowType": "98"
          }
        },
        {
          "StationId": 1231,
          "ProgramId": "00176506000000",
          "AirDateTime": "2025-11-06T18:05:00Z",
          "Duration": 5700,
          "PartNumber": 0,
          "NumberParts": 0,
          "Repeat": false,
          "PremiereFinale": 0,
          "LiveDelay": 3,
          "ClosedCaption": false,
          "Subtitled": false,
          "TvRating": 1,
          "SexRating": false,
          "ViolenceRating": false,
          "LanguageRating": false,
          "FVRating": false,
          "BroadcastFormat": "4x3",
          "EndTime": "0001-01-01T00:00:00Z",
          "program": {
            "ProgramId": "00176506000000",
            "Title": "辦公弒",
            "SubTitle": "Office Uprising",
            "Description": "任職於武器製造公司的戴斯蒙是一個混吃等死的年輕人，平時上班秉持著「閃、躲、飄」的原則。某天，一款研發中的能量飲料意外分送出去，全部員工轉眼間變成殘暴嗜血的工作狂！因遲到而逃過一劫的戴斯蒙必須急中生智，從這群殭屍工作狂手中救出情梅竹馬的女同事，並拿起手邊的文具殺出一條血路！",
            "ShowType": "98"
          }
        },
        {
          "StationId": 1231,
          "ProgramId": "00156304000000",
          "AirDateTime": "2025-11-06T19:40:00Z",
          "Duration": 6300,
          "PartNumber": 0,
          "NumberParts": 0,
          "Repeat": false,
          "PremiereFinale": 0,
          "LiveDelay": 3,
          "ClosedCaption": false,
          "Subtitled": false,
          "TvRating": 1,
          "SexRating": false,
          "ViolenceRating": false,
          "LanguageRating": false,
          "FVRating": false,
          "BroadcastFormat": "4x3",
          "EndTime": "0001-01-01T00:00:00Z",
          "program": {
            "ProgramId": "00156304000000",
            "Title": "NY單身日記",
            "SubTitle": "Maggie's Plan",
            "Description": "幾段失敗的戀愛之後，瑪姬（葛莉塔潔薇）決定找人捐精受孕，卻在此時愛上已婚作家約翰（伊森霍克），約翰更在瑪姬準備DIY受孕時上門告白！約翰甩了妻子喬吉雅（茱莉安摩爾），並與瑪姬閃婚。兩人的女兒誕生後，約翰埋首於寫作上，不再與瑪姬產生愛戀火花。此時瑪姬發覺，約翰與喬吉雅才是天生一對…",
            "ShowType": "98"
          }
        },
        {
          "StationId": 1231,
          "ProgramId": "00000001000165",
          "AirDateTime": "2025-11-06T21:25:00Z",
          "Duration": 6900,
          "PartNumber": 0,
          "NumberParts": 0,
          "Repeat": false,
          "PremiereFinale": 0,
          "LiveDelay": 3,
          "ClosedCaption": false,
          "Subtitled": false,
          "TvRating": 1,
          "SexRating": false,
          "ViolenceRating": false,
          "LanguageRating": false,
          "FVRating": false,
          "BroadcastFormat": "4x3",
          "EndTime": "0001-01-01T00:00:00Z",
          "program": {
            "ProgramId": "00000001000165",
            "Title": "把妹哪有這麼難",
            "ShowType": "1"
          }
        },
        {
          "StationId": 1231,
          "ProgramId": "00000001000166",
          "AirDateTime": "2025-11-06T23:20:00Z",
          "Duration": 5400,
          "PartNumber": 0,
          "NumberParts": 0,
          "Repeat": false,
          "PremiereFinale": 0,
          "LiveDelay": 3,
          "ClosedCaption": false,
          "Subtitled": false,
          "TvRating": 1,
          "SexRating": false,
          "ViolenceRating": false,
          "LanguageRating": false,
          "FVRating": false,
          "BroadcastFormat": "4x3",
          "EndTime": "0001-01-01T00:00:00Z",
          "program": {
            "ProgramId": "00000001000166",
            "Title": "血色風暴",
            "ShowType": "1"
          }
        },
        {
          "StationId": 1231,
          "ProgramId": "00020238000000",
          "AirDateTime": "2025-11-07T00:50:00Z",
          "Duration": 6000,
          "PartNumber": 0,
          "NumberParts": 0,
          "Repeat": false,
          "PremiereFinale": 0,
          "LiveDelay": 3,
          "ClosedCaption": false,
          "Subtitled": false,
          "TvRating": 1,
          "SexRating": false,
          "ViolenceRating": false,
          "LanguageRating": false,
          "FVRating": false,
          "BroadcastFormat": "4x3",
          "EndTime": "0001-01-01T00:00:00Z",
          "program": {
            "ProgramId": "00020238000000",
            "Title": "疑雲密佈",
            "SubTitle": "Random Hearts",
            "Description": "德契是一名調查員，太太不幸在飛機失事中喪生；悲傷之餘，他發現太太有外遇，和另一個男人一同出遊。這個打擊使他決定查出真相，而那名男伴的太太正是議員凱伊。凱伊面對著殘酷的事實，不願配合德契的調查；但在德契的堅持下，兩人共同解開另一半外遇的真相…",
            "ShowType": "98"
          }
        },
        {
          "StationId": 1231,
          "ProgramId": "00187512000000",
          "AirDateTime": "2025-11-07T02:30:00Z",
          "Duration": 6000,
          "PartNumber": 0,
          "NumberParts": 0,
          "Repeat": false,
          "PremiereFinale": 0,
          "LiveDelay": 3,
          "ClosedCaption": false,
          "Subtitled": false,
          "TvRating": 1,
          "SexRating": false,
          "ViolenceRating": false,
          "LanguageRating": false,
          "FVRating": false,
          "BroadcastFormat": "4x3",
          "EndTime": "0001-01-01T00:00:00Z",
          "program": {
            "ProgramId": "00187512000000",
            "Title": "水星任務",
            "Description": "突然從天而降大量金屬的碎片引發民眾恐慌，檢驗後發現掉落物是被磁化的水星碎片；他身為科學家卻收到在水星執行任務妻子突然失聯的消息，心急如焚的他自製了接收器卻意外收到來自妻子發出的訊號?! 資訊整合後發現…地球將在18小時內與水星相撞？！",
            "ShowType": "98"
          }
        },
        {
          "StationId": 1231,
          "ProgramId": "00185089000000",
          "AirDateTime": "2025-11-07T04:10:00Z",
          "Duration": 6000,
          "PartNumber": 0,
          "NumberParts": 0,
          "Repeat": false,
          "PremiereFinale": 0,
          "LiveDelay": 3,
          "ClosedCaption": false,
          "Subtitled": false,
          "TvRating": 1,
          "SexRating": false,
          "ViolenceRating": false,
          "LanguageRating": false,
          "FVRating": false,
          "BroadcastFormat": "4x3",
          "EndTime": "0001-01-01T00:00:00Z",
          "program": {
            "ProgramId": "00185089000000",
            "Title": "雙面遊戲",
            "Description": "山姆是一個平凡的紐約人，但在女友喬治婭慘遭保加利亞黑幫謀殺後，他的生活一片混亂。為了躲避殺他女友的那幫人，山姆逃到了巴黎。三年後，山姆偶然在電影院銀幕上看見一個長得跟喬治婭一模一樣的人。對過往愛情的執迷，將山姆帶往洛杉磯尋求答案，但這也讓他重新出現在保加利亞黑幫的視線中",
            "ShowType": "98"
          }
        },
        {
          "StationId": 1231,
          "ProgramId": "00165319000000",
          "AirDateTime": "2025-11-07T05:50:00Z",
          "Duration": 6600,
          "PartNumber": 0,
          "NumberParts": 0,
          "Repeat": false,
          "PremiereFinale": 0,
          "LiveDelay": 3,
          "ClosedCaption": false,
          "Subtitled": false,
          "TvRating": 1,
          "SexRating": false,
          "ViolenceRating": false,
          "LanguageRating": false,
          "FVRating": false,
          "BroadcastFormat": "4x3",
          "EndTime": "0001-01-01T00:00:00Z",
          "program": {
            "ProgramId": "00165319000000",
            "Title": "我要活下去",
            "SubTitle": "6 Below: Miracle on the Mountain",
            "Description": "真人真事改編。前奧運選手艾瑞克（喬許哈奈特）上山滑雪時，因突來的暴風雪而受困冰天雪地八天。期間他落入冰河、遭遇狼群、忍飢受餓、身體凍傷脫水，還要忍受毒品戒斷症狀等折磨，奇蹟似地存活，直到被因母親堅持而繼續救援的搜救隊發現…",
            "ShowType": "98"
          }
        },
        {
          "StationId": 1231,
          "ProgramId": "00000001000167",
          "AirDateTime": "2025-11-07T07:40:00Z",
          "Duration": 6000,
          "PartNumber": 0,
          "NumberParts": 0,
          "Repeat": false,
          "PremiereFinale": 0,
          "LiveDelay": 3,
          "ClosedCaption": false,
          "Subtitled": false,
          "TvRating": 1,
          "SexRating": false,
          "ViolenceRating": false,
          "LanguageRating": false,
          "FVRating": false,
          "BroadcastFormat": "4x3",
          "EndTime": "0001-01-01T00:00:00Z",
          "program": {
            "ProgramId": "00000001000167",
            "Title": "泳不放棄",
            "ShowType": "1"
          }
        },
        {
          "StationId": 1231,
          "ProgramId": "00000001000168",
          "AirDateTime": "2025-11-07T09:20:00Z",
          "Duration": 6000,
          "PartNumber": 0,
          "NumberParts": 0,
          "Repeat": false,
          "PremiereFinale": 0,
          "LiveDelay": 3,
          "ClosedCaption": false,
          "Subtitled": false,
          "TvRating": 1,
          "SexRating": false,
          "ViolenceRating": false,
          "LanguageRating": false,
          "FVRating": false,
          "BroadcastFormat": "4x3",
          "EndTime": "0001-01-01T00:00:00Z",
          "program": {
            "ProgramId": "00000001000168",
            "Title": "笑笑羊大電影：外星人來了",
            "ShowType": "1"
          }
        },
        {
          "StationId": 1231,
          "ProgramId": "00099407000000",
          "AirDateTime": "2025-11-07T11:00:00Z",
          "Duration": 7200,
          "PartNumber": 0,
          "NumberParts": 0,
          "Repeat": false,
          "PremiereFinale": 0,
          "LiveDelay": 3,
          "ClosedCaption": false,
          "Subtitled": false,
          "TvRating": 1,
          "SexRating": false,
          "ViolenceRating": false,
          "LanguageRating": false,
          "FVRating": false,
          "BroadcastFormat": "4x3",
          "EndTime": "0001-01-01T00:00:00Z",
          "program": {
            "ProgramId": "00099407000000",
            "Title": "藥命效應",
            "SubTitle": "Limitless",
            "Description": "落魄作家艾迪（布萊德利古柏）從一位舊友手中得到一種可完全激發人腦未開發區域的實驗性藥物，竟因而成為萬事都能立刻精通的天才。但因而名利雙收的他也因此引來各方覬覦，大家都想得到這神奇靈藥。不料此時藥物卻漸漸產生致命副作用…",
            "ShowType": "98"
          }
        },
        {
          "StationId": 1231,
          "ProgramId": "00087806000000",
          "AirDateTime": "2025-11-07T13:00:00Z",
          "Duration": 6600,
          "PartNumber": 0,
          "NumberParts": 0,
          "Repeat": false,
          "PremiereFinale": 0,
          "LiveDelay": 3,
          "ClosedCaption": false,
          "Subtitled": false,
          "TvRating": 1,
          "SexRating": false,
          "ViolenceRating": false,
          "LanguageRating": false,
          "FVRating": false,
          "BroadcastFormat": "4x3",
          "EndTime": "0001-01-01T00:00:00Z",
          "program": {
            "ProgramId": "00087806000000",
            "Title": "天罡星下凡",
            "SubTitle": "Born to Raise Hell",
            "Description": "身手矯捷的國際刑警組長亞歷斯（史蒂芬席格）在執行打擊黑幫任務時，捲入了吉普賽幫與俄羅斯幫的街頭槍戰，其中一位組員更因此不幸身亡，令亞歷斯決定帶著其他隊員，誓死消滅惡貫滿盈的毒販…",
            "ShowType": "98"
          }
        },
        {
          "StationId": 1231,
          "ProgramId": "00000001000169",
          "AirDateTime": "2025-11-07T14:50:00Z",
          "Duration": 7200,
          "PartNumber": 0,
          "NumberParts": 0,
          "Repeat": false,
          "PremiereFinale": 0,
          "LiveDelay": 3,
          "ClosedCaption": false,
          "Subtitled": false,
          "TvRating": 1,
          "SexRating": false,
          "ViolenceRating": false,
          "LanguageRating": false,
          "FVRating": false,
          "BroadcastFormat": "4x3",
          "EndTime": "0001-01-01T00:00:00Z",
          "program": {
            "ProgramId": "00000001000169",
            "Title": "叛諜檔案",
            "ShowType": "1"
          }
        },
        {
          "StationId": 1231,
          "ProgramId": "00000001000170",
          "AirDateTime": "2025-11-07T16:50:00Z",
          "Duration": 6600,
          "PartNumber": 0,
          "NumberParts": 0,
          "Repeat": false,
          "PremiereFinale": 0,
          "LiveDelay": 3,
          "ClosedCaption": false,
          "Subtitled": false,
          "TvRating": 1,
          "SexRating": false,
          "ViolenceRating": false,
          "LanguageRating": false,
          "FVRating": false,
          "BroadcastFormat": "4x3",
          "EndTime": "0001-01-01T00:00:00Z",
          "program": {
            "ProgramId": "00000001000170",
            "Title": "卓婭：游擊女英雄",
            "ShowType": "1"
          }
        },
        {
          "StationId": 1231,
          "ProgramId": "00000001000171",
          "AirDateTime": "2025-11-07T18:40:00Z",
          "Duration": 6000,
          "PartNumber": 0,
          "NumberParts": 0,
          "Repeat": false,
          "PremiereFinale": 0,
          "LiveDelay": 3,
          "ClosedCaption": false,
          "Subtitled": false,
          "TvRating": 1,
          "SexRating": false,
          "ViolenceRating": false,
          "LanguageRating": false,
          "FVRating": false,
          "BroadcastFormat": "4x3",
          "EndTime": "0001-01-01T00:00:00Z",
          "program": {
            "ProgramId": "00000001000171",
            "Title": "超電網戰將",
            "ShowType": "1"
          }
        },
        {
          "StationId": 1231,
          "ProgramId": "00000001000172",
          "AirDateTime": "2025-11-07T20:20:00Z",
          "Duration": 6000,
          "PartNumber": 0,
          "NumberParts": 0,
          "Repeat": false,
          "PremiereFinale": 0,
          "LiveDelay": 3,
          "ClosedCaption": false,
          "Subtitled": false,
          "TvRating": 1,
          "SexRating": false,
          "ViolenceRating": false,
          "LanguageRating": false,
          "FVRating": false,
          "BroadcastFormat": "4x3",
          "EndTime": "0001-01-01T00:00:00Z",
          "program": {
            "ProgramId": "00000001000172",
            "Title": "血戰狼人堡",
            "ShowType": "1"
          }
        },
        {
          "StationId": 1231,
          "ProgramId": "00000001000173",
          "AirDateTime": "2025-11-07T22:00:00Z",
          "Duration": 7200,
          "PartNumber": 0,
          "NumberParts": 0,
          "Repeat": false,
          "PremiereFinale": 0,
          "LiveDelay": 3,
          "ClosedCaption": false,
          "Subtitled": false,
          "TvRating": 1,
          "SexRating": false,
          "ViolenceRating": false,
          "LanguageRating": false,
          "FVRating": false,
          "BroadcastFormat": "4x3",
          "EndTime": "0001-01-01T00:00:00Z",
          "program": {
            "ProgramId": "00000001000173",
            "Title": "好萊塢現場直擊(新)",
            "ShowType": "1"
          }
        },
        {
          "StationId": 1231,
          "ProgramId": "00000001000174",
          "AirDateTime": "2025-11-08T00:00:00Z",
          "Duration": 6600,
          "PartNumber": 0,
          "NumberParts": 0,
          "Repeat": false,
          "PremiereFinale": 0,
          "LiveDelay": 3,
          "ClosedCaption": false,
          "Subtitled": false,
          "TvRating": 1,
          "SexRating": false,
          "ViolenceRating": false,
          "LanguageRating": false,
          "FVRating": false,
          "BroadcastFormat": "4x3",
          "EndTime": "0001-01-01T00:00:00Z",
          "program": {
            "ProgramId": "00000001000174",
            "Title": "龍轉戰局",
            "ShowType": "1"
          }
        },
        {
          "StationId": 1231,
          "ProgramId": "00000001000175",
          "AirDateTime": "2025-11-08T01:50:00Z",
          "Duration": 6000,
          "PartNumber": 0,
          "NumberParts": 0,
          "Repeat": false,
          "PremiereFinale": 0,
          "LiveDelay": 3,
          "ClosedCaption": false,
          "Subtitled": false,
          "TvRating": 1,
          "SexRating": false,
          "ViolenceRating": false,
          "LanguageRating": false,
          "FVRating": false,
          "BroadcastFormat": "4x3",
          "EndTime": "0001-01-01T00:00:00Z",
          "program": {
            "ProgramId": "00000001000175",
            "Title": "獵捕行動",
            "ShowType": "1"
          }
        },
        {
          "StationId": 1231,
          "ProgramId": "00189963000000",
          "AirDateTime": "2025-11-08T03:30:00Z",
          "Duration": 8400,
          "PartNumber": 0,
          "NumberParts": 0,
          "Repeat": false,
          "PremiereFinale": 0,
          "LiveDelay": 3,
          "ClosedCaption": false,
          "Subtitled": false,
          "TvRating": 1,
          "SexRating": false,
          "ViolenceRating": false,
          "LanguageRating": false,
          "FVRating": false,
          "BroadcastFormat": "4x3",
          "EndTime": "0001-01-01T00:00:00Z",
          "program": {
            "ProgramId": "00189963000000",
            "Title": "孤狼特警",
            "SubTitle": "Wolf",
            "Description": "代號「孤狼」的特殊警察部隊，代表的是土耳其警察中，最堅忍不拔的一群菁英。在黑夜中守望是孤狼的使命，儘管遭到政變者的背叛偷襲，背向敵人臨陣脫逃不是他們的作戰風格。這一夜，會是土耳其最黑暗的時刻，但只要孤狼特警仍為了國家不懈奮戰著，土耳其的榮耀將永不殞落！",
            "ShowType": "98"
          }
        },
        {
          "StationId": 1231,
          "ProgramId": "00081252000000",
          "AirDateTime": "2025-11-08T05:50:00Z",
          "Duration": 6000,
          "PartNumber": 0,
          "NumberParts": 0,
          "Repeat": false,
          "PremiereFinale": 0,
          "LiveDelay": 3,
          "ClosedCaption": false,
          "Subtitled": false,
          "TvRating": 1,
          "SexRating": false,
          "ViolenceRating": false,
          "LanguageRating": false,
          "FVRating": false,
          "BroadcastFormat": "4x3",
          "EndTime": "0001-01-01T00:00:00Z",
          "program": {
            "ProgramId": "00081252000000",
            "Title": "真人遊戲",
            "SubTitle": "Gamer",
            "Description": "被誣陷的死囚凱柏（傑拉德巴特勒）成為真人線上遊戲世界的英雄，但在他即將贏得自由之際，遊戲創始人卡索（麥可霍爾）卻設下了致命陷阱，要置他於死地。如今，凱柏不但得保住自己的小命，還得設法解除晶片的控制，以解救妻女的性命…",
            "ShowType": "98"
          }
        },
        {
          "StationId": 1231,
          "ProgramId": "00000001000176",
          "AirDateTime": "2025-11-08T07:30:00Z",
          "Duration": 6600,
          "PartNumber": 0,
          "NumberParts": 0,
          "Repeat": false,
          "PremiereFinale": 0,
          "LiveDelay": 3,
          "ClosedCaption": false,
          "Subtitled": false,
          "TvRating": 1,
          "SexRating": false,
          "ViolenceRating": false,
          "LanguageRating": false,
          "FVRating": false,
          "BroadcastFormat": "4x3",
          "EndTime": "0001-01-01T00:00:00Z",
          "program": {
            "ProgramId": "00000001000176",
            "Title": "311：東京大震盪",
            "ShowType": "1"
          }
        },
        {
          "StationId": 1231,
          "ProgramId": "00190836000000",
          "AirDateTime": "2025-11-08T09:20:00Z",
          "Duration": 6000,
          "PartNumber": 0,
          "NumberParts": 0,
          "Repeat": false,
          "PremiereFinale": 0,
          "LiveDelay": 3,
          "ClosedCaption": false,
          "Subtitled": false,
          "TvRating": 1,
          "SexRating": false,
          "ViolenceRating": false,
          "LanguageRating": false,
          "FVRating": false,
          "BroadcastFormat": "4x3",
          "EndTime": "0001-01-01T00:00:00Z",
          "program": {
            "ProgramId": "00190836000000",
            "Title": "森林特攻隊：大腳丫家族",
            "Description": "平凡的亞當，和母親、大腳怪父親以及他們的朋友一起在森林裡定居。某天動保團體找上父親，打算阻止石油公司汙染環境，沒想到父親在追查的過程中竟然失蹤了！亞當和他的動物家人，決定聯手找出大腳怪父親的下落，並揭發石油公司的邪惡陰謀，他們一家人還有機會再次團聚嗎？",
            "ShowType": "98"
          }
        },
        {
          "StationId": 1231,
          "ProgramId": "00092369000000",
          "AirDateTime": "2025-11-08T11:00:00Z",
          "Duration": 7200,
          "PartNumber": 0,
          "NumberParts": 0,
          "Repeat": false,
          "PremiereFinale": 0,
          "LiveDelay": 3,
          "ClosedCaption": false,
          "Subtitled": false,
          "TvRating": 1,
          "SexRating": false,
          "ViolenceRating": false,
          "LanguageRating": false,
          "FVRating": false,
          "BroadcastFormat": "4x3",
          "EndTime": "0001-01-01T00:00:00Z",
          "program": {
            "ProgramId": "00092369000000",
            "Title": "神鬼獵殺",
            "SubTitle": "Largo Winch",
            "Description": "溫氏集團創始人尼里歐在香港墜海溺斃，引起集團繼承人的明爭暗鬥。沒有親人的尼里歐原來早有佈局，30年前收養了男孩羅格，成為200億美元遺產的唯一合法繼承人。但羅格卻在此時遭受冤屈，被囚禁在哥倫比亞監獄中，他將如何克敵制勝？",
            "ShowType": "98"
          }
        },
        {
          "StationId": 1231,
          "ProgramId": "00174283000000",
          "AirDateTime": "2025-11-08T13:00:00Z",
          "Duration": 8100,
          "PartNumber": 0,
          "NumberParts": 0,
          "Repeat": false,
          "PremiereFinale": 0,
          "LiveDelay": 3,
          "ClosedCaption": false,
          "Subtitled": false,
          "TvRating": 1,
          "SexRating": false,
          "ViolenceRating": false,
          "LanguageRating": false,
          "FVRating": false,
          "BroadcastFormat": "4x3",
          "EndTime": "0001-01-01T00:00:00Z",
          "program": {
            "ProgramId": "00174283000000",
            "Title": "安娜",
            "SubTitle": "Anna",
            "Description": "以名模身分做掩護的KGB頂尖刺客安娜（莎夏露絲）一心期盼工作期滿後獲得自由，當上級告訴她只有死亡才能擺脫KGB後，她開始策劃脫身之策。她也同時和KGB的艾力克（路克伊凡斯）與中情局探員米勒（席尼墨菲）之間有著感情牽扯…",
            "ShowType": "98"
          }
        },
        {
          "StationId": 1231,
          "ProgramId": "00178964000000",
          "AirDateTime": "2025-11-08T15:15:00Z",
          "Duration": 7800,
          "PartNumber": 0,
          "NumberParts": 0,
          "Repeat": false,
          "PremiereFinale": 0,
          "LiveDelay": 3,
          "ClosedCaption": false,
          "Subtitled": false,
          "TvRating": 1,
          "SexRating": false,
          "ViolenceRating": false,
          "LanguageRating": false,
          "FVRating": false,
          "BroadcastFormat": "4x3",
          "EndTime": "0001-01-01T00:00:00Z",
          "program": {
            "ProgramId": "00178964000000",
            "Title": "鋼鐵勳章",
            "SubTitle": "The Last Full Measure",
            "Description": "醫療兵威廉（傑瑞米厄文）在越戰時放棄搭機離開戰場的機會，繼續救援袍澤最後卻壯烈犧牲。為獎勵其英勇作為，他被授與國會榮譽勳章。未料卻因某些政治因素，該獎勵遭撤回。五角大廈調查員霍夫曼（賽巴斯汀史丹）奉命調查這件不公事件…",
            "ShowType": "98"
          }
        },
        {
          "StationId": 1231,
          "ProgramId": "00000001000177",
          "AirDateTime": "2025-11-08T17:25:00Z",
          "Duration": 7500,
          "PartNumber": 0,
          "NumberParts": 0,
          "Repeat": false,
          "PremiereFinale": 0,
          "LiveDelay": 3,
          "ClosedCaption": false,
          "Subtitled": false,
          "TvRating": 1,
          "SexRating": false,
          "ViolenceRating": false,
          "LanguageRating": false,
          "FVRating": false,
          "BroadcastFormat": "4x3",
          "EndTime": "0001-01-01T00:00:00Z",
          "program": {
            "ProgramId": "00000001000177",
            "Title": "罪惡對決(新)",
            "ShowType": "1"
          }
        },
        {
          "StationId": 1231,
          "ProgramId": "00000001000178",
          "AirDateTime": "2025-11-08T19:30:00Z",
          "Duration": 9000,
          "PartNumber": 0,
          "NumberParts": 0,
          "Repeat": false,
          "PremiereFinale": 0,
          "LiveDelay": 3,
          "ClosedCaption": false,
          "Subtitled": false,
          "TvRating": 1,
          "SexRating": false,
          "ViolenceRating": false,
          "LanguageRating": false,
          "FVRating": false,
          "BroadcastFormat": "4x3",
          "EndTime": "0001-01-01T00:00:00Z",
          "program": {
            "ProgramId": "00000001000178",
            "Title": "致命最前線",
            "ShowType": "1"
          }
        },
        {
          "StationId": 1231,
          "ProgramId": "00000001000173",
          "AirDateTime": "2025-11-08T22:00:00Z",
          "Duration": 7200,
          "PartNumber": 0,
          "NumberParts": 0,
          "Repeat": false,
          "PremiereFinale": 0,
          "LiveDelay": 3,
          "ClosedCaption": false,
          "Subtitled": false,
          "TvRating": 1,
          "SexRating": false,
          "ViolenceRating": false,
          "LanguageRating": false,
          "FVRating": false,
          "BroadcastFormat": "4x3",
          "EndTime": "0001-01-01T00:00:00Z",
          "program": {
            "ProgramId": "00000001000173",
            "Title": "好萊塢現場直擊(新)",
            "ShowType": "1"
          }
        },
        {
          "StationId": 1231,
          "ProgramId": "00000001000158",
          "AirDateTime": "2025-11-09T00:00:00Z",
          "Duration": 6900,
          "PartNumber": 0,
          "NumberParts": 0,
          "Repeat": false,
          "PremiereFinale": 0,
          "LiveDelay": 3,
          "ClosedCaption": false,
          "Subtitled": false,
          "TvRating": 1,
          "SexRating": false,
          "ViolenceRating": false,
          "LanguageRating": false,
          "FVRating": false,
          "BroadcastFormat": "4x3",
          "EndTime": "0001-01-01T00:00:00Z",
          "program": {
            "ProgramId": "00000001000158",
            "Title": "疾速求生",
            "ShowType": "1"
          }
        },
        {
          "StationId": 1231,
          "ProgramId": "00000001000179",
          "AirDateTime": "2025-11-09T01:55:00Z",
          "Duration": 6000,
          "PartNumber": 0,
          "NumberParts": 0,
          "Repeat": false,
          "PremiereFinale": 0,
          "LiveDelay": 3,
          "ClosedCaption": false,
          "Subtitled": false,
          "TvRating": 1,
          "SexRating": false,
          "ViolenceRating": false,
          "LanguageRating": false,
          "FVRating": false,
          "BroadcastFormat": "4x3",
          "EndTime": "0001-01-01T00:00:00Z",
          "program": {
            "ProgramId": "00000001000179",
            "Title": "無路可退",
            "ShowType": "1"
          }
        },
        {
          "StationId": 1231,
          "ProgramId": "00000001000180",
          "AirDateTime": "2025-11-09T03:35:00Z",
          "Duration": 7800,
          "PartNumber": 0,
          "NumberParts": 0,
          "Repeat": false,
          "PremiereFinale": 0,
          "LiveDelay": 3,
          "ClosedCaption": false,
          "Subtitled": false,
          "TvRating": 1,
          "SexRating": false,
          "ViolenceRating": false,
          "LanguageRating": false,
          "FVRating": false,
          "BroadcastFormat": "4x3",
          "EndTime": "0001-01-01T00:00:00Z",
          "program": {
            "ProgramId": "00000001000180",
            "Title": "潛艦追緝",
            "ShowType": "1"
          }
        },
        {
          "StationId": 1231,
          "ProgramId": "00156427000000",
          "AirDateTime": "2025-11-09T05:45:00Z",
          "Duration": 6900,
          "PartNumber": 0,
          "NumberParts": 0,
          "Repeat": false,
          "PremiereFinale": 0,
          "LiveDelay": 3,
          "ClosedCaption": false,
          "Subtitled": false,
          "TvRating": 1,
          "SexRating": false,
          "ViolenceRating": false,
          "LanguageRating": false,
          "FVRating": false,
          "BroadcastFormat": "4x3",
          "EndTime": "0001-01-01T00:00:00Z",
          "program": {
            "ProgramId": "00156427000000",
            "Title": "末日迷蹤",
            "SubTitle": "Left Behind",
            "Description": "克蘿伊想幫父親雷佛（尼可拉斯凱吉）辦驚喜慶生會，卻發現父母的婚姻似乎有小三介入。在機場與父親短暫會晤後，她帶小弟逛街，沒想到小弟竟在眼前消失，同樣的事在飛機上與全球同時發生！造成事故、混亂和暴動，人人都在尋找失蹤的親友…",
            "ShowType": "98"
          }
        },
        {
          "StationId": 1231,
          "ProgramId": "00174030000000",
          "AirDateTime": "2025-11-09T07:40:00Z",
          "Duration": 5700,
          "PartNumber": 0,
          "NumberParts": 0,
          "Repeat": false,
          "PremiereFinale": 0,
          "LiveDelay": 3,
          "ClosedCaption": false,
          "Subtitled": false,
          "TvRating": 1,
          "SexRating": false,
          "ViolenceRating": false,
          "LanguageRating": false,
          "FVRating": false,
          "BroadcastFormat": "4x3",
          "EndTime": "0001-01-01T00:00:00Z",
          "program": {
            "ProgramId": "00174030000000",
            "Title": "飛天魔毯",
            "SubTitle": "Up and Away",
            "Description": "少年阿賈一心嚮往到世界各地探險，但爸爸卻要他繼承手藝當裁縫師。神秘的鄰居爺爺以找回失散已久的孫女作為交換，出借飛翔魔毯給阿賈去實現夢想。帶著好友山羊拉雅，阿賈登毯高飛、飛向廣大未知的世界，經歷了精彩刺激的奇幻歷險，體會了友情與親情的難能可貴。",
            "ShowType": "98"
          }
        }
      ],
      "Logo": "logo_litv_litv-longturn02_pc.png",
      "station_categories": [
        {
          "Name": "電影",
          "EngName": "Movie",
          "MenuOrder": 5
        },
        {
          "Name": "熱門收視頻道",
          "EngName": "TOP50",
          "MenuOrder": 1
        }
      ]
    },
    "introduction": {
      "image": "https://p-cdnstatic.svc.litv.tv/pics/logo_litv_litv-longturn02_mobile.png",
      "description": "",
      "href_maps": []
    },
    "recommends": [],
    "ua": "Mozilla/5.0 (Windows NT 10.0; Win64; x64) AppleWebKit/537.36 (KHTML, like Gecko) Chrome/141.0.0.0 Safari/537.36"
  },
  "__N_SSP": true
}