{
  "pageProps": {
    "contentId": "litv-longturn21",
    "channel": {
      "title": "龍華經典台",
      "no": 69,
      "charge_mode": "F",
      "content_id": "litv-longturn21",
      "content_type": "channel",
      "epg_categories": [
        21,
        19
      ],
      "genres": [
        {
          "id": "",
          "name": "Movie",
          "logo": ""
        }
      ],
      "liad_id": "CHOFIWEB",
      "package_info_id": "VOD_CHANNEL_DELUX",
      "picture": "pics/logo_litv_litv-longturn21_tv.png",
      "provider": [
        {
          "id": "",
          "name": "4gTV",
          "logo": ""
        }
      ],
      "quality": "HD",
      "station_id": "",
      "trial": "CH_TRAIL",
      "selectable": 0,
      "tr_logo": "",
      "tl_logo": "",
      "br_logo": "",
      "bl_logo": "",
      "menu_type": 0,
      "StationID": 1188,
      "Name": "龍華經典台",
      "CallSign": "龍華經典台",
      "TuningChannel": "69",
      "Categories": [
        19,
        21
      ],
      "ChannelId": "",
      "CdnCode": "litv-longturn21",
      "IsHD": true,
      "Schedule": [
        {
          "StationId": 1188,
          "ProgramId": "00000001000108",
          "AirDateTime": "2025-11-04T04:50:00Z",
          "Duration": 8700,
          "PartNumber": 0,
          "NumberParts": 0,
          "Repeat": false,
          "PremiereFinale": 0,
          "LiveDelay": 3,
          "ClosedCaption": false,
          "Subtitled": false,
          "TvRating": 1,
          "SexRating": false,
          "ViolenceRating": false,
          "LanguageRating": false,
          "FVRating": false,
          "BroadcastFormat": "4x3",
          "EndTime": "0001-01-01T00:00:00Z",
          "program": {
            "ProgramId": "00000001000108",
            "Title": "詹姆士龐德007之皇家夜總會",
            "ShowType": "1"
          }
        },
        {
          "StationId": 1188,
          "ProgramId": "00177554000000",
          "AirDateTime": "2025-11-04T07:15:00Z",
          "Duration": 5400,
          "PartNumber": 0,
          "NumberParts": 0,
          "Repeat": false,
          "PremiereFinale": 0,
          "LiveDelay": 3,
          "ClosedCaption": false,
          "Subtitled": false,
          "TvRating": 1,
          "SexRating": false,
          "ViolenceRating": false,
          "LanguageRating": false,
          "FVRating": false,
          "BroadcastFormat": "4x3",
          "EndTime": "0001-01-01T00:00:00Z",
          "program": {
            "ProgramId": "00177554000000",
            "Title": "阿紫",
            "Description": "故事起頭於短暫回到嘉義老家的日子，逡巡在鄰近縣市，挖掘題材，逐漸注意到「雲林」是全台灣單親爸爸比例最高的縣市，這樣的家庭結構狀況，讓吳郁瑩開始了解附近的新住民社群，走進一個個客廳，聽聽故事。",
            "ShowType": "98"
          }
        },
        {
          "StationId": 1188,
          "ProgramId": "00000001000109",
          "AirDateTime": "2025-11-04T08:45:00Z",
          "Duration": 8100,
          "PartNumber": 0,
          "NumberParts": 0,
          "Repeat": false,
          "PremiereFinale": 0,
          "LiveDelay": 3,
          "ClosedCaption": false,
          "Subtitled": false,
          "TvRating": 1,
          "SexRating": false,
          "ViolenceRating": false,
          "LanguageRating": false,
          "FVRating": false,
          "BroadcastFormat": "4x3",
          "EndTime": "0001-01-01T00:00:00Z",
          "program": {
            "ProgramId": "00000001000109",
            "Title": "大進擊",
            "ShowType": "1"
          }
        },
        {
          "StationId": 1188,
          "ProgramId": "00000001000106",
          "AirDateTime": "2025-11-04T11:00:00Z",
          "Duration": 7200,
          "PartNumber": 0,
          "NumberParts": 0,
          "Repeat": false,
          "PremiereFinale": 0,
          "LiveDelay": 3,
          "ClosedCaption": false,
          "Subtitled": false,
          "TvRating": 1,
          "SexRating": false,
          "ViolenceRating": false,
          "LanguageRating": false,
          "FVRating": false,
          "BroadcastFormat": "4x3",
          "EndTime": "0001-01-01T00:00:00Z",
          "program": {
            "ProgramId": "00000001000106",
            "Title": "天地民心(17-18)",
            "ShowType": "1"
          }
        },
        {
          "StationId": 1188,
          "ProgramId": "00000001000110",
          "AirDateTime": "2025-11-04T13:00:00Z",
          "Duration": 4800,
          "PartNumber": 0,
          "NumberParts": 0,
          "Repeat": false,
          "PremiereFinale": 0,
          "LiveDelay": 3,
          "ClosedCaption": false,
          "Subtitled": false,
          "TvRating": 1,
          "SexRating": false,
          "ViolenceRating": false,
          "LanguageRating": false,
          "FVRating": false,
          "BroadcastFormat": "4x3",
          "EndTime": "0001-01-01T00:00:00Z",
          "program": {
            "ProgramId": "00000001000110",
            "Title": "末日錶盤(首)",
            "ShowType": "1"
          }
        },
        {
          "StationId": 1188,
          "ProgramId": "00000001000111",
          "AirDateTime": "2025-11-04T14:20:00Z",
          "Duration": 6000,
          "PartNumber": 0,
          "NumberParts": 0,
          "Repeat": false,
          "PremiereFinale": 0,
          "LiveDelay": 3,
          "ClosedCaption": false,
          "Subtitled": false,
          "TvRating": 1,
          "SexRating": false,
          "ViolenceRating": false,
          "LanguageRating": false,
          "FVRating": false,
          "BroadcastFormat": "4x3",
          "EndTime": "0001-01-01T00:00:00Z",
          "program": {
            "ProgramId": "00000001000111",
            "Title": "雷鳥神機隊之太空歷險記",
            "ShowType": "1"
          }
        },
        {
          "StationId": 1188,
          "ProgramId": "00175479000000",
          "AirDateTime": "2025-11-04T16:00:00Z",
          "Duration": 7200,
          "PartNumber": 0,
          "NumberParts": 0,
          "Repeat": false,
          "PremiereFinale": 0,
          "LiveDelay": 3,
          "ClosedCaption": false,
          "Subtitled": false,
          "TvRating": 1,
          "SexRating": false,
          "ViolenceRating": false,
          "LanguageRating": false,
          "FVRating": false,
          "BroadcastFormat": "4x3",
          "EndTime": "0001-01-01T00:00:00Z",
          "program": {
            "ProgramId": "00175479000000",
            "Title": "私人戰爭",
            "SubTitle": "A Private War",
            "Description": "為了報導斯里蘭卡內戰，記者瑪麗科爾文（羅莎蒙派克）被戰火波及而失去左眼。然而她不因此示弱，反而自豪地戴上黑色眼罩，與戰地攝影師保羅康羅伊（傑米道南）繼續在戰場上穿梭。這樣的生活方式，讓瑪麗深受「創傷後壓力症候群」折磨，即使如此，那股報導真相的強烈慾望，還是一次次地把她拉回戰場中…",
            "ShowType": "98"
          }
        },
        {
          "StationId": 1188,
          "ProgramId": "00030437000000",
          "AirDateTime": "2025-11-04T18:00:00Z",
          "Duration": 14400,
          "PartNumber": 0,
          "NumberParts": 0,
          "Repeat": false,
          "PremiereFinale": 0,
          "LiveDelay": 3,
          "ClosedCaption": false,
          "Subtitled": false,
          "TvRating": 1,
          "SexRating": false,
          "ViolenceRating": false,
          "LanguageRating": false,
          "FVRating": false,
          "BroadcastFormat": "4x3",
          "EndTime": "0001-01-01T00:00:00Z",
          "program": {
            "ProgramId": "00030437000000",
            "Title": "收播",
            "SubTitle": "aka:系統測試",
            "Description": "目前無播出節目。",
            "ShowType": "1"
          }
        },
        {
          "StationId": 1188,
          "ProgramId": "00000001000112",
          "AirDateTime": "2025-11-04T22:00:00Z",
          "Duration": 7200,
          "PartNumber": 0,
          "NumberParts": 0,
          "Repeat": false,
          "PremiereFinale": 0,
          "LiveDelay": 3,
          "ClosedCaption": false,
          "Subtitled": false,
          "TvRating": 1,
          "SexRating": false,
          "ViolenceRating": false,
          "LanguageRating": false,
          "FVRating": false,
          "BroadcastFormat": "4x3",
          "EndTime": "0001-01-01T00:00:00Z",
          "program": {
            "ProgramId": "00000001000112",
            "Title": "天地民心(19-20)",
            "ShowType": "1"
          }
        },
        {
          "StationId": 1188,
          "ProgramId": "00022817000000",
          "AirDateTime": "2025-11-05T00:00:00Z",
          "Duration": 9600,
          "PartNumber": 0,
          "NumberParts": 0,
          "Repeat": false,
          "PremiereFinale": 0,
          "LiveDelay": 3,
          "ClosedCaption": false,
          "Subtitled": false,
          "TvRating": 1,
          "SexRating": false,
          "ViolenceRating": false,
          "LanguageRating": false,
          "FVRating": false,
          "BroadcastFormat": "4x3",
          "EndTime": "0001-01-01T00:00:00Z",
          "program": {
            "ProgramId": "00022817000000",
            "Title": "日落黃沙",
            "SubTitle": "The Wild Bunch",
            "Description": "一次大戰前夕，派克畢夏（威廉荷頓）率領一群匪徒打算搶劫裝載美軍薪餉的火車後便退休，不料行動失敗，這幫匪徒決定逃往墨西哥，但執法人員卻在後緊追不捨；經過商議後，大家決定搶劫一輛運送軍火的火車，好做為向墨西哥將軍贖回贓款的籌碼…",
            "ShowType": "98"
          }
        },
        {
          "StationId": 1188,
          "ProgramId": "00073345000000",
          "AirDateTime": "2025-11-05T02:40:00Z",
          "Duration": 6000,
          "PartNumber": 0,
          "NumberParts": 0,
          "Repeat": false,
          "PremiereFinale": 0,
          "LiveDelay": 3,
          "ClosedCaption": false,
          "Subtitled": false,
          "TvRating": 1,
          "SexRating": false,
          "ViolenceRating": false,
          "LanguageRating": false,
          "FVRating": false,
          "BroadcastFormat": "4x3",
          "EndTime": "0001-01-01T00:00:00Z",
          "program": {
            "ProgramId": "00073345000000",
            "Title": "中國最後一個太監",
            "Description": "改編自太監孫耀庭的一部半自傳體小說，故事講述河北省東柳木村一個8歲的窮孩子來喜見到本村太監小德張衣錦還鄉，頓生羡慕之情。他哀求父親淨身，以求得全家豐衣足食。不久，民國推翻滿清，廢除帝制，宮內不再招用太監，來喜的一場美夢化為泡影…",
            "ShowType": "98"
          }
        },
        {
          "StationId": 1188,
          "ProgramId": "00000001000113",
          "AirDateTime": "2025-11-05T04:20:00Z",
          "Duration": 10200,
          "PartNumber": 0,
          "NumberParts": 0,
          "Repeat": false,
          "PremiereFinale": 0,
          "LiveDelay": 3,
          "ClosedCaption": false,
          "Subtitled": false,
          "TvRating": 1,
          "SexRating": false,
          "ViolenceRating": false,
          "LanguageRating": false,
          "FVRating": false,
          "BroadcastFormat": "4x3",
          "EndTime": "0001-01-01T00:00:00Z",
          "program": {
            "ProgramId": "00000001000113",
            "Title": "藍徽特攻隊",
            "ShowType": "1"
          }
        },
        {
          "StationId": 1188,
          "ProgramId": "00000001000114",
          "AirDateTime": "2025-11-05T07:10:00Z",
          "Duration": 6600,
          "PartNumber": 0,
          "NumberParts": 0,
          "Repeat": false,
          "PremiereFinale": 0,
          "LiveDelay": 3,
          "ClosedCaption": false,
          "Subtitled": false,
          "TvRating": 1,
          "SexRating": false,
          "ViolenceRating": false,
          "LanguageRating": false,
          "FVRating": false,
          "BroadcastFormat": "4x3",
          "EndTime": "0001-01-01T00:00:00Z",
          "program": {
            "ProgramId": "00000001000114",
            "Title": "摩斯拉",
            "ShowType": "1"
          }
        },
        {
          "StationId": 1188,
          "ProgramId": "00187239000000",
          "AirDateTime": "2025-11-05T09:00:00Z",
          "Duration": 7200,
          "PartNumber": 0,
          "NumberParts": 0,
          "Repeat": false,
          "PremiereFinale": 0,
          "LiveDelay": 3,
          "ClosedCaption": false,
          "Subtitled": false,
          "TvRating": 1,
          "SexRating": false,
          "ViolenceRating": false,
          "LanguageRating": false,
          "FVRating": false,
          "BroadcastFormat": "4x3",
          "EndTime": "0001-01-01T00:00:00Z",
          "program": {
            "ProgramId": "00187239000000",
            "Title": "再見了！小Q",
            "SubTitle": "Little Q",
            "Description": "在導盲犬訓練員Simon（羅子溢）的悉心訓練下，小Q長成了合格的導盲犬，並遇到主人李寶庭（任達華）。寶庭因失明導致脾氣暴躁，不只喝斥妹妹（梁詠琪），更三番四次趕走小Q，但受過嚴格訓練的小Q依然不離不棄，最終解開寶庭心結。然而隨著小Q年紀漸大，寶庭急病，人與狗將面對無可避免的分離…",
            "ShowType": "98"
          }
        },
        {
          "StationId": 1188,
          "ProgramId": "00000001000112",
          "AirDateTime": "2025-11-05T11:00:00Z",
          "Duration": 7200,
          "PartNumber": 0,
          "NumberParts": 0,
          "Repeat": false,
          "PremiereFinale": 0,
          "LiveDelay": 3,
          "ClosedCaption": false,
          "Subtitled": false,
          "TvRating": 1,
          "SexRating": false,
          "ViolenceRating": false,
          "LanguageRating": false,
          "FVRating": false,
          "BroadcastFormat": "4x3",
          "EndTime": "0001-01-01T00:00:00Z",
          "program": {
            "ProgramId": "00000001000112",
            "Title": "天地民心(19-20)",
            "ShowType": "1"
          }
        },
        {
          "StationId": 1188,
          "ProgramId": "00000001000115",
          "AirDateTime": "2025-11-05T13:00:00Z",
          "Duration": 12000,
          "PartNumber": 0,
          "NumberParts": 0,
          "Repeat": false,
          "PremiereFinale": 0,
          "LiveDelay": 3,
          "ClosedCaption": false,
          "Subtitled": false,
          "TvRating": 1,
          "SexRating": false,
          "ViolenceRating": false,
          "LanguageRating": false,
          "FVRating": false,
          "BroadcastFormat": "4x3",
          "EndTime": "0001-01-01T00:00:00Z",
          "program": {
            "ProgramId": "00000001000115",
            "Title": "聖保羅炮艇",
            "ShowType": "1"
          }
        },
        {
          "StationId": 1188,
          "ProgramId": "00000001000116",
          "AirDateTime": "2025-11-05T16:20:00Z",
          "Duration": 6000,
          "PartNumber": 0,
          "NumberParts": 0,
          "Repeat": false,
          "PremiereFinale": 0,
          "LiveDelay": 3,
          "ClosedCaption": false,
          "Subtitled": false,
          "TvRating": 1,
          "SexRating": false,
          "ViolenceRating": false,
          "LanguageRating": false,
          "FVRating": false,
          "BroadcastFormat": "4x3",
          "EndTime": "0001-01-01T00:00:00Z",
          "program": {
            "ProgramId": "00000001000116",
            "Title": "國家寶庫：帝國崛起",
            "ShowType": "1"
          }
        },
        {
          "StationId": 1188,
          "ProgramId": "00030437000000",
          "AirDateTime": "2025-11-05T18:00:00Z",
          "Duration": 14400,
          "PartNumber": 0,
          "NumberParts": 0,
          "Repeat": false,
          "PremiereFinale": 0,
          "LiveDelay": 3,
          "ClosedCaption": false,
          "Subtitled": false,
          "TvRating": 1,
          "SexRating": false,
          "ViolenceRating": false,
          "LanguageRating": false,
          "FVRating": false,
          "BroadcastFormat": "4x3",
          "EndTime": "0001-01-01T00:00:00Z",
          "program": {
            "ProgramId": "00030437000000",
            "Title": "收播",
            "SubTitle": "aka:系統測試",
            "Description": "目前無播出節目。",
            "ShowType": "1"
          }
        },
        {
          "StationId": 1188,
          "ProgramId": "00000001000117",
          "AirDateTime": "2025-11-05T22:00:00Z",
          "Duration": 7200,
          "PartNumber": 0,
          "NumberParts": 0,
          "Repeat": false,
          "PremiereFinale": 0,
          "LiveDelay": 3,
          "ClosedCaption": false,
          "Subtitled": false,
          "TvRating": 1,
          "SexRating": false,
          "ViolenceRating": false,
          "LanguageRating": false,
          "FVRating": false,
          "BroadcastFormat": "4x3",
          "EndTime": "0001-01-01T00:00:00Z",
          "program": {
            "ProgramId": "00000001000117",
            "Title": "天地民心(21-22)",
            "ShowType": "1"
          }
        },
        {
          "StationId": 1188,
          "ProgramId": "00111248000000",
          "AirDateTime": "2025-11-06T00:00:00Z",
          "Duration": 8100,
          "PartNumber": 0,
          "NumberParts": 0,
          "Repeat": false,
          "PremiereFinale": 0,
          "LiveDelay": 3,
          "ClosedCaption": false,
          "Subtitled": false,
          "TvRating": 1,
          "SexRating": false,
          "ViolenceRating": false,
          "LanguageRating": false,
          "FVRating": false,
          "BroadcastFormat": "4x3",
          "EndTime": "0001-01-01T00:00:00Z",
          "program": {
            "ProgramId": "00111248000000",
            "Title": "革命前夕的摩托車日記",
            "SubTitle": "The Motorcycle Diaries",
            "Description": "1951年，23歲醫學院學生格瓦拉與死黨阿爾貝托，載著滿滿的家當與憧憬，跳上重型機車，從家鄉布宜諾艾利斯出發，揭開一場貫穿南美大陸，總長超過一萬三千公里的壯旅。隨著旅程逐漸開展，他們目睹這塊土地所承受的種種創傷、苦難、與不義。這也在青年格瓦拉的心裡埋下了日後席捲世界的革命之火。",
            "ShowType": "98"
          }
        },
        {
          "StationId": 1188,
          "ProgramId": "00000001000118",
          "AirDateTime": "2025-11-06T02:15:00Z",
          "Duration": 7800,
          "PartNumber": 0,
          "NumberParts": 0,
          "Repeat": false,
          "PremiereFinale": 0,
          "LiveDelay": 3,
          "ClosedCaption": false,
          "Subtitled": false,
          "TvRating": 1,
          "SexRating": false,
          "ViolenceRating": false,
          "LanguageRating": false,
          "FVRating": false,
          "BroadcastFormat": "4x3",
          "EndTime": "0001-01-01T00:00:00Z",
          "program": {
            "ProgramId": "00000001000118",
            "Title": "登陸安齊奧",
            "ShowType": "1"
          }
        },
        {
          "StationId": 1188,
          "ProgramId": "00031593000000",
          "AirDateTime": "2025-11-06T04:25:00Z",
          "Duration": 9600,
          "PartNumber": 0,
          "NumberParts": 0,
          "Repeat": false,
          "PremiereFinale": 0,
          "LiveDelay": 3,
          "ClosedCaption": false,
          "Subtitled": false,
          "TvRating": 1,
          "SexRating": false,
          "ViolenceRating": false,
          "LanguageRating": false,
          "FVRating": false,
          "BroadcastFormat": "4x3",
          "EndTime": "0001-01-01T00:00:00Z",
          "program": {
            "ProgramId": "00031593000000",
            "Title": "將軍之夜",
            "SubTitle": "The Night Of The Generals",
            "Description": "二次大戰時，德國情報員葛皓（奧瑪雪瑞夫）前往華沙奉命調查一樁命案，證據卻顯示很可能是三名高階納粹將領的其中之一！葛皓循線追查到巴黎，發現此案竟牽扯到1944年的希特勒暗殺事件，而其中兩位將軍更是涉嫌重大…",
            "ShowType": "98"
          }
        },
        {
          "StationId": 1188,
          "ProgramId": "00181104000000",
          "AirDateTime": "2025-11-06T07:05:00Z",
          "Duration": 8400,
          "PartNumber": 0,
          "NumberParts": 0,
          "Repeat": false,
          "PremiereFinale": 0,
          "LiveDelay": 3,
          "ClosedCaption": false,
          "Subtitled": false,
          "TvRating": 1,
          "SexRating": false,
          "ViolenceRating": false,
          "LanguageRating": false,
          "FVRating": false,
          "BroadcastFormat": "4x3",
          "EndTime": "0001-01-01T00:00:00Z",
          "program": {
            "ProgramId": "00181104000000",
            "Title": "淺田家！",
            "SubTitle": "The Asadas",
            "Description": "熱愛拍照的父親，知道小兒子立志成為攝影師，所以在他12歲生日當天，將自己最珍愛的相機送給他。如今，這位小兒子淺田政志（二宮和也）持續為家人拍攝一系列別具特色的全家福，由於風格獨特，讓他獲得攝影大獎肯定，從此踏上專業攝影師之路。不過隨之而來的一場災難，卻讓他逐漸失去人生目標…",
            "ShowType": "98"
          }
        },
        {
          "StationId": 1188,
          "ProgramId": "00012550000000",
          "AirDateTime": "2025-11-06T09:25:00Z",
          "Duration": 5700,
          "PartNumber": 0,
          "NumberParts": 0,
          "Repeat": false,
          "PremiereFinale": 0,
          "LiveDelay": 3,
          "ClosedCaption": false,
          "Subtitled": false,
          "TvRating": 1,
          "SexRating": false,
          "ViolenceRating": false,
          "LanguageRating": false,
          "FVRating": false,
          "BroadcastFormat": "4x3",
          "EndTime": "0001-01-01T00:00:00Z",
          "program": {
            "ProgramId": "00012550000000",
            "Title": "超級中國龍",
            "Description": "釋小龍、郝劭文、徐若瑄主演。阿丁終日沉迷於電動遊戲，與家人的關係惡劣，只有在遊戲世界中他才能找到自信。一天，阿丁揀到一片遊戲光碟，沒想到竟然進入黃島歷險記的遊戲世界裡，哥哥事文亦一同被帶去。兩兄弟在黃金島上，與島主小龍、海盜船長和美人魚小仙之間，展開了一場有趣刺激的冒險故事。",
            "ShowType": "98"
          }
        },
        {
          "StationId": 1188,
          "ProgramId": "00000001000117",
          "AirDateTime": "2025-11-06T11:00:00Z",
          "Duration": 7200,
          "PartNumber": 0,
          "NumberParts": 0,
          "Repeat": false,
          "PremiereFinale": 0,
          "LiveDelay": 3,
          "ClosedCaption": false,
          "Subtitled": false,
          "TvRating": 1,
          "SexRating": false,
          "ViolenceRating": false,
          "LanguageRating": false,
          "FVRating": false,
          "BroadcastFormat": "4x3",
          "EndTime": "0001-01-01T00:00:00Z",
          "program": {
            "ProgramId": "00000001000117",
            "Title": "天地民心(21-22)",
            "ShowType": "1"
          }
        },
        {
          "StationId": 1188,
          "ProgramId": "00019134000000",
          "AirDateTime": "2025-11-06T13:00:00Z",
          "Duration": 6600,
          "PartNumber": 0,
          "NumberParts": 0,
          "Repeat": false,
          "PremiereFinale": 0,
          "LiveDelay": 3,
          "ClosedCaption": false,
          "Subtitled": false,
          "TvRating": 1,
          "SexRating": false,
          "ViolenceRating": false,
          "LanguageRating": false,
          "FVRating": false,
          "BroadcastFormat": "4x3",
          "EndTime": "0001-01-01T00:00:00Z",
          "program": {
            "ProgramId": "00019134000000",
            "Title": "猛龍過江",
            "SubTitle": "The Way of the Dragon",
            "Description": "唐龍（李小龍）是香港年輕武師，他受到父親的委託，前往羅馬幫助獨立經營餐廳的少女陳清華（苗可秀）。清華受到地皮集團的威脅，餐館的生意大受影響。但當流氓前來找碴時，唐龍適時施展出他不凡的武藝打倒敵人，挽救了清華與她的餐廳。",
            "ShowType": "98"
          }
        },
        {
          "StationId": 1188,
          "ProgramId": "00000001000119",
          "AirDateTime": "2025-11-06T14:50:00Z",
          "Duration": 5100,
          "PartNumber": 0,
          "NumberParts": 0,
          "Repeat": false,
          "PremiereFinale": 0,
          "LiveDelay": 3,
          "ClosedCaption": false,
          "Subtitled": false,
          "TvRating": 1,
          "SexRating": false,
          "ViolenceRating": false,
          "LanguageRating": false,
          "FVRating": false,
          "BroadcastFormat": "4x3",
          "EndTime": "0001-01-01T00:00:00Z",
          "program": {
            "ProgramId": "00000001000119",
            "Title": "外太空九號計畫",
            "ShowType": "1"
          }
        },
        {
          "StationId": 1188,
          "ProgramId": "00000001000120",
          "AirDateTime": "2025-11-06T16:15:00Z",
          "Duration": 6300,
          "PartNumber": 0,
          "NumberParts": 0,
          "Repeat": false,
          "PremiereFinale": 0,
          "LiveDelay": 3,
          "ClosedCaption": false,
          "Subtitled": false,
          "TvRating": 1,
          "SexRating": false,
          "ViolenceRating": false,
          "LanguageRating": false,
          "FVRating": false,
          "BroadcastFormat": "4x3",
          "EndTime": "0001-01-01T00:00:00Z",
          "program": {
            "ProgramId": "00000001000120",
            "Title": "國家寶庫：黃金權杖",
            "ShowType": "1"
          }
        },
        {
          "StationId": 1188,
          "ProgramId": "00030437000000",
          "AirDateTime": "2025-11-06T18:00:00Z",
          "Duration": 14400,
          "PartNumber": 0,
          "NumberParts": 0,
          "Repeat": false,
          "PremiereFinale": 0,
          "LiveDelay": 3,
          "ClosedCaption": false,
          "Subtitled": false,
          "TvRating": 1,
          "SexRating": false,
          "ViolenceRating": false,
          "LanguageRating": false,
          "FVRating": false,
          "BroadcastFormat": "4x3",
          "EndTime": "0001-01-01T00:00:00Z",
          "program": {
            "ProgramId": "00030437000000",
            "Title": "收播",
            "SubTitle": "aka:系統測試",
            "Description": "目前無播出節目。",
            "ShowType": "1"
          }
        },
        {
          "StationId": 1188,
          "ProgramId": "00000001000121",
          "AirDateTime": "2025-11-06T22:00:00Z",
          "Duration": 7200,
          "PartNumber": 0,
          "NumberParts": 0,
          "Repeat": false,
          "PremiereFinale": 0,
          "LiveDelay": 3,
          "ClosedCaption": false,
          "Subtitled": false,
          "TvRating": 1,
          "SexRating": false,
          "ViolenceRating": false,
          "LanguageRating": false,
          "FVRating": false,
          "BroadcastFormat": "4x3",
          "EndTime": "0001-01-01T00:00:00Z",
          "program": {
            "ProgramId": "00000001000121",
            "Title": "天地民心(23-24)",
            "ShowType": "1"
          }
        },
        {
          "StationId": 1188,
          "ProgramId": "00000001000122",
          "AirDateTime": "2025-11-07T00:00:00Z",
          "Duration": 7200,
          "PartNumber": 0,
          "NumberParts": 0,
          "Repeat": false,
          "PremiereFinale": 0,
          "LiveDelay": 3,
          "ClosedCaption": false,
          "Subtitled": false,
          "TvRating": 1,
          "SexRating": false,
          "ViolenceRating": false,
          "LanguageRating": false,
          "FVRating": false,
          "BroadcastFormat": "4x3",
          "EndTime": "0001-01-01T00:00:00Z",
          "program": {
            "ProgramId": "00000001000122",
            "Title": "朋友再見",
            "ShowType": "1"
          }
        },
        {
          "StationId": 1188,
          "ProgramId": "00020901000000",
          "AirDateTime": "2025-11-07T02:00:00Z",
          "Duration": 8100,
          "PartNumber": 0,
          "NumberParts": 0,
          "Repeat": false,
          "PremiereFinale": 0,
          "LiveDelay": 3,
          "ClosedCaption": false,
          "Subtitled": false,
          "TvRating": 1,
          "SexRating": false,
          "ViolenceRating": false,
          "LanguageRating": false,
          "FVRating": false,
          "BroadcastFormat": "4x3",
          "EndTime": "0001-01-01T00:00:00Z",
          "program": {
            "ProgramId": "00020901000000",
            "Title": "玻璃樽",
            "SubTitle": "Gorgeous",
            "Description": "台灣女孩阿不（舒淇）在海邊撿到一個玻璃樽，裡面有張耐人尋味的紙條。阿不充滿期待的前往香港尋找紙條主人，卻因緣際會認識金融狙擊手子午（成龍）。為了接近子午，她謊稱自己是黑道頭目之女，這個謊言不但為她帶來危險，也為她的生活掀起一場想像不到的大風暴。",
            "ShowType": "98"
          }
        },
        {
          "StationId": 1188,
          "ProgramId": "00000001000123",
          "AirDateTime": "2025-11-07T04:15:00Z",
          "Duration": 10500,
          "PartNumber": 0,
          "NumberParts": 0,
          "Repeat": false,
          "PremiereFinale": 0,
          "LiveDelay": 3,
          "ClosedCaption": false,
          "Subtitled": false,
          "TvRating": 1,
          "SexRating": false,
          "ViolenceRating": false,
          "LanguageRating": false,
          "FVRating": false,
          "BroadcastFormat": "4x3",
          "EndTime": "0001-01-01T00:00:00Z",
          "program": {
            "ProgramId": "00000001000123",
            "Title": "血染雪山堡",
            "ShowType": "1"
          }
        },
        {
          "StationId": 1188,
          "ProgramId": "00000001000124",
          "AirDateTime": "2025-11-07T07:10:00Z",
          "Duration": 7800,
          "PartNumber": 0,
          "NumberParts": 0,
          "Repeat": false,
          "PremiereFinale": 0,
          "LiveDelay": 3,
          "ClosedCaption": false,
          "Subtitled": false,
          "TvRating": 1,
          "SexRating": false,
          "ViolenceRating": false,
          "LanguageRating": false,
          "FVRating": false,
          "BroadcastFormat": "4x3",
          "EndTime": "0001-01-01T00:00:00Z",
          "program": {
            "ProgramId": "00000001000124",
            "Title": "爆破死亡谷",
            "ShowType": "1"
          }
        },
        {
          "StationId": 1188,
          "ProgramId": "00166961000000",
          "AirDateTime": "2025-11-07T09:20:00Z",
          "Duration": 6000,
          "PartNumber": 0,
          "NumberParts": 0,
          "Repeat": false,
          "PremiereFinale": 0,
          "LiveDelay": 3,
          "ClosedCaption": false,
          "Subtitled": false,
          "TvRating": 1,
          "SexRating": false,
          "ViolenceRating": false,
          "LanguageRating": false,
          "FVRating": false,
          "BroadcastFormat": "4x3",
          "EndTime": "0001-01-01T00:00:00Z",
          "program": {
            "ProgramId": "00166961000000",
            "Title": "老人與槍",
            "SubTitle": "The Old Man & the Gun",
            "Description": "真人真事改編。高齡61的逃獄常客塔克（勞勃瑞福）再次逃出聖昆丁監獄，在一次搶完銀行後，為躲避追捕，他主動幫忙車子拋錨的氣質熟女珠兒（西西史派克），卻對她一見傾心。此時達拉斯刑警約翰介入調查，與塔克展開鬥智鬥勇的追逐戰…",
            "ShowType": "98"
          }
        },
        {
          "StationId": 1188,
          "ProgramId": "00000001000121",
          "AirDateTime": "2025-11-07T11:00:00Z",
          "Duration": 7200,
          "PartNumber": 0,
          "NumberParts": 0,
          "Repeat": false,
          "PremiereFinale": 0,
          "LiveDelay": 3,
          "ClosedCaption": false,
          "Subtitled": false,
          "TvRating": 1,
          "SexRating": false,
          "ViolenceRating": false,
          "LanguageRating": false,
          "FVRating": false,
          "BroadcastFormat": "4x3",
          "EndTime": "0001-01-01T00:00:00Z",
          "program": {
            "ProgramId": "00000001000121",
            "Title": "天地民心(23-24)",
            "ShowType": "1"
          }
        },
        {
          "StationId": 1188,
          "ProgramId": "00000001000113",
          "AirDateTime": "2025-11-07T13:00:00Z",
          "Duration": 10200,
          "PartNumber": 0,
          "NumberParts": 0,
          "Repeat": false,
          "PremiereFinale": 0,
          "LiveDelay": 3,
          "ClosedCaption": false,
          "Subtitled": false,
          "TvRating": 1,
          "SexRating": false,
          "ViolenceRating": false,
          "LanguageRating": false,
          "FVRating": false,
          "BroadcastFormat": "4x3",
          "EndTime": "0001-01-01T00:00:00Z",
          "program": {
            "ProgramId": "00000001000113",
            "Title": "藍徽特攻隊",
            "ShowType": "1"
          }
        },
        {
          "StationId": 1188,
          "ProgramId": "00164040000000",
          "AirDateTime": "2025-11-07T15:50:00Z",
          "Duration": 7800,
          "PartNumber": 0,
          "NumberParts": 0,
          "Repeat": false,
          "PremiereFinale": 0,
          "LiveDelay": 3,
          "ClosedCaption": false,
          "Subtitled": false,
          "TvRating": 1,
          "SexRating": false,
          "ViolenceRating": false,
          "LanguageRating": false,
          "FVRating": false,
          "BroadcastFormat": "4x3",
          "EndTime": "0001-01-01T00:00:00Z",
          "program": {
            "ProgramId": "00164040000000",
            "Title": "老娘叫譚雅",
            "SubTitle": "I, Tonya",
            "Description": "真人真事改編。譚雅（瑪格羅比）自幼展現溜冰天賦後，在暴虐冷酷的母親（艾莉森珍妮）嚴厲要求下苦練花式溜冰，後來因成為第一位做出冰上三迴旋的女選手而獲獎無數。但在1994年冬奧前夕，譚雅的勁敵遭攻擊，她涉嫌教唆而被起訴…",
            "ShowType": "98"
          }
        },
        {
          "StationId": 1188,
          "ProgramId": "00030437000000",
          "AirDateTime": "2025-11-07T18:00:00Z",
          "Duration": 14400,
          "PartNumber": 0,
          "NumberParts": 0,
          "Repeat": false,
          "PremiereFinale": 0,
          "LiveDelay": 3,
          "ClosedCaption": false,
          "Subtitled": false,
          "TvRating": 1,
          "SexRating": false,
          "ViolenceRating": false,
          "LanguageRating": false,
          "FVRating": false,
          "BroadcastFormat": "4x3",
          "EndTime": "0001-01-01T00:00:00Z",
          "program": {
            "ProgramId": "00030437000000",
            "Title": "收播",
            "SubTitle": "aka:系統測試",
            "Description": "目前無播出節目。",
            "ShowType": "1"
          }
        },
        {
          "StationId": 1188,
          "ProgramId": "00084707000000",
          "AirDateTime": "2025-11-07T22:00:00Z",
          "Duration": 8700,
          "PartNumber": 0,
          "NumberParts": 0,
          "Repeat": false,
          "PremiereFinale": 0,
          "LiveDelay": 3,
          "ClosedCaption": false,
          "Subtitled": false,
          "TvRating": 1,
          "SexRating": false,
          "ViolenceRating": false,
          "LanguageRating": false,
          "FVRating": false,
          "BroadcastFormat": "4x3",
          "EndTime": "0001-01-01T00:00:00Z",
          "program": {
            "ProgramId": "00084707000000",
            "Title": "2001太空漫遊",
            "SubTitle": "2001: A Space Odyssey",
            "Description": "史丹利庫柏利克經典科幻鉅作。2001年在地球和木星之間，太空梭的人工智慧電腦犯了致命錯誤，導致所有船員死亡，為隱藏這個錯誤，電腦持續殺人。這趟旅行的唯一倖存者在無盡的茫茫太空中，到達人類發展的全新境界…",
            "ShowType": "98"
          }
        },
        {
          "StationId": 1188,
          "ProgramId": "00020575000000",
          "AirDateTime": "2025-11-08T00:25:00Z",
          "Duration": 6900,
          "PartNumber": 0,
          "NumberParts": 0,
          "Repeat": false,
          "PremiereFinale": 0,
          "LiveDelay": 3,
          "ClosedCaption": false,
          "Subtitled": false,
          "TvRating": 1,
          "SexRating": false,
          "ViolenceRating": false,
          "LanguageRating": false,
          "FVRating": false,
          "BroadcastFormat": "4x3",
          "EndTime": "0001-01-01T00:00:00Z",
          "program": {
            "ProgramId": "00020575000000",
            "Title": "師弟出馬",
            "Description": "賽獅大會七年來皆由正風武館奪得勝利金獅，今年賽獅大會特設一難度極高之意頭青，由正風武館及威義武館進行角逐。出賽前正風武館之大師兄失足跌傷腿部，不能出賽，正風武館遂派阿龍（成龍）舞獅頭，與威瞥見威義武館舞獅頭者竟然是裝傷避賽之大師兄…",
            "ShowType": "98"
          }
        },
        {
          "StationId": 1188,
          "ProgramId": "00004267000000",
          "AirDateTime": "2025-11-08T02:20:00Z",
          "Duration": 6600,
          "PartNumber": 0,
          "NumberParts": 0,
          "Repeat": false,
          "PremiereFinale": 0,
          "LiveDelay": 3,
          "ClosedCaption": false,
          "Subtitled": false,
          "TvRating": 1,
          "SexRating": false,
          "ViolenceRating": false,
          "LanguageRating": false,
          "FVRating": false,
          "BroadcastFormat": "4x3",
          "EndTime": "0001-01-01T00:00:00Z",
          "program": {
            "ProgramId": "00004267000000",
            "Title": "荒野大鏢客",
            "SubTitle": "A Fistful of Dollars",
            "Description": "墨西哥邊境小鎮來了一位大鏢客，他得知鎮上勢不兩立的兩大幫派廝殺已久，便決定與兩派斡旋，除去鎮上惡勢力，恢復小鎮的平靜。",
            "ShowType": "98"
          }
        },
        {
          "StationId": 1188,
          "ProgramId": "00030340000000",
          "AirDateTime": "2025-11-08T04:10:00Z",
          "Duration": 9600,
          "PartNumber": 0,
          "NumberParts": 0,
          "Repeat": false,
          "PremiereFinale": 0,
          "LiveDelay": 3,
          "ClosedCaption": false,
          "Subtitled": false,
          "TvRating": 1,
          "SexRating": false,
          "ViolenceRating": false,
          "LanguageRating": false,
          "FVRating": false,
          "BroadcastFormat": "4x3",
          "EndTime": "0001-01-01T00:00:00Z",
          "program": {
            "ProgramId": "00030340000000",
            "Title": "越南大戰",
            "SubTitle": "The Green Berets",
            "Description": "越戰時，麥克柯比上校（約翰韋恩）從陸軍精英特種部隊\"綠扁帽\"成員中挑選隊員，進行秘密任務。第一件任務是要設立一處軍營，而後設法讓越共俘虜；第二件任務則是深入敵境，綁架一名北越的將軍…",
            "ShowType": "98"
          }
        },
        {
          "StationId": 1188,
          "ProgramId": "00174272000000",
          "AirDateTime": "2025-11-08T06:50:00Z",
          "Duration": 7200,
          "PartNumber": 0,
          "NumberParts": 0,
          "Repeat": false,
          "PremiereFinale": 0,
          "LiveDelay": 3,
          "ClosedCaption": false,
          "Subtitled": false,
          "TvRating": 1,
          "SexRating": false,
          "ViolenceRating": false,
          "LanguageRating": false,
          "FVRating": false,
          "BroadcastFormat": "4x3",
          "EndTime": "0001-01-01T00:00:00Z",
          "program": {
            "ProgramId": "00174272000000",
            "Title": "瞞天機密",
            "SubTitle": "Official Secrets",
            "Description": "英國情報機構的翻譯員凱薩琳（綺拉奈特莉）某天收到一封電子郵件，內容為英美政府高層聯合進行非法監聽行動，好讓聯合國安理會同意發動伊拉克戰爭。她勇敢向媒體揭發此事，卻因此引來英美政府聯手施壓，生活、婚姻與自由也因此面臨威脅…",
            "ShowType": "98"
          }
        },
        {
          "StationId": 1188,
          "ProgramId": "00031431000000",
          "AirDateTime": "2025-11-08T08:50:00Z",
          "Duration": 9600,
          "PartNumber": 0,
          "NumberParts": 0,
          "Repeat": false,
          "PremiereFinale": 0,
          "LiveDelay": 3,
          "ClosedCaption": false,
          "Subtitled": false,
          "TvRating": 1,
          "SexRating": false,
          "ViolenceRating": false,
          "LanguageRating": false,
          "FVRating": false,
          "BroadcastFormat": "4x3",
          "EndTime": "0001-01-01T00:00:00Z",
          "program": {
            "ProgramId": "00031431000000",
            "Title": "孤雛淚",
            "ShowType": "5"
          }
        },
        {
          "StationId": 1188,
          "ProgramId": "00003967000000",
          "AirDateTime": "2025-11-08T11:30:00Z",
          "Duration": 5400,
          "PartNumber": 0,
          "NumberParts": 0,
          "Repeat": false,
          "PremiereFinale": 0,
          "LiveDelay": 3,
          "ClosedCaption": false,
          "Subtitled": false,
          "TvRating": 1,
          "SexRating": false,
          "ViolenceRating": false,
          "LanguageRating": false,
          "FVRating": false,
          "BroadcastFormat": "4x3",
          "EndTime": "0001-01-01T00:00:00Z",
          "program": {
            "ProgramId": "00003967000000",
            "Title": "新流星蝴蝶劍",
            "SubTitle": "Butterfly & Sword",
            "Description": "明代東西兩廠首腦形成敵對勢力，東廠曹公公為揭發西廠李公公叛國奸計，遂請「快活林」高老大（楊紫瓊）及其助手孟星魂（梁朝偉）、葉翔（甄子丹）混入李公公仰賴的聚賢山莊，盜取李公公叛圖密函。孟得孫莊主賞識，將其愛妾苗小小給配孟。中秋晚，高、孟、葉圍剿聚賢山莊，取得密函後，三人才駭然發現…",
            "ShowType": "98"
          }
        },
        {
          "StationId": 1188,
          "ProgramId": "00194989000000",
          "AirDateTime": "2025-11-08T13:00:00Z",
          "Duration": 5100,
          "PartNumber": 0,
          "NumberParts": 0,
          "Repeat": false,
          "PremiereFinale": 0,
          "LiveDelay": 3,
          "ClosedCaption": false,
          "Subtitled": false,
          "TvRating": 1,
          "SexRating": false,
          "ViolenceRating": false,
          "LanguageRating": false,
          "FVRating": false,
          "BroadcastFormat": "4x3",
          "EndTime": "0001-01-01T00:00:00Z",
          "program": {
            "ProgramId": "00194989000000",
            "Title": "奇門異人",
            "SubTitle": "Magic Man",
            "Description": "天生具有「身體金屬化」特異功能的冷鋼，在某次的刺殺行動中，被同門殺手重傷，幸得酒館老闆紅籮及其妹妹麥子所救。為了報恩，冷鋼短暫留在酒館，這裡的親情和溫暖，讓一直過著刀尖舔血生活的冷鋼決心要回歸平凡。豈料，極樂幫卻在此時大肆拘捕異能者，而具有「心靈探查」能力的麥子，成了最大的目標…",
            "ShowType": "98"
          }
        },
        {
          "StationId": 1188,
          "ProgramId": "00000001000125",
          "AirDateTime": "2025-11-08T14:25:00Z",
          "Duration": 6300,
          "PartNumber": 0,
          "NumberParts": 0,
          "Repeat": false,
          "PremiereFinale": 0,
          "LiveDelay": 3,
          "ClosedCaption": false,
          "Subtitled": false,
          "TvRating": 1,
          "SexRating": false,
          "ViolenceRating": false,
          "LanguageRating": false,
          "FVRating": false,
          "BroadcastFormat": "4x3",
          "EndTime": "0001-01-01T00:00:00Z",
          "program": {
            "ProgramId": "00000001000125",
            "Title": "太空英雌",
            "ShowType": "1"
          }
        },
        {
          "StationId": 1188,
          "ProgramId": "00180106000000",
          "AirDateTime": "2025-11-08T16:10:00Z",
          "Duration": 6600,
          "PartNumber": 0,
          "NumberParts": 0,
          "Repeat": false,
          "PremiereFinale": 0,
          "LiveDelay": 3,
          "ClosedCaption": false,
          "Subtitled": false,
          "TvRating": 1,
          "SexRating": false,
          "ViolenceRating": false,
          "LanguageRating": false,
          "FVRating": false,
          "BroadcastFormat": "4x3",
          "EndTime": "0001-01-01T00:00:00Z",
          "program": {
            "ProgramId": "00180106000000",
            "Title": "獨帆之聲",
            "SubTitle": "The Mercy",
            "Description": "1968年，唐諾（柯林佛斯）打算參加備受矚目的環行世界獨帆大賽，並成為史上第一位完全不靠岸、獨自航行環繞世界的人。隨著唐諾在比賽中，以史無前例的驚人速度航行，媒體也將他打造成英國家喻戶曉的英雄人物。不過，就在家人歡天喜地準備迎接他凱旋歸來時，遠方竟傳來唐諾消失在茫茫大海中的噩耗…",
            "ShowType": "98"
          }
        },
        {
          "StationId": 1188,
          "ProgramId": "00030437000000",
          "AirDateTime": "2025-11-08T18:00:00Z",
          "Duration": 14400,
          "PartNumber": 0,
          "NumberParts": 0,
          "Repeat": false,
          "PremiereFinale": 0,
          "LiveDelay": 3,
          "ClosedCaption": false,
          "Subtitled": false,
          "TvRating": 1,
          "SexRating": false,
          "ViolenceRating": false,
          "LanguageRating": false,
          "FVRating": false,
          "BroadcastFormat": "4x3",
          "EndTime": "0001-01-01T00:00:00Z",
          "program": {
            "ProgramId": "00030437000000",
            "Title": "收播",
            "SubTitle": "aka:系統測試",
            "Description": "目前無播出節目。",
            "ShowType": "1"
          }
        },
        {
          "StationId": 1188,
          "ProgramId": "00000001000126",
          "AirDateTime": "2025-11-08T22:00:00Z",
          "Duration": 9000,
          "PartNumber": 0,
          "NumberParts": 0,
          "Repeat": false,
          "PremiereFinale": 0,
          "LiveDelay": 3,
          "ClosedCaption": false,
          "Subtitled": false,
          "TvRating": 1,
          "SexRating": false,
          "ViolenceRating": false,
          "LanguageRating": false,
          "FVRating": false,
          "BroadcastFormat": "4x3",
          "EndTime": "0001-01-01T00:00:00Z",
          "program": {
            "ProgramId": "00000001000126",
            "Title": "西蒙娜：世紀之聲",
            "ShowType": "1"
          }
        },
        {
          "StationId": 1188,
          "ProgramId": "00018967000000",
          "AirDateTime": "2025-11-09T00:30:00Z",
          "Duration": 6600,
          "PartNumber": 0,
          "NumberParts": 0,
          "Repeat": false,
          "PremiereFinale": 0,
          "LiveDelay": 3,
          "ClosedCaption": false,
          "Subtitled": false,
          "TvRating": 1,
          "SexRating": false,
          "ViolenceRating": false,
          "LanguageRating": false,
          "FVRating": false,
          "BroadcastFormat": "4x3",
          "EndTime": "0001-01-01T00:00:00Z",
          "program": {
            "ProgramId": "00018967000000",
            "Title": "十兄弟",
            "Description": "紀巧兒（郭可盈）不小心吞下了10粒晶石後，未婚產下千里眼、順風耳、大力三等各懷異能的十兄弟，而被逐出家門，幸得愛慕巧兒的大蝦（林文龍）收留。然而十兄弟古怪的外貌及超能力，卻不斷地帶來麻煩，還被中央專員及險大帥處處利用…",
            "ShowType": "5"
          }
        },
        {
          "StationId": 1188,
          "ProgramId": "00000001000127",
          "AirDateTime": "2025-11-09T02:20:00Z",
          "Duration": 12000,
          "PartNumber": 0,
          "NumberParts": 0,
          "Repeat": false,
          "PremiereFinale": 0,
          "LiveDelay": 3,
          "ClosedCaption": false,
          "Subtitled": false,
          "TvRating": 1,
          "SexRating": false,
          "ViolenceRating": false,
          "LanguageRating": false,
          "FVRating": false,
          "BroadcastFormat": "4x3",
          "EndTime": "0001-01-01T00:00:00Z",
          "program": {
            "ProgramId": "00000001000127",
            "Title": "黃昏三鏢客",
            "ShowType": "1"
          }
        },
        {
          "StationId": 1188,
          "ProgramId": "00000001000128",
          "AirDateTime": "2025-11-09T05:40:00Z",
          "Duration": 4500,
          "PartNumber": 0,
          "NumberParts": 0,
          "Repeat": false,
          "PremiereFinale": 0,
          "LiveDelay": 3,
          "ClosedCaption": false,
          "Subtitled": false,
          "TvRating": 1,
          "SexRating": false,
          "ViolenceRating": false,
          "LanguageRating": false,
          "FVRating": false,
          "BroadcastFormat": "4x3",
          "EndTime": "0001-01-01T00:00:00Z",
          "program": {
            "ProgramId": "00000001000128",
            "Title": "末日錶盤",
            "ShowType": "1"
          }
        },
        {
          "StationId": 1188,
          "ProgramId": "00000001000129",
          "AirDateTime": "2025-11-09T06:55:00Z",
          "Duration": 6000,
          "PartNumber": 0,
          "NumberParts": 0,
          "Repeat": false,
          "PremiereFinale": 0,
          "LiveDelay": 3,
          "ClosedCaption": false,
          "Subtitled": false,
          "TvRating": 1,
          "SexRating": false,
          "ViolenceRating": false,
          "LanguageRating": false,
          "FVRating": false,
          "BroadcastFormat": "4x3",
          "EndTime": "0001-01-01T00:00:00Z",
          "program": {
            "ProgramId": "00000001000129",
            "Title": "地球攻擊命令：哥吉拉對蓋剛",
            "ShowType": "1"
          }
        }
      ],
      "Logo": "logo_litv_litv-longturn21_pc.png",
      "station_categories": [
        {
          "Name": "電影",
          "EngName": "Movie",
          "MenuOrder": 5
        },
        {
          "Name": "熱門收視頻道",
          "EngName": "TOP50",
          "MenuOrder": 1
        }
      ]
    },
    "introduction": {
      "image": "https://p-cdnstatic.svc.litv.tv/pics/logo_litv_litv-longturn21_mobile.png",
      "description": "想看雋永懷舊的老電影嗎？「龍華經典台」有好萊塢膾炙人口、評價優異的著名電影、日本黑澤明導演傾力製作的精彩電影，以及香港早期經典電影，值得您一看再看！",
      "href_maps": []
    },
    "recommends": [],
    "ua": "Mozilla/5.0 (Windows NT 10.0; Win64; x64) AppleWebKit/537.36 (KHTML, like Gecko) Chrome/91.0.4472.124 Safari/537.36"
  },
  "__N_SSP": true
}