{
  "pageProps": {
    "contentId": "ofiii196",
    "channel": {
      "title": "不良笑花",
      "no": 196,
      "charge_mode": "F",
      "content_id": "ofiii196",
      "content_type": "vod-channel",
      "epg_categories": [
        4
      ],
      "genres": [
        {
          "id": "",
          "name": "VOD_CHANNEL",
          "logo": ""
        }
      ],
      "liad_id": "VODCHNEWOFIWEB",
      "package_info_id": "VOD_CHANNEL_DELUX",
      "picture": "pics/vod_channel/logo_3631_ofiii196_tv_20250225.png",
      "provider": [
        {
          "id": "",
          "name": "靖天",
          "logo": ""
        }
      ],
      "quality": "HD",
      "station_id": "station6565",
      "trial": "",
      "selectable": 1,
      "tr_logo": "pics/vod_channel/tr_logo_1738923282.png",
      "tl_logo": "",
      "br_logo": "",
      "bl_logo": "",
      "menu_type": 1,
      "vod_channel_schedule": {
        "channel_id": 196,
        "cdn_code": "ofiii196",
        "start_time": 1762171748000,
        "programs": [
          {
            "content_id": "VOD00026302",
            "time_codes": [
              567000,
              1169000,
              1755000,
              2469000
            ],
            "timecode_duration": [],
            "length": 2903000,
            "asset_id": "vod9098-000001M001",
            "title": "",
            "subtitle": "第1集",
            "ep_number": 1,
            "rating": 1,
            "content_type": "drama",
            "p_start": 1740450300000,
            "vod_channel_description": "專業時尚造型大師唐門（潘瑋柏）與小花飾品專賣店老闆蔣小花（楊丞琳），在計程車上意外相遇，凡事要求完美的唐門，本來就不容許任何不完美的東西在他面前呈現，但蔣小花，那個全身俗到最高點的恐龍妹竟然就這樣走進他的生命？更誇張的是，她還敢對他做的造型品頭論足…"
          },
          {
            "content_id": "VOD00026303",
            "time_codes": [
              806000,
              1415000,
              1930000
            ],
            "timecode_duration": [],
            "length": 2893000,
            "asset_id": "vod9098-000002M001",
            "title": "",
            "subtitle": "第2集",
            "ep_number": 2,
            "rating": 1,
            "content_type": "drama",
            "p_start": 1740453300000,
            "vod_channel_description": "專業時尚造型大師唐門（潘瑋柏）與小花飾品專賣店老闆蔣小花（楊丞琳），在計程車上意外相遇，凡事要求完美的唐門，本來就不容許任何不完美的東西在他面前呈現，但蔣小花，那個全身俗到最高點的恐龍妹竟然就這樣走進他的生命？更誇張的是，她還敢對他做的造型品頭論足…"
          },
          {
            "content_id": "VOD00026304",
            "time_codes": [
              807000,
              1408000,
              1880000
            ],
            "timecode_duration": [],
            "length": 2902000,
            "asset_id": "vod9098-000003M001",
            "title": "",
            "subtitle": "第3集",
            "ep_number": 3,
            "rating": 1,
            "content_type": "drama",
            "p_start": 1740456300000,
            "vod_channel_description": "專業時尚造型大師唐門（潘瑋柏）與小花飾品專賣店老闆蔣小花（楊丞琳），在計程車上意外相遇，凡事要求完美的唐門，本來就不容許任何不完美的東西在他面前呈現，但蔣小花，那個全身俗到最高點的恐龍妹竟然就這樣走進他的生命？更誇張的是，她還敢對他做的造型品頭論足…"
          },
          {
            "content_id": "VOD00026305",
            "time_codes": [
              832000,
              1433000,
              1921000
            ],
            "timecode_duration": [],
            "length": 2807000,
            "asset_id": "vod9098-000004M001",
            "title": "",
            "subtitle": "第4集",
            "ep_number": 4,
            "rating": 1,
            "content_type": "drama",
            "p_start": 1740459300000,
            "vod_channel_description": "專業時尚造型大師唐門（潘瑋柏）與小花飾品專賣店老闆蔣小花（楊丞琳），在計程車上意外相遇，凡事要求完美的唐門，本來就不容許任何不完美的東西在他面前呈現，但蔣小花，那個全身俗到最高點的恐龍妹竟然就這樣走進他的生命？更誇張的是，她還敢對他做的造型品頭論足…"
          },
          {
            "content_id": "VOD00026306",
            "time_codes": [
              810000,
              1426000,
              1901000
            ],
            "timecode_duration": [],
            "length": 2795000,
            "asset_id": "vod9098-000005M001",
            "title": "",
            "subtitle": "第5集",
            "ep_number": 5,
            "rating": 1,
            "content_type": "drama",
            "p_start": 1740462300000,
            "vod_channel_description": "專業時尚造型大師唐門（潘瑋柏）與小花飾品專賣店老闆蔣小花（楊丞琳），在計程車上意外相遇，凡事要求完美的唐門，本來就不容許任何不完美的東西在他面前呈現，但蔣小花，那個全身俗到最高點的恐龍妹竟然就這樣走進他的生命？更誇張的是，她還敢對他做的造型品頭論足…"
          },
          {
            "content_id": "VOD00026307",
            "time_codes": [
              813000,
              1427000,
              1910000
            ],
            "timecode_duration": [],
            "length": 2889000,
            "asset_id": "vod9098-000006M001",
            "title": "",
            "subtitle": "第6集",
            "ep_number": 6,
            "rating": 1,
            "content_type": "drama",
            "p_start": 1740465300000,
            "vod_channel_description": "專業時尚造型大師唐門（潘瑋柏）與小花飾品專賣店老闆蔣小花（楊丞琳），在計程車上意外相遇，凡事要求完美的唐門，本來就不容許任何不完美的東西在他面前呈現，但蔣小花，那個全身俗到最高點的恐龍妹竟然就這樣走進他的生命？更誇張的是，她還敢對他做的造型品頭論足…"
          },
          {
            "content_id": "VOD00026308",
            "time_codes": [
              810000,
              1422000,
              1920000
            ],
            "timecode_duration": [],
            "length": 2838000,
            "asset_id": "vod9098-000007M001",
            "title": "",
            "subtitle": "第7集",
            "ep_number": 7,
            "rating": 1,
            "content_type": "drama",
            "p_start": 1740468300000,
            "vod_channel_description": "專業時尚造型大師唐門（潘瑋柏）與小花飾品專賣店老闆蔣小花（楊丞琳），在計程車上意外相遇，凡事要求完美的唐門，本來就不容許任何不完美的東西在他面前呈現，但蔣小花，那個全身俗到最高點的恐龍妹竟然就這樣走進他的生命？更誇張的是，她還敢對他做的造型品頭論足…"
          },
          {
            "content_id": "VOD00026309",
            "time_codes": [
              814000,
              1432000,
              1920000
            ],
            "timecode_duration": [],
            "length": 2895000,
            "asset_id": "vod9098-000008M001",
            "title": "",
            "subtitle": "第8集",
            "ep_number": 8,
            "rating": 1,
            "content_type": "drama",
            "p_start": 1740471300000,
            "vod_channel_description": "專業時尚造型大師唐門（潘瑋柏）與小花飾品專賣店老闆蔣小花（楊丞琳），在計程車上意外相遇，凡事要求完美的唐門，本來就不容許任何不完美的東西在他面前呈現，但蔣小花，那個全身俗到最高點的恐龍妹竟然就這樣走進他的生命？更誇張的是，她還敢對他做的造型品頭論足…"
          },
          {
            "content_id": "VOD00026310",
            "time_codes": [
              808000,
              1418000,
              1890000
            ],
            "timecode_duration": [],
            "length": 2802000,
            "asset_id": "vod9098-000009M001",
            "title": "",
            "subtitle": "第9集",
            "ep_number": 9,
            "rating": 1,
            "content_type": "drama",
            "p_start": 1740474300000,
            "vod_channel_description": "專業時尚造型大師唐門（潘瑋柏）與小花飾品專賣店老闆蔣小花（楊丞琳），在計程車上意外相遇，凡事要求完美的唐門，本來就不容許任何不完美的東西在他面前呈現，但蔣小花，那個全身俗到最高點的恐龍妹竟然就這樣走進他的生命？更誇張的是，她還敢對他做的造型品頭論足…"
          },
          {
            "content_id": "VOD00026311",
            "time_codes": [
              816000,
              1430000,
              1908000
            ],
            "timecode_duration": [],
            "length": 2827000,
            "asset_id": "vod9098-000010M001",
            "title": "",
            "subtitle": "第10集",
            "ep_number": 10,
            "rating": 1,
            "content_type": "drama",
            "p_start": 1740477300000,
            "vod_channel_description": "專業時尚造型大師唐門（潘瑋柏）與小花飾品專賣店老闆蔣小花（楊丞琳），在計程車上意外相遇，凡事要求完美的唐門，本來就不容許任何不完美的東西在他面前呈現，但蔣小花，那個全身俗到最高點的恐龍妹竟然就這樣走進他的生命？更誇張的是，她還敢對他做的造型品頭論足…"
          },
          {
            "content_id": "VOD00026312",
            "time_codes": [
              804000,
              1423000,
              1920000
            ],
            "timecode_duration": [],
            "length": 2786000,
            "asset_id": "vod9098-000011M001",
            "title": "",
            "subtitle": "第11集",
            "ep_number": 11,
            "rating": 1,
            "content_type": "drama",
            "p_start": 1740480300000,
            "vod_channel_description": "專業時尚造型大師唐門（潘瑋柏）與小花飾品專賣店老闆蔣小花（楊丞琳），在計程車上意外相遇，凡事要求完美的唐門，本來就不容許任何不完美的東西在他面前呈現，但蔣小花，那個全身俗到最高點的恐龍妹竟然就這樣走進他的生命？更誇張的是，她還敢對他做的造型品頭論足…"
          },
          {
            "content_id": "VOD00026313",
            "time_codes": [
              830000,
              1425000,
              1931000
            ],
            "timecode_duration": [],
            "length": 2772000,
            "asset_id": "vod9098-000012M001",
            "title": "",
            "subtitle": "第12集",
            "ep_number": 12,
            "rating": 1,
            "content_type": "drama",
            "p_start": 1740483300000,
            "vod_channel_description": "專業時尚造型大師唐門（潘瑋柏）與小花飾品專賣店老闆蔣小花（楊丞琳），在計程車上意外相遇，凡事要求完美的唐門，本來就不容許任何不完美的東西在他面前呈現，但蔣小花，那個全身俗到最高點的恐龍妹竟然就這樣走進他的生命？更誇張的是，她還敢對他做的造型品頭論足…"
          },
          {
            "content_id": "VOD00026314",
            "time_codes": [
              807000,
              1420000,
              1890000
            ],
            "timecode_duration": [],
            "length": 2939000,
            "asset_id": "vod9098-000013M001",
            "title": "",
            "subtitle": "第13集",
            "ep_number": 13,
            "rating": 1,
            "content_type": "drama",
            "p_start": 1740486300000,
            "vod_channel_description": "專業時尚造型大師唐門（潘瑋柏）與小花飾品專賣店老闆蔣小花（楊丞琳），在計程車上意外相遇，凡事要求完美的唐門，本來就不容許任何不完美的東西在他面前呈現，但蔣小花，那個全身俗到最高點的恐龍妹竟然就這樣走進他的生命？更誇張的是，她還敢對他做的造型品頭論足…"
          },
          {
            "content_id": "VOD00026315",
            "time_codes": [
              807000,
              1420000,
              1890000
            ],
            "timecode_duration": [],
            "length": 2850000,
            "asset_id": "vod9098-000014M001",
            "title": "",
            "subtitle": "第14集",
            "ep_number": 14,
            "rating": 1,
            "content_type": "drama",
            "p_start": 1740489300000,
            "vod_channel_description": "專業時尚造型大師唐門（潘瑋柏）與小花飾品專賣店老闆蔣小花（楊丞琳），在計程車上意外相遇，凡事要求完美的唐門，本來就不容許任何不完美的東西在他面前呈現，但蔣小花，那個全身俗到最高點的恐龍妹竟然就這樣走進他的生命？更誇張的是，她還敢對他做的造型品頭論足…"
          },
          {
            "content_id": "VOD00026316",
            "time_codes": [
              828000,
              1449000,
              2024000
            ],
            "timecode_duration": [],
            "length": 2891000,
            "asset_id": "vod9098-000015M001",
            "title": "",
            "subtitle": "第15集",
            "ep_number": 15,
            "rating": 1,
            "content_type": "drama",
            "p_start": 1740492300000,
            "vod_channel_description": "專業時尚造型大師唐門（潘瑋柏）與小花飾品專賣店老闆蔣小花（楊丞琳），在計程車上意外相遇，凡事要求完美的唐門，本來就不容許任何不完美的東西在他面前呈現，但蔣小花，那個全身俗到最高點的恐龍妹竟然就這樣走進他的生命？更誇張的是，她還敢對他做的造型品頭論足…"
          },
          {
            "content_id": "VOD00026317",
            "time_codes": [
              793000,
              1420000,
              1920000
            ],
            "timecode_duration": [],
            "length": 2800000,
            "asset_id": "vod9098-000016M001",
            "title": "",
            "subtitle": "第16集",
            "ep_number": 16,
            "rating": 1,
            "content_type": "drama",
            "p_start": 1740495300000,
            "vod_channel_description": "專業時尚造型大師唐門（潘瑋柏）與小花飾品專賣店老闆蔣小花（楊丞琳），在計程車上意外相遇，凡事要求完美的唐門，本來就不容許任何不完美的東西在他面前呈現，但蔣小花，那個全身俗到最高點的恐龍妹竟然就這樣走進他的生命？更誇張的是，她還敢對他做的造型品頭論足…"
          },
          {
            "content_id": "VOD00026318",
            "time_codes": [
              879000,
              1521000,
              1920000
            ],
            "timecode_duration": [],
            "length": 2839000,
            "asset_id": "vod9098-000017M001",
            "title": "",
            "subtitle": "第17集",
            "ep_number": 17,
            "rating": 1,
            "content_type": "drama",
            "p_start": 1740498300000,
            "vod_channel_description": "專業時尚造型大師唐門（潘瑋柏）與小花飾品專賣店老闆蔣小花（楊丞琳），在計程車上意外相遇，凡事要求完美的唐門，本來就不容許任何不完美的東西在他面前呈現，但蔣小花，那個全身俗到最高點的恐龍妹竟然就這樣走進他的生命？更誇張的是，她還敢對他做的造型品頭論足…"
          },
          {
            "content_id": "VOD00026319",
            "time_codes": [
              866000,
              1479000,
              1920000
            ],
            "timecode_duration": [],
            "length": 2847000,
            "asset_id": "vod9098-000018M001",
            "title": "",
            "subtitle": "第18集",
            "ep_number": 18,
            "rating": 1,
            "content_type": "drama",
            "p_start": 1740501300000,
            "vod_channel_description": "專業時尚造型大師唐門（潘瑋柏）與小花飾品專賣店老闆蔣小花（楊丞琳），在計程車上意外相遇，凡事要求完美的唐門，本來就不容許任何不完美的東西在他面前呈現，但蔣小花，那個全身俗到最高點的恐龍妹竟然就這樣走進他的生命？更誇張的是，她還敢對他做的造型品頭論足…"
          },
          {
            "content_id": "VOD00026320",
            "time_codes": [
              781000,
              1403000,
              1920000
            ],
            "timecode_duration": [],
            "length": 2934000,
            "asset_id": "vod9098-000019M001",
            "title": "",
            "subtitle": "第19集",
            "ep_number": 19,
            "rating": 1,
            "content_type": "drama",
            "p_start": 1740504300000,
            "vod_channel_description": "專業時尚造型大師唐門（潘瑋柏）與小花飾品專賣店老闆蔣小花（楊丞琳），在計程車上意外相遇，凡事要求完美的唐門，本來就不容許任何不完美的東西在他面前呈現，但蔣小花，那個全身俗到最高點的恐龍妹竟然就這樣走進他的生命？更誇張的是，她還敢對他做的造型品頭論足…"
          },
          {
            "content_id": "VOD00026321",
            "time_codes": [
              822000,
              1308000,
              1920000
            ],
            "timecode_duration": [],
            "length": 2833000,
            "asset_id": "vod9098-000020M001",
            "title": "",
            "subtitle": "第20集",
            "ep_number": 20,
            "rating": 1,
            "content_type": "drama",
            "p_start": 1740507300000,
            "vod_channel_description": "專業時尚造型大師唐門（潘瑋柏）與小花飾品專賣店老闆蔣小花（楊丞琳），在計程車上意外相遇，凡事要求完美的唐門，本來就不容許任何不完美的東西在他面前呈現，但蔣小花，那個全身俗到最高點的恐龍妹竟然就這樣走進他的生命？更誇張的是，她還敢對他做的造型品頭論足…"
          },
          {
            "content_id": "VOD00026322",
            "time_codes": [
              915000,
              1447000,
              1920000
            ],
            "timecode_duration": [],
            "length": 2962000,
            "asset_id": "vod9098-000021M001",
            "title": "",
            "subtitle": "第21集",
            "ep_number": 21,
            "rating": 1,
            "content_type": "drama",
            "p_start": 1740510300000,
            "vod_channel_description": "專業時尚造型大師唐門（潘瑋柏）與小花飾品專賣店老闆蔣小花（楊丞琳），在計程車上意外相遇，凡事要求完美的唐門，本來就不容許任何不完美的東西在他面前呈現，但蔣小花，那個全身俗到最高點的恐龍妹竟然就這樣走進他的生命？更誇張的是，她還敢對他做的造型品頭論足…"
          }
        ],
        "total_length": 60004000,
        "focus_index": 1,
        "next_index": 2,
        "time": 2861997,
        "focus_program": {
          "content_id": "VOD00026303",
          "time_codes": [
            806000,
            1415000,
            1930000
          ],
          "timecode_duration": [],
          "length": 2893000,
          "asset_id": "vod9098-000002M001",
          "title": "",
          "subtitle": "第2集",
          "ep_number": 2,
          "rating": 1,
          "content_type": "drama",
          "p_start": 1740453300000,
          "vod_channel_description": "專業時尚造型大師唐門（潘瑋柏）與小花飾品專賣店老闆蔣小花（楊丞琳），在計程車上意外相遇，凡事要求完美的唐門，本來就不容許任何不完美的東西在他面前呈現，但蔣小花，那個全身俗到最高點的恐龍妹竟然就這樣走進他的生命？更誇張的是，她還敢對他做的造型品頭論足…"
        }
      },
      "station_categories": [
        {
          "Name": "戲劇",
          "EngName": "Drama",
          "MenuOrder": 7
        }
      ]
    },
    "introduction": null,
    "recommends": null,
    "ua": "Mozilla/5.0 (Windows NT 10.0; Win64; x64) AppleWebKit/537.36 (KHTML, like Gecko) Chrome/91.0.4472.124 Safari/537.36"
  },
  "__N_SSP": true
}