{
  "pageProps": {
    "contentId": "ofiii114",
    "channel": {
      "title": "九重紫",
      "no": 114,
      "charge_mode": "F",
      "content_id": "ofiii114",
      "content_type": "vod-channel",
      "epg_categories": [
        4
      ],
      "genres": [
        {
          "id": "",
          "name": "VOD_CHANNEL",
          "logo": ""
        }
      ],
      "liad_id": "VODCHNEWOFIWEB",
      "package_info_id": "VOD_CHANNEL_DELUX",
      "picture": "pics/vod_channel/logo_3630_ofiii114_tv_20250221.png",
      "provider": [
        {
          "id": "",
          "name": "世詮多媒體",
          "logo": ""
        }
      ],
      "quality": "HD",
      "station_id": "station6564",
      "trial": "",
      "selectable": 1,
      "tr_logo": "pics/vod_channel/tr_logo_1738923294.png",
      "tl_logo": "",
      "br_logo": "",
      "bl_logo": "",
      "menu_type": 1,
      "vod_channel_schedule": {
        "channel_id": 114,
        "cdn_code": "ofiii114",
        "start_time": 1762147785000,
        "programs": [
          {
            "content_id": "VOD00351961",
            "time_codes": [
              726000,
              1491000,
              2200000
            ],
            "timecode_duration": [],
            "length": 2838000,
            "asset_id": "vod75283-000001M001",
            "title": "",
            "subtitle": "第1集",
            "ep_number": 1,
            "rating": 1,
            "content_type": "drama",
            "p_start": 1740153000000,
            "vod_channel_description": "澄平二十七年隆冬，皇帝病危之際。驃騎將軍宋墨擁戴慶王，藉侍疾之名，以五千奇攻兵入京師。宋墨血洗東宮奪得玉璽，太子死前卻道宋墨報錯了仇。濟寧侯夫人竇昭心力交瘁地上下打點侯府，希望全家能安然度過此次驚瀾驟變，卻意外發現魏廷瑜與自己的異母之妹竇明暗通款曲。"
          },
          {
            "content_id": "VOD00351962",
            "time_codes": [
              778000,
              1423000,
              2187000
            ],
            "timecode_duration": [],
            "length": 2760000,
            "asset_id": "vod75283-000002M001",
            "title": "",
            "subtitle": "第2集",
            "ep_number": 2,
            "rating": 1,
            "content_type": "drama",
            "p_start": 1740156000000,
            "vod_channel_description": "竇世英欲納王映雪為妾，爭吵之時，王映雪竟暈厥倒地。王映雪素聲稱是院中初盛的玉蘭害得她發病暈厥。竇父遂令僕役將玉蘭打落。趙谷秋悲泣萬分自縊於玉蘭樹下，原來妥娘早就告知趙谷秋：郎中診斷，王映雪乃有孕在身，愁於無子的竇家後繼有望，此親必結。小竇昭做局自食麻黃，誣陷王映雪下毒謀害。"
          },
          {
            "content_id": "VOD00351963",
            "time_codes": [
              693000,
              1413000,
              2154000
            ],
            "timecode_duration": [],
            "length": 2730000,
            "asset_id": "vod75283-000003M001",
            "title": "",
            "subtitle": "第3集",
            "ep_number": 3,
            "rating": 1,
            "content_type": "drama",
            "p_start": 1740159000000,
            "vod_channel_description": "十五年後，竇昭已是聞名遐邇的貞定首富，苗家也成了福寧巨賈，王映雪差人前來，請竇昭進城赴竇府家宴。竇府之宴乃是竇世樞、竇世英即將升任的升遷宴，王映雪幾番邀請卻故意掩去宴席目的，便是想讓她空手便衣而來。但竇昭卻禮儀得體、深識大體，讓竇世樞不禁轉喜。首輔之孫鄔善對竇昭心中稱讚。"
          },
          {
            "content_id": "VOD00351964",
            "time_codes": [
              680000,
              1414000,
              2113000
            ],
            "timecode_duration": [],
            "length": 2700000,
            "asset_id": "vod75283-000004M001",
            "title": "",
            "subtitle": "第4集",
            "ep_number": 4,
            "rating": 1,
            "content_type": "drama",
            "p_start": 1740162000000,
            "vod_channel_description": "竇昭經歷喪母之痛和家族欺凌，在大雨之夜與宋墨在田莊相逢，用自己的智慧幫其保下平寇有功的定國公一脈遺孤，命運也將兩人緊緊相連。宋墨深陷家變謎團，竇昭則在繼母的破壞下遭遇換親流言，他們在困境中選擇成親結盟，攜手合作共度難關，也從相互猜忌逐漸相知相惜。"
          },
          {
            "content_id": "VOD00351965",
            "time_codes": [
              727000,
              1417000,
              2108000
            ],
            "timecode_duration": [],
            "length": 2700000,
            "asset_id": "vod75283-000005M001",
            "title": "",
            "subtitle": "第5集",
            "ep_number": 5,
            "rating": 1,
            "content_type": "drama",
            "p_start": 1740165000000,
            "vod_channel_description": "竇昭經歷喪母之痛和家族欺凌，在大雨之夜與宋墨在田莊相逢，用自己的智慧幫其保下平寇有功的定國公一脈遺孤，命運也將兩人緊緊相連。宋墨深陷家變謎團，竇昭則在繼母的破壞下遭遇換親流言，他們在困境中選擇成親結盟，攜手合作共度難關，也從相互猜忌逐漸相知相惜。"
          },
          {
            "content_id": "VOD00351966",
            "time_codes": [
              688000,
              1491000,
              2114000
            ],
            "timecode_duration": [],
            "length": 2700000,
            "asset_id": "vod75283-000006M001",
            "title": "",
            "subtitle": "第6集",
            "ep_number": 6,
            "rating": 1,
            "content_type": "drama",
            "p_start": 1740168000000,
            "vod_channel_description": "竇昭經歷喪母之痛和家族欺凌，在大雨之夜與宋墨在田莊相逢，用自己的智慧幫其保下平寇有功的定國公一脈遺孤，命運也將兩人緊緊相連。宋墨深陷家變謎團，竇昭則在繼母的破壞下遭遇換親流言，他們在困境中選擇成親結盟，攜手合作共度難關，也從相互猜忌逐漸相知相惜。"
          },
          {
            "content_id": "VOD00351967",
            "time_codes": [
              744000,
              1389000,
              2116000
            ],
            "timecode_duration": [],
            "length": 2730000,
            "asset_id": "vod75283-000007M001",
            "title": "",
            "subtitle": "第7集",
            "ep_number": 7,
            "rating": 1,
            "content_type": "drama",
            "p_start": 1740171000000,
            "vod_channel_description": "竇昭經歷喪母之痛和家族欺凌，在大雨之夜與宋墨在田莊相逢，用自己的智慧幫其保下平寇有功的定國公一脈遺孤，命運也將兩人緊緊相連。宋墨深陷家變謎團，竇昭則在繼母的破壞下遭遇換親流言，他們在困境中選擇成親結盟，攜手合作共度難關，也從相互猜忌逐漸相知相惜。"
          },
          {
            "content_id": "VOD00351968",
            "time_codes": [
              761000,
              1398000,
              2233000
            ],
            "timecode_duration": [],
            "length": 2730000,
            "asset_id": "vod75283-000008M001",
            "title": "",
            "subtitle": "第8集",
            "ep_number": 8,
            "rating": 1,
            "content_type": "drama",
            "p_start": 1740174000000,
            "vod_channel_description": "竇昭經歷喪母之痛和家族欺凌，在大雨之夜與宋墨在田莊相逢，用自己的智慧幫其保下平寇有功的定國公一脈遺孤，命運也將兩人緊緊相連。宋墨深陷家變謎團，竇昭則在繼母的破壞下遭遇換親流言，他們在困境中選擇成親結盟，攜手合作共度難關，也從相互猜忌逐漸相知相惜。"
          },
          {
            "content_id": "VOD00351969",
            "time_codes": [
              660000,
              1384000,
              2143000
            ],
            "timecode_duration": [],
            "length": 2742000,
            "asset_id": "vod75283-000009M001",
            "title": "",
            "subtitle": "第9集",
            "ep_number": 9,
            "rating": 1,
            "content_type": "drama",
            "p_start": 1740177000000,
            "vod_channel_description": "竇昭經歷喪母之痛和家族欺凌，在大雨之夜與宋墨在田莊相逢，用自己的智慧幫其保下平寇有功的定國公一脈遺孤，命運也將兩人緊緊相連。宋墨深陷家變謎團，竇昭則在繼母的破壞下遭遇換親流言，他們在困境中選擇成親結盟，攜手合作共度難關，也從相互猜忌逐漸相知相惜。"
          },
          {
            "content_id": "VOD00351970",
            "time_codes": [
              771000,
              1389000,
              2349000
            ],
            "timecode_duration": [],
            "length": 2725000,
            "asset_id": "vod75283-000010M001",
            "title": "",
            "subtitle": "第10集",
            "ep_number": 10,
            "rating": 1,
            "content_type": "drama",
            "p_start": 1740180000000,
            "vod_channel_description": "竇昭經歷喪母之痛和家族欺凌，在大雨之夜與宋墨在田莊相逢，用自己的智慧幫其保下平寇有功的定國公一脈遺孤，命運也將兩人緊緊相連。宋墨深陷家變謎團，竇昭則在繼母的破壞下遭遇換親流言，他們在困境中選擇成親結盟，攜手合作共度難關，也從相互猜忌逐漸相知相惜。"
          },
          {
            "content_id": "VOD00351971",
            "time_codes": [
              733000,
              1456000,
              2096000
            ],
            "timecode_duration": [],
            "length": 2721000,
            "asset_id": "vod75283-000011M001",
            "title": "",
            "subtitle": "第11集",
            "ep_number": 11,
            "rating": 1,
            "content_type": "drama",
            "p_start": 1740183000000,
            "vod_channel_description": "竇昭經歷喪母之痛和家族欺凌，在大雨之夜與宋墨在田莊相逢，用自己的智慧幫其保下平寇有功的定國公一脈遺孤，命運也將兩人緊緊相連。宋墨深陷家變謎團，竇昭則在繼母的破壞下遭遇換親流言，他們在困境中選擇成親結盟，攜手合作共度難關，也從相互猜忌逐漸相知相惜。"
          },
          {
            "content_id": "VOD00351972",
            "time_codes": [
              753000,
              1467000,
              2184000
            ],
            "timecode_duration": [],
            "length": 2700000,
            "asset_id": "vod75283-000012M001",
            "title": "",
            "subtitle": "第12集",
            "ep_number": 12,
            "rating": 1,
            "content_type": "drama",
            "p_start": 1740186000000,
            "vod_channel_description": "竇昭經歷喪母之痛和家族欺凌，在大雨之夜與宋墨在田莊相逢，用自己的智慧幫其保下平寇有功的定國公一脈遺孤，命運也將兩人緊緊相連。宋墨深陷家變謎團，竇昭則在繼母的破壞下遭遇換親流言，他們在困境中選擇成親結盟，攜手合作共度難關，也從相互猜忌逐漸相知相惜。"
          },
          {
            "content_id": "VOD00351973",
            "time_codes": [
              726000,
              1449000,
              2191000
            ],
            "timecode_duration": [],
            "length": 2744000,
            "asset_id": "vod75283-000013M001",
            "title": "",
            "subtitle": "第13集",
            "ep_number": 13,
            "rating": 1,
            "content_type": "drama",
            "p_start": 1740189000000,
            "vod_channel_description": "竇昭經歷喪母之痛和家族欺凌，在大雨之夜與宋墨在田莊相逢，用自己的智慧幫其保下平寇有功的定國公一脈遺孤，命運也將兩人緊緊相連。宋墨深陷家變謎團，竇昭則在繼母的破壞下遭遇換親流言，他們在困境中選擇成親結盟，攜手合作共度難關，也從相互猜忌逐漸相知相惜。"
          },
          {
            "content_id": "VOD00351974",
            "time_codes": [
              828000,
              1386000,
              2283000
            ],
            "timecode_duration": [],
            "length": 2709000,
            "asset_id": "vod75283-000014M001",
            "title": "",
            "subtitle": "第14集",
            "ep_number": 14,
            "rating": 1,
            "content_type": "drama",
            "p_start": 1740192000000,
            "vod_channel_description": "竇昭經歷喪母之痛和家族欺凌，在大雨之夜與宋墨在田莊相逢，用自己的智慧幫其保下平寇有功的定國公一脈遺孤，命運也將兩人緊緊相連。宋墨深陷家變謎團，竇昭則在繼母的破壞下遭遇換親流言，他們在困境中選擇成親結盟，攜手合作共度難關，也從相互猜忌逐漸相知相惜。"
          },
          {
            "content_id": "VOD00351975",
            "time_codes": [
              835000,
              1446000,
              2102000
            ],
            "timecode_duration": [],
            "length": 2711000,
            "asset_id": "vod75283-000015M001",
            "title": "",
            "subtitle": "第15集",
            "ep_number": 15,
            "rating": 1,
            "content_type": "drama",
            "p_start": 1740195000000,
            "vod_channel_description": "竇昭經歷喪母之痛和家族欺凌，在大雨之夜與宋墨在田莊相逢，用自己的智慧幫其保下平寇有功的定國公一脈遺孤，命運也將兩人緊緊相連。宋墨深陷家變謎團，竇昭則在繼母的破壞下遭遇換親流言，他們在困境中選擇成親結盟，攜手合作共度難關，也從相互猜忌逐漸相知相惜。"
          },
          {
            "content_id": "VOD00351976",
            "time_codes": [
              695000,
              1447000,
              2159000
            ],
            "timecode_duration": [],
            "length": 2729000,
            "asset_id": "vod75283-000016M001",
            "title": "",
            "subtitle": "第16集",
            "ep_number": 16,
            "rating": 1,
            "content_type": "drama",
            "p_start": 1740198000000,
            "vod_channel_description": "竇昭經歷喪母之痛和家族欺凌，在大雨之夜與宋墨在田莊相逢，用自己的智慧幫其保下平寇有功的定國公一脈遺孤，命運也將兩人緊緊相連。宋墨深陷家變謎團，竇昭則在繼母的破壞下遭遇換親流言，他們在困境中選擇成親結盟，攜手合作共度難關，也從相互猜忌逐漸相知相惜。"
          },
          {
            "content_id": "VOD00351977",
            "time_codes": [
              761000,
              1408000,
              2185000
            ],
            "timecode_duration": [],
            "length": 2714000,
            "asset_id": "vod75283-000017M001",
            "title": "",
            "subtitle": "第17集",
            "ep_number": 17,
            "rating": 1,
            "content_type": "drama",
            "p_start": 1740201000000,
            "vod_channel_description": "竇昭經歷喪母之痛和家族欺凌，在大雨之夜與宋墨在田莊相逢，用自己的智慧幫其保下平寇有功的定國公一脈遺孤，命運也將兩人緊緊相連。宋墨深陷家變謎團，竇昭則在繼母的破壞下遭遇換親流言，他們在困境中選擇成親結盟，攜手合作共度難關，也從相互猜忌逐漸相知相惜。"
          },
          {
            "content_id": "VOD00351978",
            "time_codes": [
              764000,
              1441000,
              2281000
            ],
            "timecode_duration": [],
            "length": 2740000,
            "asset_id": "vod75283-000018M001",
            "title": "",
            "subtitle": "第18集",
            "ep_number": 18,
            "rating": 1,
            "content_type": "drama",
            "p_start": 1740204000000,
            "vod_channel_description": "竇昭經歷喪母之痛和家族欺凌，在大雨之夜與宋墨在田莊相逢，用自己的智慧幫其保下平寇有功的定國公一脈遺孤，命運也將兩人緊緊相連。宋墨深陷家變謎團，竇昭則在繼母的破壞下遭遇換親流言，他們在困境中選擇成親結盟，攜手合作共度難關，也從相互猜忌逐漸相知相惜。"
          },
          {
            "content_id": "VOD00351979",
            "time_codes": [
              712000,
              1425000,
              2200000
            ],
            "timecode_duration": [],
            "length": 2700000,
            "asset_id": "vod75283-000019M001",
            "title": "",
            "subtitle": "第19集",
            "ep_number": 19,
            "rating": 1,
            "content_type": "drama",
            "p_start": 1740207000000,
            "vod_channel_description": "竇昭經歷喪母之痛和家族欺凌，在大雨之夜與宋墨在田莊相逢，用自己的智慧幫其保下平寇有功的定國公一脈遺孤，命運也將兩人緊緊相連。宋墨深陷家變謎團，竇昭則在繼母的破壞下遭遇換親流言，他們在困境中選擇成親結盟，攜手合作共度難關，也從相互猜忌逐漸相知相惜。"
          },
          {
            "content_id": "VOD00351980",
            "time_codes": [
              687000,
              1455000,
              2333000
            ],
            "timecode_duration": [],
            "length": 2744000,
            "asset_id": "vod75283-000020M001",
            "title": "",
            "subtitle": "第20集",
            "ep_number": 20,
            "rating": 1,
            "content_type": "drama",
            "p_start": 1740210000000,
            "vod_channel_description": "竇昭經歷喪母之痛和家族欺凌，在大雨之夜與宋墨在田莊相逢，用自己的智慧幫其保下平寇有功的定國公一脈遺孤，命運也將兩人緊緊相連。宋墨深陷家變謎團，竇昭則在繼母的破壞下遭遇換親流言，他們在困境中選擇成親結盟，攜手合作共度難關，也從相互猜忌逐漸相知相惜。"
          },
          {
            "content_id": "VOD00351981",
            "time_codes": [
              666000,
              1430000,
              2204000
            ],
            "timecode_duration": [],
            "length": 2759000,
            "asset_id": "vod75283-000021M001",
            "title": "",
            "subtitle": "第21集",
            "ep_number": 21,
            "rating": 1,
            "content_type": "drama",
            "p_start": 1740213000000,
            "vod_channel_description": "竇昭經歷喪母之痛和家族欺凌，在大雨之夜與宋墨在田莊相逢，用自己的智慧幫其保下平寇有功的定國公一脈遺孤，命運也將兩人緊緊相連。宋墨深陷家變謎團，竇昭則在繼母的破壞下遭遇換親流言，他們在困境中選擇成親結盟，攜手合作共度難關，也從相互猜忌逐漸相知相惜。"
          },
          {
            "content_id": "VOD00351982",
            "time_codes": [
              750000,
              1449000,
              2165000
            ],
            "timecode_duration": [],
            "length": 2755000,
            "asset_id": "vod75283-000022M001",
            "title": "",
            "subtitle": "第22集",
            "ep_number": 22,
            "rating": 1,
            "content_type": "drama",
            "p_start": 1740216000000,
            "vod_channel_description": "竇昭經歷喪母之痛和家族欺凌，在大雨之夜與宋墨在田莊相逢，用自己的智慧幫其保下平寇有功的定國公一脈遺孤，命運也將兩人緊緊相連。宋墨深陷家變謎團，竇昭則在繼母的破壞下遭遇換親流言，他們在困境中選擇成親結盟，攜手合作共度難關，也從相互猜忌逐漸相知相惜。"
          },
          {
            "content_id": "VOD00351983",
            "time_codes": [
              911000,
              1431000,
              2177000
            ],
            "timecode_duration": [],
            "length": 2741000,
            "asset_id": "vod75283-000023M001",
            "title": "",
            "subtitle": "第23集",
            "ep_number": 23,
            "rating": 1,
            "content_type": "drama",
            "p_start": 1740219000000,
            "vod_channel_description": "竇昭經歷喪母之痛和家族欺凌，在大雨之夜與宋墨在田莊相逢，用自己的智慧幫其保下平寇有功的定國公一脈遺孤，命運也將兩人緊緊相連。宋墨深陷家變謎團，竇昭則在繼母的破壞下遭遇換親流言，他們在困境中選擇成親結盟，攜手合作共度難關，也從相互猜忌逐漸相知相惜。"
          },
          {
            "content_id": "VOD00351984",
            "time_codes": [
              747000,
              1488000,
              2189000
            ],
            "timecode_duration": [],
            "length": 2750000,
            "asset_id": "vod75283-000024M001",
            "title": "",
            "subtitle": "第24集",
            "ep_number": 24,
            "rating": 1,
            "content_type": "drama",
            "p_start": 1740222000000,
            "vod_channel_description": "竇昭經歷喪母之痛和家族欺凌，在大雨之夜與宋墨在田莊相逢，用自己的智慧幫其保下平寇有功的定國公一脈遺孤，命運也將兩人緊緊相連。宋墨深陷家變謎團，竇昭則在繼母的破壞下遭遇換親流言，他們在困境中選擇成親結盟，攜手合作共度難關，也從相互猜忌逐漸相知相惜。"
          },
          {
            "content_id": "VOD00351985",
            "time_codes": [
              635000,
              1384000,
              2143000
            ],
            "timecode_duration": [],
            "length": 2711000,
            "asset_id": "vod75283-000025M001",
            "title": "",
            "subtitle": "第25集",
            "ep_number": 25,
            "rating": 1,
            "content_type": "drama",
            "p_start": 1740225000000,
            "vod_channel_description": "竇昭經歷喪母之痛和家族欺凌，在大雨之夜與宋墨在田莊相逢，用自己的智慧幫其保下平寇有功的定國公一脈遺孤，命運也將兩人緊緊相連。宋墨深陷家變謎團，竇昭則在繼母的破壞下遭遇換親流言，他們在困境中選擇成親結盟，攜手合作共度難關，也從相互猜忌逐漸相知相惜。"
          },
          {
            "content_id": "VOD00351986",
            "time_codes": [
              715000,
              1349000,
              2098000
            ],
            "timecode_duration": [],
            "length": 2716000,
            "asset_id": "vod75283-000026M001",
            "title": "",
            "subtitle": "第26集",
            "ep_number": 26,
            "rating": 1,
            "content_type": "drama",
            "p_start": 1740228000000,
            "vod_channel_description": "竇昭經歷喪母之痛和家族欺凌，在大雨之夜與宋墨在田莊相逢，用自己的智慧幫其保下平寇有功的定國公一脈遺孤，命運也將兩人緊緊相連。宋墨深陷家變謎團，竇昭則在繼母的破壞下遭遇換親流言，他們在困境中選擇成親結盟，攜手合作共度難關，也從相互猜忌逐漸相知相惜。"
          },
          {
            "content_id": "VOD00351987",
            "time_codes": [
              808000,
              1433000,
              2071000
            ],
            "timecode_duration": [],
            "length": 2759000,
            "asset_id": "vod75283-000027M001",
            "title": "",
            "subtitle": "第27集",
            "ep_number": 27,
            "rating": 1,
            "content_type": "drama",
            "p_start": 1740231000000,
            "vod_channel_description": "竇昭經歷喪母之痛和家族欺凌，在大雨之夜與宋墨在田莊相逢，用自己的智慧幫其保下平寇有功的定國公一脈遺孤，命運也將兩人緊緊相連。宋墨深陷家變謎團，竇昭則在繼母的破壞下遭遇換親流言，他們在困境中選擇成親結盟，攜手合作共度難關，也從相互猜忌逐漸相知相惜。"
          },
          {
            "content_id": "VOD00351988",
            "time_codes": [
              717000,
              1440000,
              2105000
            ],
            "timecode_duration": [],
            "length": 2708000,
            "asset_id": "vod75283-000028M001",
            "title": "",
            "subtitle": "第28集",
            "ep_number": 28,
            "rating": 1,
            "content_type": "drama",
            "p_start": 1740234000000,
            "vod_channel_description": "竇昭經歷喪母之痛和家族欺凌，在大雨之夜與宋墨在田莊相逢，用自己的智慧幫其保下平寇有功的定國公一脈遺孤，命運也將兩人緊緊相連。宋墨深陷家變謎團，竇昭則在繼母的破壞下遭遇換親流言，他們在困境中選擇成親結盟，攜手合作共度難關，也從相互猜忌逐漸相知相惜。"
          },
          {
            "content_id": "VOD00351989",
            "time_codes": [
              700000,
              1596000,
              2135000
            ],
            "timecode_duration": [],
            "length": 2755000,
            "asset_id": "vod75283-000029M001",
            "title": "",
            "subtitle": "第29集",
            "ep_number": 29,
            "rating": 1,
            "content_type": "drama",
            "p_start": 1740237000000,
            "vod_channel_description": "竇昭經歷喪母之痛和家族欺凌，在大雨之夜與宋墨在田莊相逢，用自己的智慧幫其保下平寇有功的定國公一脈遺孤，命運也將兩人緊緊相連。宋墨深陷家變謎團，竇昭則在繼母的破壞下遭遇換親流言，他們在困境中選擇成親結盟，攜手合作共度難關，也從相互猜忌逐漸相知相惜。"
          },
          {
            "content_id": "VOD00351990",
            "time_codes": [
              701000,
              1462000,
              2177000
            ],
            "timecode_duration": [],
            "length": 2737000,
            "asset_id": "vod75283-000030M001",
            "title": "",
            "subtitle": "第30集",
            "ep_number": 30,
            "rating": 1,
            "content_type": "drama",
            "p_start": 1740240000000,
            "vod_channel_description": "竇昭經歷喪母之痛和家族欺凌，在大雨之夜與宋墨在田莊相逢，用自己的智慧幫其保下平寇有功的定國公一脈遺孤，命運也將兩人緊緊相連。宋墨深陷家變謎團，竇昭則在繼母的破壞下遭遇換親流言，他們在困境中選擇成親結盟，攜手合作共度難關，也從相互猜忌逐漸相知相惜。"
          },
          {
            "content_id": "VOD00351991",
            "time_codes": [
              788000,
              1585000,
              2243000
            ],
            "timecode_duration": [],
            "length": 2716000,
            "asset_id": "vod75283-000031M001",
            "title": "",
            "subtitle": "第31集",
            "ep_number": 31,
            "rating": 1,
            "content_type": "drama",
            "p_start": 1740243000000,
            "vod_channel_description": "竇昭經歷喪母之痛和家族欺凌，在大雨之夜與宋墨在田莊相逢，用自己的智慧幫其保下平寇有功的定國公一脈遺孤，命運也將兩人緊緊相連。宋墨深陷家變謎團，竇昭則在繼母的破壞下遭遇換親流言，他們在困境中選擇成親結盟，攜手合作共度難關，也從相互猜忌逐漸相知相惜。"
          },
          {
            "content_id": "VOD00351992",
            "time_codes": [
              740000,
              1420000,
              2122000
            ],
            "timecode_duration": [],
            "length": 2701000,
            "asset_id": "vod75283-000032M001",
            "title": "",
            "subtitle": "第32集",
            "ep_number": 32,
            "rating": 1,
            "content_type": "drama",
            "p_start": 1740246000000,
            "vod_channel_description": "竇昭經歷喪母之痛和家族欺凌，在大雨之夜與宋墨在田莊相逢，用自己的智慧幫其保下平寇有功的定國公一脈遺孤，命運也將兩人緊緊相連。宋墨深陷家變謎團，竇昭則在繼母的破壞下遭遇換親流言，他們在困境中選擇成親結盟，攜手合作共度難關，也從相互猜忌逐漸相知相惜。"
          },
          {
            "content_id": "VOD00351993",
            "time_codes": [
              844000,
              1529000,
              2252000
            ],
            "timecode_duration": [],
            "length": 2723000,
            "asset_id": "vod75283-000033M001",
            "title": "",
            "subtitle": "第33集",
            "ep_number": 33,
            "rating": 1,
            "content_type": "drama",
            "p_start": 1740249000000,
            "vod_channel_description": "竇昭經歷喪母之痛和家族欺凌，在大雨之夜與宋墨在田莊相逢，用自己的智慧幫其保下平寇有功的定國公一脈遺孤，命運也將兩人緊緊相連。宋墨深陷家變謎團，竇昭則在繼母的破壞下遭遇換親流言，他們在困境中選擇成親結盟，攜手合作共度難關，也從相互猜忌逐漸相知相惜。"
          },
          {
            "content_id": "VOD00351994",
            "time_codes": [
              639000,
              1460000,
              2103000
            ],
            "timecode_duration": [],
            "length": 2707000,
            "asset_id": "vod75283-000034M001",
            "title": "",
            "subtitle": "第34集",
            "ep_number": 34,
            "rating": 1,
            "content_type": "drama",
            "p_start": 1740252000000,
            "vod_channel_description": "竇昭經歷喪母之痛和家族欺凌，在大雨之夜與宋墨在田莊相逢，用自己的智慧幫其保下平寇有功的定國公一脈遺孤，命運也將兩人緊緊相連。宋墨深陷家變謎團，竇昭則在繼母的破壞下遭遇換親流言，他們在困境中選擇成親結盟，攜手合作共度難關，也從相互猜忌逐漸相知相惜。"
          }
        ],
        "total_length": 92805000,
        "focus_index": 32,
        "next_index": 33,
        "time": 2159787,
        "focus_program": {
          "content_id": "VOD00351993",
          "time_codes": [
            844000,
            1529000,
            2252000
          ],
          "timecode_duration": [],
          "length": 2723000,
          "asset_id": "vod75283-000033M001",
          "title": "",
          "subtitle": "第33集",
          "ep_number": 33,
          "rating": 1,
          "content_type": "drama",
          "p_start": 1740249000000,
          "vod_channel_description": "竇昭經歷喪母之痛和家族欺凌，在大雨之夜與宋墨在田莊相逢，用自己的智慧幫其保下平寇有功的定國公一脈遺孤，命運也將兩人緊緊相連。宋墨深陷家變謎團，竇昭則在繼母的破壞下遭遇換親流言，他們在困境中選擇成親結盟，攜手合作共度難關，也從相互猜忌逐漸相知相惜。"
        }
      },
      "station_categories": [
        {
          "Name": "戲劇",
          "EngName": "Drama",
          "MenuOrder": 7
        }
      ]
    },
    "introduction": {
      "image": "https://p-cdnstatic.svc.litv.tv/pics/vod_channel/logo_3512_ofiii120_mobile_20241104.png",
      "description": "",
      "href_maps": []
    },
    "recommends": [],
    "ua": "Mozilla/5.0 (Windows NT 10.0; Win64; x64) AppleWebKit/537.36 (KHTML, like Gecko) Chrome/91.0.4472.124 Safari/537.36"
  },
  "__N_SSP": true
}