{
  "pageProps": {
    "contentId": "ofiii75",
    "channel": {
      "title": "歐飛動作電影台",
      "no": 75,
      "charge_mode": "F",
      "content_id": "ofiii75",
      "content_type": "vod-channel",
      "epg_categories": [
        19
      ],
      "genres": [
        {
          "id": "",
          "name": "VOD_CHANNEL",
          "logo": ""
        }
      ],
      "liad_id": "VODCHNEWOFIWEB",
      "package_info_id": "VOD_CHANNEL_DELUX",
      "picture": "pics/vod_channel/logo_3203_ofiii75_tv_20240315.png",
      "provider": [
        {
          "id": "",
          "name": "",
          "logo": ""
        }
      ],
      "quality": "HD",
      "station_id": "station6137",
      "trial": "",
      "selectable": 1,
      "tr_logo": "pics/vod_channel/tr_logo_1704434255.png",
      "tl_logo": "",
      "br_logo": "",
      "bl_logo": "",
      "menu_type": 0,
      "vod_channel_schedule": {
        "channel_id": 75,
        "cdn_code": "ofiii75",
        "start_time": 1762149600000,
        "programs": [
          {
            "content_id": "VOD00362994",
            "time_codes": [
              887000,
              1822000,
              2682000,
              3603000,
              4511000,
              5396000
            ],
            "timecode_duration": [],
            "length": 5601000,
            "asset_id": "vod77645-000000M001",
            "title": "法外之徒",
            "subtitle": "The Outsider",
            "ep_number": 0,
            "rating": 3,
            "content_type": "movie",
            "p_start": 1762149600000,
            "vod_channel_description": "英國軍火承包商萊克斯沃克（克雷格費布雷斯）突然接到消息，他唯一的女兒遭人殺害，警方要求他盡快到洛杉磯將遺體運回倫敦。不敢相信這個事實的萊克斯，趕到美國後竟發現死者並非他的女兒，但他也聯絡不上女兒。為了查清女兒的下落，萊克斯獨自走遍這個充滿罪惡的華麗都市，而真相也慢慢浮出水面…"
          },
          {
            "content_id": "VOD00270136",
            "time_codes": [
              901000,
              1800000,
              2722000,
              3639000,
              4576000,
              5443000
            ],
            "timecode_duration": [],
            "length": 6553000,
            "asset_id": "vod59030-000000M001",
            "title": "勒索風雲",
            "subtitle": "Extortion",
            "ep_number": 0,
            "rating": 5,
            "content_type": "movie",
            "p_start": 1762155300000,
            "vod_channel_description": "賴利（伊昂拜利）一家前往加勒比海歡度黄金假期，未料租船出海後船隻卻拋錨，讓他們受困海中孤島。更糟糕的是，一位假裝好心的冷血漁夫竟以賴利一家的安危要脅，向他們勒索100萬美金。賴利奔走在絕望邊緣，同時承受來自勒索者和警方的雙重夾擊，他是否能及時拯救妻子和兒子免於危難呢？"
          },
          {
            "content_id": "VOD00300576",
            "time_codes": [
              883000,
              1801000,
              2722000,
              3600000,
              4534000
            ],
            "timecode_duration": [],
            "length": 5400000,
            "asset_id": "vod65160-000000M001",
            "title": "祕密特工029",
            "subtitle": "Bussaba the Secret Weapon",
            "ep_number": 0,
            "rating": 3,
            "content_type": "movie",
            "p_start": 1762162200000,
            "vod_channel_description": "為了替父親報仇，喬伊（皮查娜優素）毅然決然加入神秘組織布撒巴，成為代號029的特工。在經過艱難的訓練和考驗後，029開始執行一系列的任務，也漸漸察覺父親的死隱藏著龐大的陰謀…"
          },
          {
            "content_id": "VOD00339196",
            "time_codes": [
              894000,
              1797000,
              2676000,
              3602000,
              4566000,
              5449000
            ],
            "timecode_duration": [],
            "length": 6465000,
            "asset_id": "vod72690-000000M001",
            "title": "MR-9：生死對決",
            "subtitle": "MR-9: Do or Die",
            "ep_number": 0,
            "rating": 3,
            "content_type": "movie",
            "p_start": 1762167900000,
            "vod_channel_description": "一名屢獲戰功的孟加拉間諜與一名CIA特工聯手，前往拉斯維加斯執行秘密任務。他們此行的目的是揭露一家以高科技公司作為掩護，實際上專門從事走私武器買賣的國際犯罪組織。在執行個性危險任務的過程中，他們想方設法相互掩護，很快便鎖定一名與犯罪組織有關的關鍵人物…"
          },
          {
            "content_id": "VOD00370736",
            "time_codes": [
              944000,
              1847000,
              2753000,
              3596000
            ],
            "timecode_duration": [],
            "length": 4783000,
            "asset_id": "vod79182-000000M001",
            "title": "布拉沃槍戰",
            "subtitle": "Gunfight at Rio Bravo",
            "ep_number": 0,
            "rating": 3,
            "content_type": "movie",
            "p_start": 1762174500000,
            "vod_channel_description": "偏遠小鎮布拉沃唯一的盲人教會慘遭洗劫，兇手正是惡名昭彰的匪徒集團：地獄獵犬幫。他們橫行無忌，不過這一次卻踢到了鐵板。一位沉默寡言的俄羅斯移民選擇站出來，與他並肩作戰的，還有正義未泯的領地執法官、沉穩堅毅的小鎮警長，以及幾位不願屈服於暴力的堅強女性。如今，一場血與火的試煉即將來臨…"
          },
          {
            "content_id": "VOD00372952",
            "time_codes": [
              947000,
              1861000,
              2772000,
              3701000,
              4552000,
              5423000
            ],
            "timecode_duration": [],
            "length": 6179000,
            "asset_id": "vod79680-000000M001",
            "title": "驚爆曼谷",
            "subtitle": "HELLHOUND",
            "ep_number": 0,
            "rating": 3,
            "content_type": "movie",
            "p_start": 1762179600000,
            "vod_channel_description": "在曼谷的都市心臟地帶，一名經驗老道的殺手（路易斯曼迪勒）正準備退休，卻被迫接下最後一項任務。他原本以為只是例行公事，沒想到這場行動將引爆一連串的陰謀與危機，最終演變成泰國街頭的全面戰爭…"
          },
          {
            "content_id": "VOD00343636",
            "time_codes": [
              894000,
              1820000,
              2710000,
              3611000,
              4560000,
              5431000,
              6317000,
              7197000,
              8098000,
              8993000
            ],
            "timecode_duration": [],
            "length": 9300000,
            "asset_id": "vod73493-000000M001",
            "title": "蒙古英豪",
            "subtitle": "Mongol",
            "ep_number": 0,
            "rating": 5,
            "content_type": "movie",
            "p_start": 1762185900000,
            "vod_channel_description": "年輕的遊牧蒙古人（阿木爾賽汗巴爾金尼亞姆）愛上了領主的女兒瑟瞿瑪，但這段愛情卻因女方父親的陰謀而陷入危險。領主將蒙古人誣陷為罪犯，並將他列為不法之徒。面對充滿背叛和欺騙的世界，蒙古人必須召集內心的力量，為了生存和正義而戰。在這場奮鬥的旅程中，他更點燃了人民的團結力量…"
          },
          {
            "content_id": "VOD00045002",
            "time_codes": [
              925000,
              1772000,
              2749000,
              3615000,
              4523000
            ],
            "timecode_duration": [],
            "length": 4931000,
            "asset_id": "vod11207-000000M001",
            "title": "在逃72小時",
            "subtitle": "AWOL-72",
            "ep_number": 0,
            "rating": 3,
            "content_type": "movie",
            "p_start": 1762195500000,
            "vod_channel_description": "米勒（路克高斯）遭指控在美蘇冷戰時代，販賣軍情給格別烏，因而成為美國軍方追緝的逃兵。不僅美方派出奪命刺客追捕、俄國格別烏特務也暗中進行暗殺，在進退兩難的緊急情況下，米勒唯恐事態擴大傷及無辜，禍及自己所愛，被迫做出最後決定，必須要在72個小時內逃出美國…"
          },
          {
            "content_id": "VOD00143108",
            "time_codes": [
              897000,
              1779000,
              2718000,
              3647000,
              4542000,
              5394000
            ],
            "timecode_duration": [],
            "length": 6289000,
            "asset_id": "vod38223-000000M001",
            "title": "特種部隊：烽火烈戰",
            "subtitle": "To Die For",
            "ep_number": 0,
            "rating": 3,
            "content_type": "movie",
            "p_start": 1762200600000,
            "vod_channel_description": "阿爾帕桑長官帶領6名土耳其陸軍特種部隊，前往世界最危險戰區：敘利亞。懷抱著信念的他們，無所畏懼衝鋒陷陣只為了讓國家和故鄉繼續存在、讓父母和妻小得以續存。當子彈用盡了，就用身上的刀；當刀斷了，就用他們的雙手。這群士軍，帶著一去不回的決心面對這場戰役，他們能夠全身而退嗎？"
          },
          {
            "content_id": "VOD00258642",
            "time_codes": [
              855000,
              1792000,
              2712000,
              3600000,
              4468000,
              5395000,
              6266000
            ],
            "timecode_duration": [],
            "length": 7322000,
            "asset_id": "vod56441-000000M001",
            "title": "鬼影行動",
            "subtitle": "War of Shadows",
            "ep_number": 0,
            "rating": 5,
            "content_type": "movie",
            "p_start": 1762207200000,
            "vod_channel_description": "西元前2500年，巴比倫人征服了耶路撒冷，為防止巴比倫人奪走約櫃，以色列王下令將約櫃藏匿，而標示約櫃位置的地圖則被分為兩份，移交給兩名指揮官，世代誓死守護。期間，半張地圖被奪，而掌握僅剩地圖的海珊卻不幸犧牲。面對神秘黑暗勢力追殺，曾是特警隊員的伊翰，將延續哥哥的使命守護地圖…"
          },
          {
            "content_id": "VOD00168933",
            "time_codes": [
              898000,
              1789000,
              2692000,
              3710000,
              4584000,
              5389000,
              6305000
            ],
            "timecode_duration": [],
            "length": 7321000,
            "asset_id": "vod41323-000000M001",
            "title": "孤狼特警",
            "subtitle": "Wolf",
            "ep_number": 0,
            "rating": 3,
            "content_type": "movie",
            "p_start": 1762214700000,
            "vod_channel_description": "代號「孤狼」的特殊警察部隊，代表的是土耳其警察中，最堅忍不拔的一群菁英。在黑夜中守望是孤狼的使命，儘管遭到政變者的背叛偷襲，背向敵人臨陣脫逃不是他們的作戰風格。這一夜，會是土耳其最黑暗的時刻，但只要孤狼特警仍為了國家不懈奮戰著，土耳其的榮耀將永不殞落！"
          },
          {
            "content_id": "VOD00356682",
            "time_codes": [
              918000,
              1829000,
              2735000,
              3625000,
              4505000
            ],
            "timecode_duration": [],
            "length": 5112000,
            "asset_id": "vod76321-000000M001",
            "title": "除暴安良",
            "subtitle": "Punish Evil",
            "ep_number": 0,
            "rating": 5,
            "content_type": "movie",
            "p_start": 1762222200000,
            "vod_channel_description": "20世紀90年代，刑警隊長常勇在維護社會治安行動的過程中，發現一夥匪徒搶劫了大量現金並藏在本市。隨著對這起搶劫案的深入調查，許多新的線索漸漸浮出水面。常勇帶領的整個刑警隊將如何智鬥悍匪，將不法份子繩之以法？"
          },
          {
            "content_id": "VOD00362138",
            "time_codes": [
              913000,
              1863000,
              2752000,
              3613000,
              4533000,
              5420000
            ],
            "timecode_duration": [],
            "length": 5808000,
            "asset_id": "vod77478-000000M001",
            "title": "夜行異戰",
            "subtitle": "Night Guards",
            "ep_number": 0,
            "rating": 5,
            "content_type": "movie",
            "p_start": 1762227600000,
            "vod_channel_description": "快遞少年帕夏（伊凡揚可夫斯基）偶然拯救了一位年輕貌美的女子，卻因此被捲入一場神秘的超自然爭霸戰之中。原來，女子是一個吸血鬼公主，誰娶了她，誰就能獲得無上權力。眼看恐怖魔怪步步進逼，俄羅斯聯邦安全局少校也聞風出動，少年該如何在這場詭譎的戰局之中全身而退？"
          },
          {
            "content_id": "VOD00367346",
            "time_codes": [
              923000,
              1783000,
              2688000,
              3568000,
              4493000
            ],
            "timecode_duration": [],
            "length": 5180000,
            "asset_id": "vod78565-000000M001",
            "title": "孤勇者",
            "subtitle": "The Lonely Warrior",
            "ep_number": 0,
            "rating": 3,
            "content_type": "movie",
            "p_start": 1762233600000,
            "vod_channel_description": "特種兵高峰的哥哥高昂在五年前失蹤，為了尋找哥哥的下落，高峰隻身來到叢林深處的龍賽鎮。在阿杰、李語珊和阿雅的協助之下，他得知高昂五年前發現一種全新的致命性真菌，不料消息走漏，引來境外的極端組織，最後慘遭殺害。極端組織在這一紛亂的密林深處進行秘密實驗，希望製造出更可怕的真菌變異體…"
          }
        ],
        "total_length": 86244000,
        "focus_index": 0,
        "next_index": 1,
        "time": 1386270,
        "focus_program": {
          "content_id": "VOD00362994",
          "time_codes": [
            887000,
            1822000,
            2682000,
            3603000,
            4511000,
            5396000
          ],
          "timecode_duration": [],
          "length": 5601000,
          "asset_id": "vod77645-000000M001",
          "title": "法外之徒",
          "subtitle": "The Outsider",
          "ep_number": 0,
          "rating": 3,
          "content_type": "movie",
          "p_start": 1762149600000,
          "vod_channel_description": "英國軍火承包商萊克斯沃克（克雷格費布雷斯）突然接到消息，他唯一的女兒遭人殺害，警方要求他盡快到洛杉磯將遺體運回倫敦。不敢相信這個事實的萊克斯，趕到美國後竟發現死者並非他的女兒，但他也聯絡不上女兒。為了查清女兒的下落，萊克斯獨自走遍這個充滿罪惡的華麗都市，而真相也慢慢浮出水面…"
        }
      },
      "station_categories": [
        {
          "Name": "電影",
          "EngName": "Movie",
          "MenuOrder": 5
        }
      ]
    },
    "introduction": {
      "image": "https://p-cdnstatic.svc.litv.tv/pics/vod_channel/logo_3203_ofiii75_mobile_20240315.png",
      "description": "",
      "href_maps": []
    },
    "recommends": [],
    "ua": "Mozilla/5.0 (Windows NT 10.0; Win64; x64) AppleWebKit/537.36 (KHTML, like Gecko) Chrome/91.0.4472.124 Safari/537.36"
  },
  "__N_SSP": true
}