{
  "pageProps": {
    "contentId": "ofiii237",
    "channel": {
      "title": "進擊的台灣",
      "no": 237,
      "charge_mode": "F",
      "content_id": "ofiii237",
      "content_type": "vod-channel",
      "epg_categories": [
        18
      ],
      "genres": [
        {
          "id": "",
          "name": "VOD_CHANNEL",
          "logo": ""
        }
      ],
      "liad_id": "VODCHNEWOFIWEB",
      "package_info_id": "VOD_CHANNEL_DELUX",
      "picture": "pics/vod_channel/logo_3568_ofiii237_tv_20250221.png",
      "provider": [
        {
          "id": "",
          "name": "東森娛樂",
          "logo": ""
        }
      ],
      "quality": "HD",
      "station_id": "station6502",
      "trial": "",
      "selectable": 1,
      "tr_logo": "pics/vod_channel/tr_logo_1733898751.png",
      "tl_logo": "",
      "br_logo": "",
      "bl_logo": "",
      "menu_type": 0,
      "vod_channel_schedule": {
        "channel_id": 237,
        "cdn_code": "ofiii237",
        "start_time": 1761921000000,
        "programs": [
          {
            "content_id": "VOD00299962",
            "time_codes": [
              1392000,
              1974000,
              2334000
            ],
            "timecode_duration": [],
            "length": 2874000,
            "asset_id": "vod17037-000455M001",
            "title": "",
            "subtitle": "第455集 今晚吃哪鍋？香麻辣正宗重慶老火鍋 寒冬必吃百年沙茶汕頭火鍋",
            "ep_number": 455,
            "rating": 1,
            "content_type": "show",
            "p_start": 1761921000000,
            "vod_channel_description": "火鍋百百種，但您吃過標榜老火鍋的麻辣鍋嗎？位在新北市有家道地的重慶老火鍋店，因為麻辣鍋底的料，幾乎用的都是四川當地的中藥及辣椒，多達20多種，每天手工大鍋炒，還加入發酵過，已經有40年歷史的老油炒製，所以叫做老火鍋，也作出稀有的道地川味，香麻帶辣，口感絕佳。"
          },
          {
            "content_id": "VOD00299963",
            "time_codes": [
              1368000,
              2055000,
              2461000
            ],
            "timecode_duration": [],
            "length": 2880000,
            "asset_id": "vod17037-000456M001",
            "title": "",
            "subtitle": "第456集 獨創湯頭全羊羊肉爐吃到飽 新疆道地羊肉饊子麵老饕最愛",
            "ep_number": 456,
            "rating": 1,
            "content_type": "show",
            "p_start": 1761924000000,
            "vod_channel_description": "最近全台大降溫，許多人都會想吃熱呼呼的火鍋來暖身。新竹有一間羊肉爐吃到飽，老闆劉學寶研發出6種湯頭，加上一次可以吃到7種不同的羊肉部位，最特別的就是手撕羊，是老闆遠赴新疆，學習手撕羊肉的特殊技法，油花細緻，肉質更軟嫩，不用過多的辛香料，保留羊肉香氣，是溫補的最佳選擇。"
          },
          {
            "content_id": "VOD00299964",
            "time_codes": [
              1069000,
              1651000,
              2122000
            ],
            "timecode_duration": [],
            "length": 2864000,
            "asset_id": "vod17037-000457M001",
            "title": "",
            "subtitle": "第457集 蟹膏爆擊紅蟳薑母鴨超濃郁 麻辣水煮牛酸菜魚最過癮",
            "ep_number": 457,
            "rating": 1,
            "content_type": "show",
            "p_start": 1761927000000,
            "vod_channel_description": "冬天是吃薑母鴨的旺季，而樹林這家薑母鴨鍋裡面，還多了一個大紅蟳，老闆黃永福用獨門黃肉薑，和中藥祕方翻炒的鴨肉，大塊飽滿的蟹黃吸附湯汁，蟹肉彈牙又有咬勁，再喝上一口濃郁的湯頭，每到冬天都是一位難求的，曾經不務正業，玩事不恭的黃永福，是如何在料理中，得到成就呢。"
          },
          {
            "content_id": "VOD00299965",
            "time_codes": [
              626000,
              1298000,
              1981000
            ],
            "timecode_duration": [],
            "length": 2879000,
            "asset_id": "vod17037-000458M001",
            "title": "",
            "subtitle": "第458集 回鄉必吃銷魂豬腳入口即化 超狂痛風海鮮餐客人帶藥也要吃",
            "ep_number": 458,
            "rating": 1,
            "content_type": "show",
            "p_start": 1761930000000,
            "vod_channel_description": "台中有一間豬腳飯名店，連續3年獲得米其林必比登推薦。店裡賣的豬腳滷得很軟爛，限量的腿扣，肥瘦適中，香氣逼人，筋肉還帶有一點嚼勁。每到用餐時間，總是吸引顧客大排長龍。老闆蔡兆峻20多年前，為了學習一技之長，北上拜師學藝，他是如何從門外漢變成豬腳達人呢？"
          },
          {
            "content_id": "VOD00299966",
            "time_codes": [
              751000,
              1460000,
              2159000
            ],
            "timecode_duration": [],
            "length": 2877000,
            "asset_id": "vod17037-000459M001",
            "title": "",
            "subtitle": "第459集 正宗萬巒豬腳膠質滿滿 越吃越涮嘴 經典客家料理隱藏版好味道",
            "ep_number": 459,
            "rating": 1,
            "content_type": "show",
            "p_start": 1761933000000,
            "vod_channel_description": "萬巒豬腳名聲傳遍全台灣，這次我們南征屏東萬巒鄉的「豬腳一條街」尋香，這家從阿嬤時代開始，傳給媳婦再傳承至孫女林家怡，口味飄香70年，豬腳滷得入味透香、口感Q彈不膩，每一口都有豐厚膠質愈吃是愈涮嘴；直擊滷鍋基地，15鍋爐全開，用大臉鋼盆一盆一盆起鍋直送前台，畫面是超震撼。"
          },
          {
            "content_id": "VOD00299967",
            "time_codes": [
              725000,
              1329000,
              2145000
            ],
            "timecode_duration": [],
            "length": 2880000,
            "asset_id": "vod17037-000460M001",
            "title": "",
            "subtitle": "第460集 桃園人必吃炭火脆皮烤鴨 人氣日料招牌鍋渣超鮮美",
            "ep_number": 460,
            "rating": 1,
            "content_type": "show",
            "p_start": 1761936000000,
            "vod_channel_description": "桃園中壢有間開業30多年，在地人私藏的美味名單，這裡的烤鴨可以一鴨三吃，店家選用肉質鮮嫩的土番鴨，每一隻都有3斤10兩重，堅持用古法炭火燒烤，烤到金黃酥脆，還能保有鴨肉的油潤飽滿，現切片鴨軟嫩多汁，搭配自製荷葉餅跟甜麵醬，一口吃下，非常鮮甜。"
          },
          {
            "content_id": "VOD00299968",
            "time_codes": [
              1134000,
              1708000,
              2138000
            ],
            "timecode_duration": [],
            "length": 2884000,
            "asset_id": "vod17037-000461M001",
            "title": "",
            "subtitle": "第461集 150元蒙古烤肉配菜吃到飽 正宗粵式火鍋蛤蜊多到滿出來",
            "ep_number": 461,
            "rating": 1,
            "content_type": "show",
            "p_start": 1761939000000,
            "vod_channel_description": "新北三重的三和夜市裡，有間蒙古烤肉，主菜有牛羊雞豬還有海鮮可以選擇，將近20種配菜，餐台上看到的隨便客人夾，吃到飽只要150元；老闆周春源獨門炒功，用長竹板「涮涮涮」的在鐵板上來回翻炒，肉香菜香瞬間滿炸，大口吃超滿足，店裡的豬油拌飯和飲料也都是免費，CP值簡直爆表。"
          },
          {
            "content_id": "VOD00299969",
            "time_codes": [
              755000,
              1424000,
              2290000
            ],
            "timecode_duration": [],
            "length": 2862000,
            "asset_id": "vod17037-000462M001",
            "title": "",
            "subtitle": "第462集 全台僅剩一家超狂「活化石炒麵」！高雄私藏「1粒5元」古早味肉圓",
            "ep_number": 462,
            "rating": 1,
            "content_type": "show",
            "p_start": 1761942000000,
            "vod_channel_description": "說到了炒麵的工具，有人用大湯勺 ，有人用鍋鏟，但您聽說過嗎？用活化石之稱的「鱟魚」，牠的殼來炒麵，而這可不是噱頭喔，而是80多年歷史的彰化老味道。彰化老一輩的人用鱟殼來炒麵，據說麵不容易斷，而且更能入味，但是這樣的作法非常費工，現在幾乎都快要失傳了，一起來看小巷弄的隱藏版美食。"
          },
          {
            "content_id": "VOD00299970",
            "time_codes": [
              685000,
              1291000,
              2147000
            ],
            "timecode_duration": [],
            "length": 2882000,
            "asset_id": "vod17037-000463M001",
            "title": "",
            "subtitle": "第463集 超狂份量！百元有找巨無霸羊肉炒麵震撼爆表 士林眷村酢醬麵真材實料不漲價",
            "ep_number": 463,
            "rating": 1,
            "content_type": "show",
            "p_start": 1761945000000,
            "vod_channel_description": "台北濱江市場，有間平價又大碗的羊肉料理專賣店，羊肉炒麵是出了名的巨無霸份量美食，視覺震撼度爆表，一份羊肉炒麵要3~4人才吃得完。店內光是羊肉熱炒就有近20道選擇，炒羊骨髓的口感Q彈有嚼勁，搭配番茄享用鮮甜美味。除此之外還有羊肉爐、當歸湯等其他羊肉料理，可以說是羊肉控的天堂。"
          },
          {
            "content_id": "VOD00299971",
            "time_codes": [
              693000,
              1372000,
              2024000
            ],
            "timecode_duration": [],
            "length": 2877000,
            "asset_id": "vod17037-000464M001",
            "title": "",
            "subtitle": "第464集 三種高湯熬煮滿口海味鼎邊糊排隊搶吃 總鋪師堅持山珍海味全放進砂鍋魚頭",
            "ep_number": 464,
            "rating": 1,
            "content_type": "show",
            "p_start": 1761948000000,
            "vod_channel_description": "離島馬祖最有人氣的，莫過介壽市場裡，營業已經24年的鼎邊糊，用純米漿沿著鍋邊滾上一圈，成形後以鍋蓋鏟入鍋內，跟台灣的鼎邊銼不一樣，湯頭用大骨、魚骨及蛤蜊三種湯底熬煮而成，再放入大量的魚肉、木耳等配料，味道徹底融入高湯的鮮美，吃起來有濃濃的海味。"
          },
          {
            "content_id": "VOD00299972",
            "time_codes": [
              689000,
              1372000,
              1987000
            ],
            "timecode_duration": [],
            "length": 2860000,
            "asset_id": "vod17037-000465M001",
            "title": "",
            "subtitle": "第465集 超狂「鮮蚵吃到飽」不限時饕客狂掃！一咬就爆漿的銅板價餡餅在地下午茶首選",
            "ep_number": 465,
            "rating": 1,
            "content_type": "show",
            "p_start": 1761951000000,
            "vod_channel_description": "嘉義東石有間超人氣炭烤蚵仔，厲害的地方在於只要200元，鮮蚵就可以無限量吃到飽，平日還不限時間，隨你吃！讓店門口總是被人潮擠得水洩不通，另外招牌獨門秘方胡椒魚、各式熱炒、炸物，最低50元起跳，超平價的享受，讓饕客一訪再訪。"
          },
          {
            "content_id": "VOD00299973",
            "time_codes": [
              754000,
              1428000,
              2055000
            ],
            "timecode_duration": [],
            "length": 2871000,
            "asset_id": "vod17037-000466M001",
            "title": "",
            "subtitle": "第466集 古早味麵線蚵仔大腸頭料多不手軟、爆滿當歸鴨肉飯鹹香夠味！",
            "ep_number": 466,
            "rating": 1,
            "content_type": "show",
            "p_start": 1761954000000,
            "vod_channel_description": "在雲林元長鄉，李士宜跟弟弟12年前開起餐車，在路邊賣炸蛋蔥油餅跟古早味的蚵仔麵線，小攤子生意超好，現在還租了店面，吃過的客人都稱讚，真材實料超便宜、料也給得多，小店成為往返北港縱貫線上的銅板美食！但在地人都覺得兩兄弟不務正業，因為他們父親曾是兩屆議員，兄弟倆卻不接班，跑來賣小吃！"
          },
          {
            "content_id": "VOD00299974",
            "time_codes": [
              1355000,
              2005000,
              2427000
            ],
            "timecode_duration": [],
            "length": 2875000,
            "asset_id": "vod17037-000467M001",
            "title": "",
            "subtitle": "第467集 65元比臉大的炸雞排市場內飄香、山泉水熬煮招牌麻油雞鮮嫩大塊",
            "ep_number": 467,
            "rating": 1,
            "content_type": "show",
            "p_start": 1761957000000,
            "vod_channel_description": "在汐止的黃昏市場，有一攤賣了30年的炸雞，每天下午3點營業就是排隊，外酥內嫩的口感客人讚爆，比臉大的雞排、腿排、雞塊，招牌雞翅、棒棒腿，老闆陳南宜不賣別的只賣炸雞，曾經締造開張不到3小時就賣光的紀錄！陳南宜從備料、醃肉、打肉、裹粉，都堅持自己來，黃金色的油鍋炸雞更是美味的關鍵。"
          },
          {
            "content_id": "VOD00299975",
            "time_codes": [
              1295000,
              1795000,
              2396000
            ],
            "timecode_duration": [],
            "length": 2952000,
            "asset_id": "vod17037-000468M001",
            "title": "",
            "subtitle": "第468集 百年銷魂炕肉飯入口即化散發致命吸引力 泰台融合豐富海味全收盡招牌龍蝦酸辣湯",
            "ep_number": 468,
            "rating": 1,
            "content_type": "show",
            "p_start": 1761960000000,
            "vod_channel_description": "彰化有一間百年老店的炕肉飯，祖傳4代的炕肉，是鄧永成一家人用心守護的古早味，他選用口感Q彈的腳庫肉來做炕肉，比起了北部常見的三層肉更加費工，加入祖傳的祕方慢滷4個小時，滷出來的皮Q彈有膠質，而瘦肉的部分不乾柴也不油膩，入口即化，讓人忍不住要多扒好幾碗飯。"
          },
          {
            "content_id": "VOD00299976",
            "time_codes": [
              1353000,
              2005000,
              2334000
            ],
            "timecode_duration": [],
            "length": 2880000,
            "asset_id": "vod17037-000469M001",
            "title": "",
            "subtitle": "第469集 霸氣宵夜爆料龍蝦飯湯一晚狂賣200碗！基隆獨家豆干包真材實料 在地人激推70載",
            "ep_number": 469,
            "rating": 1,
            "content_type": "show",
            "p_start": 1761963300000,
            "vod_channel_description": "在台中豐原，有一家鐵皮屋的深夜食堂，賣的是各種海鮮飯湯，米飯吸附飽滿湯汁、粒粒分明，白蝦、小卷、螃蟹、生蠔、鮑魚 …，客制化想吃什麼都可以加！老闆何冠德從夜市餐車起家，一炮而紅的「龍蝦粥」曾締造一晚賣200碗的紀錄！"
          },
          {
            "content_id": "VOD00299977",
            "time_codes": [
              1305000,
              1752000,
              2286000
            ],
            "timecode_duration": [],
            "length": 2938000,
            "asset_id": "vod17037-000470M001",
            "title": "",
            "subtitle": "第470集 「吃香喝辣」大份量福建炒麵鑊氣足！宜蘭無菜單經典福州菜 總鋪師a美味佳餚有洋蔥...",
            "ep_number": 470,
            "rating": 1,
            "content_type": "show",
            "p_start": 1761966300000,
            "vod_channel_description": "桃園中原夜市銅板美食雲集，其中有一家特別的小攤，賣的是福建炒麵，外頭很少見，因為這是馬來西亞的代表性美食，跟一般台式炒麵不同，老闆劉運軒用的是國外進口的麵條，加上花枝、肉片、蝦子、大量蔬菜等翻炒，加入獨特自製醬汁，味道十分特別，平價美味，已成為中原夜市最具代表的特色美食之一。"
          },
          {
            "content_id": "VOD00299978",
            "time_codes": [
              698000,
              1328000,
              1947000
            ],
            "timecode_duration": [],
            "length": 2949000,
            "asset_id": "vod17037-000471M001",
            "title": "",
            "subtitle": "第471集 超人氣復古港飲銷魂撈麵、人氣西多士無雷推薦！基隆「高CP值」雙拼排骨飯一位難求",
            "ep_number": 471,
            "rating": 1,
            "content_type": "show",
            "p_start": 1761969300000,
            "vod_channel_description": "這家隱身在基隆巷弄裡的便當店，開店46年，每到用餐時間總是大排長龍，店裡賣的是傳統的古早味，有排骨、雞腿、魚排，通通都是現點現炸，雙拼的組合讓人超級滿足，還有炸得酥脆的排骨雞腿，搭配沾上蛋液的蝦仁，多了味覺層次感，老闆娘說生意好的原因沒有什麼秘訣，就是用料新鮮。"
          },
          {
            "content_id": "VOD00299979",
            "time_codes": [
              708000,
              1316000,
              2010000
            ],
            "timecode_duration": [],
            "length": 2885000,
            "asset_id": "vod17037-000472M001",
            "title": "",
            "subtitle": "第472集 新鮮現宰「溫體全牛料理」、「巨無霸牛大骨」驚為天人！城隍廟炒米粉靠三根筷子傳百年",
            "ep_number": 472,
            "rating": 1,
            "content_type": "show",
            "p_start": 1761972600000,
            "vod_channel_description": "苗栗有一間號稱最牛的全牛料理，老闆江文雄用牛肉，變化出60多道菜色，從牛肉、內臟、甚至牛骨、牛鞭及牛尾巴都有，創意料理是許多人念念不忘的好滋味。他堅持選用當天新鮮現宰溫體牛，湯頭則用牛大骨、蒜、薑及20幾種中藥熬煮4小時，雖然費時費工成本又高，但仍堅持要把好味道呈現給顧客。"
          },
          {
            "content_id": "VOD00299980",
            "time_codes": [
              683000,
              1322000,
              2086000
            ],
            "timecode_duration": [],
            "length": 2875000,
            "asset_id": "vod17037-000473M001",
            "title": "",
            "subtitle": "第473集 15公分鍋貼比臉還大、「米其林平價粵菜」飄香40年！香Q豬腳尬半熟蛋成銷魂滷肉飯端上國宴",
            "ep_number": 473,
            "rating": 1,
            "content_type": "show",
            "p_start": 1761975600000,
            "vod_channel_description": "號稱全台最大、15公分的巨無霸鍋貼，就在新北市的中和地區，老闆娘唐觀美用黑毛豬肉、新鮮魚漿混合綠頭韭菜做內餡、特製彈性外皮，還有獨門秘方麵粉水，煎出皮薄酥脆的雪花鍋貼，每一個都比手還長、比臉還大，每日限量600顆，客人常常是排隊都搶不到！"
          },
          {
            "content_id": "VOD00299981",
            "time_codes": [
              716000,
              1325000,
              1932000
            ],
            "timecode_duration": [],
            "length": 2899000,
            "asset_id": "vod17037-000474M001",
            "title": "",
            "subtitle": "第474集 外酥內嫩爆汁香酥鴨、松柏嶺澎湃辦桌菜！必比登激推海味台菜",
            "ep_number": 474,
            "rating": 1,
            "content_type": "show",
            "p_start": 1761978600000,
            "vod_channel_description": "台中的清泉崗基地有一家眷村餐廳，用餐時間是人潮爆滿、座無虛席。必吃香酥鴨經過先滷後炸、外酥內嫩，滋味堪稱銷魂；其它像是梅干扣肉、手工蔥油餅、麻辣牛肚，道道都是招牌，老闆娘許麗麗跟婆婆高桂芝學習廚藝，婆媳倆一路從軍旅年代做到眷村改建，生意超火卻萌生了歇業的念頭？"
          },
          {
            "content_id": "VOD00299982",
            "time_codes": [
              765000,
              1494000,
              2207000
            ],
            "timecode_duration": [],
            "length": 2948000,
            "asset_id": "vod17037-000475M001",
            "title": "",
            "subtitle": "第475集 現炸肉圓皮Q尬獨門醬汁、柴燒窯烤雞藏祕境飄香千里、「傘兵手擀麵食」眷村味沒排隊吃不到",
            "ep_number": 475,
            "rating": 1,
            "content_type": "show",
            "p_start": 1761981600000,
            "vod_channel_description": "彰化這家肉圓，被人稱做是總統肉圓，因為歷屆總統全部都來吃過。這裡的肉圓吃起來，是外皮Q軟內餡多，還有古早味的龍骨髓湯，跟排骨湯都是饕客必吃的。老闆施明裕從國中開始就包肉圓，在爸爸車禍之後，身為大哥的他更扛起家中的招牌，一做幾十年，讓好滋味傳香百里。"
          },
          {
            "content_id": "VOD00299983",
            "time_codes": [
              774000,
              1388000,
              2117000
            ],
            "timecode_duration": [],
            "length": 2858000,
            "asset_id": "vod17037-000476M001",
            "title": "",
            "subtitle": "第476集 70年豬腳山滷到透亮裝進大盆賣、艋舺必吃甘醇牛肉湯、老闆堅持平價羊肉炒麵傳香三代",
            "ep_number": 476,
            "rating": 1,
            "content_type": "show",
            "p_start": 1761984900000,
            "vod_channel_description": "這家店，很有特色都是傳給女生，從阿嬤時代，傳給媳婦再傳承至孫女林家怡，口味飄香已有70年，豬腳滷得入味透香、口感Q彈不膩，每一口都有豐厚膠質，愈吃是愈涮嘴；直擊滷鍋基地，15鍋爐全開，用大臉鋼盆一盆一盆起鍋，直送前台，畫面是超震撼；而阿嬤的老滷汁，更是打遍南台灣豬腳手的祕密武器。"
          },
          {
            "content_id": "VOD00299984",
            "time_codes": [
              689000,
              1318000,
              1965000
            ],
            "timecode_duration": [],
            "length": 2941000,
            "asset_id": "vod17037-000477M001",
            "title": "",
            "subtitle": "第477集 「5元手工肉圓」凍漲36年！老里長麵店「50元吃超飽」！盤點全台佛心小攤",
            "ep_number": 477,
            "rating": 1,
            "content_type": "show",
            "p_start": 1761987900000,
            "vod_channel_description": "在萬物齊漲的年代，居然還能吃到一顆2.5元的水餃！這家麵店就位在台南南區，招牌的韭菜水餃點20顆只要50元，價錢相當佛心，客人還會搭配一碗只要15元的餛飩湯，每一顆餛飩都渾圓紮實，充滿肉香。老闆盧得華以前是里長，他希望回饋鄉里，所以水餃、餛飩湯、麻醬麵，通通銅板價，常常排起長長人龍！"
          },
          {
            "content_id": "VOD00299985",
            "time_codes": [
              679000,
              1291000,
              1914000
            ],
            "timecode_duration": [],
            "length": 2948000,
            "asset_id": "vod17037-000478M001",
            "title": "",
            "subtitle": "第478集 秘製馬告剝皮辣椒捲餅3hr秒殺！老字號包子紮實餡多日賣萬顆",
            "ep_number": 478,
            "rating": 1,
            "content_type": "show",
            "p_start": 1761991200000,
            "vod_channel_description": "台東東河鄉包子遠近馳名，招牌肉包用豬的前腿肉混合青蔥，飽滿紮實、麵皮愈嚼愈香；紅豆綿密、花生吃得到顆粒、芝麻香濃，每一種口味都賣得嚇嚇叫！曾經締造一天賣出上萬顆包子的驚人記錄。第三代老闆楊鈞恆，傳承阿公年代的作法，讓這家公路包子店，屹立不搖70年。"
          },
          {
            "content_id": "VOD00299986",
            "time_codes": [
              741000,
              1486000,
              2291000
            ],
            "timecode_duration": [],
            "length": 2944000,
            "asset_id": "vod17037-000479M001",
            "title": "",
            "subtitle": "第479集 Q彈軟嫩米糕80年銅板價！獨特麵條配多汁牛肉必比登激推",
            "ep_number": 479,
            "rating": 1,
            "content_type": "show",
            "p_start": 1761994500000,
            "vod_channel_description": "嘉義東市場裡面，有家80年的筒仔米糕跟肉骨酥老店，堅持佛心銅板價。所有東西都是當天現做現賣，米糕加入拌炒過的蝦米肉燥，用檜木櫃蒸熟，蒸起來Q彈軟嫩，配上鹹香的滷肉，口感美味樸實，而肉骨酥用秘製醃料，裹上薄薄一層粉，炸到連骨頭都是酥的，吃起來更是涮嘴！"
          },
          {
            "content_id": "VOD00299987",
            "time_codes": [
              831000,
              1797000,
              2399000
            ],
            "timecode_duration": [],
            "length": 2950000,
            "asset_id": "vod17037-000480M001",
            "title": "",
            "subtitle": "第480集 龍骨湯熬「酸菜魚」淋200度花椒油爆香！炸全雞便當爆紅日賣500份、韭菜盒傳三代10元超佛心",
            "ep_number": 480,
            "rating": 1,
            "content_type": "show",
            "p_start": 1761997800000,
            "vod_channel_description": "最近網路上超火紅的全雞便當，到底在紅什麼？原來這個便當將重達1公斤的全雞，把便當盒給塞爆，假日一天可以熱賣500個，而會賣起全雞便當，老闆許宏榮說因為前一陣子缺蛋荒，才有這創意誕生，他曾開店多次最後都失敗，但萬萬沒想到，現在靠全雞便當，走出一條嶄新的路。"
          },
          {
            "content_id": "VOD00333464",
            "time_codes": [
              686000,
              1484000,
              2242000
            ],
            "timecode_duration": [],
            "length": 2950000,
            "asset_id": "vod17037-000481M001",
            "title": "",
            "subtitle": "第481集 道地韓式鮮嫩炸雞酥脆多汁！特製超香苦茶油雞米其林主廚都說讚！",
            "ep_number": 481,
            "rating": 1,
            "content_type": "show",
            "p_start": 1762001100000,
            "vod_channel_description": "位在新北市三峽有間很夯的韓式料理店，店內的辣炒年糕Q彈軟嫩，豐盛配料，讓人吃得超滿足，大塊又鮮嫩的韓式炸雞，配上歐巴自製的醬料，酥脆又多汁。另外還有春川炒辣雞、外面少見的韓式水餃、飯糰、辣炒牛等，所有料理的食材，都是從韓國進口而來的，滿滿一桌好料，價格卻很經濟實惠。"
          },
          {
            "content_id": "VOD00333465",
            "time_codes": [
              770000,
              1413000,
              2108000
            ],
            "timecode_duration": [],
            "length": 2949000,
            "asset_id": "vod17037-000482M001",
            "title": "",
            "subtitle": "第482集 「祕汁羊魯飯」銅板價要排隊才能吃！海男親抓「藤壺」新鮮上桌",
            "ep_number": 482,
            "rating": 1,
            "content_type": "show",
            "p_start": 1762004400000,
            "vod_channel_description": "基隆廟口美食多，在奠濟宮前的這間羊肉攤，每天中午就飄散著羊肉香，有超大盤的炒羊肉、羊肉燴麵，幾乎要滿出來，羊肉羹湯，肉大塊湯濃郁，老闆廖心仁更獨家研發出「羊肉魯肉飯」，秘製滷汁配上手工切的羊肉丁，一賣長紅30年；16歲當學徒，年屆70的廖心仁，自己愛吃羊肉，便研究、賣起羊肉料理。"
          },
          {
            "content_id": "VOD00333466",
            "time_codes": [
              772000,
              1418000,
              2024000
            ],
            "timecode_duration": [],
            "length": 2943000,
            "asset_id": "vod17037-000483M001",
            "title": "",
            "subtitle": "第483集 國宴級主廚80元10樣配菜讓你吃飽飽！清爽鮮甜鳳梨冰清涼一夏！",
            "ep_number": 483,
            "rating": 1,
            "content_type": "show",
            "p_start": 1762007700000,
            "vod_channel_description": "在新北永和有一間超級佛心的人氣小店，老闆是阿廷師，以前擔任超過四屆總統的國宴主廚，達官貴人都是他的座上賓！但他退休後，竟然開了一間不怕人吃的小吃店，菜單最低只要80元，就有多達10多道配菜，讓你吃到飽，吃不完外帶，還給你裝好裝滿！很多人都怕老闆會賠錢，但這樣也賣了7年！"
          },
          {
            "content_id": "VOD00333467",
            "time_codes": [
              718000,
              1414000,
              2023000
            ],
            "timecode_duration": [],
            "length": 2950000,
            "asset_id": "vod17037-000484M001",
            "title": "",
            "subtitle": "第484集 自助剉冰王50種配料銅板價不怕你吃！必比登推介細嫩肥美鵝肉外國人也來朝聖！",
            "ep_number": 484,
            "rating": 1,
            "content_type": "show",
            "p_start": 1762011000000,
            "vod_channel_description": "什麼樣的自助冰城，號稱大桃園地區的神級剉冰，一到夏天總是擠爆客人，老闆甚至還要拿出大聲公來引導，店裡快50種的剉冰料，擺滿冰櫃，自助式想吃什麼，吃多少自己拿，秤重計價，完全是俗擱大碗！老闆曾俊華和太太40年前白手起家，創業賣冰，堅持所有原料，都要自己熬煮。"
          },
          {
            "content_id": "VOD00333468",
            "time_codes": [
              758000,
              1418000,
              1912000
            ],
            "timecode_duration": [],
            "length": 2948000,
            "asset_id": "vod17037-000485M001",
            "title": "",
            "subtitle": "第485集 80年滷肉飯「手腕翻肉」絕技鹹香入味！大稻埕廟口「三層糯米椒」傳承媽媽好味道",
            "ep_number": 485,
            "rating": 1,
            "content_type": "show",
            "p_start": 1762014300000,
            "vod_channel_description": "台中第二市場美食多，第一站當然要來上一碗人氣強強滾的魯肉飯，這家傳到了第四代，歷史有80年，從下午4點賣到宵夜場，每天都是大排長龍；滷到透亮軟嫩的焢肉超大塊，三層肉肥瘦比例完美、滷汁鹹香涮嘴，還有客人大推的腳筋飯，ㄉㄨㄞㄉㄨㄞ口感，有滿滿的膠原蛋白、一天就能賣出上百碗！"
          },
          {
            "content_id": "VOD00333469",
            "time_codes": [
              765000,
              1447000,
              1928000
            ],
            "timecode_duration": [],
            "length": 2948000,
            "asset_id": "vod17037-000486M001",
            "title": "",
            "subtitle": "第486集 挑戰全台最低價！南方澳新鮮直送魚蝦蟹吃到飽 阿嬤的5元佛心肉圓36年不漲價",
            "ep_number": 486,
            "rating": 1,
            "content_type": "show",
            "p_start": 1762017600000,
            "vod_channel_description": "宜蘭壯圍鄉，有一家在田中央的鐵皮屋碳烤，人氣爆棚！挑戰全台烤魚吃到飽最低價，各種新鮮海魚、螃蟹鮮蝦，舖滿整櫃，空了就補！還有澎湖來的牡蠣肥美飽滿、當季透抽超彈牙，這些數都數不完的美味，通通讓你吃到飽！"
          },
          {
            "content_id": "VOD00333470",
            "time_codes": [
              707000,
              1474000,
              2172000
            ],
            "timecode_duration": [],
            "length": 2906000,
            "asset_id": "vod17037-000487M001",
            "title": "",
            "subtitle": "第487集 龍山寺百年Q彈紅糟肉圓 全台獨家乾燒毛蟹秋季限定美味",
            "ep_number": 487,
            "rating": 1,
            "content_type": "show",
            "p_start": 1762020900000,
            "vod_channel_description": "在新北市的雙溪街上，有家開了快30年的毛蟹專賣店，每當毛蟹季節總是一位難求，老饕們都是為了吃到老闆張隆盛獨門的「乾燒毛蟹」而來。"
          },
          {
            "content_id": "VOD00333471",
            "time_codes": [
              746000,
              1394000,
              2087000
            ],
            "timecode_duration": [],
            "length": 2950000,
            "asset_id": "vod17037-000488M001",
            "title": "",
            "subtitle": "第488集 象鼻岩秘境小卷米粉湯鮮料多 河南功夫扯麵現點現做",
            "ep_number": 488,
            "rating": 1,
            "content_type": "show",
            "p_start": 1762023900000,
            "vod_channel_description": "位在竹東中央市場附近，有一家道地的河南手工扯麵，客人現點現做，還能看到老闆娘現場扯麵，也可以依照客人的喜好，拉麵條的粗細。店裡用洋蔥、番茄增加湯頭的鮮甜度，喝起來甘醇，吸附紅燒湯頭的扯麵，吃起來Q勁十足，滷牛腱肉，軟嫩到入口即化。"
          },
          {
            "content_id": "VOD00333472",
            "time_codes": [
              778000,
              1429000,
              2083000
            ],
            "timecode_duration": [],
            "length": 2942000,
            "asset_id": "vod17037-000489M001",
            "title": "",
            "subtitle": "第489集 和平島20年「鯊魚羹阿九」癌末開店藏洋蔥 桃園排隊噴汁雞佛干貝雞排",
            "ep_number": 489,
            "rating": 1,
            "content_type": "show",
            "p_start": 1762027200000,
            "vod_channel_description": "在基隆和平島上，有一位人稱阿九伯的吳正欽，從小在和平島上長大，靠著一碗鯊魚羹，跟很多美味的鯊魚料理，在島上闖出名號，他做生意的方式很特別，除了價錢便宜，最愛跟客人介紹鯊魚知識。"
          },
          {
            "content_id": "VOD00333473",
            "time_codes": [
              770000,
              1426000,
              2126000
            ],
            "timecode_duration": [],
            "length": 2923000,
            "asset_id": "vod17037-000490M001",
            "title": "",
            "subtitle": "第490集 「肥美泰國蝦」15吃法吸老饕嚐鮮！七逃因仔不捨母親「金盆洗手做燒餅」",
            "ep_number": 490,
            "rating": 1,
            "content_type": "show",
            "p_start": 1762030500000,
            "vod_channel_description": "新北有一間釣蝦場，祕藏著泰國蝦料理餐廳，招牌胡椒蝦、奶油蝦香氣誘人，三杯蝦、麻油蝦軟Q入味，其他像是桂花、金沙、蒜泥等等...一共就有15種口味，現點現做驚豔全場，老闆洪顥哲，煮蝦功夫快狠準，大火炒出獨門醬汁，蝦肉超級彈牙，美味背後卻是一條孤寂的江湖路，他是如何改寫浪子人生呢？"
          },
          {
            "content_id": "VOD00333474",
            "time_codes": [
              670000,
              1321000,
              1954000
            ],
            "timecode_duration": [],
            "length": 2945000,
            "asset_id": "vod17037-000491M001",
            "title": "",
            "subtitle": "第491集 華西街80年台北最強炒牛肉 巨無霸咖哩餃傳承60年出爐就秒殺",
            "ep_number": 491,
            "rating": 1,
            "content_type": "show",
            "p_start": 1762033500000,
            "vod_channel_description": "台北萬華的華西街夜市裡，有一家開了超過80年的沙茶炒牛肉，老店堅持使用台灣產的溫體黃牛肉，再加入手工炒製的沙茶醬，料理出來的炒牛肉，又香又嫩，老闆也堅持店內每一份炒牛肉都是現點現炒，雖然要讓客人多等一些時間，但這就是傳承三代的美味關鍵。"
          },
          {
            "content_id": "VOD00333475",
            "time_codes": [
              845000,
              1539000,
              2282000
            ],
            "timecode_duration": [],
            "length": 2927000,
            "asset_id": "vod17037-000492M001",
            "title": "",
            "subtitle": "第492集 50年黑金滷肉飯霸榜必比登5年 基隆始祖沙茶咖哩 在地人曝隱藏吃法",
            "ep_number": 492,
            "rating": 1,
            "content_type": "show",
            "p_start": 1762036800000,
            "vod_channel_description": "位在台北的華西街夜市，有間開了將近50年的魯肉飯跟清湯瓜仔肉店，它的滷汁經過時間的淬鍊，呈現黑金色澤，配上香菇還能增加香氣，它的飯也有著黑金魯肉飯的美稱。"
          },
          {
            "content_id": "VOD00333476",
            "time_codes": [
              741000,
              1346000,
              2114000
            ],
            "timecode_duration": [],
            "length": 2881000,
            "asset_id": "vod17037-000493M001",
            "title": "",
            "subtitle": "第493集 「黑胡椒牛+三杯皮蛋炒泡麵」蘇澳必吃！ 高雄40年「厚片烤鴨三吃」老饕排隊吃不膩",
            "ep_number": 493,
            "rating": 1,
            "content_type": "show",
            "p_start": 1762039800000,
            "vod_channel_description": "在宜蘭蘇澳鎮有一台很神祕的一個幽靈餐車，老闆李凱琳不定點擺攤，賣的是豪華版的炒泡麵，為何會這麼說呢，因為老闆在創業之前，他是服務於五星級飯店的領班師傅，在餐飲業的資歷超過20年，他的炒泡麵口味很不一樣，使用自家醃製的三杯雞，還有黑胡椒牛肉下去炒，就是為了讓顧客吃到完美的口感。"
          },
          {
            "content_id": "VOD00333477",
            "time_codes": [
              666000,
              1340000,
              2006000
            ],
            "timecode_duration": [],
            "length": 2951000,
            "asset_id": "vod17037-000494M001",
            "title": "",
            "subtitle": "第494集 「天下第一攤」50年脆皮蜜汁燒臘 廟口蛋酥砂鍋魚頭15種料鋪好鋪滿",
            "ep_number": 494,
            "rating": 1,
            "content_type": "show",
            "p_start": 1762042800000,
            "vod_channel_description": "傳統市場攤商多，也有很多庶民美食就隱身在其中，像是台北的西寧市場，就有一間曾三度獲得「天下第一攤」美名的燒臘攤，從民國60年代就在這經營，各式燒臘、甘蔗雞、蜜汁叉燒、脆皮燒肉、醃燻豬頭皮等，餐點品項相當多元，全都油亮鮮香，陳列在攤前，凡是路過的客人都垂涎欲滴。"
          },
          {
            "content_id": "VOD00333478",
            "time_codes": [
              713000,
              1386000,
              1992000
            ],
            "timecode_duration": [],
            "length": 2940000,
            "asset_id": "vod17037-000495M001",
            "title": "",
            "subtitle": "第495集 「羊肉控必吃」超多肉巨無霸炒麵百元有找 萬華60年老店「100種炸物」老外都說讚",
            "ep_number": 495,
            "rating": 1,
            "content_type": "show",
            "p_start": 1762046100000,
            "vod_channel_description": "在台北濱江市場附近，有一間俗各大碗的羊肉料理專賣店，這裡的羊肉炒麵就像是一座麵山，視覺震撼度爆表，竟然要3~4個人才吃得完，是出了名的巨無霸分量美食，店裡光是羊肉料理，就有將近20道的選擇，炒羊骨髓的口感Q彈有嚼勁，再搭配番茄享用，鮮甜美味。"
          },
          {
            "content_id": "VOD00333479",
            "time_codes": [
              734000,
              1445000,
              2015000
            ],
            "timecode_duration": [],
            "length": 2943000,
            "asset_id": "vod17037-000496M001",
            "title": "",
            "subtitle": "第496集 宜蘭「獨門三杯醬」火炒50種滷味！50年眷村燒餅、馬祖限定3湯底「海鮮鼎邊糊」老饕必吃",
            "ep_number": 496,
            "rating": 1,
            "content_type": "show",
            "p_start": 1762049100000,
            "vod_channel_description": "位在宜蘭的清溝夜市，有一間很特別的滷味攤，老闆許文溢獨創的三杯炒滷味，紅遍北台灣夜市，祕製中藥香料滷製的滷味，多達50幾種。原本是賣冰鎮滷味，後來經過改良，加入三杯醬拌炒，讓滋味更上一層樓！"
          },
          {
            "content_id": "VOD00333480",
            "time_codes": [
              713000,
              1425000,
              2195000
            ],
            "timecode_duration": [],
            "length": 2929000,
            "asset_id": "vod17037-000497M001",
            "title": "",
            "subtitle": "第497集 「純米酒羊肉爐」不加一滴水飆紅色火焰！五星主廚「甕缸雞四吃」全台獨創藏宜蘭鄉間",
            "ep_number": 497,
            "rating": 1,
            "content_type": "show",
            "p_start": 1762052400000,
            "vod_channel_description": "在台北龍江路街口，人聲沸騰，全都是為了這一鍋火焰羊肉爐而來，這裡的羊肉爐是使用米酒燉煮湯頭，不加一滴水，在特製的「狗母甕」裡瞬間燃燒，溫醇順口、香氣四溢；選用2年的山羊肉，加上中藥祕方炒製，肉質吃起來皮Q肉彈牙，完全沒有腥味，一賣30年的好味道。"
          },
          {
            "content_id": "VOD00333481",
            "time_codes": [
              710000,
              1783000,
              2296000
            ],
            "timecode_duration": [],
            "length": 2946000,
            "asset_id": "vod17037-000498M001",
            "title": "",
            "subtitle": "第498集 「大龍蝦、鮑魚、螃蟹」鮮煮廣東砂鍋粥！花蓮70年「浙江三鮮煎麵」蔣經國三度造訪",
            "ep_number": 498,
            "rating": 1,
            "content_type": "show",
            "p_start": 1762055400000,
            "vod_channel_description": "板橋有一間人氣超夯的正宗潮汕砂鍋粥，是許多人心目中的NO.1砂鍋粥，店裡的醬料和砂鍋，都原汁原味來自廣東，一進入店裡，就可以看到清澈水池裡，養著大龍蝦、活體鮑魚、石斑魚和甲魚等等，就像一個小型的水族箱。"
          },
          {
            "content_id": "VOD00333482",
            "time_codes": [
              698000,
              1602000,
              2237000
            ],
            "timecode_duration": [],
            "length": 2942000,
            "asset_id": "vod17037-000499M001",
            "title": "",
            "subtitle": "第499集 「文蛤精華爆煮痛風龍蝦鍋」台北必吃！龜吼漁港「現煮肥美秋蟹」代客料理推薦！梧棲漁港「$100燒酒螺」超涮嘴",
            "ep_number": 499,
            "rating": 1,
            "content_type": "show",
            "p_start": 1762058700000,
            "vod_channel_description": "台北大安區的巷弄裡有一間標榜粵式順德鍋物的餐廳，正宗的卜卜蜆鍋，鍋內鋪滿一顆顆個頭飽滿鮮甜的文蛤，再搭配手切的蒜頭烹煮，湯頭喝起來相當清甜，馳名的火焰鵝，則是以黃酒加上10餘種中藥材醃漬入味，再倒入米酒以及醬汁燜煮，鵝皮炙燒到微焦，吃起來皮薄肉嫩，撲鼻的香氣，讓人食指大動。"
          },
          {
            "content_id": "VOD00333483",
            "time_codes": [
              644000,
              1263000,
              1848000
            ],
            "timecode_duration": [],
            "length": 2945000,
            "asset_id": "vod17037-000500M001",
            "title": "",
            "subtitle": "第500集 新北樹林「紅蟳薑母鴨」爆漿蟹膏超濃郁！「櫻花蝦炒飯、大份量蝦卵」獲台灣炒飯王冠軍",
            "ep_number": 500,
            "rating": 1,
            "content_type": "show",
            "p_start": 1762062000000,
            "vod_channel_description": "桃園有一家厲害的炒飯專賣店，靠著獨家的櫻花蝦炒飯，在「台灣炒飯王大賽」拿下優選成績！而為了讓客人能吃好吃飽，老闆吳承翰很阿沙力，飯量加大不加價，現在就帶您一起來看，桃園這間高人氣的炒飯冠軍。"
          },
          {
            "content_id": "VOD00346432",
            "time_codes": [
              679000,
              1374000,
              1909000
            ],
            "timecode_duration": [],
            "length": 2940000,
            "asset_id": "vod17037-000501M001",
            "title": "",
            "subtitle": "第501集 「黑鯊魚漿羹麵」礁溪廟口必吃！「刀切麵、老滷秘製豬腳」傳承父親眷村味！「流金溏心蛋+飯糰」一咬爆漿超味美",
            "ep_number": 501,
            "rating": 1,
            "content_type": "show",
            "p_start": 1762065300000,
            "vod_channel_description": "在台北永吉路的巷弄裡，有一間內行人才知道的陝西菜，鮮嫩鼓雜牛肉、噴香麻椒大肉，每一道都是外面非常少見的料理，老闆袁家祥用大火炒出一盤盤鑊氣十足的功夫菜，獨特側翻手技，讓人看得是嘆為觀止，另外還有熱騰騰的蒙古酸奶鍋，用老湯熬煮，放入自製酸奶跟炕頭菜，口味道地，也非常特別。"
          },
          {
            "content_id": "VOD00346433",
            "time_codes": [
              822000,
              1492000,
              2009000
            ],
            "timecode_duration": [],
            "length": 2950000,
            "asset_id": "vod17037-000502M001",
            "title": "",
            "subtitle": "第502集 大廚快手「60秒炒野菜、鍋氣炒飯」陽明山辦桌菜！關子嶺必吃「竹竿串8全雞」皮脆肉多汁",
            "ep_number": 502,
            "rating": 1,
            "content_type": "show",
            "p_start": 1762068300000,
            "vod_channel_description": "在台北陽明山的平菁街路邊，有一間真正超人氣路邊攤，坐在路旁享受大自然芬多精，同時大啖招牌熱呼呼麻油雞跟藥膳排骨，不僅肉多，湯也很甘甜，因為老闆何永松，都是用山泉水熬煮！另外，還有鍋氣十足的炒飯、炒麵等，也是客人讚不絕口的好滋味。"
          },
          {
            "content_id": "VOD00346434",
            "time_codes": [
              673000,
              1352000,
              2391000
            ],
            "timecode_duration": [],
            "length": 2946000,
            "asset_id": "vod17037-000503M001",
            "title": "",
            "subtitle": "第503集 阿里山$35純米碗粿「塞滿滷肉、鹹蛋」全台最強！西門町「70年眷村牛肉麵」必比登連6年推薦",
            "ep_number": 503,
            "rating": 1,
            "content_type": "show",
            "p_start": 1762071600000,
            "vod_channel_description": "是什麼樣美味的牛肉麵，藏身地下一樓，連續6年獲得米其林推薦？這間隱身在台北西門町萬年大樓美食街角落，開店70多年，第三代老闆，堅持純手工製作麵條，相當有職人精神，到底這碗地平面下的眷村牛肉麵，有什麼故事，一起來看。"
          },
          {
            "content_id": "VOD00346435",
            "time_codes": [
              750000,
              1382000,
              2027000
            ],
            "timecode_duration": [],
            "length": 2932000,
            "asset_id": "vod17037-000504M001",
            "title": "",
            "subtitle": "第504集 眷村「獅子頭燒餅」連日本人都搶買！中原夜市必吃「福建炒麵」大火快炒鍋氣十足",
            "ep_number": 504,
            "rating": 1,
            "content_type": "show",
            "p_start": 1762074900000,
            "vod_channel_description": "在信義區福德市場旁邊，有間傳統早餐店，這裡吃法很特別，燒餅、飯糰或蛋餅，幾乎來的客人都會選擇包進一大顆眷村味的「獅子頭」，這獅子頭很不簡單，精選溫體豬肉，每天一早手工拍打，下去油炸，肉質Q彈紮實又多汁，其實這家店是資深藝人秦菲菲所開的。"
          },
          {
            "content_id": "VOD00346436",
            "time_codes": [
              690000,
              1341000,
              2029000
            ],
            "timecode_duration": [],
            "length": 2950000,
            "asset_id": "vod17037-000505M001",
            "title": "",
            "subtitle": "第505集 「滷肉飯+蛋20元」雲林佛心嬤30年不漲價 台南青鯤鯓$35「現炸蚵嗲、沙蝦」現撈海鮮塞滿料",
            "ep_number": 505,
            "rating": 1,
            "content_type": "show",
            "p_start": 1762077900000,
            "vod_channel_description": "今天的節目一開始，就要帶您到雲林虎尾，認識這位已經高齡90歲的虎尾婆婆，她可以說是目前台灣最佛心的小吃店老闆！一碗裝到滿出來，有肉有蛋有菜的滷肉飯，只要20元，滿滿的黑白切小菜，只收學生10元。有人算過，婆婆每個月，至少要倒貼10萬元，但有愛心的她，總是樂在其中。"
          },
          {
            "content_id": "VOD00346437",
            "time_codes": [
              754000,
              1390000,
              1852000
            ],
            "timecode_duration": [],
            "length": 2948000,
            "asset_id": "vod17037-000506M001",
            "title": "",
            "subtitle": "第506集 嘉義砂鍋魚頭推薦老店「巨無霸鍋物飄香60年」！台中70年眷村味「必比登排骨麵」隱藏版酸梅湯必點",
            "ep_number": 506,
            "rating": 1,
            "content_type": "show",
            "p_start": 1762081200000,
            "vod_channel_description": "台中有一間70年老麵店，非常特別，人稱吉媽的老闆娘，是出了名的大嗓門，總會用麥克風來複誦餐點，所以整家店都是大聲嚷嚷的聲音，老店經歷了三代婆媳傳承，還連續兩年，榮獲米其林必比登的殊榮，到底是什樣的美味，帶您一塊去品嘗。"
          },
          {
            "content_id": "VOD00346438",
            "time_codes": [
              692000,
              1321000,
              2016000
            ],
            "timecode_duration": [],
            "length": 2950000,
            "asset_id": "vod17037-000507M001",
            "title": "",
            "subtitle": "第507集 羊肉界的愛馬仕！台南60年老店「獨門炒羊肉」超Q彈！萬華巷弄藏「10元台式早餐」中午後就吃不到",
            "ep_number": 507,
            "rating": 1,
            "content_type": "show",
            "p_start": 1762084500000,
            "vod_channel_description": "在萬華的巷弄裡，有一家清晨就開張的台式早餐店，老闆超佛心，最便宜只要10元起。蔬菜很新鮮，滷肉也相當的軟嫩，招牌的咖哩飯濃郁順口，成了在地特色的庶民餐桌，老闆陳茂偉，他擔心如果不做了，老客人就不知道要去哪裡吃飯。"
          },
          {
            "content_id": "VOD00346439",
            "time_codes": [
              670000,
              1353000,
              1930000
            ],
            "timecode_duration": [],
            "length": 2950000,
            "asset_id": "vod17037-000508M001",
            "title": "",
            "subtitle": "第508集 「宜蘭$5生魚片」豪爽老闆不怕你吃！雞湯小卷米粉$100「免費加量」花蓮人氣美食",
            "ep_number": 508,
            "rating": 1,
            "content_type": "show",
            "p_start": 1762087800000,
            "vod_channel_description": "花蓮有間超人氣排隊美食，店裡只賣一種主食，雞湯小卷米粉，湯底是熬了好幾個小時的雞湯，配料非常澎拜，除了有新鮮小卷、魚丸還加入養生地瓜。而且老闆超佛心的，滿滿一大碗，可以免費加湯加米粉，才賣100元，超級划算，所以生意好的不得了，不管平日假日，一開店就客滿。"
          },
          {
            "content_id": "VOD00346440",
            "time_codes": [
              662000,
              1220000,
              1851000
            ],
            "timecode_duration": [],
            "length": 2954000,
            "asset_id": "vod17037-000509M001",
            "title": "",
            "subtitle": "第509集 秘製臉盆大「椒麻酸菜魚」連湯都可以喝！百年榕樹下賣海鮮「蛋酥砂鍋魚頭」迷倒饕客30年",
            "ep_number": 509,
            "rating": 1,
            "content_type": "show",
            "p_start": 1762091100000,
            "vod_channel_description": "板橋這家專賣酸菜魚的店家，主打個人份的套餐，雖然是一人獨享餐，招牌的金湯酸菜魚，一大盤分量比臉盆大，老闆娘呂欣珮，原本在對岸擔任巡迴表演的專業舞者，後來回到台灣，賣起自己最愛吃的酸菜魚，她把重口味稍微改良成台灣人可以喝的湯頭，一天可以賣200碗，晚來都得排隊，才能吃到。"
          },
          {
            "content_id": "VOD00346441",
            "time_codes": [
              745000,
              1391000,
              1945000
            ],
            "timecode_duration": [],
            "length": 2949000,
            "asset_id": "vod17037-000510M001",
            "title": "",
            "subtitle": "第510集 超狂海鮮粥「塞整隻龍蝦」痛風也要吃！鐵盆牛肋條火鍋$300「秘方湯頭」百種食材吃到飽",
            "ep_number": 510,
            "rating": 1,
            "content_type": "show",
            "p_start": 1762094400000,
            "vod_channel_description": "在桃園有一家牛肉鍋，鍋子有臉盆那麼大，裡面裝了滿滿的蔬菜，以及大塊的牛肋條，私房湯頭加入了用炒米磨成的湯，所以喝起來更加濃郁清甜，這一道江西口味的牛肉鍋，是楊秀蘭的先生余富強生前留給她的手藝，她誓言要把這不外傳的手藝，發揚光大。"
          },
          {
            "content_id": "VOD00346447",
            "time_codes": [
              669000,
              1217000,
              2260000
            ],
            "timecode_duration": [],
            "length": 2950000,
            "asset_id": "vod17037-000511M001",
            "title": "",
            "subtitle": "第511集 國宴主廚「$80家常菜吃到飽」在地隱藏美味！台北必吃「螃蟹酸菜白肉鍋」湯頭飄鮮味",
            "ep_number": 511,
            "rating": 1,
            "content_type": "show",
            "p_start": 1762097700000,
            "vod_channel_description": "在新北永和有一間超級佛心的人氣小店，老闆是阿廷師，以前擔任超過四屆總統的國宴主廚，達官貴人都是他的座上賓！但他退休後，開了一間不怕人吃的小吃店，最低只要80元，就有多達10多道配菜，讓你吃到飽，吃不完外帶，還給你裝好裝滿，一塊來看看這間，客人說絕對不能讓他倒的店！"
          },
          {
            "content_id": "VOD00346448",
            "time_codes": [
              680000,
              1457000,
              1963000
            ],
            "timecode_duration": [],
            "length": 2940000,
            "asset_id": "vod17037-000512M001",
            "title": "",
            "subtitle": "第512集 三重羊肉爐「隱藏版鮮美湯頭」肉質軟嫩彈牙！總冠軍客家小炒「只開假日」全國饕客慕名而來",
            "ep_number": 512,
            "rating": 1,
            "content_type": "show",
            "p_start": 1762101000000,
            "vod_channel_description": "位在新北三重的 間老字號羊肉爐，只要一開店就馬上客滿，生意超級好。一個人也能吃的小鍋羊肉爐，不用呼朋引伴，也可以獨享美味。店裡光是湯頭就有5種可以選擇，除了一般常見的紅燒湯頭，老闆還研發出蔬菜、麻辣跟泡菜等口味，另外還有隱藏版的桌邊現炒沙茶湯頭！"
          },
          {
            "content_id": "VOD00346449",
            "time_codes": [
              684000,
              1530000,
              2211000
            ],
            "timecode_duration": [],
            "length": 2942000,
            "asset_id": "vod17037-000513M001",
            "title": "",
            "subtitle": "第513集 台南必吃「15元餛飩湯」超便宜麵店搶排隊！台中$350酸菜白肉鍋「眷村小菜免費吃」加料無限續",
            "ep_number": 513,
            "rating": 1,
            "content_type": "show",
            "p_start": 1762104000000,
            "vod_channel_description": "在基隆有一間全台最狂的加熱滷味攤，每到營業時間，店內熱鬧哄哄，老闆大嗓門一直喊加菜，因為這邊不管你買多買少，老闆端上桌就是超級大臉盆，裡頭滿滿青菜都是送的，吃不夠還可以再加，吃到客人紛紛求饒。佛心小店，已經開業16年，在地人都說這是基隆人的都市傳說!!"
          },
          {
            "content_id": "VOD00346450",
            "time_codes": [
              649000,
              1289000,
              1972000
            ],
            "timecode_duration": [],
            "length": 2944000,
            "asset_id": "vod17037-000514M001",
            "title": "",
            "subtitle": "第514集 鮮炒麵超澎湃「九孔、蝦子、小卷」隱身貢寮柑仔店！黃金花膠雞鍋「慢熬48小時」養顏美容必吃！",
            "ep_number": 514,
            "rating": 1,
            "content_type": "show",
            "p_start": 1762107300000,
            "vod_channel_description": "您有吃過港式花膠雞鍋嗎？現在不用大老遠飛到香港去，在台北也能吃得到，招牌的黃金花膠雞湯使用老母雞，還有一斤要價上萬元的野生鱸魚肚曬乾製成的花膠，加入腐竹和金華火腿，下去燉煮48小時才能上桌，金黃湯頭富含著滿滿的膠原蛋白，不只健康還能養顏美容。"
          },
          {
            "content_id": "VOD00346451",
            "time_codes": [
              644000,
              1593000,
              2367000
            ],
            "timecode_duration": [],
            "length": 2958000,
            "asset_id": "vod17037-000515M001",
            "title": "",
            "subtitle": "第515集 羅東夜市「50元滷烤大雞腿」一晚狂賣200支！台北必吃平價海鮮丼飯「20元魚肉味噌湯」任你喝！",
            "ep_number": 515,
            "rating": 1,
            "content_type": "show",
            "p_start": 1762110600000,
            "vod_channel_description": "在台北內湖的巷仔內，有一間內行人才知道的日本料理店，生食海鮮丼、多達十幾種海味，料幾乎多到滿出來，宛如海裡的珠寶盒，視覺效果滿分，就連握壽司的每一塊生魚片，也都厚到能夠完全包覆住米飯，另外還有燒牛丼、串燒等熟食，美味更是無法擋，店家真材實料，卻走平價路線，讓不少人一吃就上癮。"
          },
          {
            "content_id": "VOD00346452",
            "time_codes": [
              676000,
              1563000,
              2460000
            ],
            "timecode_duration": [],
            "length": 2949000,
            "asset_id": "vod17037-000516M001",
            "title": "",
            "subtitle": "第516集 「$30蔥餅+牛肉湯免費續」華西夜市人氣路邊攤！台北祕境餐廳「招牌貴州盜汗雞」滴雞精的始祖",
            "ep_number": 516,
            "rating": 1,
            "content_type": "show",
            "p_start": 1762113900000,
            "vod_channel_description": "在台灣有很多具有代表性的外省美食，像是貴州的盜汗雞，相傳這道料理，是三國時期諸葛亮陣營，為了抵禦瘴癘之氣，發明的一種特色鍋具，烹煮料理完全不用加任何一滴水，就能成就一鍋雞湯，另外在大廚的巧手下，還能吃到拿下亞太十大名菜的苗家酸湯魚，以及茅台香肋排，都是道地的貴州風味菜。"
          },
          {
            "content_id": "VOD00346453",
            "time_codes": [
              707000,
              1528000,
              2130000
            ],
            "timecode_duration": [],
            "length": 2950000,
            "asset_id": "vod17037-000517M001",
            "title": "",
            "subtitle": "第517集 屏東客家粄條$50「堅持柴燒」50年歷史小吃！新竹香山「柴燒窯烤雞、披薩」隱藏版秘境美食",
            "ep_number": 517,
            "rating": 1,
            "content_type": "show",
            "p_start": 1762117200000,
            "vod_channel_description": "您有多久沒有吃到用柴燒大灶煮的美味呢？在屏東高樹鄉的大路關，這邊有一間50年的小店，老闆溫世和從姨婆手中接下這老麵店，賣的是客家口味的粄條，米粉跟小菜，他說燒柴煮出的美味是瓦斯爐無法取代的，再加上店裡的古早味擺設，讓這間偏僻的小店，成了「大路關」最有文化氣息的地方。"
          },
          {
            "content_id": "VOD00346454",
            "time_codes": [
              641000,
              1667000,
              2423000
            ],
            "timecode_duration": [],
            "length": 2949000,
            "asset_id": "vod17037-000518M001",
            "title": "",
            "subtitle": "第518集 台南大碗痛風餐「爆蛋紅蟳麵」每口都吃到蟹黃！八里「$2萬5海陸大拼盤」龍蝦、紅蟳、鰻魚全是海味精華",
            "ep_number": 518,
            "rating": 1,
            "content_type": "show",
            "p_start": 1762120500000,
            "vod_channel_description": "在新北市的八里有一家快炒店，超浮誇的海鮮痛風大拼盤，讓它成為了網紅名店，分量多到出菜時，還得要靠兩個大男人才能搬得上桌。而老闆王勝棋原本是水泥工，他是如何從門外漢進入餐飲業，一起來看他的故事。"
          },
          {
            "content_id": "VOD00346455",
            "time_codes": [
              672000,
              1333000,
              1915000
            ],
            "timecode_duration": [],
            "length": 2950000,
            "asset_id": "vod17037-000519M001",
            "title": "",
            "subtitle": "第519集 「80年滷肉飯」台中第二市場深夜人氣王！三重國小美食「天橋下生炒羊肉」大份量銅板價",
            "ep_number": 519,
            "rating": 1,
            "content_type": "show",
            "p_start": 1762123800000,
            "vod_channel_description": "台中第二市場美食多，這家傳到了第四代，歷史有80年，從下午4點賣到宵夜場，每天都是大排長龍，滷到透亮軟嫩的焢肉超大塊，三層肉肥瘦比例完美、滷汁鹹香涮嘴，還有客人大推的腳筋飯，ㄉㄨㄞㄉㄨㄞ口感，有滿滿的膠原蛋白、一天就能賣出上百碗！"
          },
          {
            "content_id": "VOD00346456",
            "time_codes": [
              677000,
              1306000,
              2358000
            ],
            "timecode_duration": [],
            "length": 2950000,
            "asset_id": "vod17037-000520M001",
            "title": "",
            "subtitle": "第520集 白飯殺手清爽開胃「百元有找」！蔥油餅夾香腸又酥又脆只要「銅板價」？ 鴨香飯始祖搭配半熟蛋一吃就停不下來！",
            "ep_number": 520,
            "rating": 1,
            "content_type": "show",
            "p_start": 1762127100000,
            "vod_channel_description": "位在新竹城隍廟附近的「鴨香飯」的始祖，第一代老闆娘每天選用溫體鴨肉，經過先蒸再煙燻的兩道手法，讓鴨肉軟嫩夠味，搭配自家炸的油蔥和香Q飽滿的壽司米，淋上祕製的鴨油醬汁，搭配半熟蛋，攪拌均勻一起入口，絕妙的滋味，讓不少老主顧一吃就上癮。"
          },
          {
            "content_id": "VOD00359150",
            "time_codes": [
              648000,
              1787000,
              2469000
            ],
            "timecode_duration": [],
            "length": 2950000,
            "asset_id": "vod17037-000521M001",
            "title": "",
            "subtitle": "第521集 價錢跟媽祖一樣佛！北港「國寶級麵線糊」$20就吃得到 員山「油豆腐魚丸米粉」一碗超澎湃只要$55！",
            "ep_number": 521,
            "rating": 1,
            "content_type": "show",
            "p_start": 1762130400000,
            "vod_channel_description": "雲林北港在地獨特的早餐文化麵線糊，獨特的手工白麵線，加上大骨高湯下去熬煮，再放入肉燥打顆蛋花，滑溜滑溜的口感，帶著麵香還有蛋香，老闆葉成豐從阿嬤的手上傳承了手工麵線糊還有油飯，讓這一味飄香了四代，成了北港小鎮上國寶級的小吃。"
          },
          {
            "content_id": "VOD00359151",
            "time_codes": [
              690000,
              1317000,
              1982000
            ],
            "timecode_duration": [],
            "length": 2945000,
            "asset_id": "vod17037-000522M001",
            "title": "",
            "subtitle": "第522集 礁溪鴨肉飯「大份量僅50元」鴨腿必點！萬華華西街夜市「$60原汁排骨盅」傳承半世紀的美味！",
            "ep_number": 522,
            "rating": 1,
            "content_type": "show",
            "p_start": 1762133700000,
            "vod_channel_description": "說到排隊小吃，帶您來看宜蘭礁溪這間超人氣鴨片飯，老闆選用鴨胸肉，切成一片片，鋪好鋪滿在白飯上，淋上老滷汁跟鴨油油蔥，散發迷人香氣，另外獨創的梅干滷肉飯，將梅干菜跟滷肉結合在一起，鹹香回甘超下飯，堪稱完美絕配，銅板美味，CP值超高，讓饕客瘋狂排隊。"
          },
          {
            "content_id": "VOD00359152",
            "time_codes": [
              613000,
              1529000,
              2420000
            ],
            "timecode_duration": [],
            "length": 2950000,
            "asset_id": "vod17037-000523M001",
            "title": "",
            "subtitle": "第523集 百元蚵仔吃到飽、海世界烤魚、望龍埤鵝肉攤",
            "ep_number": 523,
            "rating": 1,
            "content_type": "show",
            "p_start": 1762137000000,
            "vod_channel_description": "嘉義東石有一間超人氣的炭烤蚵仔，厲害的地方在於只要200元，鮮蚵就可以無限量吃到飽，平日還不限時間隨你吃，讓店門口總是被人潮擠得水洩不通，另外招牌獨門祕方胡椒魚，還有各式熱炒炸物，最低50元起跳，超平價的享受，讓饕客一訪再訪。"
          },
          {
            "content_id": "VOD00359153",
            "time_codes": [
              624000,
              1810000,
              2380000
            ],
            "timecode_duration": [],
            "length": 2950000,
            "asset_id": "vod17037-000524M001",
            "title": "",
            "subtitle": "第524集 全台最大「15公分」比臉大巨無霸鍋貼！「$50爆漿蚵嗲」藏身三重飄香30年！",
            "ep_number": 524,
            "rating": 1,
            "content_type": "show",
            "p_start": 1762140300000,
            "vod_channel_description": "號稱全台最大15公分的巨無霸鍋貼，就在新北中和，老闆娘唐觀美用黑毛豬肉，新鮮魚漿混合韭菜做內餡，特製彈性外皮，還有獨門的祕方麵粉水，煎出了皮薄酥脆的雪花鍋貼，每一個都比手還長，比臉還大，每天限量600顆，客人常常是排隊都搶不到。"
          },
          {
            "content_id": "VOD00359154",
            "time_codes": [
              834000,
              1743000,
              2466000
            ],
            "timecode_duration": [],
            "length": 2953000,
            "asset_id": "vod17037-000525M001",
            "title": "",
            "subtitle": "第525集 三重隱藏版三寶麵線「東石鮮蚵」五星主廚不手軟！桃園爆量蝦滷飯、百元牛肉麵佛心古早味",
            "ep_number": 525,
            "rating": 1,
            "content_type": "show",
            "p_start": 1762143600000,
            "vod_channel_description": "很多人都喜歡吃蝦仁飯，但要怎樣在市場上做出特色？在桃園就有一位老闆巫旻勳，想到小時候最愛吃阿嬤的滷肉，加上有別於坊間蝦仁都已經煮好，他逆向操作，現剝大白蝦，而且等客人點了餐，才會把蝦仁放進滷汁裡滷到噴香，六隻白蝦上還能加上半熟蛋，老闆靠著阿嬤的古早味讓小店生意好到不行。"
          },
          {
            "content_id": "VOD00359155",
            "time_codes": [
              621000,
              1513000,
              2357000
            ],
            "timecode_duration": [],
            "length": 2950000,
            "asset_id": "vod17037-000526M001",
            "title": "",
            "subtitle": "第526集 台北痛風海鮮麵「白蝦+鮮蚵+蛤蠣+小卷」鋪滿碗一天只賣三hr！文山區手工眷村燒餅外酥內軟「千層口感+麵香」沒預約吃不到！",
            "ep_number": 526,
            "rating": 1,
            "content_type": "show",
            "p_start": 1762146900000,
            "vod_channel_description": "台北文山區有一間現點現烤的燒餅店，採用傳統手工製作，主打冷酥脆口為主，剛出爐的燒餅老闆陳達輝不急著賣，反而是先用電風扇吹涼，他說這是燒餅外酥內軟的關鍵。所以他的燒餅吃起來有如千層酥，而且吃的到麵香，許多人常常一買就是好幾十個起跳，沒有預約就吃不到。"
          },
          {
            "content_id": "VOD00359156",
            "time_codes": [
              608000,
              1694000,
              2334000
            ],
            "timecode_duration": [],
            "length": 2950000,
            "asset_id": "vod17037-000527M001",
            "title": "",
            "subtitle": "第527集 十八王公廟「肉粽王傳奇」稱霸北海岸50年！桃園限定「$50日式拉麵」7種配料不怕你吃！",
            "ep_number": 527,
            "rating": 1,
            "content_type": "show",
            "p_start": 1762150200000,
            "vod_channel_description": "北海岸有家50年的肉粽老店，它是十八王公廟的肉粽始祖，噴香滋味讓外地客趨之若鶩，甚至還包遊覽車前來。店裡的招牌粽，包進五花肉、蛋黃、香菇、栗子和櫻花蝦，用料豐富。第二代接手後，開發更多口味，像是鮑魚粽和香辣牛腩粽，讓顧客有更多選擇，每逢假日必定吸引大批人潮，日銷上萬顆。"
          },
          {
            "content_id": "VOD00359157",
            "time_codes": [
              667000,
              1711000,
              2437000
            ],
            "timecode_duration": [],
            "length": 2950000,
            "asset_id": "vod17037-000528M001",
            "title": "",
            "subtitle": "第528集 南北合陝西菜、清真恩德元餃子、金瓜石白帶魚米粉",
            "ep_number": 528,
            "rating": 1,
            "content_type": "show",
            "p_start": 1762153500000,
            "vod_channel_description": "在台北永吉路的巷弄內，有一間內行人才知道的陝西菜，鮮嫩鼓雜牛肉、噴香麻椒大肉，都是外面非常少見的料理，老闆袁家祥用大火炒出一盤盤，鑊氣十足的功夫菜，獨特側翻手技，讓人看得是嘆為觀止，另外還有熱騰騰的蒙古酸奶鍋，用老湯熬煮，再放入自製酸奶跟炕頭菜，口味道地非常特別。"
          },
          {
            "content_id": "VOD00359158",
            "time_codes": [
              612000,
              1551000,
              2352000
            ],
            "timecode_duration": [],
            "length": 2950000,
            "asset_id": "vod17037-000529M001",
            "title": "",
            "subtitle": "第529集 肉質Q彈飄香30年！「香蕉可樂滷豬腳」桃園大溪才吃得到！猴硐老味道「芝麻雞」酥脆多汁吃了會上癮",
            "ep_number": 529,
            "rating": 1,
            "content_type": "show",
            "p_start": 1762156800000,
            "vod_channel_description": "在大溪有間三十多年的老餐館，老闆黃燕富和高齡90歲的媽媽吳明麗，母子檔一起賣豬腳！他們用青色香蕉和木瓜、加入可樂還有烕士忌來滷豬腳，吃起來不油不膩、軟嫩鹹香，外皮Ｑ彈肥瘦比例剛剛好；媽媽吳明麗煮起豬腳、炸起魚頭來更是身手俐落，完全看不出已經90歲！"
          },
          {
            "content_id": "VOD00359159",
            "time_codes": [
              637000,
              1758000,
              2312000
            ],
            "timecode_duration": [],
            "length": 2957000,
            "asset_id": "vod17037-000530M001",
            "title": "",
            "subtitle": "第530集 宜蘭20元炭烤肥蚵「每日澎湖直送」！基隆40年「15元秘製水煎包」半煎炸鎖肉汁",
            "ep_number": 530,
            "rating": 1,
            "content_type": "show",
            "p_start": 1762160100000,
            "vod_channel_description": "很多人都很喜歡吃水煎包，但您吃過半煎半炸的水煎包嗎？在基隆有一間40年前，老兵傳下來的水煎包，老闆把水煎包上下兩面炸到金黃酥香，不論韭菜或是高麗菜口味，都摻著獨門肉燥，吃起來味道層次豐富，還會噴汁，是很多基隆人從小吃到大的美味。"
          },
          {
            "content_id": "VOD00367756",
            "time_codes": [
              655000,
              1851000,
              2406000
            ],
            "timecode_duration": [],
            "length": 2950000,
            "asset_id": "vod17037-000531M001",
            "title": "",
            "subtitle": "第531集 台中眷村味牛肉麵「大份量肉片」湯頭超濃郁！基隆古早味「$15鹹酥餅」出爐就秒殺！",
            "ep_number": 531,
            "rating": 1,
            "content_type": "show",
            "p_start": 1762163400000,
            "vod_channel_description": "台中西屯區有一間湖南眷村牛肉麵館，俗擱大碗的滿漢牛肉麵，有牛腱肉、牛筋和牛肚，料滿到幾乎看不到麵，CP值超高。還有道地的湖南辣菜飯，鹹香下飯，超級開胃。小店雖然位在不起眼的巷弄裡，但一開店就客滿，還被網友票選，是全台必吃的牛肉麵店。"
          },
          {
            "content_id": "VOD00367757",
            "time_codes": [
              673000,
              1756000,
              2468000
            ],
            "timecode_duration": [],
            "length": 2950000,
            "asset_id": "vod17037-000532M001",
            "title": "",
            "subtitle": "第532集 龜吼漁港必吃海產店「現煮大蝦、萬里蟹」佛心價！宜蘭粉鳥林碳烤海鮮「蛤蜊、大干貝」紮實肉質又爆汁！",
            "ep_number": 532,
            "rating": 1,
            "content_type": "show",
            "p_start": 1762166700000,
            "vod_channel_description": "喜歡吃海鮮的觀眾，您吃過「海香菇」、「魚花」嗎？在新北萬里的龜吼漁港，有一家平價海鮮餐廳，老闆李俊雄的拿手菜就是「炒海香菇」，但別誤會了，這不是生長在海裡的香菇，而是用花枝的皮，再搭配九層塔爆炒，香氣迷人，超級下飯。"
          },
          {
            "content_id": "VOD00367758",
            "time_codes": [
              677000,
              1505000,
              2265000
            ],
            "timecode_duration": [],
            "length": 2950000,
            "asset_id": "vod17037-000533M001",
            "title": "",
            "subtitle": "第533集 台南限量巨無霸「爆量鴨腿飯」料多到看不到飯！礁溪海魚專賣店「清蒸石老魚」口感細緻CP值超高！",
            "ep_number": 533,
            "rating": 1,
            "content_type": "show",
            "p_start": 1762170000000,
            "vod_channel_description": "宜蘭礁溪有一間平價海鮮小吃店，老闆張添喜不賣養殖魚，專賣漁港的新鮮海魚，像是宜蘭外海捕撈到的「石老魚」，搭配米醬下去清蒸，魚肉口感細緻。另外這道獨門拿手菜「末式煎餅」，蝦仁、鮮蚵、中卷和海瓜子肉融合烘蛋，擠上芥末和美乃滋，最後撒上柴魚，吃起來就像大阪燒，層次非常豐富。"
          },
          {
            "content_id": "VOD00367759",
            "time_codes": [
              641000,
              1601000,
              2320000
            ],
            "timecode_duration": [],
            "length": 2945000,
            "asset_id": "vod17037-000534M001",
            "title": "",
            "subtitle": "第534集 十多種料只要80元！瑞芳什錦海鮮炒麵「蝦子、蛤仔、豬肝」佛心價！ 雙十國宴美食「$30滷肉飯」大稻埕飄香60年！",
            "ep_number": 534,
            "rating": 1,
            "content_type": "show",
            "p_start": 1762173300000,
            "vod_channel_description": "在新北瑞芳的四腳亭，以前是採煤礦的，雖然現在停採，不過在火車站旁，還留有一間80年的老麵店，裡頭有著滿滿的礦工古早味，像是招牌的什錦海鮮炒麵，裡面有蝦子，蛤仔，豬肝滿滿十多種料，淋上老闆阿揚只傳兒子的獨門滷水，一盤麵又燜又炒滿滿功夫，一大盤才賣80元，所以用餐時間總是擠滿人潮。"
          },
          {
            "content_id": "VOD00367760",
            "time_codes": [
              617000,
              1288000,
              1941000
            ],
            "timecode_duration": [],
            "length": 2950000,
            "asset_id": "vod17037-000535M001",
            "title": "",
            "subtitle": "第535集 大園香酥拉餅、青鯤鯓蚵嗲、雜貨店海鮮",
            "ep_number": 535,
            "rating": 1,
            "content_type": "show",
            "p_start": 1762176600000,
            "vod_channel_description": "桃園大園機場附近，有家超過20年的人氣餐車，是機場人的下午茶點心，招牌的綜合拉餅用料非常豐富，新鮮洋蔥加上豬肉、煎蛋和香腸，疊得像座小山的拉餅，卻只要50元，吃一個就能飽兩餐。還有用老麵做成的韭菜餡餅，半煎炸到金黃酥香，皮薄餡多，鮮綠韭菜搭配冬粉和雞蛋，香氣十足。"
          },
          {
            "content_id": "VOD00367761",
            "time_codes": [
              662000,
              1294000,
              1922000
            ],
            "timecode_duration": [],
            "length": 2950000,
            "asset_id": "vod17037-000536M001",
            "title": "",
            "subtitle": "第536集 還原泰式美味！萬華「$25豬肉船麵」CP值超高！彰化無招牌「$80豬腳飯」飄香50年...營業時間一到就湧排隊人潮",
            "ep_number": 536,
            "rating": 1,
            "content_type": "show",
            "p_start": 1762179900000,
            "vod_channel_description": "在新竹有一間爆料吸睛，CP值超高的鐵鍋料理店，招牌的羊排炕鍋超大一盤，羊肉經過燉煮再炸，皮酥內嫩，還有大支的黃燜羊拐筋，膠原蛋白超豐富，老闆劉鎛銨遠赴青海學習當地特色料理，特殊口味全台罕見，人氣強強滾！"
          },
          {
            "content_id": "VOD00367762",
            "time_codes": [
              1146000,
              1810000,
              2449000
            ],
            "timecode_duration": [],
            "length": 2948000,
            "asset_id": "vod17037-000537M001",
            "title": "",
            "subtitle": "第537集 高雄眷村味牛肉麵「150cm長皮帶麵」Q彈有勁！10年不漲價「巨無霸糯米腸＋蔥灌大腸」餐車開攤就排爆",
            "ep_number": 537,
            "rating": 1,
            "content_type": "show",
            "p_start": 1762183200000,
            "vod_channel_description": "南投有一輛神出鬼沒的行動餐車，想吃還得碰運氣，因為他是不定期也不定點的出現，獨特的巨無霸糯米腸，外皮酥香內裡軟Q，脆皮大腸不但包進整根的青蔥，而且是先滷後炸再烤，皮脆還帶有嚼勁，往往只要一擺攤，就會排起長長的隊伍。"
          },
          {
            "content_id": "VOD00367763",
            "time_codes": [
              681000,
              1726000,
              2405000
            ],
            "timecode_duration": [],
            "length": 2950000,
            "asset_id": "vod17037-000538M001",
            "title": "",
            "subtitle": "第538集 宜蘭巨無霸牛大骨湯「3個人才吃得完」山泉水熬24hr？！北門蝦仁飯$65「淋上銷魂蝦油」老饕激推必加半熟蛋",
            "ep_number": 538,
            "rating": 1,
            "content_type": "show",
            "p_start": 1762186500000,
            "vod_channel_description": "在宜蘭頭城的老街附近，有一間低調的小店，這裡的炸春捲，包裹著在地老農當天現採的嫩韭菜，吃起來外酥內香，還有濃郁的粗米粉羹，跟每天一早現炊的手工蘿蔔糕，在地人都知道賣完就沒了，想吃的話動作要快一點。"
          },
          {
            "content_id": "VOD00367764",
            "time_codes": [
              626000,
              1729000,
              2437000
            ],
            "timecode_duration": [],
            "length": 2950000,
            "asset_id": "vod17037-000539M001",
            "title": "",
            "subtitle": "第539集 寧夏夜市「$60國宴臭豆腐」總統級小吃飄香70年！太平市場銅板美食「$5芋頭丸+$50元大雞排」婆媽都瘋搶！",
            "ep_number": 539,
            "rating": 1,
            "content_type": "show",
            "p_start": 1762189800000,
            "vod_channel_description": "在台北寧夏夜市裡有一家臭豆腐老攤，已經傳承三代，飄香超過70年，不僅每天晚上大排長龍，連總統都是座上賓，還多次登上國宴菜色。第三代老闆保留傳統，也發揮創意，將臭豆腐化身餛飩內餡，做成香酥臭餛飩，還有包入整塊豆腐的臭豆腐抄手，讓饕客為之驚豔。"
          },
          {
            "content_id": "VOD00367765",
            "time_codes": [
              620000,
              1790000,
              2480000
            ],
            "timecode_duration": [],
            "length": 2950000,
            "asset_id": "vod17037-000540M001",
            "title": "",
            "subtitle": "第540集 雙溪限定「乾燒毛蟹」膏滿肉肥老饕激推！基隆三代「黑蒜魷魚羹」、台南必吃60年始祖鍋燒麵",
            "ep_number": 540,
            "rating": 1,
            "content_type": "show",
            "p_start": 1762193100000,
            "vod_channel_description": "在基隆的仁愛市場二樓，有一攤祖傳三代的「黑料魷魚羹」，用餐時間總是大排長龍，老饕最愛的魷魚，藏有老闆郭瀚澤的祕密武器，每一口吃起來軟Q彈牙，全台獨有的羹湯，則是用100斤的蒜頭，不停翻炒到綿化成膏狀，滑順口感裡帶有黑蒜香；到底這相傳百年、跟日本師傅學的神祕黑料，有多狂，帶您來看！"
          },
          {
            "content_id": "VOD00372517",
            "time_codes": [
              623000,
              1741000,
              2382000
            ],
            "timecode_duration": [],
            "length": 2953000,
            "asset_id": "vod17037-000541M001",
            "title": "",
            "subtitle": "第541集 曾文水庫現撈大頭鰱「臉盆大砂鍋魚頭」！貢寮懸崖餐廳必吃「野生龍蝦、海膽沙西米」搭無敵龜山島海景",
            "ep_number": 541,
            "rating": 1,
            "content_type": "show",
            "p_start": 1762196400000,
            "vod_channel_description": "用臉盆煮砂鍋魚頭，這是嘉義大埔鄉的奇景，比臉還要大的大頭鰱魚頭，油炸後魚肉香酥紮實，滿滿蔬菜吸附雞湯的精華，吃起來清甜可口，魷魚花枝則是讓海味豐厚，霸氣上桌驚豔全場。"
          },
          {
            "content_id": "VOD00372518",
            "time_codes": [
              694000,
              1792000,
              2462000
            ],
            "timecode_duration": [],
            "length": 2950000,
            "asset_id": "vod17037-000542M001",
            "title": "",
            "subtitle": "第542集 卯澳限定「火山藤壺」口感像蝦肉、風味類蟹膏！大稻埕廟口30年熱炒攤「三層糯米椒超下飯」成老台北人的記憶！",
            "ep_number": 542,
            "rating": 1,
            "content_type": "show",
            "p_start": 1762199700000,
            "vod_channel_description": "如果想體驗傳統台北的生活樣貌，就一定要來一趟大稻埕！慈聖宮前廣場，聚集了許多攤販，形成獨特的廟口小吃，每一家都各具特色。其中這間熱炒攤，主打古早味的家常菜，招牌的三層糯米椒，火候要掌控好，煸到表皮焦焦脆脆的，超級下飯！白鯧米粉，魚肉煎得ㄆㄤ共共，湯頭鮮甜。"
          },
          {
            "content_id": "VOD00372519",
            "time_codes": [
              658000,
              1291000,
              1964000
            ],
            "timecode_duration": [],
            "length": 2950000,
            "asset_id": "vod17037-000543M001",
            "title": "",
            "subtitle": "第543集 炸醬麵傳承蛙人父親「山東眷村味」不好吃不用錢！全台唯一「爆米花鋼鍋雞」搭配自製川味醬料「香爆全夜市」！",
            "ep_number": 543,
            "rating": 1,
            "content_type": "show",
            "p_start": 1762203000000,
            "vod_channel_description": "爆米香是許多人的兒時回憶，但是您有看過它的鍋具拿來爆雞肉嗎？新竹的樹林頭夜市就有老闆利用它的壓力原理，將雞肉和蔬菜搭配自製川味醬料，不加一滴油，一出鍋噴香誘人，雞肉鮮嫩，特別的鍋具加上響亮的洩壓聲音，常常一出攤就吸引許多人潮。"
          },
          {
            "content_id": "VOD00372520",
            "time_codes": [
              736000,
              1370000,
              2195000
            ],
            "timecode_duration": [],
            "length": 2950000,
            "asset_id": "vod17037-000544M001",
            "title": "",
            "subtitle": "第544集 台中老兵「$350眷村菜無限續」酸菜白肉鍋+豬肉餡餅任吃！全台最佛心「80元吃到飽」國宴私房菜外帶免費加到滿！",
            "ep_number": 544,
            "rating": 1,
            "content_type": "show",
            "p_start": 1762206300000,
            "vod_channel_description": "在新北永和有一間超級佛心的人氣小店，老闆阿廷師以前是擔任超過四屆總統的國宴主廚，達官貴人都是他的座上賓，但他退休後開了一間不怕人吃的小吃店，最低只要80元，就有多達10多道配菜，讓你吃到飽，吃不完外帶，還讓你裝好裝滿，一塊來看看這間客人說絕對不能讓他倒的店！"
          },
          {
            "content_id": "VOD00372521",
            "time_codes": [
              751000,
              1829000,
              2390000
            ],
            "timecode_duration": [],
            "length": 2950000,
            "asset_id": "vod17037-000545M001",
            "title": "",
            "subtitle": "第545集 宜蘭必吃「5元生魚片+蔥焗活龍蝦」痛風饗宴！新竹排隊「雞佛麵線糊」綿密口感大補元氣",
            "ep_number": 545,
            "rating": 1,
            "content_type": "show",
            "p_start": 1762209600000,
            "vod_channel_description": "5塊錢能吃到什麼樣的海鮮呢，在宜蘭壯圍有一間海產店，用餐時間滿滿都是人潮，大家衝的就是這一盤，算下來一片只要5塊錢的綜合生魚片，有旗魚、黃金鯡魚跟鮭魚肉，每一片吃起來是鮮嫩肥美，油脂相當的鮮甜，再配上蔥焗活龍蝦，或者是爆炒小卷，滋味更是鮮甜。"
          },
          {
            "content_id": "VOD00372522",
            "time_codes": [
              766000,
              1849000,
              2454000
            ],
            "timecode_duration": [],
            "length": 2950000,
            "asset_id": "vod17037-000546M001",
            "title": "",
            "subtitle": "第546集 彰化超人氣「$40巨無霸蚵嗲」蚵仔塞到滿出來！罕見鹿肉吃到飽！台北48年老店「蒙古烤肉」災後強勢回歸",
            "ep_number": 546,
            "rating": 1,
            "content_type": "show",
            "p_start": 1762212900000,
            "vod_channel_description": "在台灣蚵嗲炸粿到處都有，但今天要介紹的這間真的很不一樣！位在彰化員林，百果山腳旁有一間快60年炸粿老店，從早到晚人潮川流不息，不僅炸粿的SIZE比一般的還大，另外炸到金黃色的粉漿外皮，酥香薄脆，是彰化在地人的隱藏版美味！"
          },
          {
            "content_id": "VOD00372523",
            "time_codes": [
              784000,
              1782000,
              2328000
            ],
            "timecode_duration": [],
            "length": 2947000,
            "asset_id": "vod17037-000547M001",
            "title": "",
            "subtitle": "第547集 士林米其林生煎包、瓜仔雞炸麵",
            "ep_number": 547,
            "rating": 1,
            "content_type": "show",
            "p_start": 1762216200000,
            "vod_channel_description": "在台北市士林有一間生煎包，連續蟬聯了三年必比登推薦，純手工的生煎包，不僅麵皮紮實，而且煎得是焦黃誘人，肉餡多汁，菜餡也非常的清脆。每天到了下午一開張，就是大排長龍，許多人都說等再久都甘願。"
          },
          {
            "content_id": "VOD00372524",
            "time_codes": [
              753000,
              1894000,
              2160000
            ],
            "timecode_duration": [],
            "length": 2945000,
            "asset_id": "vod17037-000548M001",
            "title": "",
            "subtitle": "第548集 羅東夜市必吃「$55比臉大雞腿」飄香40年在地人激推！南投$60瓦罐煨湯「燜滿12小時」湯頭鮮甜吃過就愛上！",
            "ep_number": 548,
            "rating": 1,
            "content_type": "show",
            "p_start": 1762219500000,
            "vod_channel_description": "位在宜蘭的清溝夜市，有一間很特別的滷味攤，老闆許文溢獨創的三杯炒滷味，紅遍北台灣夜市，用祕製中藥香料滷製的滷味，多達50幾種。老闆原本是賣冰鎮滷味，後來經過改良，加入三杯醬拌炒，讓滋味更上一層樓！"
          },
          {
            "content_id": "VOD00372525",
            "time_codes": [
              703000,
              1480000,
              2362000
            ],
            "timecode_duration": [],
            "length": 2950000,
            "asset_id": "vod17037-000549M001",
            "title": "",
            "subtitle": "第549集 豐原深夜食堂「龍蝦湯飯」連帝王蟹全都有！新莊夜市限定「每周只賣一天」現炒麻油雞油飯",
            "ep_number": 549,
            "rating": 1,
            "content_type": "show",
            "p_start": 1762222800000,
            "vod_channel_description": "新北的新莊夜市，有一攤隱藏版美食，一週只賣一天，限量麻油雞油飯，現蒸現炒，香氣瀰漫街上，所以只要一開炒，就吸引許多人排隊，只要吃過的人就像著了魔，每週都會來報到。"
          },
          {
            "content_id": "VOD00372526",
            "time_codes": [
              1052000,
              1702000,
              2426000
            ],
            "timecode_duration": [],
            "length": 2949000,
            "asset_id": "vod17037-000550M001",
            "title": "",
            "subtitle": "第550集 雲林佛心阿嬤「$10元黑白切」每個月倒貼10萬元也甘願！羅東夜市必吃「三星蔥蛋堡」爆漿半熟蛋老饕激推！",
            "ep_number": 550,
            "rating": 1,
            "content_type": "show",
            "p_start": 1762226100000,
            "vod_channel_description": "這位已經高齡90歲的虎尾婆婆，可以說是台灣最佛心的小吃店老闆！一碗裝到滿出來，有肉有蛋有菜的滷肉飯，只要20元，滿滿的黑白切小菜，只收學生10元。有人算過，婆婆每個月，至少要倒貼10萬元，但有愛心的她總是樂在其中，帶您來看這位暖心婆婆的人生故事！"
          }
        ],
        "total_length": 281533000,
        "focus_index": 12,
        "next_index": 13,
        "time": 568087,
        "focus_program": {
          "content_id": "VOD00299974",
          "time_codes": [
            1355000,
            2005000,
            2427000
          ],
          "timecode_duration": [],
          "length": 2875000,
          "asset_id": "vod17037-000467M001",
          "title": "",
          "subtitle": "第467集 65元比臉大的炸雞排市場內飄香、山泉水熬煮招牌麻油雞鮮嫩大塊",
          "ep_number": 467,
          "rating": 1,
          "content_type": "show",
          "p_start": 1761957000000,
          "vod_channel_description": "在汐止的黃昏市場，有一攤賣了30年的炸雞，每天下午3點營業就是排隊，外酥內嫩的口感客人讚爆，比臉大的雞排、腿排、雞塊，招牌雞翅、棒棒腿，老闆陳南宜不賣別的只賣炸雞，曾經締造開張不到3小時就賣光的紀錄！陳南宜從備料、醃肉、打肉、裹粉，都堅持自己來，黃金色的油鍋炸雞更是美味的關鍵。"
        }
      },
      "station_categories": [
        {
          "Name": "綜藝",
          "EngName": "Entertainment",
          "MenuOrder": 8
        }
      ]
    },
    "introduction": {
      "image": "https://p-cdnstatic.svc.litv.tv/pics/vod_channel/logo_3568_ofiii237_mobile_20241211.png",
      "description": "",
      "href_maps": []
    },
    "recommends": [],
    "ua": "Mozilla/5.0 (Windows NT 10.0; Win64; x64) AppleWebKit/537.36 (KHTML, like Gecko) Chrome/91.0.4472.124 Safari/537.36"
  },
  "__N_SSP": true
}