{
  "pageProps": {
    "contentId": "ofiii100",
    "channel": {
      "title": "長安十二時辰",
      "no": 100,
      "charge_mode": "F",
      "content_id": "ofiii100",
      "content_type": "vod-channel",
      "epg_categories": [
        4
      ],
      "genres": [
        {
          "id": "",
          "name": "VOD_CHANNEL",
          "logo": ""
        }
      ],
      "liad_id": "VODCHNEWOFIWEB",
      "package_info_id": "VOD_CHANNEL_DELUX",
      "picture": "pics/vod_channel/logo_3808_ofiii100_tv_20250729.png",
      "provider": [
        {
          "id": "",
          "name": "世詮多媒體",
          "logo": ""
        }
      ],
      "quality": "HD",
      "station_id": "station6742",
      "trial": "",
      "selectable": 1,
      "tr_logo": "pics/vod_channel/tr_logo_1753780490.png",
      "tl_logo": "",
      "br_logo": "",
      "bl_logo": "",
      "menu_type": 1,
      "vod_channel_schedule": {
        "channel_id": 100,
        "cdn_code": "ofiii100",
        "start_time": 1762089084000,
        "programs": [
          {
            "content_id": "VOD00154699",
            "time_codes": [
              698000,
              1496000,
              2167000
            ],
            "timecode_duration": [],
            "length": 2676000,
            "asset_id": "vod39421-000001M001",
            "title": "",
            "subtitle": "第1集 巳時 大荒落",
            "ep_number": 1,
            "rating": 1,
            "content_type": "drama",
            "p_start": 1754279700000,
            "vod_channel_description": "陸劇《長安十二時辰》線上看。張小敬出身行伍，退伍後任唐城地方安保「不良人」，後因處事不當被關押獄中。長安城混入可疑人士，「靖安司」司承李必特例委派張小敬戴罪立功、在上元節花燈大會前揪出意圖毀城之人。十二個時辰開始倒數，張小敬能否趕在輝煌燈火亮起之時，阻止長安城即將發生的劫難？"
          },
          {
            "content_id": "VOD00154700",
            "time_codes": [
              720000,
              1553000,
              2090000
            ],
            "timecode_duration": [],
            "length": 2831000,
            "asset_id": "vod39421-000002M001",
            "title": "",
            "subtitle": "第2集 午時 陽氣熾盛",
            "ep_number": 2,
            "rating": 1,
            "content_type": "drama",
            "p_start": 1754282700000,
            "vod_channel_description": "張小敬出身行伍，退伍後任唐城地方安保「不良人」，後因處事不當被關押獄中。長安城混入可疑人士，軍事機構「靖安司」司承李必特例委派張小敬戴罪立功、在上元節花燈大會前揪出意圖毀城之人。十二個時辰〈24小時〉開始倒數，張小敬能否趕在輝煌燈火亮起之時，阻止長安城即將發生的劫難呢？"
          },
          {
            "content_id": "VOD00154701",
            "time_codes": [
              758000,
              1405000
            ],
            "timecode_duration": [],
            "length": 2229000,
            "asset_id": "vod39421-000003M001",
            "title": "",
            "subtitle": "第3集 午時 陰陽交相",
            "ep_number": 3,
            "rating": 1,
            "content_type": "drama",
            "p_start": 1754285700000,
            "vod_channel_description": "張小敬出身行伍，退伍後任唐城地方安保「不良人」，後因處事不當被關押獄中。長安城混入可疑人士，軍事機構「靖安司」司承李必特例委派張小敬戴罪立功、在上元節花燈大會前揪出意圖毀城之人。十二個時辰〈24小時〉開始倒數，張小敬能否趕在輝煌燈火亮起之時，阻止長安城即將發生的劫難呢？"
          },
          {
            "content_id": "VOD00154702",
            "time_codes": [
              736000,
              1482000,
              2110000
            ],
            "timecode_duration": [],
            "length": 2346000,
            "asset_id": "vod39421-000004M001",
            "title": "",
            "subtitle": "第4集 午 正午",
            "ep_number": 4,
            "rating": 1,
            "content_type": "drama",
            "p_start": 1754288100000,
            "vod_channel_description": "張小敬出身行伍，退伍後任唐城地方安保「不良人」，後因處事不當被關押獄中。長安城混入可疑人士，軍事機構「靖安司」司承李必特例委派張小敬戴罪立功、在上元節花燈大會前揪出意圖毀城之人。十二個時辰〈24小時〉開始倒數，張小敬能否趕在輝煌燈火亮起之時，阻止長安城即將發生的劫難呢？"
          },
          {
            "content_id": "VOD00154703",
            "time_codes": [
              816000,
              1426000
            ],
            "timecode_duration": [],
            "length": 2153000,
            "asset_id": "vod39421-000005M001",
            "title": "",
            "subtitle": "第5集 午 日中",
            "ep_number": 5,
            "rating": 1,
            "content_type": "drama",
            "p_start": 1754290800000,
            "vod_channel_description": "張小敬出身行伍，退伍後任唐城地方安保「不良人」，後因處事不當被關押獄中。長安城混入可疑人士，軍事機構「靖安司」司承李必特例委派張小敬戴罪立功、在上元節花燈大會前揪出意圖毀城之人。十二個時辰〈24小時〉開始倒數，張小敬能否趕在輝煌燈火亮起之時，阻止長安城即將發生的劫難呢？"
          },
          {
            "content_id": "VOD00154704",
            "time_codes": [
              820000,
              1504000,
              2172000
            ],
            "timecode_duration": [],
            "length": 2682000,
            "asset_id": "vod39421-000006M001",
            "title": "",
            "subtitle": "第6集 午 日正",
            "ep_number": 6,
            "rating": 1,
            "content_type": "drama",
            "p_start": 1754293200000,
            "vod_channel_description": "張小敬出身行伍，退伍後任唐城地方安保「不良人」，後因處事不當被關押獄中。長安城混入可疑人士，軍事機構「靖安司」司承李必特例委派張小敬戴罪立功、在上元節花燈大會前揪出意圖毀城之人。十二個時辰〈24小時〉開始倒數，張小敬能否趕在輝煌燈火亮起之時，阻止長安城即將發生的劫難呢？"
          },
          {
            "content_id": "VOD00154705",
            "time_codes": [
              815000,
              1445000
            ],
            "timecode_duration": [],
            "length": 2247000,
            "asset_id": "vod39421-000007M001",
            "title": "",
            "subtitle": "第7集 未初 眛",
            "ep_number": 7,
            "rating": 1,
            "content_type": "drama",
            "p_start": 1754296200000,
            "vod_channel_description": "張小敬出身行伍，退伍後任唐城地方安保「不良人」，後因處事不當被關押獄中。長安城混入可疑人士，軍事機構「靖安司」司承李必特例委派張小敬戴罪立功、在上元節花燈大會前揪出意圖毀城之人。十二個時辰〈24小時〉開始倒數，張小敬能否趕在輝煌燈火亮起之時，阻止長安城即將發生的劫難呢？"
          },
          {
            "content_id": "VOD00154706",
            "time_codes": [
              711000,
              1433000,
              2087000
            ],
            "timecode_duration": [],
            "length": 2392000,
            "asset_id": "vod39421-000008M001",
            "title": "",
            "subtitle": "第8集 未初 日中而晨",
            "ep_number": 8,
            "rating": 1,
            "content_type": "drama",
            "p_start": 1754298600000,
            "vod_channel_description": "張小敬出身行伍，退伍後任唐城地方安保「不良人」，後因處事不當被關押獄中。長安城混入可疑人士，軍事機構「靖安司」司承李必特例委派張小敬戴罪立功、在上元節花燈大會前揪出意圖毀城之人。十二個時辰〈24小時〉開始倒數，張小敬能否趕在輝煌燈火亮起之時，阻止長安城即將發生的劫難呢？"
          },
          {
            "content_id": "VOD00154707",
            "time_codes": [
              825000,
              1511000,
              2022000
            ],
            "timecode_duration": [],
            "length": 2466000,
            "asset_id": "vod39421-000009M001",
            "title": "",
            "subtitle": "第9集 未正 陽向幽",
            "ep_number": 9,
            "rating": 1,
            "content_type": "drama",
            "p_start": 1754301300000,
            "vod_channel_description": "張小敬出身行伍，退伍後任唐城地方安保「不良人」，後因處事不當被關押獄中。長安城混入可疑人士，軍事機構「靖安司」司承李必特例委派張小敬戴罪立功、在上元節花燈大會前揪出意圖毀城之人。十二個時辰〈24小時〉開始倒數，張小敬能否趕在輝煌燈火亮起之時，阻止長安城即將發生的劫難呢？"
          },
          {
            "content_id": "VOD00154708",
            "time_codes": [
              781000,
              1444000,
              2146000
            ],
            "timecode_duration": [],
            "length": 2578000,
            "asset_id": "vod39421-000010M001",
            "title": "",
            "subtitle": "第10集 未 日西斜",
            "ep_number": 10,
            "rating": 1,
            "content_type": "drama",
            "p_start": 1754304000000,
            "vod_channel_description": "張小敬出身行伍，退伍後任唐城地方安保「不良人」，後因處事不當被關押獄中。長安城混入可疑人士，軍事機構「靖安司」司承李必特例委派張小敬戴罪立功、在上元節花燈大會前揪出意圖毀城之人。十二個時辰〈24小時〉開始倒數，張小敬能否趕在輝煌燈火亮起之時，阻止長安城即將發生的劫難呢？"
          },
          {
            "content_id": "VOD00154709",
            "time_codes": [
              685000,
              1516000
            ],
            "timecode_duration": [],
            "length": 2433000,
            "asset_id": "vod39421-000011M001",
            "title": "",
            "subtitle": "第11集 未 日映",
            "ep_number": 11,
            "rating": 1,
            "content_type": "drama",
            "p_start": 1754306700000,
            "vod_channel_description": "張小敬出身行伍，退伍後任唐城地方安保「不良人」，後因處事不當被關押獄中。長安城混入可疑人士，軍事機構「靖安司」司承李必特例委派張小敬戴罪立功、在上元節花燈大會前揪出意圖毀城之人。十二個時辰〈24小時〉開始倒數，張小敬能否趕在輝煌燈火亮起之時，阻止長安城即將發生的劫難呢？"
          },
          {
            "content_id": "VOD00154710",
            "time_codes": [
              825000,
              1458000,
              2083000
            ],
            "timecode_duration": [],
            "length": 2543000,
            "asset_id": "vod39421-000012M001",
            "title": "",
            "subtitle": "第12集 未 日西斜",
            "ep_number": 12,
            "rating": 1,
            "content_type": "drama",
            "p_start": 1754309400000,
            "vod_channel_description": "張小敬出身行伍，退伍後任唐城地方安保「不良人」，後因處事不當被關押獄中。長安城混入可疑人士，軍事機構「靖安司」司承李必特例委派張小敬戴罪立功、在上元節花燈大會前揪出意圖毀城之人。十二個時辰〈24小時〉開始倒數，張小敬能否趕在輝煌燈火亮起之時，阻止長安城即將發生的劫難呢？"
          },
          {
            "content_id": "VOD00154711",
            "time_codes": [
              706000,
              1446000,
              2228000
            ],
            "timecode_duration": [],
            "length": 2641000,
            "asset_id": "vod39421-000013M001",
            "title": "",
            "subtitle": "第13集 申初 伸束",
            "ep_number": 13,
            "rating": 1,
            "content_type": "drama",
            "p_start": 1754312100000,
            "vod_channel_description": "張小敬出身行伍，退伍後任唐城地方安保「不良人」，後因處事不當被關押獄中。長安城混入可疑人士，軍事機構「靖安司」司承李必特例委派張小敬戴罪立功、在上元節花燈大會前揪出意圖毀城之人。十二個時辰〈24小時〉開始倒數，張小敬能否趕在輝煌燈火亮起之時，阻止長安城即將發生的劫難呢？"
          },
          {
            "content_id": "VOD00154712",
            "time_codes": [
              662000,
              1399000
            ],
            "timecode_duration": [],
            "length": 2003000,
            "asset_id": "vod39421-000014M001",
            "title": "",
            "subtitle": "第14集 申 陰",
            "ep_number": 14,
            "rating": 1,
            "content_type": "drama",
            "p_start": 1754315100000,
            "vod_channel_description": "張小敬出身行伍，退伍後任唐城地方安保「不良人」，後因處事不當被關押獄中。長安城混入可疑人士，軍事機構「靖安司」司承李必特例委派張小敬戴罪立功、在上元節花燈大會前揪出意圖毀城之人。十二個時辰〈24小時〉開始倒數，張小敬能否趕在輝煌燈火亮起之時，阻止長安城即將發生的劫難呢？"
          },
          {
            "content_id": "VOD00154713",
            "time_codes": [
              745000,
              1425000
            ],
            "timecode_duration": [],
            "length": 2276000,
            "asset_id": "vod39421-000015M001",
            "title": "",
            "subtitle": "第15集 申 夕食",
            "ep_number": 15,
            "rating": 1,
            "content_type": "drama",
            "p_start": 1754317200000,
            "vod_channel_description": "張小敬出身行伍，退伍後任唐城地方安保「不良人」，後因處事不當被關押獄中。長安城混入可疑人士，軍事機構「靖安司」司承李必特例委派張小敬戴罪立功、在上元節花燈大會前揪出意圖毀城之人。十二個時辰〈24小時〉開始倒數，張小敬能否趕在輝煌燈火亮起之時，阻止長安城即將發生的劫難呢？"
          },
          {
            "content_id": "VOD00154714",
            "time_codes": [
              726000,
              1448000,
              2246000
            ],
            "timecode_duration": [],
            "length": 2944000,
            "asset_id": "vod39421-000016M001",
            "title": "",
            "subtitle": "第16集 酉初 作噩",
            "ep_number": 16,
            "rating": 1,
            "content_type": "drama",
            "p_start": 1754319600000,
            "vod_channel_description": "張小敬出身行伍，退伍後任唐城地方安保「不良人」，後因處事不當被關押獄中。長安城混入可疑人士，軍事機構「靖安司」司承李必特例委派張小敬戴罪立功、在上元節花燈大會前揪出意圖毀城之人。十二個時辰〈24小時〉開始倒數，張小敬能否趕在輝煌燈火亮起之時，阻止長安城即將發生的劫難呢？"
          },
          {
            "content_id": "VOD00154715",
            "time_codes": [
              711000,
              1507000,
              2214000
            ],
            "timecode_duration": [],
            "length": 2930000,
            "asset_id": "vod39421-000017M001",
            "title": "",
            "subtitle": "第17集 酉正 萬物成熟",
            "ep_number": 17,
            "rating": 1,
            "content_type": "drama",
            "p_start": 1754322900000,
            "vod_channel_description": "張小敬出身行伍，退伍後任唐城地方安保「不良人」，後因處事不當被關押獄中。長安城混入可疑人士，軍事機構「靖安司」司承李必特例委派張小敬戴罪立功、在上元節花燈大會前揪出意圖毀城之人。十二個時辰〈24小時〉開始倒數，張小敬能否趕在輝煌燈火亮起之時，阻止長安城即將發生的劫難呢？"
          },
          {
            "content_id": "VOD00154716",
            "time_codes": [
              730000,
              1456000,
              2079000
            ],
            "timecode_duration": [],
            "length": 2432000,
            "asset_id": "vod39421-000018M001",
            "title": "",
            "subtitle": "第18集 酉 日入",
            "ep_number": 18,
            "rating": 1,
            "content_type": "drama",
            "p_start": 1754325900000,
            "vod_channel_description": "張小敬出身行伍，退伍後任唐城地方安保「不良人」，後因處事不當被關押獄中。長安城混入可疑人士，軍事機構「靖安司」司承李必特例委派張小敬戴罪立功、在上元節花燈大會前揪出意圖毀城之人。十二個時辰〈24小時〉開始倒數，張小敬能否趕在輝煌燈火亮起之時，阻止長安城即將發生的劫難呢？"
          },
          {
            "content_id": "VOD00154717",
            "time_codes": [
              682000,
              1494000,
              2165000
            ],
            "timecode_duration": [],
            "length": 2579000,
            "asset_id": "vod39421-000019M001",
            "title": "",
            "subtitle": "第19集 酉 日沉",
            "ep_number": 19,
            "rating": 1,
            "content_type": "drama",
            "p_start": 1754328600000,
            "vod_channel_description": "張小敬出身行伍，退伍後任唐城地方安保「不良人」，後因處事不當被關押獄中。長安城混入可疑人士，軍事機構「靖安司」司承李必特例委派張小敬戴罪立功、在上元節花燈大會前揪出意圖毀城之人。十二個時辰〈24小時〉開始倒數，張小敬能否趕在輝煌燈火亮起之時，阻止長安城即將發生的劫難呢？"
          },
          {
            "content_id": "VOD00154718",
            "time_codes": [
              778000,
              1558000,
              2210000
            ],
            "timecode_duration": [],
            "length": 2799000,
            "asset_id": "vod39421-000020M001",
            "title": "",
            "subtitle": "第20集 戌 萬物朦朧",
            "ep_number": 20,
            "rating": 1,
            "content_type": "drama",
            "p_start": 1754331300000,
            "vod_channel_description": "張小敬出身行伍，退伍後任唐城地方安保「不良人」，後因處事不當被關押獄中。長安城混入可疑人士，軍事機構「靖安司」司承李必特例委派張小敬戴罪立功、在上元節花燈大會前揪出意圖毀城之人。十二個時辰〈24小時〉開始倒數，張小敬能否趕在輝煌燈火亮起之時，阻止長安城即將發生的劫難呢？"
          },
          {
            "content_id": "VOD00154719",
            "time_codes": [
              782000,
              1454000
            ],
            "timecode_duration": [],
            "length": 2243000,
            "asset_id": "vod39421-000021M001",
            "title": "",
            "subtitle": "第21集 戌正 日夕",
            "ep_number": 21,
            "rating": 1,
            "content_type": "drama",
            "p_start": 1754334300000,
            "vod_channel_description": "張小敬出身行伍，退伍後任唐城地方安保「不良人」，後因處事不當被關押獄中。長安城混入可疑人士，軍事機構「靖安司」司承李必特例委派張小敬戴罪立功、在上元節花燈大會前揪出意圖毀城之人。十二個時辰〈24小時〉開始倒數，張小敬能否趕在輝煌燈火亮起之時，阻止長安城即將發生的劫難呢？"
          },
          {
            "content_id": "VOD00154720",
            "time_codes": [
              728000,
              1500000
            ],
            "timecode_duration": [],
            "length": 2440000,
            "asset_id": "vod39421-000022M001",
            "title": "",
            "subtitle": "第22集 戌 日暮",
            "ep_number": 22,
            "rating": 1,
            "content_type": "drama",
            "p_start": 1754336700000,
            "vod_channel_description": "張小敬出身行伍，退伍後任唐城地方安保「不良人」，後因處事不當被關押獄中。長安城混入可疑人士，軍事機構「靖安司」司承李必特例委派張小敬戴罪立功、在上元節花燈大會前揪出意圖毀城之人。十二個時辰〈24小時〉開始倒數，張小敬能否趕在輝煌燈火亮起之時，阻止長安城即將發生的劫難呢？"
          },
          {
            "content_id": "VOD00154721",
            "time_codes": [
              750000,
              1494000,
              2167000
            ],
            "timecode_duration": [],
            "length": 2671000,
            "asset_id": "vod39421-000023M001",
            "title": "",
            "subtitle": "第23集 戌 萬物滅盡",
            "ep_number": 23,
            "rating": 1,
            "content_type": "drama",
            "p_start": 1754339400000,
            "vod_channel_description": "張小敬出身行伍，退伍後任唐城地方安保「不良人」，後因處事不當被關押獄中。長安城混入可疑人士，軍事機構「靖安司」司承李必特例委派張小敬戴罪立功、在上元節花燈大會前揪出意圖毀城之人。十二個時辰〈24小時〉開始倒數，張小敬能否趕在輝煌燈火亮起之時，阻止長安城即將發生的劫難呢？"
          },
          {
            "content_id": "VOD00154722",
            "time_codes": [
              760000,
              1454000
            ],
            "timecode_duration": [],
            "length": 2067000,
            "asset_id": "vod39421-000024M001",
            "title": "",
            "subtitle": "第24集 亥初 萬物收藏",
            "ep_number": 24,
            "rating": 1,
            "content_type": "drama",
            "p_start": 1754342400000,
            "vod_channel_description": "張小敬出身行伍，退伍後任唐城地方安保「不良人」，後因處事不當被關押獄中。長安城混入可疑人士，軍事機構「靖安司」司承李必特例委派張小敬戴罪立功、在上元節花燈大會前揪出意圖毀城之人。十二個時辰〈24小時〉開始倒數，張小敬能否趕在輝煌燈火亮起之時，阻止長安城即將發生的劫難呢？"
          },
          {
            "content_id": "VOD00154723",
            "time_codes": [
              763000,
              1478000
            ],
            "timecode_duration": [],
            "length": 2522000,
            "asset_id": "vod39421-000025M001",
            "title": "",
            "subtitle": "第25集 亥初 皆堅核",
            "ep_number": 25,
            "rating": 1,
            "content_type": "drama",
            "p_start": 1754344800000,
            "vod_channel_description": "張小敬出身行伍，退伍後任唐城地方安保「不良人」，後因處事不當被關押獄中。長安城混入可疑人士，軍事機構「靖安司」司承李必特例委派張小敬戴罪立功、在上元節花燈大會前揪出意圖毀城之人。十二個時辰〈24小時〉開始倒數，張小敬能否趕在輝煌燈火亮起之時，阻止長安城即將發生的劫難呢？"
          },
          {
            "content_id": "VOD00154724",
            "time_codes": [
              702000,
              1412000
            ],
            "timecode_duration": [],
            "length": 2233000,
            "asset_id": "vod39421-000026M001",
            "title": "",
            "subtitle": "第26集 亥正 人㝎",
            "ep_number": 26,
            "rating": 1,
            "content_type": "drama",
            "p_start": 1754347500000,
            "vod_channel_description": "張小敬出身行伍，退伍後任唐城地方安保「不良人」，後因處事不當被關押獄中。長安城混入可疑人士，軍事機構「靖安司」司承李必特例委派張小敬戴罪立功、在上元節花燈大會前揪出意圖毀城之人。十二個時辰〈24小時〉開始倒數，張小敬能否趕在輝煌燈火亮起之時，阻止長安城即將發生的劫難呢？"
          },
          {
            "content_id": "VOD00154725",
            "time_codes": [
              780000,
              1476000
            ],
            "timecode_duration": [],
            "length": 2515000,
            "asset_id": "vod39421-000027M001",
            "title": "",
            "subtitle": "第27集 亥 迎陽獻祭",
            "ep_number": 27,
            "rating": 1,
            "content_type": "drama",
            "p_start": 1754349900000,
            "vod_channel_description": "張小敬出身行伍，退伍後任唐城地方安保「不良人」，後因處事不當被關押獄中。長安城混入可疑人士，軍事機構「靖安司」司承李必特例委派張小敬戴罪立功、在上元節花燈大會前揪出意圖毀城之人。十二個時辰〈24小時〉開始倒數，張小敬能否趕在輝煌燈火亮起之時，阻止長安城即將發生的劫難呢？"
          },
          {
            "content_id": "VOD00154726",
            "time_codes": [
              802000,
              1402000,
              2143000
            ],
            "timecode_duration": [],
            "length": 2424000,
            "asset_id": "vod39421-000028M001",
            "title": "",
            "subtitle": "第28集 子初 困敦",
            "ep_number": 28,
            "rating": 1,
            "content_type": "drama",
            "p_start": 1754352600000,
            "vod_channel_description": "張小敬出身行伍，退伍後任唐城地方安保「不良人」，後因處事不當被關押獄中。長安城混入可疑人士，軍事機構「靖安司」司承李必特例委派張小敬戴罪立功、在上元節花燈大會前揪出意圖毀城之人。十二個時辰〈24小時〉開始倒數，張小敬能否趕在輝煌燈火亮起之時，阻止長安城即將發生的劫難呢？"
          },
          {
            "content_id": "VOD00154727",
            "time_codes": [
              700000,
              1416000
            ],
            "timecode_duration": [],
            "length": 2227000,
            "asset_id": "vod39421-000029M001",
            "title": "",
            "subtitle": "第29集 子初 陽氣混沌",
            "ep_number": 29,
            "rating": 1,
            "content_type": "drama",
            "p_start": 1754355300000,
            "vod_channel_description": "張小敬出身行伍，退伍後任唐城地方安保「不良人」，後因處事不當被關押獄中。長安城混入可疑人士，軍事機構「靖安司」司承李必特例委派張小敬戴罪立功、在上元節花燈大會前揪出意圖毀城之人。十二個時辰〈24小時〉開始倒數，張小敬能否趕在輝煌燈火亮起之時，阻止長安城即將發生的劫難呢？"
          },
          {
            "content_id": "VOD00154728",
            "time_codes": [
              681000,
              1455000
            ],
            "timecode_duration": [],
            "length": 2253000,
            "asset_id": "vod39421-000030M001",
            "title": "",
            "subtitle": "第30集 子初 子夜",
            "ep_number": 30,
            "rating": 1,
            "content_type": "drama",
            "p_start": 1754357700000,
            "vod_channel_description": "張小敬出身行伍，退伍後任唐城地方安保「不良人」，後因處事不當被關押獄中。長安城混入可疑人士，軍事機構「靖安司」司承李必特例委派張小敬戴罪立功、在上元節花燈大會前揪出意圖毀城之人。十二個時辰〈24小時〉開始倒數，張小敬能否趕在輝煌燈火亮起之時，阻止長安城即將發生的劫難呢？"
          },
          {
            "content_id": "VOD00154729",
            "time_codes": [
              662000,
              1535000
            ],
            "timecode_duration": [],
            "length": 2200000,
            "asset_id": "vod39421-000031M001",
            "title": "",
            "subtitle": "第31集 子初 中夜",
            "ep_number": 31,
            "rating": 1,
            "content_type": "drama",
            "p_start": 1754360100000,
            "vod_channel_description": "張小敬出身行伍，退伍後任唐城地方安保「不良人」，後因處事不當被關押獄中。長安城混入可疑人士，軍事機構「靖安司」司承李必特例委派張小敬戴罪立功、在上元節花燈大會前揪出意圖毀城之人。十二個時辰〈24小時〉開始倒數，張小敬能否趕在輝煌燈火亮起之時，阻止長安城即將發生的劫難呢？"
          },
          {
            "content_id": "VOD00154730",
            "time_codes": [
              760000,
              1494000
            ],
            "timecode_duration": [],
            "length": 2389000,
            "asset_id": "vod39421-000032M001",
            "title": "",
            "subtitle": "第32集 子初 夜半",
            "ep_number": 32,
            "rating": 1,
            "content_type": "drama",
            "p_start": 1754362500000,
            "vod_channel_description": "張小敬出身行伍，退伍後任唐城地方安保「不良人」，後因處事不當被關押獄中。長安城混入可疑人士，軍事機構「靖安司」司承李必特例委派張小敬戴罪立功、在上元節花燈大會前揪出意圖毀城之人。十二個時辰〈24小時〉開始倒數，張小敬能否趕在輝煌燈火亮起之時，阻止長安城即將發生的劫難呢？"
          },
          {
            "content_id": "VOD00154731",
            "time_codes": [
              698000,
              1516000
            ],
            "timecode_duration": [],
            "length": 2303000,
            "asset_id": "vod39421-000033M001",
            "title": "",
            "subtitle": "第33集 子初 一陽生",
            "ep_number": 33,
            "rating": 1,
            "content_type": "drama",
            "p_start": 1754365200000,
            "vod_channel_description": "張小敬出身行伍，退伍後任唐城地方安保「不良人」，後因處事不當被關押獄中。長安城混入可疑人士，軍事機構「靖安司」司承李必特例委派張小敬戴罪立功、在上元節花燈大會前揪出意圖毀城之人。十二個時辰〈24小時〉開始倒數，張小敬能否趕在輝煌燈火亮起之時，阻止長安城即將發生的劫難呢？"
          },
          {
            "content_id": "VOD00154732",
            "time_codes": [
              714000,
              1533000
            ],
            "timecode_duration": [],
            "length": 2325000,
            "asset_id": "vod39421-000034M001",
            "title": "",
            "subtitle": "第34集 子正 孳生",
            "ep_number": 34,
            "rating": 1,
            "content_type": "drama",
            "p_start": 1754367600000,
            "vod_channel_description": "張小敬出身行伍，退伍後任唐城地方安保「不良人」，後因處事不當被關押獄中。長安城混入可疑人士，軍事機構「靖安司」司承李必特例委派張小敬戴罪立功、在上元節花燈大會前揪出意圖毀城之人。十二個時辰〈24小時〉開始倒數，張小敬能否趕在輝煌燈火亮起之時，阻止長安城即將發生的劫難呢？"
          },
          {
            "content_id": "VOD00154733",
            "time_codes": [
              672000,
              1502000
            ],
            "timecode_duration": [],
            "length": 2410000,
            "asset_id": "vod39421-000035M001",
            "title": "",
            "subtitle": "第35集 子正 陽氣始萌",
            "ep_number": 35,
            "rating": 1,
            "content_type": "drama",
            "p_start": 1754370000000,
            "vod_channel_description": "張小敬出身行伍，退伍後任唐城地方安保「不良人」，後因處事不當被關押獄中。長安城混入可疑人士，軍事機構「靖安司」司承李必特例委派張小敬戴罪立功、在上元節花燈大會前揪出意圖毀城之人。十二個時辰〈24小時〉開始倒數，張小敬能否趕在輝煌燈火亮起之時，阻止長安城即將發生的劫難呢？"
          },
          {
            "content_id": "VOD00154734",
            "time_codes": [
              662000,
              1428000
            ],
            "timecode_duration": [],
            "length": 2405000,
            "asset_id": "vod39421-000036M001",
            "title": "",
            "subtitle": "第36集 子 未央",
            "ep_number": 36,
            "rating": 1,
            "content_type": "drama",
            "p_start": 1754372700000,
            "vod_channel_description": "張小敬出身行伍，退伍後任唐城地方安保「不良人」，後因處事不當被關押獄中。長安城混入可疑人士，軍事機構「靖安司」司承李必特例委派張小敬戴罪立功、在上元節花燈大會前揪出意圖毀城之人。十二個時辰〈24小時〉開始倒數，張小敬能否趕在輝煌燈火亮起之時，阻止長安城即將發生的劫難呢？"
          },
          {
            "content_id": "VOD00154735",
            "time_codes": [
              753000,
              1462000,
              2228000
            ],
            "timecode_duration": [],
            "length": 2638000,
            "asset_id": "vod39421-000037M001",
            "title": "",
            "subtitle": "第37集 丑 赤奮若",
            "ep_number": 37,
            "rating": 1,
            "content_type": "drama",
            "p_start": 1754375400000,
            "vod_channel_description": "張小敬出身行伍，退伍後任唐城地方安保「不良人」，後因處事不當被關押獄中。長安城混入可疑人士，軍事機構「靖安司」司承李必特例委派張小敬戴罪立功、在上元節花燈大會前揪出意圖毀城之人。十二個時辰〈24小時〉開始倒數，張小敬能否趕在輝煌燈火亮起之時，阻止長安城即將發生的劫難呢？"
          },
          {
            "content_id": "VOD00154736",
            "time_codes": [
              688000,
              1443000,
              2178000
            ],
            "timecode_duration": [],
            "length": 2758000,
            "asset_id": "vod39421-000038M001",
            "title": "",
            "subtitle": "第38集 丑 寒氣屈曲",
            "ep_number": 38,
            "rating": 1,
            "content_type": "drama",
            "p_start": 1754378100000,
            "vod_channel_description": "張小敬出身行伍，退伍後任唐城地方安保「不良人」，後因處事不當被關押獄中。長安城混入可疑人士，軍事機構「靖安司」司承李必特例委派張小敬戴罪立功、在上元節花燈大會前揪出意圖毀城之人。十二個時辰〈24小時〉開始倒數，張小敬能否趕在輝煌燈火亮起之時，阻止長安城即將發生的劫難呢？"
          },
          {
            "content_id": "VOD00154737",
            "time_codes": [
              734000,
              1505000
            ],
            "timecode_duration": [],
            "length": 2476000,
            "asset_id": "vod39421-000039M001",
            "title": "",
            "subtitle": "第39集 丑 紐也",
            "ep_number": 39,
            "rating": 1,
            "content_type": "drama",
            "p_start": 1754381100000,
            "vod_channel_description": "張小敬出身行伍，退伍後任唐城地方安保「不良人」，後因處事不當被關押獄中。長安城混入可疑人士，軍事機構「靖安司」司承李必特例委派張小敬戴罪立功、在上元節花燈大會前揪出意圖毀城之人。十二個時辰〈24小時〉開始倒數，張小敬能否趕在輝煌燈火亮起之時，阻止長安城即將發生的劫難呢？"
          },
          {
            "content_id": "VOD00154738",
            "time_codes": [
              731000,
              1526000,
              2220000
            ],
            "timecode_duration": [],
            "length": 2472000,
            "asset_id": "vod39421-000040M001",
            "title": "",
            "subtitle": "第40集 丑 荒雞",
            "ep_number": 40,
            "rating": 1,
            "content_type": "drama",
            "p_start": 1754383800000,
            "vod_channel_description": "張小敬出身行伍，退伍後任唐城地方安保「不良人」，後因處事不當被關押獄中。長安城混入可疑人士，軍事機構「靖安司」司承李必特例委派張小敬戴罪立功、在上元節花燈大會前揪出意圖毀城之人。十二個時辰〈24小時〉開始倒數，張小敬能否趕在輝煌燈火亮起之時，阻止長安城即將發生的劫難呢？"
          },
          {
            "content_id": "VOD00154739",
            "time_codes": [
              806000,
              1528000,
              2237000
            ],
            "timecode_duration": [],
            "length": 2638000,
            "asset_id": "vod39421-000041M001",
            "title": "",
            "subtitle": "第41集 丑 伸展",
            "ep_number": 41,
            "rating": 1,
            "content_type": "drama",
            "p_start": 1754386500000,
            "vod_channel_description": "張小敬出身行伍，退伍後任唐城地方安保「不良人」，後因處事不當被關押獄中。長安城混入可疑人士，軍事機構「靖安司」司承李必特例委派張小敬戴罪立功、在上元節花燈大會前揪出意圖毀城之人。十二個時辰〈24小時〉開始倒數，張小敬能否趕在輝煌燈火亮起之時，阻止長安城即將發生的劫難呢？"
          },
          {
            "content_id": "VOD00154740",
            "time_codes": [
              773000,
              1406000,
              2112000
            ],
            "timecode_duration": [],
            "length": 2645000,
            "asset_id": "vod39421-000042M001",
            "title": "",
            "subtitle": "第42集 丑正 燃燈",
            "ep_number": 42,
            "rating": 1,
            "content_type": "drama",
            "p_start": 1754389200000,
            "vod_channel_description": "張小敬出身行伍，退伍後任唐城地方安保「不良人」，後因處事不當被關押獄中。長安城混入可疑人士，軍事機構「靖安司」司承李必特例委派張小敬戴罪立功、在上元節花燈大會前揪出意圖毀城之人。十二個時辰〈24小時〉開始倒數，張小敬能否趕在輝煌燈火亮起之時，阻止長安城即將發生的劫難呢？"
          },
          {
            "content_id": "VOD00154741",
            "time_codes": [
              744000,
              1511000,
              2249000
            ],
            "timecode_duration": [],
            "length": 2917000,
            "asset_id": "vod39421-000043M001",
            "title": "",
            "subtitle": "第43集 寅 平旦",
            "ep_number": 43,
            "rating": 1,
            "content_type": "drama",
            "p_start": 1754392200000,
            "vod_channel_description": "張小敬出身行伍，退伍後任唐城地方安保「不良人」，後因處事不當被關押獄中。長安城混入可疑人士，軍事機構「靖安司」司承李必特例委派張小敬戴罪立功、在上元節花燈大會前揪出意圖毀城之人。十二個時辰〈24小時〉開始倒數，張小敬能否趕在輝煌燈火亮起之時，阻止長安城即將發生的劫難呢？"
          },
          {
            "content_id": "VOD00154742",
            "time_codes": [
              736000,
              1414000,
              2152000
            ],
            "timecode_duration": [],
            "length": 2366000,
            "asset_id": "vod39421-000044M001",
            "title": "",
            "subtitle": "第44集 寅末 夜隱",
            "ep_number": 44,
            "rating": 1,
            "content_type": "drama",
            "p_start": 1754395200000,
            "vod_channel_description": "張小敬出身行伍，退伍後任唐城地方安保「不良人」，後因處事不當被關押獄中。長安城混入可疑人士，軍事機構「靖安司」司承李必特例委派張小敬戴罪立功、在上元節花燈大會前揪出意圖毀城之人。十二個時辰〈24小時〉開始倒數，張小敬能否趕在輝煌燈火亮起之時，阻止長安城即將發生的劫難呢？"
          },
          {
            "content_id": "VOD00154743",
            "time_codes": [
              797000,
              1448000,
              2141000
            ],
            "timecode_duration": [],
            "length": 2557000,
            "asset_id": "vod39421-000045M001",
            "title": "",
            "subtitle": "第45集 卯初 日始",
            "ep_number": 45,
            "rating": 1,
            "content_type": "drama",
            "p_start": 1754397900000,
            "vod_channel_description": "張小敬出身行伍，退伍後任唐城地方安保「不良人」，後因處事不當被關押獄中。長安城混入可疑人士，軍事機構「靖安司」司承李必特例委派張小敬戴罪立功、在上元節花燈大會前揪出意圖毀城之人。十二個時辰〈24小時〉開始倒數，張小敬能否趕在輝煌燈火亮起之時，阻止長安城即將發生的劫難呢？"
          },
          {
            "content_id": "VOD00154744",
            "time_codes": [
              667000,
              1415000,
              2142000
            ],
            "timecode_duration": [],
            "length": 2432000,
            "asset_id": "vod39421-000046M001",
            "title": "",
            "subtitle": "第46集 卯 旭日昇",
            "ep_number": 46,
            "rating": 1,
            "content_type": "drama",
            "p_start": 1754400600000,
            "vod_channel_description": "張小敬出身行伍，退伍後任唐城地方安保「不良人」，後因處事不當被關押獄中。長安城混入可疑人士，軍事機構「靖安司」司承李必特例委派張小敬戴罪立功、在上元節花燈大會前揪出意圖毀城之人。十二個時辰〈24小時〉開始倒數，張小敬能否趕在輝煌燈火亮起之時，阻止長安城即將發生的劫難呢？"
          },
          {
            "content_id": "VOD00154745",
            "time_codes": [
              725000,
              1432000
            ],
            "timecode_duration": [],
            "length": 2461000,
            "asset_id": "vod39421-000047M001",
            "title": "",
            "subtitle": "第47集 辰 萬物舒伸",
            "ep_number": 47,
            "rating": 1,
            "content_type": "drama",
            "p_start": 1754403300000,
            "vod_channel_description": "張小敬出身行伍，退伍後任唐城地方安保「不良人」，後因處事不當被關押獄中。長安城混入可疑人士，軍事機構「靖安司」司承李必特例委派張小敬戴罪立功、在上元節花燈大會前揪出意圖毀城之人。十二個時辰〈24小時〉開始倒數，張小敬能否趕在輝煌燈火亮起之時，阻止長安城即將發生的劫難呢？"
          },
          {
            "content_id": "VOD00154746",
            "time_codes": [
              785000,
              1520000
            ],
            "timecode_duration": [],
            "length": 2157000,
            "asset_id": "vod39421-000048M001",
            "title": "",
            "subtitle": "第48集 巳正 大荒落",
            "ep_number": 48,
            "rating": 1,
            "content_type": "drama",
            "p_start": 1754406000000,
            "vod_channel_description": "張小敬出身行伍，退伍後任唐城地方安保「不良人」，後因處事不當被關押獄中。長安城混入可疑人士，軍事機構「靖安司」司承李必特例委派張小敬戴罪立功、在上元節花燈大會前揪出意圖毀城之人。十二個時辰〈24小時〉開始倒數，張小敬能否趕在輝煌燈火亮起之時，阻止長安城即將發生的劫難呢？"
          }
        ],
        "total_length": 118324000,
        "focus_index": 12,
        "next_index": 13,
        "time": 290588,
        "focus_program": {
          "content_id": "VOD00154711",
          "time_codes": [
            706000,
            1446000,
            2228000
          ],
          "timecode_duration": [],
          "length": 2641000,
          "asset_id": "vod39421-000013M001",
          "title": "",
          "subtitle": "第13集 申初 伸束",
          "ep_number": 13,
          "rating": 1,
          "content_type": "drama",
          "p_start": 1754312100000,
          "vod_channel_description": "張小敬出身行伍，退伍後任唐城地方安保「不良人」，後因處事不當被關押獄中。長安城混入可疑人士，軍事機構「靖安司」司承李必特例委派張小敬戴罪立功、在上元節花燈大會前揪出意圖毀城之人。十二個時辰〈24小時〉開始倒數，張小敬能否趕在輝煌燈火亮起之時，阻止長安城即將發生的劫難呢？"
        }
      },
      "station_categories": [
        {
          "Name": "戲劇",
          "EngName": "Drama",
          "MenuOrder": 7
        }
      ]
    },
    "introduction": {
      "image": "https://p-cdnstatic.svc.litv.tv/pics/vod_channel/logo_3564_ofiii100_mobile_20241202.png",
      "description": "寧毅家道中落負債累累，由蘇檀兒代為償債，為報恩委身為贅婿。大婚前遭人襲擊昏迷，昏迷期間因受平行時空穿越靈魂江皓辰影響，轉變成積極進取之性情。從最初安逸度日的贅婿，逐漸承擔起更多的責任，幫蘇檀兒創業，後來寧毅屢次身處險境，但最終靠勇氣和智慧守護了寧安城。",
      "href_maps": []
    },
    "recommends": [],
    "ua": "Mozilla/5.0 (Windows NT 10.0; Win64; x64) AppleWebKit/537.36 (KHTML, like Gecko) Chrome/91.0.4472.124 Safari/537.36"
  },
  "__N_SSP": true
}