{
  "pageProps": {
    "contentId": "ofiii22",
    "channel": {
      "title": "哆啦Ａ夢台",
      "no": 22,
      "charge_mode": "F",
      "content_id": "ofiii22",
      "content_type": "vod-channel",
      "epg_categories": [
        21,
        19,
        3
      ],
      "genres": [
        {
          "id": "",
          "name": "VOD_CHANNEL",
          "logo": ""
        }
      ],
      "liad_id": "VODCHNEWCHILDOFIWEB",
      "package_info_id": "VOD_CHANNEL_DELUX",
      "picture": "pics/vod_channel/logo_litv-vchannel22_tv_20190902.png",
      "provider": [
        {
          "id": "",
          "name": "",
          "logo": ""
        }
      ],
      "quality": "HD",
      "station_id": "station5680",
      "trial": "",
      "selectable": 1,
      "tr_logo": "pics/vod_channel/tr_logo_1679019674.png",
      "tl_logo": "",
      "br_logo": "",
      "bl_logo": "",
      "menu_type": 0,
      "vod_channel_schedule": {
        "channel_id": 22,
        "cdn_code": "ofiii22",
        "start_time": 1762148100000,
        "programs": [
          {
            "content_id": "VOD00353890",
            "time_codes": [
              871000,
              1791000,
              2713000,
              3592000,
              4543000,
              5431000
            ],
            "timecode_duration": [],
            "length": 5999000,
            "asset_id": "vod75705-000000M001",
            "title": "電影哆啦A夢：大雄與惑星之迷(國)",
            "subtitle": "Doraemon the Movie: Nobita and the Animal Planet",
            "ep_number": 0,
            "rating": 1,
            "content_type": "movie",
            "p_start": 1762148100000,
            "vod_channel_description": "某天夜晚，大雄在睡夢中從一片粉紅色的霧氣裡走進一個位在森林中的動物王國，那裡2的動物不僅使用人類的語言交流，而且都是直立行走。次日，大雄將這件事告訴同學，還拿了一朵從夢境裡帶來的花，但大家卻只是嘲笑他，根本沒有人相信。又到了夜晚，大雄再次進入那片森林，才發現這一切原來都不是夢…"
          },
          {
            "content_id": "VOD00353893",
            "time_codes": [
              896000,
              1835000,
              2691000,
              3589000,
              4557000,
              5462000
            ],
            "timecode_duration": [],
            "length": 6007000,
            "asset_id": "vod75708-000000M001",
            "title": "電影哆啦A夢：大雄與迷宮之旅(國)",
            "subtitle": "Doraemon the Movie: Nobita and the Tin Labyrinth",
            "ep_number": 0,
            "rating": 1,
            "content_type": "movie",
            "p_start": 1762154400000,
            "vod_channel_description": "又到了春假，大雄約定與爸爸去白金飯店遊玩。大雄本來非常高興，但是做出預約的爸爸卻不知道飯店實際位置，只好作罷。次日，一個神秘手提箱送到了大雄家裡，大雄通過這個手提箱竟真來到了白金飯店。本來大雄與哆啦A夢在島上愉快的玩耍，但哆啦A夢卻突然失蹤了，原來哆啦A夢被神秘火箭載走了…"
          },
          {
            "content_id": "VOD00040039",
            "time_codes": [
              927000,
              1797000,
              2724000,
              3646000,
              4499000,
              5380000
            ],
            "timecode_duration": [],
            "length": 6007000,
            "asset_id": "vod10760-000000M001",
            "title": "電影哆啦A夢：大雄之宇宙英雄記(國)",
            "subtitle": "Doraemon the Movie: Nobita and the Space Heroes",
            "ep_number": 0,
            "rating": 1,
            "content_type": "movie",
            "p_start": 1762160700000,
            "vod_channel_description": "哆啦A夢等人在拍攝英雄電影時，居然被人跟真正的「英雄」搞混，更誤打誤撞來到面臨危機的「波庫魯星」。於是，一行人只好化身為宇宙英雄，與怪物進行戰鬥。五人各個身懷絕技，哆啦A夢有著超級重錘、喜歡洗澡的靜香能控制水、胖虎有著超級力量、小夫的胳膊上有鑽頭，而大雄則可任意操控翻花繩！？"
          },
          {
            "content_id": "VOD00157424",
            "time_codes": [
              861000,
              1800000,
              2716000,
              3587000,
              4493000,
              5402000,
              6251000
            ],
            "timecode_duration": [],
            "length": 6728000,
            "asset_id": "vod39861-000000M001",
            "title": "電影哆啦A夢：大雄的新魔界大冒險～7人魔法使(國)",
            "subtitle": "Doraemon the Movie: The New Nobita｀s Great Adventure into the Underworld",
            "ep_number": 0,
            "rating": 1,
            "content_type": "movie",
            "p_start": 1762167000000,
            "vod_channel_description": "大雄利用「如果電話亭」創造出一個不可思議的魔法世界。在這個世界裡，魔法是人類生存和發展的主要源動力，因此每個人都會使用魔法，除了大雄。哆啦A夢和大雄認識了魔法學博士滿月牧師和他的女兒美夜子，並得知一個可怕的消息：魔界星正漸漸向地球靠近，如果不及時阻止，地球將面臨無法想像的毀滅…"
          },
          {
            "content_id": "VOD00156647",
            "time_codes": [
              937000,
              1785000,
              2648000,
              3552000,
              4487000
            ],
            "timecode_duration": [],
            "length": 5485000,
            "asset_id": "vod39741-000000M001",
            "title": "電影哆啦A夢：大雄的太陽王傳說(國)",
            "subtitle": "Doraemon the Movie: Nobita’s Legendary King of The Sun",
            "ep_number": 0,
            "rating": 1,
            "content_type": "movie",
            "p_start": 1762173900000,
            "vod_channel_description": "偶然之下，大雄與哆啦A夢闖進有太陽王國之稱的文明古國馬雅。在那裡，大雄遇上與自己長得一模一樣的王子迪奧，這個任性又高傲的王子對現代日本非常有興趣，便和大雄交換身分，各自展開不可思議的故事，當然也鬧出不少笑話。此時，在馬雅王國，拉蒂納處心積慮想奪取王位，因此對迪奧的母親下了詛咒…"
          },
          {
            "content_id": "VOD00157077",
            "time_codes": [
              887000,
              1784000,
              2715000,
              3646000,
              4487000,
              5413000
            ],
            "timecode_duration": [],
            "length": 6219000,
            "asset_id": "vod39789-000000M001",
            "title": "電影哆啦A夢：大雄的祕密道具博物館(國)",
            "subtitle": "Doraemon the Movie: Nobita in the Secret Gadgets Museum",
            "ep_number": 0,
            "rating": 1,
            "content_type": "movie",
            "p_start": 1762179600000,
            "vod_channel_description": "正在午睡的哆啦A夢，被謎之男「怪盜DX」盜取了身上的鈴鐺。經調查後，查到了在未來「祕密道具博物館」的線索。為了尋回鈴鐺，大雄一行人向未來出發！在博物館導覽員的帶領下，大雄等人又遇到祕密道具博物館被「怪盜DX」盜取道具的事件！哆啦A夢能否尋回鈴鐺？「怪盜DX」的真正身份又是誰？"
          },
          {
            "content_id": "VOD00157089",
            "time_codes": [
              908000,
              1762000,
              2710000,
              3620000,
              4596000,
              5398000
            ],
            "timecode_duration": [],
            "length": 6485000,
            "asset_id": "vod39801-000000M001",
            "title": "電影哆啦A夢：新大雄與鐵人兵團～振翅吧 天使們(國)",
            "subtitle": "Doraemon the Movie: Nobita and the Steel Troops: The New Age",
            "ep_number": 0,
            "rating": 1,
            "content_type": "movie",
            "p_start": 1762185900000,
            "vod_channel_description": "大雄在北極發現一個巨型機器人模型，但苦無組裝模型的地方，於是哆啦A夢使用「相反鏡子」，讓大雄可以在鏡子裡的相反世界盡情地組裝模型。組裝完成後，眾人赫然發現機器人身上居然搭載著可怕的飛彈武器，而且有人在相反世界建立起了侵略地球的基地！指揮者正是自稱機器人失主的莉露露…"
          },
          {
            "content_id": "VOD00157470",
            "time_codes": [
              892000,
              1811000,
              2705000,
              3630000,
              4560000,
              5451000,
              6332000
            ],
            "timecode_duration": [],
            "length": 6727000,
            "asset_id": "vod39870-000000M001",
            "title": "電影哆啦A夢：大雄與綠之巨人傳(國)",
            "subtitle": "Doraemon the Movie: Nobita and The Giant｀s Legend of Green Planet",
            "ep_number": 0,
            "rating": 1,
            "content_type": "movie",
            "p_start": 1762192500000,
            "vod_channel_description": "大雄偷偷養著一株小樹苗，為了讓小樹苗能自由活動，哆啦A夢用「植物自動液」將小樹苗變成一個男孩，並取名為「樹寶」。某天，大家在後山正玩得十分開心之際，突然被一個綠色的不明幽浮帶走，而來到綠之星球。這才發現，綠之星的莉蕾公主有感於地球不斷受到污染，準備率領士兵將破壞樹木的地球人毀滅…"
          },
          {
            "content_id": "VOD00156999",
            "time_codes": [
              885000,
              1773000,
              2692000,
              3658000,
              4524000,
              5396000
            ],
            "timecode_duration": [],
            "length": 5928000,
            "asset_id": "vod39775-000000M001",
            "title": "電影哆啦A夢：大雄的人魚大海戰(國)",
            "subtitle": "Doraemon the Movie: Nobita’s Mermaid Legend",
            "ep_number": 0,
            "rating": 1,
            "content_type": "movie",
            "p_start": 1762199400000,
            "vod_channel_description": "在利用秘密道具所創造出來的海中，大雄一行人偶然遇見迷路的人魚族公主蘇菲亞。穿上人魚服的一行人，和蘇菲亞一同前往海底世界。原以為會是段愉快的冒險旅程，卻在路上遭遇巨大怪魚的襲擊，雖然有驚無險地逃過一劫，但靜香竟被神秘怪客給抓走了！原來，抓走靜香的是覬覦「人魚寶劍」已久的「怪魚族」！"
          },
          {
            "content_id": "VOD00157085",
            "time_codes": [
              850000,
              1757000,
              2698000,
              3663000,
              4510000,
              5428000
            ],
            "timecode_duration": [],
            "length": 5971000,
            "asset_id": "vod39797-000000M001",
            "title": "電影哆啦A夢：大雄與奇跡之島~Animal adventure(國)",
            "subtitle": "Doraemon the Movie: Nobita and The Last Haven -Animal Adventure-",
            "ep_number": 0,
            "rating": 1,
            "content_type": "movie",
            "p_start": 1762205400000,
            "vod_channel_description": "大雄和哆啦A夢不小心用「時光膠」將絕種的巨大鳥類莫亞抓了回來！為了不讓牠絕種，哆啦A夢和大雄決定將莫亞帶到專門收容絕種動物的「貝雷加蒙島」。在那裡，一行人遇到住在叢林裡的洛克洛族，以及兒時的大雄爸爸。此時，為了奪取擁有神秘力量的金色獨角仙，壞心商人沙曼竟開始襲擊這座島嶼！"
          },
          {
            "content_id": "VOD00157091",
            "time_codes": [
              905000,
              1778000,
              2714000,
              3569000,
              4550000
            ],
            "timecode_duration": [],
            "length": 5326000,
            "asset_id": "vod39803-000000M001",
            "title": "電影哆啦A夢：大雄的貓狗時空傳(國)",
            "subtitle": "Doraemon the Movie: Nobita in the Wan-Nyan Space-time Odyssey",
            "ep_number": 0,
            "rating": 1,
            "content_type": "movie",
            "p_start": 1762211700000,
            "vod_channel_description": "某天，大雄搭救了差點溺死的流浪狗，並命名為「阿一」。偶然間，大雄等人在後山發現一群被人們隨意丟棄的流浪貓狗。無奈之下，大雄下定決心帶領他們回到沒有人類的3億年前，還利用「進化退化放射線源」，讓阿一他們得以自力更生。隔日，大雄等人依約前去探望阿一，未料卻誤闖有先進文明的貓狗王國！"
          },
          {
            "content_id": "VOD00353891",
            "time_codes": [
              872000,
              1769000,
              2705000,
              3653000,
              4554000,
              5395000
            ],
            "timecode_duration": [],
            "length": 5984000,
            "asset_id": "vod75706-000000M001",
            "title": "電影哆啦A夢：大雄的天方夜譚(國)",
            "subtitle": "Doraemon the Movie: Nobita｀s Dorabian Nights",
            "ep_number": 0,
            "rating": 1,
            "content_type": "movie",
            "p_start": 1762217100000,
            "vod_channel_description": "大雄等人用哆啦A夢的道具親身體驗《一千零一夜》畫冊中航海家辛巴達的故事。當旅遊結束後，卻發現靜香仍在故事書中的世界，而故事書居然被媽媽燒掉了。正在憂慮之際，眾人發現虛構的故事中也有真實的人物存在，便搭乘時光機返回古代阿拉伯世界尋找靜香。沒想到，他們一來到古代就被盜賊首領盯上…"
          },
          {
            "content_id": "VOD00156998",
            "time_codes": [
              857000,
              1778000,
              2667000,
              3664000,
              4563000,
              5424000,
              6289000
            ],
            "timecode_duration": [],
            "length": 6546000,
            "asset_id": "vod39774-000000M001",
            "title": "電影哆啦A夢：新大雄的大魔境 ~扁扁與五人之探險隊(國)",
            "subtitle": "Doraemon the Movie: Nobita in the New Haunts of Evil- Peko and the Five Explorers -",
            "ep_number": 0,
            "rating": 1,
            "content_type": "movie",
            "p_start": 1762223400000,
            "vod_channel_description": "這一天，大雄附近的空地發現一隻小狗，決定帶回家飼養並取名叫「扁扁」。偶然間，扁扁從大量的叢林空拍照中發現了奇異的巨石像，為了解開巨石像的謎題，大雄、哆啦A夢、靜香、胖虎、小夫與扁扁展開了一場精采的大冒險！究竟他們要如何到達秘境，並拯救神奇的狗王國呢？"
          },
          {
            "content_id": "VOD00157471",
            "time_codes": [
              875000,
              1835000,
              2717000,
              3589000,
              4478000,
              5392000
            ],
            "timecode_duration": [],
            "length": 6140000,
            "asset_id": "vod39871-000000M001",
            "title": "電影哆啦A夢：新大雄的宇宙開拓史(國)",
            "subtitle": "Doraemon the Movie: New Record of Nobita’s Spaceblazer",
            "ep_number": 0,
            "rating": 1,
            "content_type": "movie",
            "p_start": 1762230300000,
            "vod_channel_description": "某天，大雄房間的榻榻米被撞開，裡面跑出一個像兔子一樣的生物，牠的名字叫恰咪，是外星男孩羅布爾的寵物。羅布爾生活在名為可亞可亞的星球，那裡盛產奇妙的安泰德礦石。邪惡的加爾泰德礦業為了霸佔這些礦藏，不惜使出各種卑鄙手段。於是，大雄一行人決定幫助羅布爾等人守護家園！"
          }
        ],
        "total_length": 85552000,
        "focus_index": 0,
        "next_index": 1,
        "time": 3530087,
        "focus_program": {
          "content_id": "VOD00353890",
          "time_codes": [
            871000,
            1791000,
            2713000,
            3592000,
            4543000,
            5431000
          ],
          "timecode_duration": [],
          "length": 5999000,
          "asset_id": "vod75705-000000M001",
          "title": "電影哆啦A夢：大雄與惑星之迷(國)",
          "subtitle": "Doraemon the Movie: Nobita and the Animal Planet",
          "ep_number": 0,
          "rating": 1,
          "content_type": "movie",
          "p_start": 1762148100000,
          "vod_channel_description": "某天夜晚，大雄在睡夢中從一片粉紅色的霧氣裡走進一個位在森林中的動物王國，那裡2的動物不僅使用人類的語言交流，而且都是直立行走。次日，大雄將這件事告訴同學，還拿了一朵從夢境裡帶來的花，但大家卻只是嘲笑他，根本沒有人相信。又到了夜晚，大雄再次進入那片森林，才發現這一切原來都不是夢…"
        }
      },
      "station_categories": [
        {
          "Name": "熱門收視頻道",
          "EngName": "TOP50",
          "MenuOrder": 1
        },
        {
          "Name": "電影",
          "EngName": "Movie",
          "MenuOrder": 5
        },
        {
          "Name": "卡通‧兒童",
          "EngName": "Children",
          "MenuOrder": 9
        }
      ]
    },
    "introduction": {
      "image": "https://p-cdnstatic.svc.litv.tv/pics/vod_channel/logo_litv-vchannel22_mobile_20190902.png",
      "description": "精選多部哆啦A夢電影版作品，24小時直播不間斷，大人小孩都愛看！",
      "href_maps": []
    },
    "recommends": [
      {
        "description": "《@_@電影哆啦A夢：大雄的祕密道具博物館(國)@_@》",
        "href_map": {
          "title": "電影哆啦A夢：大雄的祕密道具博物館(國)",
          "href": "/vod/39785/1/E1"
        }
      },
      {
        "description": "《@_@電影哆啦A夢：大雄與奇跡之島(國)@_@》",
        "href_map": {
          "title": "電影哆啦A夢：大雄與奇跡之島(國)",
          "href": "/vod/39784/1/E1"
        }
      }
    ],
    "ua": "Mozilla/5.0 (Windows NT 10.0; Win64; x64) AppleWebKit/537.36 (KHTML, like Gecko) Chrome/91.0.4472.124 Safari/537.36"
  },
  "__N_SSP": true
}