{
  "pageProps": {
    "contentId": "ofiii161",
    "channel": {
      "title": "離開A級隊伍的我，和從前的弟子往迷宮深處邁進",
      "no": 161,
      "charge_mode": "F",
      "content_id": "ofiii161",
      "content_type": "vod-channel",
      "epg_categories": [
        109
      ],
      "genres": [
        {
          "id": "",
          "name": "VOD_CHANNEL",
          "logo": ""
        }
      ],
      "liad_id": "VODCHNEWCHILDOFIWEB",
      "package_info_id": "VOD_CHANNEL_DELUX",
      "picture": "pics/vod_channel/logo_3883_ofiii161_tv_20250924.png",
      "provider": [
        {
          "id": "",
          "name": "木棉花",
          "logo": ""
        }
      ],
      "quality": "HD",
      "station_id": "station6817",
      "trial": "",
      "selectable": 1,
      "tr_logo": "pics/vod_channel/tr_logo_1758696689.png",
      "tl_logo": "",
      "br_logo": "",
      "bl_logo": "",
      "menu_type": 1,
      "vod_channel_schedule": {
        "channel_id": 161,
        "cdn_code": "ofiii161",
        "start_time": 1762173000000,
        "programs": [
          {
            "content_id": "VOD00351776",
            "time_codes": [
              717000
            ],
            "timecode_duration": [],
            "length": 1381000,
            "asset_id": "vod75249-010001M001",
            "title": "",
            "subtitle": "第1季第1集 四葉草誕生",
            "ep_number": 1,
            "rating": 2,
            "content_type": "comic",
            "p_start": 1762173000000,
            "vod_channel_description": "紅魔導士優克退出了主要在冒險城市菲尼斯活動的A級隊伍「雷霆之槍」。優克一直以來活用各種道具跟魔法，從各方面輔助著團隊戰鬥，然而他的努力卻始終沒受到其他隊友認同，最後終於忍無可忍了。開始尋找新隊伍的優克，受到以前在冒險者職前研習擔任教官時的學生瑪莉娜邀請，便加入她初出茅廬的D級隊伍。"
          },
          {
            "content_id": "VOD00351777",
            "time_codes": [
              731000
            ],
            "timecode_duration": [],
            "length": 1381000,
            "asset_id": "vod75249-010002M001",
            "title": "",
            "subtitle": "第1季第2集 魔獸棲息的森林",
            "ep_number": 2,
            "rating": 2,
            "content_type": "comic",
            "p_start": 1762174500000,
            "vod_channel_description": "優克與前弟子瑪莉娜、希露可以及蕾茵組成了冒險隊伍「四葉草」。擔任隊長的他，與三名隊友一同慶祝達成任務，以及組成新隊伍。而且這次挑戰任務的過程還有透過卡麥拉君進行直播，讓他們一躍成為被受矚目的隊伍。期望隊友們有進一步成長的優克，接下了冒險者公會的瑪露所推薦，而且難度較低的C級任務。"
          },
          {
            "content_id": "VOD00351778",
            "time_codes": [
              619000
            ],
            "timecode_duration": [],
            "length": 1381000,
            "asset_id": "vod75249-010003M001",
            "title": "",
            "subtitle": "第1季第3集 魔物逆流",
            "ep_number": 3,
            "rating": 2,
            "content_type": "comic",
            "p_start": 1762176000000,
            "vod_channel_description": "在優克原創魔法的助攻下，「四葉草」成功討伐了魔獸馬頭惡魔。由D級隊伍挑戰B級程度的高難度任務，而且還成功達成一事，透過直播引爆話題。在那之後，優克他們被管理冒險者公會的公會長班伍德找去，並告知隊伍晉升為C級，優克自己也晉升為A級了。"
          },
          {
            "content_id": "VOD00351779",
            "time_codes": [
              680000
            ],
            "timecode_duration": [],
            "length": 1381000,
            "asset_id": "vod75249-010004M001",
            "title": "",
            "subtitle": "第1季第4集 影之人",
            "ep_number": 4,
            "rating": 2,
            "content_type": "comic",
            "p_start": 1762177500000,
            "vod_channel_description": "接下老牌武具工房「亞希茲」指名任務的「四葉草」，為了宣傳「亞希茲」提供的新作裝備而前往艾翁遺跡迷宮。這次的任務是要抵達位於遺跡迷宮地下第四階層的奧烏德雷特廢棄都市迷宮入口。「四葉草」一行人碰上了黑暗妖精的宿敵──下級魔物半獸人，而且第四階層更有著被視為危險存在的「影子」──"
          },
          {
            "content_id": "VOD00351780",
            "time_codes": [
              707000
            ],
            "timecode_duration": [],
            "length": 1381000,
            "asset_id": "vod75249-010005M001",
            "title": "",
            "subtitle": "第1季第5集 國家任務",
            "ep_number": 5,
            "rating": 2,
            "content_type": "comic",
            "p_start": 1762179000000,
            "vod_channel_description": "「四葉草」拿著達成好幾項任務所賺取到的報酬，在尋找用來當作隊伍據點的住家。隨著房仲去看了幾間物件之後，優克他們便決定買下一棟雙層公寓。這時，優克退出的A級隊伍「雷霆之槍」因為任務一再失敗，而面臨降級的危機。"
          },
          {
            "content_id": "VOD00351781",
            "time_codes": [
              794000
            ],
            "timecode_duration": [],
            "length": 1381000,
            "asset_id": "vod75249-010006M001",
            "title": "",
            "subtitle": "第1季第6集 無色暗影",
            "ep_number": 6,
            "rating": 2,
            "content_type": "comic",
            "p_start": 1762180500000,
            "vod_channel_description": "接下國家任務，儘管還是C級隊伍，「四葉草」卻還是得以進行「無色暗影」的調查。帶著新加入隊伍的貓人族寧寧，終於踏入了「無色暗影」。在用卡麥拉君進行現場直播的同時，「四葉草」也一邊應付魔物，謹慎地向前邁進。"
          },
          {
            "content_id": "VOD00351782",
            "time_codes": [
              824000
            ],
            "timecode_duration": [],
            "length": 1381000,
            "asset_id": "vod75249-010007M001",
            "title": "",
            "subtitle": "第1季第7集 蒼白的不死者之王",
            "ep_number": 7,
            "rating": 2,
            "content_type": "comic",
            "p_start": 1762182000000,
            "vod_channel_description": "「四葉草」以抵達第三層階梯入口為目標，開始進行「無色暗影」的第二次挑戰。就在走下第二層階梯時，卻不知為何出現一片藍天與遼闊的草原。造訪位於那裡的一間房子，便出現一位可疑的老婦人。結果太陽突然落下，優克等人也因為老婦人改變的樣貌而動搖不已。"
          },
          {
            "content_id": "VOD00351783",
            "time_codes": [
              676000
            ],
            "timecode_duration": [],
            "length": 1381000,
            "asset_id": "vod75249-010008M001",
            "title": "",
            "subtitle": "第1季第8集 曾喚作朋友之人",
            "ep_number": 8,
            "rating": 2,
            "content_type": "comic",
            "p_start": 1762183500000,
            "vod_channel_description": "儘管被「雷霆之槍」拖住腳步，「四葉草」一行人還是用可以立刻離開迷宮的「撤退的捲軸」，總算是逃出了「無色暗影」。然而，這時得知「雷霆之槍」的成員潔咪對優克抱持著強烈的後悔之意。"
          },
          {
            "content_id": "VOD00351784",
            "time_codes": [
              720000
            ],
            "timecode_duration": [],
            "length": 1381000,
            "asset_id": "vod75249-010009M001",
            "title": "",
            "subtitle": "第1季第9集 六葉的四葉草",
            "ep_number": 9,
            "rating": 2,
            "content_type": "comic",
            "p_start": 1762185000000,
            "vod_channel_description": "「四葉草」的成員們從「無色暗影」中救出潔咪後，也順利逃出來了。因為闖入已經封印的「無色暗影」中，他們受到一個月停止活動，以及冒險者信用評分扣分的懲罰。另一方面，不只寧寧正式加入隊伍，也讓受到一年內停止冒險者資格處分的潔咪加入，一行人便舉辦了歡迎派對。"
          },
          {
            "content_id": "VOD00351785",
            "time_codes": [
              746000
            ],
            "timecode_duration": [],
            "length": 1381000,
            "asset_id": "vod75249-019001M001",
            "title": "",
            "subtitle": "總集篇 隊伍特輯! 四葉草",
            "ep_number": 9001,
            "rating": 2,
            "content_type": "comic",
            "p_start": 1762186500000,
            "vod_channel_description": "自從組成之後，「四葉草」轉眼間就成為人氣隊伍。這次就由專門介紹冒險直播的阿翔跟卡多，來探究他們一路走紅的祕密並徹底解說！與他們本人一同回顧「四葉草」至今冒險軌跡的特別編。不只是隊員們擅長的戰術，就連平時看不到的真實樣貌，全都完整播出！"
          },
          {
            "content_id": "VOD00351786",
            "time_codes": [
              772000
            ],
            "timecode_duration": [],
            "length": 1381000,
            "asset_id": "vod75249-010010M001",
            "title": "",
            "subtitle": "第1季第10集 四葉草重新啟程",
            "ep_number": 10,
            "rating": 2,
            "content_type": "comic",
            "p_start": 1762188000000,
            "vod_channel_description": "接下國家任務的「四葉草」一行人抵達了貿易城市杜南。優克跟希露可一起去跟統領杜南一帶的冒險者公會公會長──瑪涅拉。她是曾與薩卡一起第一個挑戰「無色暗影」的隊伍成員之一。這次派給優克他們的任務是要調查在杜南近郊發現的新迷宮。在大眾的注目之下，總算升起了「四葉草」回歸的狼煙！"
          },
          {
            "content_id": "VOD00351787",
            "time_codes": [
              649000
            ],
            "timecode_duration": [],
            "length": 1381000,
            "asset_id": "vod75249-010011M001",
            "title": "",
            "subtitle": "第1季第11集 暮色中扭曲的王都",
            "ep_number": 11,
            "rating": 2,
            "content_type": "comic",
            "p_start": 1762189500000,
            "vod_channel_description": "優克一行人踏入新迷宮的第一層，雖然打倒了很快就出現的鎖鏈男，但包含他掉落的戒指在內，在各方面都無法掌握他的真面目。而且當他們前往寧寧找到的第二層時，竟出現了一片整備到不自然的遼闊都市景觀，優克覺得彷彿闖進異世界一般強烈的不自然感。"
          },
          {
            "content_id": "VOD00353038",
            "time_codes": [
              624000
            ],
            "timecode_duration": [],
            "length": 1381000,
            "asset_id": "vod75249-010012M001",
            "title": "",
            "subtitle": "第1季第12集 黃金巫女",
            "ep_number": 12,
            "rating": 2,
            "content_type": "comic",
            "p_start": 1762191000000,
            "vod_channel_description": "再次踏入王都「格拉德．錫伊姆」的「四葉草」，與廣場上蟲蛹形狀的魔物對峙。在隊員精彩的聯手攻擊下成功討伐，但祭出最後一擊的瑪莉娜，卻覺得魔物傳來了人類的感受。另外，得知了照射整片王都的「暮色」會給冒險者，甚至觀看直播的觀眾都帶來不好的影響。"
          },
          {
            "content_id": "VOD00351788",
            "time_codes": [
              687000
            ],
            "timecode_duration": [],
            "length": 1381000,
            "asset_id": "vod75249-010013M001",
            "title": "",
            "subtitle": "第1季第13集 書之精靈碧柏里昂",
            "ep_number": 13,
            "rating": 2,
            "content_type": "comic",
            "p_start": 1762192500000,
            "vod_channel_description": "王立學術院院長貝迪博亞，命令優克──成為「勇者」拯救面臨「淘汰」的世界。第一階段就是由四支隊伍共同執行封印「格拉德．錫伊姆」的任務，並打算闖進王都裡的柏旦城。在詭異老人羅格的指引下，一行人抵達了城內的王立資料庫。"
          },
          {
            "content_id": "VOD00351789",
            "time_codes": [
              727000
            ],
            "timecode_duration": [],
            "length": 1381000,
            "asset_id": "vod75249-010014M001",
            "title": "",
            "subtitle": "第1季第14集 唯一的黃金",
            "ep_number": 14,
            "rating": 2,
            "content_type": "comic",
            "p_start": 1762194000000,
            "vod_channel_description": "「格拉德．錫伊姆」是曾經存在於其他世界的都市。柏旦王為了免於「淘汰」帶來的危機，而強行使用魔法轉移到其他世界。但人民在那過程中變成魔物，王都也以迷宮的型態出現。"
          },
          {
            "content_id": "VOD00351790",
            "time_codes": [
              907000
            ],
            "timecode_duration": [],
            "length": 1381000,
            "asset_id": "vod75249-010015M001",
            "title": "",
            "subtitle": "第1季第15集 跨越時空",
            "ep_number": 15,
            "rating": 2,
            "content_type": "comic",
            "p_start": 1762195500000,
            "vod_channel_description": "獨自衝進柏旦城內的隊伍「全界躍動」在「餘暉」的影響下變成魔物了。「四葉草」、「逐日天狼」跟「緋紅隊」三支隊伍在與他們應戰的同時也要救出妮貝倫，這時柏旦王總算採取行動，讓他們因為壓倒性的戰力差距而身陷苦戰之中。最終與「唯一的黃金」對峙的優克，決定跟妮貝倫與羅格一起實行某個魔法。"
          },
          {
            "content_id": "VOD00351791",
            "time_codes": [
              676000
            ],
            "timecode_duration": [],
            "length": 1381000,
            "asset_id": "vod75249-010016M001",
            "title": "",
            "subtitle": "第1季第16集 自黃昏歸來，然後…",
            "ep_number": 16,
            "rating": 2,
            "content_type": "comic",
            "p_start": 1762197000000,
            "vod_channel_description": "破壞了「唯一的黃金」，「格拉德．錫伊姆」也完全消滅了。優克跟妮貝倫在黑暗中徬徨了好一段時間，終是在突然出現的光線引導下成功回到杜南。然而，不同於優克的體感，實際上已經過了長達兩星期的時間，回到據點時也不見蕾茵的身影。她為了尋找優克，而前往薩爾穆塔利亞第二王子．麥斯特瑪的宅邸了。"
          },
          {
            "content_id": "VOD00351792",
            "time_codes": [
              792000
            ],
            "timecode_duration": [],
            "length": 1381000,
            "asset_id": "vod75249-010017M001",
            "title": "",
            "subtitle": "第1季第17集 七葉的幸運草",
            "ep_number": 17,
            "rating": 2,
            "content_type": "comic",
            "p_start": 1762198500000,
            "vod_channel_description": "「四葉草」前往杜南近郊的迷宮所進行的調查，在優克的主導下整理好報告並上繳之後便正式結束。在那之後，貝迪博亞提出關於妮貝倫往後安排的討論，但優克表示將她作為新成員加入「四葉草」。間隔了一段短暫的休息，回到菲尼斯的「四葉草」受到當地居民熱烈歡迎。"
          },
          {
            "content_id": "VOD00351793",
            "time_codes": [
              760000
            ],
            "timecode_duration": [],
            "length": 1381000,
            "asset_id": "vod75249-010018M001",
            "title": "",
            "subtitle": "第1季第18集 王命任務",
            "ep_number": 18,
            "rating": 2,
            "content_type": "comic",
            "p_start": 1762200000000,
            "vod_channel_description": "威爾美莉亞的國王．文森特五世親自造訪回到菲尼斯據點的優克。他在獲得國王給予冒險者無上榮譽的「迷宮伯爵」稱號的同時，也接下了交付給「四葉草」的王命任務。內容是要以國家事業規模攻略薩爾穆塔利亞封印迷宮的委託。"
          },
          {
            "content_id": "VOD00351794",
            "time_codes": [
              651000
            ],
            "timecode_duration": [],
            "length": 1381000,
            "asset_id": "vod75249-010019M001",
            "title": "",
            "subtitle": "第1季第19集 威爾美莉亞的迷宮伯爵",
            "ep_number": 19,
            "rating": 2,
            "content_type": "comic",
            "p_start": 1762201500000,
            "vod_channel_description": "抵達薩爾穆塔利亞的「四葉草」一行人，雖然受到山賊手段粗暴的歡迎，但還是成功與王命任務的起因麥斯特瑪會合了。抵達為了「四葉草」所準備的新興城市拉玖之後，為了能讓他們順利進行任務，不只是打造了冒險者公會，還替優克他們安排了任務期間居住的豪華宅邸。"
          },
          {
            "content_id": "VOD00351795",
            "time_codes": [
              700000
            ],
            "timecode_duration": [],
            "length": 1381000,
            "asset_id": "vod75249-010020M001",
            "title": "",
            "subtitle": "第1季第20集 顛倒的世界",
            "ep_number": 20,
            "rating": 2,
            "content_type": "comic",
            "p_start": 1762203000000,
            "vod_channel_description": "為了阻止魔物大暴走,以及其主因──開始解開的封印，優克提議對位於薩爾穆塔利亞的王廟展開速攻。在會危及薩爾穆塔利亞全境這般刻不容緩的狀況下，「四葉草」果敢執行三項作戰。設置直播用的轉播魔法道具、確保通往王廟的路線並確認內部環境，以及攻略王廟。"
          },
          {
            "content_id": "VOD00351796",
            "time_codes": [
              663000
            ],
            "timecode_duration": [],
            "length": 1381000,
            "asset_id": "vod75249-010021M001",
            "title": "",
            "subtitle": "第1季第21集 反轉迷宮(特內布雷)",
            "ep_number": 21,
            "rating": 2,
            "content_type": "comic",
            "p_start": 1762204500000,
            "vod_channel_description": "不只是薩爾穆塔利亞，開始覆蓋這整個世界，既詭異又不祥的半球狀黑色高牆──那正是被稱作反轉迷宮（特內布雷）的現象。優克推測會不會是因為位於「無色暗影」最深處的深淵之門的封印解開了，才會導致跟那個地方相連在一起的所有迷宮都出現了反轉現象。"
          },
          {
            "content_id": "VOD00351797",
            "time_codes": [
              755000
            ],
            "timecode_duration": [],
            "length": 1381000,
            "asset_id": "vod75249-010022M001",
            "title": "",
            "subtitle": "第1季第22集 意料之外的重逢",
            "ep_number": 22,
            "rating": 2,
            "content_type": "comic",
            "p_start": 1762206000000,
            "vod_channel_description": "優克與以前在封印了深淵之門後就下落不明的叔叔，同時也是恩師的薩卡重逢了。兩人聯手展開攻略，薩卡跟班伍德他們一起從菲尼斯那一側進入，優克則是從薩爾穆塔利亞的王廟這邊進入「無色暗影」，並以最深處為目標前進。儘管成功踏入反轉迷宮，卻發現王廟周遭出現大量影之人。"
          },
          {
            "content_id": "VOD00351798",
            "time_codes": [
              612000
            ],
            "timecode_duration": [],
            "length": 1381000,
            "asset_id": "vod75249-010023M001",
            "title": "",
            "subtitle": "第1季第23集 暗影的盡頭",
            "ep_number": 23,
            "rating": 2,
            "content_type": "comic",
            "p_start": 1762207500000,
            "vod_channel_description": "在出現於反轉迷宮裡的冒險者公會跟班伍德他們會合之後，「四葉草」一行人朝著地底下的大空洞前進。傳說級隊伍「冥界之神」在跟影之人戰鬥時，展現出與15年前相去無幾的堅強實力。在「冥界之神」的協助下，優克他們成功從大空洞抵達「無色暗影」。「四葉草」以及優克所懷抱的遠大夢想──"
          },
          {
            "content_id": "VOD00351799",
            "time_codes": [
              720000
            ],
            "timecode_duration": [],
            "length": 1381000,
            "asset_id": "vod75249-010024M001",
            "title": "",
            "subtitle": "第1季第24集 夢想的前方",
            "ep_number": 24,
            "rating": 2,
            "content_type": "comic",
            "p_start": 1762209000000,
            "vod_channel_description": "在薩卡的帶領下，「四葉草」抵達了「無色暗影」的最深處。他們在那裡與導致動搖世界「真理」現象的元凶──「淘汰」對峙。與散發出憎恨氣息的「淘汰」之間的戰鬥著實極為激烈。另一方面，作為隊長率領「四葉草」到這一步的優克，面對能夠拯救世界的唯一方法，暗自抱持了某個悲壯的決心。"
          }
        ],
        "total_length": 34525000,
        "focus_index": 21,
        "next_index": 22,
        "time": 916088,
        "focus_program": {
          "content_id": "VOD00351796",
          "time_codes": [
            663000
          ],
          "timecode_duration": [],
          "length": 1381000,
          "asset_id": "vod75249-010021M001",
          "title": "",
          "subtitle": "第1季第21集 反轉迷宮(特內布雷)",
          "ep_number": 21,
          "rating": 2,
          "content_type": "comic",
          "p_start": 1762204500000,
          "vod_channel_description": "不只是薩爾穆塔利亞，開始覆蓋這整個世界，既詭異又不祥的半球狀黑色高牆──那正是被稱作反轉迷宮（特內布雷）的現象。優克推測會不會是因為位於「無色暗影」最深處的深淵之門的封印解開了，才會導致跟那個地方相連在一起的所有迷宮都出現了反轉現象。"
        }
      },
      "station_categories": [
        {
          "Name": "動漫",
          "EngName": "Animate",
          "MenuOrder": 109
        }
      ]
    },
    "introduction": {
      "image": "https://p-cdnstatic.svc.litv.tv/pics/vod_channel/logo_2991_ofiii165_mobile_20230802.png",
      "description": "",
      "href_maps": []
    },
    "recommends": [],
    "ua": "Mozilla/5.0 (Windows NT 10.0; Win64; x64) AppleWebKit/537.36 (KHTML, like Gecko) Chrome/91.0.4472.124 Safari/537.36"
  },
  "__N_SSP": true
}