{
  "pageProps": {
    "contentId": "ofiii104",
    "channel": {
      "title": "武媚娘傳奇",
      "no": 104,
      "charge_mode": "F",
      "content_id": "ofiii104",
      "content_type": "vod-channel",
      "epg_categories": [
        4
      ],
      "genres": [
        {
          "id": "",
          "name": "VOD_CHANNEL",
          "logo": ""
        }
      ],
      "liad_id": "VODCHNEWOFIWEB",
      "package_info_id": "VOD_CHANNEL_DELUX",
      "picture": "pics/vod_channel/logo_3412_ofiii104_tv_20250221.png",
      "provider": [
        {
          "id": "",
          "name": "龍華",
          "logo": ""
        }
      ],
      "quality": "HD",
      "station_id": "station6346",
      "trial": "",
      "selectable": 1,
      "tr_logo": "pics/vod_channel/tr_logo_1722393506.png",
      "tl_logo": "",
      "br_logo": "",
      "bl_logo": "",
      "menu_type": 0,
      "vod_channel_schedule": {
        "channel_id": 104,
        "cdn_code": "ofiii104",
        "start_time": 1762152000000,
        "programs": [
          {
            "content_id": "VOD00334775",
            "time_codes": [
              702000,
              1384000,
              2118000
            ],
            "timecode_duration": [],
            "length": 2722000,
            "asset_id": "vod71808-000001M001",
            "title": "",
            "subtitle": "第1集",
            "ep_number": 1,
            "rating": 1,
            "content_type": "drama",
            "p_start": 1739931900000,
            "vod_channel_description": "講述武則天（范冰冰）從青澀少女到一代女皇的成長奮鬥史。神龍元年，皇太子李顯在宰相張柬之等人的簇擁下逼宮，面對大周女皇帝武則天，懦弱的太子李顯落荒而逃。這都在武則天的意料之中。她在等著一個人讓她放心將大唐江山託付，中國歷史上唯一的女皇帝的傳奇一生揭開帷幕！"
          },
          {
            "content_id": "VOD00334776",
            "time_codes": [
              771000,
              1454000,
              2225000
            ],
            "timecode_duration": [],
            "length": 2725000,
            "asset_id": "vod71808-000002M001",
            "title": "",
            "subtitle": "第2集",
            "ep_number": 2,
            "rating": 1,
            "content_type": "drama",
            "p_start": 1739934900000,
            "vod_channel_description": "講述武則天（范冰冰）從青澀少女到一代女皇的成長奮鬥史。神龍元年，皇太子李顯在宰相張柬之等人的簇擁下逼宮，面對大周女皇帝武則天，懦弱的太子李顯落荒而逃。這都在武則天的意料之中。她在等著一個人讓她放心將大唐江山託付，中國歷史上唯一的女皇帝的傳奇一生揭開帷幕！"
          },
          {
            "content_id": "VOD00334777",
            "time_codes": [
              686000,
              1459000,
              2208000
            ],
            "timecode_duration": [],
            "length": 2702000,
            "asset_id": "vod71808-000003M001",
            "title": "",
            "subtitle": "第3集",
            "ep_number": 3,
            "rating": 1,
            "content_type": "drama",
            "p_start": 1739937900000,
            "vod_channel_description": "講述武則天（范冰冰）從青澀少女到一代女皇的成長奮鬥史。神龍元年，皇太子李顯在宰相張柬之等人的簇擁下逼宮，面對大周女皇帝武則天，懦弱的太子李顯落荒而逃。這都在武則天的意料之中。她在等著一個人讓她放心將大唐江山託付，中國歷史上唯一的女皇帝的傳奇一生揭開帷幕！"
          },
          {
            "content_id": "VOD00334778",
            "time_codes": [
              748000,
              1422000,
              2135000
            ],
            "timecode_duration": [],
            "length": 2732000,
            "asset_id": "vod71808-000004M001",
            "title": "",
            "subtitle": "第4集",
            "ep_number": 4,
            "rating": 1,
            "content_type": "drama",
            "p_start": 1739940900000,
            "vod_channel_description": "講述武則天（范冰冰）從青澀少女到一代女皇的成長奮鬥史。神龍元年，皇太子李顯在宰相張柬之等人的簇擁下逼宮，面對大周女皇帝武則天，懦弱的太子李顯落荒而逃。這都在武則天的意料之中。她在等著一個人讓她放心將大唐江山託付，中國歷史上唯一的女皇帝的傳奇一生揭開帷幕！"
          },
          {
            "content_id": "VOD00334779",
            "time_codes": [
              735000,
              1479000,
              2150000
            ],
            "timecode_duration": [],
            "length": 2717000,
            "asset_id": "vod71808-000005M001",
            "title": "",
            "subtitle": "第5集",
            "ep_number": 5,
            "rating": 1,
            "content_type": "drama",
            "p_start": 1739943900000,
            "vod_channel_description": "講述武則天（范冰冰）從青澀少女到一代女皇的成長奮鬥史。神龍元年，皇太子李顯在宰相張柬之等人的簇擁下逼宮，面對大周女皇帝武則天，懦弱的太子李顯落荒而逃。這都在武則天的意料之中。她在等著一個人讓她放心將大唐江山託付，中國歷史上唯一的女皇帝的傳奇一生揭開帷幕！"
          },
          {
            "content_id": "VOD00334780",
            "time_codes": [
              677000,
              1447000,
              2165000
            ],
            "timecode_duration": [],
            "length": 2722000,
            "asset_id": "vod71808-000006M001",
            "title": "",
            "subtitle": "第6集",
            "ep_number": 6,
            "rating": 1,
            "content_type": "drama",
            "p_start": 1739946900000,
            "vod_channel_description": "講述武則天（范冰冰）從青澀少女到一代女皇的成長奮鬥史。神龍元年，皇太子李顯在宰相張柬之等人的簇擁下逼宮，面對大周女皇帝武則天，懦弱的太子李顯落荒而逃。這都在武則天的意料之中。她在等著一個人讓她放心將大唐江山託付，中國歷史上唯一的女皇帝的傳奇一生揭開帷幕！"
          },
          {
            "content_id": "VOD00334781",
            "time_codes": [
              709000,
              1394000,
              2147000
            ],
            "timecode_duration": [],
            "length": 2730000,
            "asset_id": "vod71808-000007M001",
            "title": "",
            "subtitle": "第7集",
            "ep_number": 7,
            "rating": 1,
            "content_type": "drama",
            "p_start": 1739949900000,
            "vod_channel_description": "講述武則天（范冰冰）從青澀少女到一代女皇的成長奮鬥史。神龍元年，皇太子李顯在宰相張柬之等人的簇擁下逼宮，面對大周女皇帝武則天，懦弱的太子李顯落荒而逃。這都在武則天的意料之中。她在等著一個人讓她放心將大唐江山託付，中國歷史上唯一的女皇帝的傳奇一生揭開帷幕！"
          },
          {
            "content_id": "VOD00334782",
            "time_codes": [
              703000,
              1396000,
              2106000
            ],
            "timecode_duration": [],
            "length": 2707000,
            "asset_id": "vod71808-000008M001",
            "title": "",
            "subtitle": "第8集",
            "ep_number": 8,
            "rating": 1,
            "content_type": "drama",
            "p_start": 1739952900000,
            "vod_channel_description": "講述武則天（范冰冰）從青澀少女到一代女皇的成長奮鬥史。神龍元年，皇太子李顯在宰相張柬之等人的簇擁下逼宮，面對大周女皇帝武則天，懦弱的太子李顯落荒而逃。這都在武則天的意料之中。她在等著一個人讓她放心將大唐江山託付，中國歷史上唯一的女皇帝的傳奇一生揭開帷幕！"
          },
          {
            "content_id": "VOD00334783",
            "time_codes": [
              661000,
              1493000,
              2136000
            ],
            "timecode_duration": [],
            "length": 2728000,
            "asset_id": "vod71808-000009M001",
            "title": "",
            "subtitle": "第9集",
            "ep_number": 9,
            "rating": 1,
            "content_type": "drama",
            "p_start": 1739955900000,
            "vod_channel_description": "講述武則天（范冰冰）從青澀少女到一代女皇的成長奮鬥史。神龍元年，皇太子李顯在宰相張柬之等人的簇擁下逼宮，面對大周女皇帝武則天，懦弱的太子李顯落荒而逃。這都在武則天的意料之中。她在等著一個人讓她放心將大唐江山託付，中國歷史上唯一的女皇帝的傳奇一生揭開帷幕！"
          },
          {
            "content_id": "VOD00334784",
            "time_codes": [
              681000,
              1481000,
              2217000
            ],
            "timecode_duration": [],
            "length": 2702000,
            "asset_id": "vod71808-000010M001",
            "title": "",
            "subtitle": "第10集",
            "ep_number": 10,
            "rating": 1,
            "content_type": "drama",
            "p_start": 1739958900000,
            "vod_channel_description": "講述武則天（范冰冰）從青澀少女到一代女皇的成長奮鬥史。神龍元年，皇太子李顯在宰相張柬之等人的簇擁下逼宮，面對大周女皇帝武則天，懦弱的太子李顯落荒而逃。這都在武則天的意料之中。她在等著一個人讓她放心將大唐江山託付，中國歷史上唯一的女皇帝的傳奇一生揭開帷幕！"
          },
          {
            "content_id": "VOD00334785",
            "time_codes": [
              714000,
              1475000,
              2149000
            ],
            "timecode_duration": [],
            "length": 2702000,
            "asset_id": "vod71808-000011M001",
            "title": "",
            "subtitle": "第11集",
            "ep_number": 11,
            "rating": 1,
            "content_type": "drama",
            "p_start": 1739961900000,
            "vod_channel_description": "講述武則天（范冰冰）從青澀少女到一代女皇的成長奮鬥史。神龍元年，皇太子李顯在宰相張柬之等人的簇擁下逼宮，面對大周女皇帝武則天，懦弱的太子李顯落荒而逃。這都在武則天的意料之中。她在等著一個人讓她放心將大唐江山託付，中國歷史上唯一的女皇帝的傳奇一生揭開帷幕！"
          },
          {
            "content_id": "VOD00334786",
            "time_codes": [
              669000,
              1418000,
              2170000
            ],
            "timecode_duration": [],
            "length": 2702000,
            "asset_id": "vod71808-000012M001",
            "title": "",
            "subtitle": "第12集",
            "ep_number": 12,
            "rating": 1,
            "content_type": "drama",
            "p_start": 1739964900000,
            "vod_channel_description": "講述武則天（范冰冰）從青澀少女到一代女皇的成長奮鬥史。神龍元年，皇太子李顯在宰相張柬之等人的簇擁下逼宮，面對大周女皇帝武則天，懦弱的太子李顯落荒而逃。這都在武則天的意料之中。她在等著一個人讓她放心將大唐江山託付，中國歷史上唯一的女皇帝的傳奇一生揭開帷幕！"
          },
          {
            "content_id": "VOD00334787",
            "time_codes": [
              666000,
              1499000,
              2116000
            ],
            "timecode_duration": [],
            "length": 2706000,
            "asset_id": "vod71808-000013M001",
            "title": "",
            "subtitle": "第13集",
            "ep_number": 13,
            "rating": 1,
            "content_type": "drama",
            "p_start": 1739967900000,
            "vod_channel_description": "講述武則天（范冰冰）從青澀少女到一代女皇的成長奮鬥史。神龍元年，皇太子李顯在宰相張柬之等人的簇擁下逼宮，面對大周女皇帝武則天，懦弱的太子李顯落荒而逃。這都在武則天的意料之中。她在等著一個人讓她放心將大唐江山託付，中國歷史上唯一的女皇帝的傳奇一生揭開帷幕！"
          },
          {
            "content_id": "VOD00334788",
            "time_codes": [
              692000,
              1420000,
              2203000
            ],
            "timecode_duration": [],
            "length": 2702000,
            "asset_id": "vod71808-000014M001",
            "title": "",
            "subtitle": "第14集",
            "ep_number": 14,
            "rating": 1,
            "content_type": "drama",
            "p_start": 1739970900000,
            "vod_channel_description": "講述武則天（范冰冰）從青澀少女到一代女皇的成長奮鬥史。神龍元年，皇太子李顯在宰相張柬之等人的簇擁下逼宮，面對大周女皇帝武則天，懦弱的太子李顯落荒而逃。這都在武則天的意料之中。她在等著一個人讓她放心將大唐江山託付，中國歷史上唯一的女皇帝的傳奇一生揭開帷幕！"
          },
          {
            "content_id": "VOD00334789",
            "time_codes": [
              674000,
              1414000,
              2122000
            ],
            "timecode_duration": [],
            "length": 2701000,
            "asset_id": "vod71808-000015M001",
            "title": "",
            "subtitle": "第15集",
            "ep_number": 15,
            "rating": 1,
            "content_type": "drama",
            "p_start": 1739973900000,
            "vod_channel_description": "講述武則天（范冰冰）從青澀少女到一代女皇的成長奮鬥史。神龍元年，皇太子李顯在宰相張柬之等人的簇擁下逼宮，面對大周女皇帝武則天，懦弱的太子李顯落荒而逃。這都在武則天的意料之中。她在等著一個人讓她放心將大唐江山託付，中國歷史上唯一的女皇帝的傳奇一生揭開帷幕！"
          },
          {
            "content_id": "VOD00334790",
            "time_codes": [
              712000,
              1491000,
              2109000
            ],
            "timecode_duration": [],
            "length": 2702000,
            "asset_id": "vod71808-000016M001",
            "title": "",
            "subtitle": "第16集",
            "ep_number": 16,
            "rating": 1,
            "content_type": "drama",
            "p_start": 1739976900000,
            "vod_channel_description": "講述武則天（范冰冰）從青澀少女到一代女皇的成長奮鬥史。神龍元年，皇太子李顯在宰相張柬之等人的簇擁下逼宮，面對大周女皇帝武則天，懦弱的太子李顯落荒而逃。這都在武則天的意料之中。她在等著一個人讓她放心將大唐江山託付，中國歷史上唯一的女皇帝的傳奇一生揭開帷幕！"
          },
          {
            "content_id": "VOD00334791",
            "time_codes": [
              693000,
              1487000,
              2180000
            ],
            "timecode_duration": [],
            "length": 2706000,
            "asset_id": "vod71808-000017M001",
            "title": "",
            "subtitle": "第17集",
            "ep_number": 17,
            "rating": 1,
            "content_type": "drama",
            "p_start": 1739979900000,
            "vod_channel_description": "講述武則天（范冰冰）從青澀少女到一代女皇的成長奮鬥史。神龍元年，皇太子李顯在宰相張柬之等人的簇擁下逼宮，面對大周女皇帝武則天，懦弱的太子李顯落荒而逃。這都在武則天的意料之中。她在等著一個人讓她放心將大唐江山託付，中國歷史上唯一的女皇帝的傳奇一生揭開帷幕！"
          },
          {
            "content_id": "VOD00334792",
            "time_codes": [
              686000,
              1433000,
              2152000
            ],
            "timecode_duration": [],
            "length": 2707000,
            "asset_id": "vod71808-000018M001",
            "title": "",
            "subtitle": "第18集",
            "ep_number": 18,
            "rating": 1,
            "content_type": "drama",
            "p_start": 1739982900000,
            "vod_channel_description": "講述武則天（范冰冰）從青澀少女到一代女皇的成長奮鬥史。神龍元年，皇太子李顯在宰相張柬之等人的簇擁下逼宮，面對大周女皇帝武則天，懦弱的太子李顯落荒而逃。這都在武則天的意料之中。她在等著一個人讓她放心將大唐江山託付，中國歷史上唯一的女皇帝的傳奇一生揭開帷幕！"
          },
          {
            "content_id": "VOD00334793",
            "time_codes": [
              716000,
              1425000,
              2167000
            ],
            "timecode_duration": [],
            "length": 2702000,
            "asset_id": "vod71808-000019M001",
            "title": "",
            "subtitle": "第19集",
            "ep_number": 19,
            "rating": 1,
            "content_type": "drama",
            "p_start": 1739985900000,
            "vod_channel_description": "講述武則天（范冰冰）從青澀少女到一代女皇的成長奮鬥史。神龍元年，皇太子李顯在宰相張柬之等人的簇擁下逼宮，面對大周女皇帝武則天，懦弱的太子李顯落荒而逃。這都在武則天的意料之中。她在等著一個人讓她放心將大唐江山託付，中國歷史上唯一的女皇帝的傳奇一生揭開帷幕！"
          },
          {
            "content_id": "VOD00334794",
            "time_codes": [
              689000,
              1472000,
              2119000
            ],
            "timecode_duration": [],
            "length": 2702000,
            "asset_id": "vod71808-000020M001",
            "title": "",
            "subtitle": "第20集",
            "ep_number": 20,
            "rating": 1,
            "content_type": "drama",
            "p_start": 1739988900000,
            "vod_channel_description": "講述武則天（范冰冰）從青澀少女到一代女皇的成長奮鬥史。神龍元年，皇太子李顯在宰相張柬之等人的簇擁下逼宮，面對大周女皇帝武則天，懦弱的太子李顯落荒而逃。這都在武則天的意料之中。她在等著一個人讓她放心將大唐江山託付，中國歷史上唯一的女皇帝的傳奇一生揭開帷幕！"
          },
          {
            "content_id": "VOD00334795",
            "time_codes": [
              717000,
              1425000,
              2179000
            ],
            "timecode_duration": [],
            "length": 2715000,
            "asset_id": "vod71808-000021M001",
            "title": "",
            "subtitle": "第21集",
            "ep_number": 21,
            "rating": 1,
            "content_type": "drama",
            "p_start": 1739991900000,
            "vod_channel_description": "講述武則天（范冰冰）從青澀少女到一代女皇的成長奮鬥史。神龍元年，皇太子李顯在宰相張柬之等人的簇擁下逼宮，面對大周女皇帝武則天，懦弱的太子李顯落荒而逃。這都在武則天的意料之中。她在等著一個人讓她放心將大唐江山託付，中國歷史上唯一的女皇帝的傳奇一生揭開帷幕！"
          },
          {
            "content_id": "VOD00334796",
            "time_codes": [
              740000,
              1391000,
              2151000
            ],
            "timecode_duration": [],
            "length": 2714000,
            "asset_id": "vod71808-000022M001",
            "title": "",
            "subtitle": "第22集",
            "ep_number": 22,
            "rating": 1,
            "content_type": "drama",
            "p_start": 1739994900000,
            "vod_channel_description": "講述武則天（范冰冰）從青澀少女到一代女皇的成長奮鬥史。神龍元年，皇太子李顯在宰相張柬之等人的簇擁下逼宮，面對大周女皇帝武則天，懦弱的太子李顯落荒而逃。這都在武則天的意料之中。她在等著一個人讓她放心將大唐江山託付，中國歷史上唯一的女皇帝的傳奇一生揭開帷幕！"
          },
          {
            "content_id": "VOD00334797",
            "time_codes": [
              721000,
              1434000,
              2104000
            ],
            "timecode_duration": [],
            "length": 2707000,
            "asset_id": "vod71808-000023M001",
            "title": "",
            "subtitle": "第23集",
            "ep_number": 23,
            "rating": 1,
            "content_type": "drama",
            "p_start": 1739997900000,
            "vod_channel_description": "講述武則天（范冰冰）從青澀少女到一代女皇的成長奮鬥史。神龍元年，皇太子李顯在宰相張柬之等人的簇擁下逼宮，面對大周女皇帝武則天，懦弱的太子李顯落荒而逃。這都在武則天的意料之中。她在等著一個人讓她放心將大唐江山託付，中國歷史上唯一的女皇帝的傳奇一生揭開帷幕！"
          },
          {
            "content_id": "VOD00334798",
            "time_codes": [
              710000,
              1444000,
              2125000
            ],
            "timecode_duration": [],
            "length": 2706000,
            "asset_id": "vod71808-000024M001",
            "title": "",
            "subtitle": "第24集",
            "ep_number": 24,
            "rating": 1,
            "content_type": "drama",
            "p_start": 1740000900000,
            "vod_channel_description": "講述武則天（范冰冰）從青澀少女到一代女皇的成長奮鬥史。神龍元年，皇太子李顯在宰相張柬之等人的簇擁下逼宮，面對大周女皇帝武則天，懦弱的太子李顯落荒而逃。這都在武則天的意料之中。她在等著一個人讓她放心將大唐江山託付，中國歷史上唯一的女皇帝的傳奇一生揭開帷幕！"
          },
          {
            "content_id": "VOD00334799",
            "time_codes": [
              677000,
              1398000,
              2156000
            ],
            "timecode_duration": [],
            "length": 2703000,
            "asset_id": "vod71808-000025M001",
            "title": "",
            "subtitle": "第25集",
            "ep_number": 25,
            "rating": 1,
            "content_type": "drama",
            "p_start": 1740003900000,
            "vod_channel_description": "講述武則天（范冰冰）從青澀少女到一代女皇的成長奮鬥史。神龍元年，皇太子李顯在宰相張柬之等人的簇擁下逼宮，面對大周女皇帝武則天，懦弱的太子李顯落荒而逃。這都在武則天的意料之中。她在等著一個人讓她放心將大唐江山託付，中國歷史上唯一的女皇帝的傳奇一生揭開帷幕！"
          },
          {
            "content_id": "VOD00334800",
            "time_codes": [
              672000,
              1386000,
              2142000
            ],
            "timecode_duration": [],
            "length": 2702000,
            "asset_id": "vod71808-000026M001",
            "title": "",
            "subtitle": "第26集",
            "ep_number": 26,
            "rating": 1,
            "content_type": "drama",
            "p_start": 1740006900000,
            "vod_channel_description": "講述武則天（范冰冰）從青澀少女到一代女皇的成長奮鬥史。神龍元年，皇太子李顯在宰相張柬之等人的簇擁下逼宮，面對大周女皇帝武則天，懦弱的太子李顯落荒而逃。這都在武則天的意料之中。她在等著一個人讓她放心將大唐江山託付，中國歷史上唯一的女皇帝的傳奇一生揭開帷幕！"
          },
          {
            "content_id": "VOD00334801",
            "time_codes": [
              712000,
              1488000,
              2104000
            ],
            "timecode_duration": [],
            "length": 2705000,
            "asset_id": "vod71808-000027M001",
            "title": "",
            "subtitle": "第27集",
            "ep_number": 27,
            "rating": 1,
            "content_type": "drama",
            "p_start": 1740009900000,
            "vod_channel_description": "講述武則天（范冰冰）從青澀少女到一代女皇的成長奮鬥史。神龍元年，皇太子李顯在宰相張柬之等人的簇擁下逼宮，面對大周女皇帝武則天，懦弱的太子李顯落荒而逃。這都在武則天的意料之中。她在等著一個人讓她放心將大唐江山託付，中國歷史上唯一的女皇帝的傳奇一生揭開帷幕！"
          },
          {
            "content_id": "VOD00334802",
            "time_codes": [
              700000,
              1390000,
              2110000
            ],
            "timecode_duration": [],
            "length": 2702000,
            "asset_id": "vod71808-000028M001",
            "title": "",
            "subtitle": "第28集",
            "ep_number": 28,
            "rating": 1,
            "content_type": "drama",
            "p_start": 1740012900000,
            "vod_channel_description": "講述武則天（范冰冰）從青澀少女到一代女皇的成長奮鬥史。神龍元年，皇太子李顯在宰相張柬之等人的簇擁下逼宮，面對大周女皇帝武則天，懦弱的太子李顯落荒而逃。這都在武則天的意料之中。她在等著一個人讓她放心將大唐江山託付，中國歷史上唯一的女皇帝的傳奇一生揭開帷幕！"
          },
          {
            "content_id": "VOD00334803",
            "time_codes": [
              707000,
              1472000,
              2128000
            ],
            "timecode_duration": [],
            "length": 2716000,
            "asset_id": "vod71808-000029M001",
            "title": "",
            "subtitle": "第29集",
            "ep_number": 29,
            "rating": 1,
            "content_type": "drama",
            "p_start": 1740015900000,
            "vod_channel_description": "講述武則天（范冰冰）從青澀少女到一代女皇的成長奮鬥史。神龍元年，皇太子李顯在宰相張柬之等人的簇擁下逼宮，面對大周女皇帝武則天，懦弱的太子李顯落荒而逃。這都在武則天的意料之中。她在等著一個人讓她放心將大唐江山託付，中國歷史上唯一的女皇帝的傳奇一生揭開帷幕！"
          },
          {
            "content_id": "VOD00334804",
            "time_codes": [
              678000,
              1383000,
              2106000
            ],
            "timecode_duration": [],
            "length": 2702000,
            "asset_id": "vod71808-000030M001",
            "title": "",
            "subtitle": "第30集",
            "ep_number": 30,
            "rating": 1,
            "content_type": "drama",
            "p_start": 1740018900000,
            "vod_channel_description": "講述武則天（范冰冰）從青澀少女到一代女皇的成長奮鬥史。神龍元年，皇太子李顯在宰相張柬之等人的簇擁下逼宮，面對大周女皇帝武則天，懦弱的太子李顯落荒而逃。這都在武則天的意料之中。她在等著一個人讓她放心將大唐江山託付，中國歷史上唯一的女皇帝的傳奇一生揭開帷幕！"
          },
          {
            "content_id": "VOD00334805",
            "time_codes": [
              694000,
              1400000,
              2168000
            ],
            "timecode_duration": [],
            "length": 2708000,
            "asset_id": "vod71808-000031M001",
            "title": "",
            "subtitle": "第31集",
            "ep_number": 31,
            "rating": 1,
            "content_type": "drama",
            "p_start": 1740021900000,
            "vod_channel_description": "講述武則天（范冰冰）從青澀少女到一代女皇的成長奮鬥史。神龍元年，皇太子李顯在宰相張柬之等人的簇擁下逼宮，面對大周女皇帝武則天，懦弱的太子李顯落荒而逃。這都在武則天的意料之中。她在等著一個人讓她放心將大唐江山託付，中國歷史上唯一的女皇帝的傳奇一生揭開帷幕！"
          },
          {
            "content_id": "VOD00334806",
            "time_codes": [
              669000,
              1497000,
              2199000
            ],
            "timecode_duration": [],
            "length": 2706000,
            "asset_id": "vod71808-000032M001",
            "title": "",
            "subtitle": "第32集",
            "ep_number": 32,
            "rating": 1,
            "content_type": "drama",
            "p_start": 1740024900000,
            "vod_channel_description": "講述武則天（范冰冰）從青澀少女到一代女皇的成長奮鬥史。神龍元年，皇太子李顯在宰相張柬之等人的簇擁下逼宮，面對大周女皇帝武則天，懦弱的太子李顯落荒而逃。這都在武則天的意料之中。她在等著一個人讓她放心將大唐江山託付，中國歷史上唯一的女皇帝的傳奇一生揭開帷幕！"
          },
          {
            "content_id": "VOD00334807",
            "time_codes": [
              666000,
              1486000,
              2117000
            ],
            "timecode_duration": [],
            "length": 2701000,
            "asset_id": "vod71808-000033M001",
            "title": "",
            "subtitle": "第33集",
            "ep_number": 33,
            "rating": 1,
            "content_type": "drama",
            "p_start": 1740027900000,
            "vod_channel_description": "講述武則天（范冰冰）從青澀少女到一代女皇的成長奮鬥史。神龍元年，皇太子李顯在宰相張柬之等人的簇擁下逼宮，面對大周女皇帝武則天，懦弱的太子李顯落荒而逃。這都在武則天的意料之中。她在等著一個人讓她放心將大唐江山託付，中國歷史上唯一的女皇帝的傳奇一生揭開帷幕！"
          },
          {
            "content_id": "VOD00334808",
            "time_codes": [
              669000,
              1403000,
              2161000
            ],
            "timecode_duration": [],
            "length": 2702000,
            "asset_id": "vod71808-000034M001",
            "title": "",
            "subtitle": "第34集",
            "ep_number": 34,
            "rating": 1,
            "content_type": "drama",
            "p_start": 1740030900000,
            "vod_channel_description": "講述武則天（范冰冰）從青澀少女到一代女皇的成長奮鬥史。神龍元年，皇太子李顯在宰相張柬之等人的簇擁下逼宮，面對大周女皇帝武則天，懦弱的太子李顯落荒而逃。這都在武則天的意料之中。她在等著一個人讓她放心將大唐江山託付，中國歷史上唯一的女皇帝的傳奇一生揭開帷幕！"
          },
          {
            "content_id": "VOD00334809",
            "time_codes": [
              753000,
              1494000,
              2111000
            ],
            "timecode_duration": [],
            "length": 2702000,
            "asset_id": "vod71808-000035M001",
            "title": "",
            "subtitle": "第35集",
            "ep_number": 35,
            "rating": 1,
            "content_type": "drama",
            "p_start": 1740033900000,
            "vod_channel_description": "講述武則天（范冰冰）從青澀少女到一代女皇的成長奮鬥史。神龍元年，皇太子李顯在宰相張柬之等人的簇擁下逼宮，面對大周女皇帝武則天，懦弱的太子李顯落荒而逃。這都在武則天的意料之中。她在等著一個人讓她放心將大唐江山託付，中國歷史上唯一的女皇帝的傳奇一生揭開帷幕！"
          },
          {
            "content_id": "VOD00334810",
            "time_codes": [
              735000,
              1493000,
              2217000
            ],
            "timecode_duration": [],
            "length": 2702000,
            "asset_id": "vod71808-000036M001",
            "title": "",
            "subtitle": "第36集",
            "ep_number": 36,
            "rating": 1,
            "content_type": "drama",
            "p_start": 1740036900000,
            "vod_channel_description": "講述武則天（范冰冰）從青澀少女到一代女皇的成長奮鬥史。神龍元年，皇太子李顯在宰相張柬之等人的簇擁下逼宮，面對大周女皇帝武則天，懦弱的太子李顯落荒而逃。這都在武則天的意料之中。她在等著一個人讓她放心將大唐江山託付，中國歷史上唯一的女皇帝的傳奇一生揭開帷幕！"
          },
          {
            "content_id": "VOD00334811",
            "time_codes": [
              745000,
              1434000,
              2198000
            ],
            "timecode_duration": [],
            "length": 2704000,
            "asset_id": "vod71808-000037M001",
            "title": "",
            "subtitle": "第37集",
            "ep_number": 37,
            "rating": 1,
            "content_type": "drama",
            "p_start": 1740039900000,
            "vod_channel_description": "講述武則天（范冰冰）從青澀少女到一代女皇的成長奮鬥史。神龍元年，皇太子李顯在宰相張柬之等人的簇擁下逼宮，面對大周女皇帝武則天，懦弱的太子李顯落荒而逃。這都在武則天的意料之中。她在等著一個人讓她放心將大唐江山託付，中國歷史上唯一的女皇帝的傳奇一生揭開帷幕！"
          },
          {
            "content_id": "VOD00334812",
            "time_codes": [
              698000,
              1450000,
              2101000
            ],
            "timecode_duration": [],
            "length": 2709000,
            "asset_id": "vod71808-000038M001",
            "title": "",
            "subtitle": "第38集",
            "ep_number": 38,
            "rating": 1,
            "content_type": "drama",
            "p_start": 1740042900000,
            "vod_channel_description": "講述武則天（范冰冰）從青澀少女到一代女皇的成長奮鬥史。神龍元年，皇太子李顯在宰相張柬之等人的簇擁下逼宮，面對大周女皇帝武則天，懦弱的太子李顯落荒而逃。這都在武則天的意料之中。她在等著一個人讓她放心將大唐江山託付，中國歷史上唯一的女皇帝的傳奇一生揭開帷幕！"
          },
          {
            "content_id": "VOD00334813",
            "time_codes": [
              713000,
              1437000,
              2211000
            ],
            "timecode_duration": [],
            "length": 2713000,
            "asset_id": "vod71808-000039M001",
            "title": "",
            "subtitle": "第39集",
            "ep_number": 39,
            "rating": 1,
            "content_type": "drama",
            "p_start": 1740045900000,
            "vod_channel_description": "講述武則天（范冰冰）從青澀少女到一代女皇的成長奮鬥史。神龍元年，皇太子李顯在宰相張柬之等人的簇擁下逼宮，面對大周女皇帝武則天，懦弱的太子李顯落荒而逃。這都在武則天的意料之中。她在等著一個人讓她放心將大唐江山託付，中國歷史上唯一的女皇帝的傳奇一生揭開帷幕！"
          },
          {
            "content_id": "VOD00334814",
            "time_codes": [
              681000,
              1456000,
              2148000
            ],
            "timecode_duration": [],
            "length": 2702000,
            "asset_id": "vod71808-000040M001",
            "title": "",
            "subtitle": "第40集",
            "ep_number": 40,
            "rating": 1,
            "content_type": "drama",
            "p_start": 1740048900000,
            "vod_channel_description": "講述武則天（范冰冰）從青澀少女到一代女皇的成長奮鬥史。神龍元年，皇太子李顯在宰相張柬之等人的簇擁下逼宮，面對大周女皇帝武則天，懦弱的太子李顯落荒而逃。這都在武則天的意料之中。她在等著一個人讓她放心將大唐江山託付，中國歷史上唯一的女皇帝的傳奇一生揭開帷幕！"
          },
          {
            "content_id": "VOD00334815",
            "time_codes": [
              662000,
              1414000,
              2117000
            ],
            "timecode_duration": [],
            "length": 2702000,
            "asset_id": "vod71808-000041M001",
            "title": "",
            "subtitle": "第41集",
            "ep_number": 41,
            "rating": 1,
            "content_type": "drama",
            "p_start": 1740051900000,
            "vod_channel_description": "講述武則天（范冰冰）從青澀少女到一代女皇的成長奮鬥史。神龍元年，皇太子李顯在宰相張柬之等人的簇擁下逼宮，面對大周女皇帝武則天，懦弱的太子李顯落荒而逃。這都在武則天的意料之中。她在等著一個人讓她放心將大唐江山託付，中國歷史上唯一的女皇帝的傳奇一生揭開帷幕！"
          },
          {
            "content_id": "VOD00334816",
            "time_codes": [
              721000,
              1484000,
              2218000
            ],
            "timecode_duration": [],
            "length": 2702000,
            "asset_id": "vod71808-000042M001",
            "title": "",
            "subtitle": "第42集",
            "ep_number": 42,
            "rating": 1,
            "content_type": "drama",
            "p_start": 1740054900000,
            "vod_channel_description": "講述武則天（范冰冰）從青澀少女到一代女皇的成長奮鬥史。神龍元年，皇太子李顯在宰相張柬之等人的簇擁下逼宮，面對大周女皇帝武則天，懦弱的太子李顯落荒而逃。這都在武則天的意料之中。她在等著一個人讓她放心將大唐江山託付，中國歷史上唯一的女皇帝的傳奇一生揭開帷幕！"
          },
          {
            "content_id": "VOD00334817",
            "time_codes": [
              675000,
              1396000,
              2112000
            ],
            "timecode_duration": [],
            "length": 2706000,
            "asset_id": "vod71808-000043M001",
            "title": "",
            "subtitle": "第43集",
            "ep_number": 43,
            "rating": 1,
            "content_type": "drama",
            "p_start": 1740057900000,
            "vod_channel_description": "講述武則天（范冰冰）從青澀少女到一代女皇的成長奮鬥史。神龍元年，皇太子李顯在宰相張柬之等人的簇擁下逼宮，面對大周女皇帝武則天，懦弱的太子李顯落荒而逃。這都在武則天的意料之中。她在等著一個人讓她放心將大唐江山託付，中國歷史上唯一的女皇帝的傳奇一生揭開帷幕！"
          },
          {
            "content_id": "VOD00334818",
            "time_codes": [
              661000,
              1382000,
              2115000
            ],
            "timecode_duration": [],
            "length": 2724000,
            "asset_id": "vod71808-000044M001",
            "title": "",
            "subtitle": "第44集",
            "ep_number": 44,
            "rating": 1,
            "content_type": "drama",
            "p_start": 1740060900000,
            "vod_channel_description": "講述武則天（范冰冰）從青澀少女到一代女皇的成長奮鬥史。神龍元年，皇太子李顯在宰相張柬之等人的簇擁下逼宮，面對大周女皇帝武則天，懦弱的太子李顯落荒而逃。這都在武則天的意料之中。她在等著一個人讓她放心將大唐江山託付，中國歷史上唯一的女皇帝的傳奇一生揭開帷幕！"
          },
          {
            "content_id": "VOD00334819",
            "time_codes": [
              665000,
              1384000,
              2110000
            ],
            "timecode_duration": [],
            "length": 2702000,
            "asset_id": "vod71808-000045M001",
            "title": "",
            "subtitle": "第45集",
            "ep_number": 45,
            "rating": 1,
            "content_type": "drama",
            "p_start": 1740063900000,
            "vod_channel_description": "講述武則天（范冰冰）從青澀少女到一代女皇的成長奮鬥史。神龍元年，皇太子李顯在宰相張柬之等人的簇擁下逼宮，面對大周女皇帝武則天，懦弱的太子李顯落荒而逃。這都在武則天的意料之中。她在等著一個人讓她放心將大唐江山託付，中國歷史上唯一的女皇帝的傳奇一生揭開帷幕！"
          },
          {
            "content_id": "VOD00334820",
            "time_codes": [
              754000,
              1444000,
              2208000
            ],
            "timecode_duration": [],
            "length": 2706000,
            "asset_id": "vod71808-000046M001",
            "title": "",
            "subtitle": "第46集",
            "ep_number": 46,
            "rating": 1,
            "content_type": "drama",
            "p_start": 1740066900000,
            "vod_channel_description": "講述武則天（范冰冰）從青澀少女到一代女皇的成長奮鬥史。神龍元年，皇太子李顯在宰相張柬之等人的簇擁下逼宮，面對大周女皇帝武則天，懦弱的太子李顯落荒而逃。這都在武則天的意料之中。她在等著一個人讓她放心將大唐江山託付，中國歷史上唯一的女皇帝的傳奇一生揭開帷幕！"
          },
          {
            "content_id": "VOD00334821",
            "time_codes": [
              716000,
              1460000,
              2153000
            ],
            "timecode_duration": [],
            "length": 2702000,
            "asset_id": "vod71808-000047M001",
            "title": "",
            "subtitle": "第47集",
            "ep_number": 47,
            "rating": 1,
            "content_type": "drama",
            "p_start": 1740069900000,
            "vod_channel_description": "講述武則天（范冰冰）從青澀少女到一代女皇的成長奮鬥史。神龍元年，皇太子李顯在宰相張柬之等人的簇擁下逼宮，面對大周女皇帝武則天，懦弱的太子李顯落荒而逃。這都在武則天的意料之中。她在等著一個人讓她放心將大唐江山託付，中國歷史上唯一的女皇帝的傳奇一生揭開帷幕！"
          },
          {
            "content_id": "VOD00334822",
            "time_codes": [
              662000,
              1384000,
              2187000
            ],
            "timecode_duration": [],
            "length": 2703000,
            "asset_id": "vod71808-000048M001",
            "title": "",
            "subtitle": "第48集",
            "ep_number": 48,
            "rating": 1,
            "content_type": "drama",
            "p_start": 1740072900000,
            "vod_channel_description": "講述武則天（范冰冰）從青澀少女到一代女皇的成長奮鬥史。神龍元年，皇太子李顯在宰相張柬之等人的簇擁下逼宮，面對大周女皇帝武則天，懦弱的太子李顯落荒而逃。這都在武則天的意料之中。她在等著一個人讓她放心將大唐江山託付，中國歷史上唯一的女皇帝的傳奇一生揭開帷幕！"
          },
          {
            "content_id": "VOD00334823",
            "time_codes": [
              686000,
              1405000,
              2112000
            ],
            "timecode_duration": [],
            "length": 2705000,
            "asset_id": "vod71808-000049M001",
            "title": "",
            "subtitle": "第49集",
            "ep_number": 49,
            "rating": 1,
            "content_type": "drama",
            "p_start": 1740075900000,
            "vod_channel_description": "講述武則天（范冰冰）從青澀少女到一代女皇的成長奮鬥史。神龍元年，皇太子李顯在宰相張柬之等人的簇擁下逼宮，面對大周女皇帝武則天，懦弱的太子李顯落荒而逃。這都在武則天的意料之中。她在等著一個人讓她放心將大唐江山託付，中國歷史上唯一的女皇帝的傳奇一生揭開帷幕！"
          },
          {
            "content_id": "VOD00334824",
            "time_codes": [
              744000,
              1439000,
              2111000
            ],
            "timecode_duration": [],
            "length": 2711000,
            "asset_id": "vod71808-000050M001",
            "title": "",
            "subtitle": "第50集",
            "ep_number": 50,
            "rating": 1,
            "content_type": "drama",
            "p_start": 1740078900000,
            "vod_channel_description": "講述武則天（范冰冰）從青澀少女到一代女皇的成長奮鬥史。神龍元年，皇太子李顯在宰相張柬之等人的簇擁下逼宮，面對大周女皇帝武則天，懦弱的太子李顯落荒而逃。這都在武則天的意料之中。她在等著一個人讓她放心將大唐江山託付，中國歷史上唯一的女皇帝的傳奇一生揭開帷幕！"
          },
          {
            "content_id": "VOD00334825",
            "time_codes": [
              745000,
              1398000,
              2114000
            ],
            "timecode_duration": [],
            "length": 2702000,
            "asset_id": "vod71808-000051M001",
            "title": "",
            "subtitle": "第51集",
            "ep_number": 51,
            "rating": 1,
            "content_type": "drama",
            "p_start": 1740081900000,
            "vod_channel_description": "講述武則天（范冰冰）從青澀少女到一代女皇的成長奮鬥史。神龍元年，皇太子李顯在宰相張柬之等人的簇擁下逼宮，面對大周女皇帝武則天，懦弱的太子李顯落荒而逃。這都在武則天的意料之中。她在等著一個人讓她放心將大唐江山託付，中國歷史上唯一的女皇帝的傳奇一生揭開帷幕！"
          },
          {
            "content_id": "VOD00334826",
            "time_codes": [
              685000,
              1463000,
              2105000
            ],
            "timecode_duration": [],
            "length": 2706000,
            "asset_id": "vod71808-000052M001",
            "title": "",
            "subtitle": "第52集",
            "ep_number": 52,
            "rating": 1,
            "content_type": "drama",
            "p_start": 1740084900000,
            "vod_channel_description": "講述武則天（范冰冰）從青澀少女到一代女皇的成長奮鬥史。神龍元年，皇太子李顯在宰相張柬之等人的簇擁下逼宮，面對大周女皇帝武則天，懦弱的太子李顯落荒而逃。這都在武則天的意料之中。她在等著一個人讓她放心將大唐江山託付，中國歷史上唯一的女皇帝的傳奇一生揭開帷幕！"
          },
          {
            "content_id": "VOD00334827",
            "time_codes": [
              670000,
              1420000,
              2185000
            ],
            "timecode_duration": [],
            "length": 2716000,
            "asset_id": "vod71808-000053M001",
            "title": "",
            "subtitle": "第53集",
            "ep_number": 53,
            "rating": 1,
            "content_type": "drama",
            "p_start": 1740087900000,
            "vod_channel_description": "講述武則天（范冰冰）從青澀少女到一代女皇的成長奮鬥史。神龍元年，皇太子李顯在宰相張柬之等人的簇擁下逼宮，面對大周女皇帝武則天，懦弱的太子李顯落荒而逃。這都在武則天的意料之中。她在等著一個人讓她放心將大唐江山託付，中國歷史上唯一的女皇帝的傳奇一生揭開帷幕！"
          },
          {
            "content_id": "VOD00334828",
            "time_codes": [
              761000,
              1413000,
              2134000
            ],
            "timecode_duration": [],
            "length": 2709000,
            "asset_id": "vod71808-000054M001",
            "title": "",
            "subtitle": "第54集",
            "ep_number": 54,
            "rating": 1,
            "content_type": "drama",
            "p_start": 1740090900000,
            "vod_channel_description": "講述武則天（范冰冰）從青澀少女到一代女皇的成長奮鬥史。神龍元年，皇太子李顯在宰相張柬之等人的簇擁下逼宮，面對大周女皇帝武則天，懦弱的太子李顯落荒而逃。這都在武則天的意料之中。她在等著一個人讓她放心將大唐江山託付，中國歷史上唯一的女皇帝的傳奇一生揭開帷幕！"
          },
          {
            "content_id": "VOD00334829",
            "time_codes": [
              700000,
              1388000,
              2136000
            ],
            "timecode_duration": [],
            "length": 2708000,
            "asset_id": "vod71808-000055M001",
            "title": "",
            "subtitle": "第55集",
            "ep_number": 55,
            "rating": 1,
            "content_type": "drama",
            "p_start": 1740093900000,
            "vod_channel_description": "講述武則天（范冰冰）從青澀少女到一代女皇的成長奮鬥史。神龍元年，皇太子李顯在宰相張柬之等人的簇擁下逼宮，面對大周女皇帝武則天，懦弱的太子李顯落荒而逃。這都在武則天的意料之中。她在等著一個人讓她放心將大唐江山託付，中國歷史上唯一的女皇帝的傳奇一生揭開帷幕！"
          },
          {
            "content_id": "VOD00334830",
            "time_codes": [
              708000,
              1461000,
              2103000
            ],
            "timecode_duration": [],
            "length": 2711000,
            "asset_id": "vod71808-000056M001",
            "title": "",
            "subtitle": "第56集",
            "ep_number": 56,
            "rating": 1,
            "content_type": "drama",
            "p_start": 1740096900000,
            "vod_channel_description": "講述武則天（范冰冰）從青澀少女到一代女皇的成長奮鬥史。神龍元年，皇太子李顯在宰相張柬之等人的簇擁下逼宮，面對大周女皇帝武則天，懦弱的太子李顯落荒而逃。這都在武則天的意料之中。她在等著一個人讓她放心將大唐江山託付，中國歷史上唯一的女皇帝的傳奇一生揭開帷幕！"
          },
          {
            "content_id": "VOD00334831",
            "time_codes": [
              667000,
              1395000,
              2144000
            ],
            "timecode_duration": [],
            "length": 2719000,
            "asset_id": "vod71808-000057M001",
            "title": "",
            "subtitle": "第57集",
            "ep_number": 57,
            "rating": 1,
            "content_type": "drama",
            "p_start": 1740099900000,
            "vod_channel_description": "講述武則天（范冰冰）從青澀少女到一代女皇的成長奮鬥史。神龍元年，皇太子李顯在宰相張柬之等人的簇擁下逼宮，面對大周女皇帝武則天，懦弱的太子李顯落荒而逃。這都在武則天的意料之中。她在等著一個人讓她放心將大唐江山託付，中國歷史上唯一的女皇帝的傳奇一生揭開帷幕！"
          },
          {
            "content_id": "VOD00334832",
            "time_codes": [
              761000,
              1402000,
              2130000
            ],
            "timecode_duration": [],
            "length": 2706000,
            "asset_id": "vod71808-000058M001",
            "title": "",
            "subtitle": "第58集",
            "ep_number": 58,
            "rating": 1,
            "content_type": "drama",
            "p_start": 1740102900000,
            "vod_channel_description": "講述武則天（范冰冰）從青澀少女到一代女皇的成長奮鬥史。神龍元年，皇太子李顯在宰相張柬之等人的簇擁下逼宮，面對大周女皇帝武則天，懦弱的太子李顯落荒而逃。這都在武則天的意料之中。她在等著一個人讓她放心將大唐江山託付，中國歷史上唯一的女皇帝的傳奇一生揭開帷幕！"
          },
          {
            "content_id": "VOD00334833",
            "time_codes": [
              697000,
              1460000,
              2172000
            ],
            "timecode_duration": [],
            "length": 2712000,
            "asset_id": "vod71808-000059M001",
            "title": "",
            "subtitle": "第59集",
            "ep_number": 59,
            "rating": 1,
            "content_type": "drama",
            "p_start": 1740105900000,
            "vod_channel_description": "講述武則天（范冰冰）從青澀少女到一代女皇的成長奮鬥史。神龍元年，皇太子李顯在宰相張柬之等人的簇擁下逼宮，面對大周女皇帝武則天，懦弱的太子李顯落荒而逃。這都在武則天的意料之中。她在等著一個人讓她放心將大唐江山託付，中國歷史上唯一的女皇帝的傳奇一生揭開帷幕！"
          },
          {
            "content_id": "VOD00334834",
            "time_codes": [
              720000,
              1458000,
              2109000
            ],
            "timecode_duration": [],
            "length": 2724000,
            "asset_id": "vod71808-000060M001",
            "title": "",
            "subtitle": "第60集",
            "ep_number": 60,
            "rating": 1,
            "content_type": "drama",
            "p_start": 1740108900000,
            "vod_channel_description": "講述武則天（范冰冰）從青澀少女到一代女皇的成長奮鬥史。神龍元年，皇太子李顯在宰相張柬之等人的簇擁下逼宮，面對大周女皇帝武則天，懦弱的太子李顯落荒而逃。這都在武則天的意料之中。她在等著一個人讓她放心將大唐江山託付，中國歷史上唯一的女皇帝的傳奇一生揭開帷幕！"
          },
          {
            "content_id": "VOD00334835",
            "time_codes": [
              707000,
              1448000,
              2184000
            ],
            "timecode_duration": [],
            "length": 2702000,
            "asset_id": "vod71808-000061M001",
            "title": "",
            "subtitle": "第61集",
            "ep_number": 61,
            "rating": 1,
            "content_type": "drama",
            "p_start": 1740111900000,
            "vod_channel_description": "講述武則天（范冰冰）從青澀少女到一代女皇的成長奮鬥史。神龍元年，皇太子李顯在宰相張柬之等人的簇擁下逼宮，面對大周女皇帝武則天，懦弱的太子李顯落荒而逃。這都在武則天的意料之中。她在等著一個人讓她放心將大唐江山託付，中國歷史上唯一的女皇帝的傳奇一生揭開帷幕！"
          },
          {
            "content_id": "VOD00334836",
            "time_codes": [
              687000,
              1419000,
              2120000
            ],
            "timecode_duration": [],
            "length": 2705000,
            "asset_id": "vod71808-000062M001",
            "title": "",
            "subtitle": "第62集",
            "ep_number": 62,
            "rating": 1,
            "content_type": "drama",
            "p_start": 1740114900000,
            "vod_channel_description": "講述武則天（范冰冰）從青澀少女到一代女皇的成長奮鬥史。神龍元年，皇太子李顯在宰相張柬之等人的簇擁下逼宮，面對大周女皇帝武則天，懦弱的太子李顯落荒而逃。這都在武則天的意料之中。她在等著一個人讓她放心將大唐江山託付，中國歷史上唯一的女皇帝的傳奇一生揭開帷幕！"
          },
          {
            "content_id": "VOD00334837",
            "time_codes": [
              700000,
              1410000,
              2114000
            ],
            "timecode_duration": [],
            "length": 2704000,
            "asset_id": "vod71808-000063M001",
            "title": "",
            "subtitle": "第63集",
            "ep_number": 63,
            "rating": 1,
            "content_type": "drama",
            "p_start": 1740117900000,
            "vod_channel_description": "講述武則天（范冰冰）從青澀少女到一代女皇的成長奮鬥史。神龍元年，皇太子李顯在宰相張柬之等人的簇擁下逼宮，面對大周女皇帝武則天，懦弱的太子李顯落荒而逃。這都在武則天的意料之中。她在等著一個人讓她放心將大唐江山託付，中國歷史上唯一的女皇帝的傳奇一生揭開帷幕！"
          },
          {
            "content_id": "VOD00334838",
            "time_codes": [
              747000,
              1403000,
              2109000
            ],
            "timecode_duration": [],
            "length": 2714000,
            "asset_id": "vod71808-000064M001",
            "title": "",
            "subtitle": "第64集",
            "ep_number": 64,
            "rating": 1,
            "content_type": "drama",
            "p_start": 1740120900000,
            "vod_channel_description": "講述武則天（范冰冰）從青澀少女到一代女皇的成長奮鬥史。神龍元年，皇太子李顯在宰相張柬之等人的簇擁下逼宮，面對大周女皇帝武則天，懦弱的太子李顯落荒而逃。這都在武則天的意料之中。她在等著一個人讓她放心將大唐江山託付，中國歷史上唯一的女皇帝的傳奇一生揭開帷幕！"
          },
          {
            "content_id": "VOD00334839",
            "time_codes": [
              744000,
              1440000,
              2158000
            ],
            "timecode_duration": [],
            "length": 2730000,
            "asset_id": "vod71808-000065M001",
            "title": "",
            "subtitle": "第65集",
            "ep_number": 65,
            "rating": 1,
            "content_type": "drama",
            "p_start": 1740123900000,
            "vod_channel_description": "講述武則天（范冰冰）從青澀少女到一代女皇的成長奮鬥史。神龍元年，皇太子李顯在宰相張柬之等人的簇擁下逼宮，面對大周女皇帝武則天，懦弱的太子李顯落荒而逃。這都在武則天的意料之中。她在等著一個人讓她放心將大唐江山託付，中國歷史上唯一的女皇帝的傳奇一生揭開帷幕！"
          },
          {
            "content_id": "VOD00334840",
            "time_codes": [
              747000,
              1452000,
              2218000
            ],
            "timecode_duration": [],
            "length": 2705000,
            "asset_id": "vod71808-000066M001",
            "title": "",
            "subtitle": "第66集",
            "ep_number": 66,
            "rating": 1,
            "content_type": "drama",
            "p_start": 1740126900000,
            "vod_channel_description": "講述武則天（范冰冰）從青澀少女到一代女皇的成長奮鬥史。神龍元年，皇太子李顯在宰相張柬之等人的簇擁下逼宮，面對大周女皇帝武則天，懦弱的太子李顯落荒而逃。這都在武則天的意料之中。她在等著一個人讓她放心將大唐江山託付，中國歷史上唯一的女皇帝的傳奇一生揭開帷幕！"
          },
          {
            "content_id": "VOD00334841",
            "time_codes": [
              706000,
              1433000,
              2156000
            ],
            "timecode_duration": [],
            "length": 2705000,
            "asset_id": "vod71808-000067M001",
            "title": "",
            "subtitle": "第67集",
            "ep_number": 67,
            "rating": 1,
            "content_type": "drama",
            "p_start": 1740129900000,
            "vod_channel_description": "講述武則天（范冰冰）從青澀少女到一代女皇的成長奮鬥史。神龍元年，皇太子李顯在宰相張柬之等人的簇擁下逼宮，面對大周女皇帝武則天，懦弱的太子李顯落荒而逃。這都在武則天的意料之中。她在等著一個人讓她放心將大唐江山託付，中國歷史上唯一的女皇帝的傳奇一生揭開帷幕！"
          },
          {
            "content_id": "VOD00334842",
            "time_codes": [
              685000,
              1423000,
              2133000
            ],
            "timecode_duration": [],
            "length": 2722000,
            "asset_id": "vod71808-000068M001",
            "title": "",
            "subtitle": "第68集",
            "ep_number": 68,
            "rating": 1,
            "content_type": "drama",
            "p_start": 1740132900000,
            "vod_channel_description": "講述武則天（范冰冰）從青澀少女到一代女皇的成長奮鬥史。神龍元年，皇太子李顯在宰相張柬之等人的簇擁下逼宮，面對大周女皇帝武則天，懦弱的太子李顯落荒而逃。這都在武則天的意料之中。她在等著一個人讓她放心將大唐江山託付，中國歷史上唯一的女皇帝的傳奇一生揭開帷幕！"
          },
          {
            "content_id": "VOD00334843",
            "time_codes": [
              756000,
              1436000,
              2104000
            ],
            "timecode_duration": [],
            "length": 2718000,
            "asset_id": "vod71808-000069M001",
            "title": "",
            "subtitle": "第69集",
            "ep_number": 69,
            "rating": 1,
            "content_type": "drama",
            "p_start": 1740135900000,
            "vod_channel_description": "講述武則天（范冰冰）從青澀少女到一代女皇的成長奮鬥史。神龍元年，皇太子李顯在宰相張柬之等人的簇擁下逼宮，面對大周女皇帝武則天，懦弱的太子李顯落荒而逃。這都在武則天的意料之中。她在等著一個人讓她放心將大唐江山託付，中國歷史上唯一的女皇帝的傳奇一生揭開帷幕！"
          },
          {
            "content_id": "VOD00334844",
            "time_codes": [
              691000,
              1454000,
              2165000
            ],
            "timecode_duration": [],
            "length": 2708000,
            "asset_id": "vod71808-000070M001",
            "title": "",
            "subtitle": "第70集",
            "ep_number": 70,
            "rating": 1,
            "content_type": "drama",
            "p_start": 1740138900000,
            "vod_channel_description": "講述武則天（范冰冰）從青澀少女到一代女皇的成長奮鬥史。神龍元年，皇太子李顯在宰相張柬之等人的簇擁下逼宮，面對大周女皇帝武則天，懦弱的太子李顯落荒而逃。這都在武則天的意料之中。她在等著一個人讓她放心將大唐江山託付，中國歷史上唯一的女皇帝的傳奇一生揭開帷幕！"
          },
          {
            "content_id": "VOD00334845",
            "time_codes": [
              663000,
              1378000,
              2142000
            ],
            "timecode_duration": [],
            "length": 2706000,
            "asset_id": "vod71808-000071M001",
            "title": "",
            "subtitle": "第71集",
            "ep_number": 71,
            "rating": 1,
            "content_type": "drama",
            "p_start": 1740141900000,
            "vod_channel_description": "講述武則天（范冰冰）從青澀少女到一代女皇的成長奮鬥史。神龍元年，皇太子李顯在宰相張柬之等人的簇擁下逼宮，面對大周女皇帝武則天，懦弱的太子李顯落荒而逃。這都在武則天的意料之中。她在等著一個人讓她放心將大唐江山託付，中國歷史上唯一的女皇帝的傳奇一生揭開帷幕！"
          },
          {
            "content_id": "VOD00334846",
            "time_codes": [
              679000,
              1403000,
              2135000
            ],
            "timecode_duration": [],
            "length": 2712000,
            "asset_id": "vod71808-000072M001",
            "title": "",
            "subtitle": "第72集",
            "ep_number": 72,
            "rating": 1,
            "content_type": "drama",
            "p_start": 1740144900000,
            "vod_channel_description": "講述武則天（范冰冰）從青澀少女到一代女皇的成長奮鬥史。神龍元年，皇太子李顯在宰相張柬之等人的簇擁下逼宮，面對大周女皇帝武則天，懦弱的太子李顯落荒而逃。這都在武則天的意料之中。她在等著一個人讓她放心將大唐江山託付，中國歷史上唯一的女皇帝的傳奇一生揭開帷幕！"
          },
          {
            "content_id": "VOD00334847",
            "time_codes": [
              694000,
              1393000,
              2121000
            ],
            "timecode_duration": [],
            "length": 2704000,
            "asset_id": "vod71808-000073M001",
            "title": "",
            "subtitle": "第73集",
            "ep_number": 73,
            "rating": 1,
            "content_type": "drama",
            "p_start": 1740147900000,
            "vod_channel_description": "講述武則天（范冰冰）從青澀少女到一代女皇的成長奮鬥史。神龍元年，皇太子李顯在宰相張柬之等人的簇擁下逼宮，面對大周女皇帝武則天，懦弱的太子李顯落荒而逃。這都在武則天的意料之中。她在等著一個人讓她放心將大唐江山託付，中國歷史上唯一的女皇帝的傳奇一生揭開帷幕！"
          },
          {
            "content_id": "VOD00334848",
            "time_codes": [
              699000,
              1493000,
              2126000
            ],
            "timecode_duration": [],
            "length": 2725000,
            "asset_id": "vod71808-000074M001",
            "title": "",
            "subtitle": "第74集",
            "ep_number": 74,
            "rating": 1,
            "content_type": "drama",
            "p_start": 1740150900000,
            "vod_channel_description": "講述武則天（范冰冰）從青澀少女到一代女皇的成長奮鬥史。神龍元年，皇太子李顯在宰相張柬之等人的簇擁下逼宮，面對大周女皇帝武則天，懦弱的太子李顯落荒而逃。這都在武則天的意料之中。她在等著一個人讓她放心將大唐江山託付，中國歷史上唯一的女皇帝的傳奇一生揭開帷幕！"
          },
          {
            "content_id": "VOD00334849",
            "time_codes": [
              681000,
              1433000,
              2126000
            ],
            "timecode_duration": [],
            "length": 2717000,
            "asset_id": "vod71808-000075M001",
            "title": "",
            "subtitle": "第75集",
            "ep_number": 75,
            "rating": 1,
            "content_type": "drama",
            "p_start": 1740153900000,
            "vod_channel_description": "講述武則天（范冰冰）從青澀少女到一代女皇的成長奮鬥史。神龍元年，皇太子李顯在宰相張柬之等人的簇擁下逼宮，面對大周女皇帝武則天，懦弱的太子李顯落荒而逃。這都在武則天的意料之中。她在等著一個人讓她放心將大唐江山託付，中國歷史上唯一的女皇帝的傳奇一生揭開帷幕！"
          },
          {
            "content_id": "VOD00334850",
            "time_codes": [
              726000,
              1408000,
              2182000
            ],
            "timecode_duration": [],
            "length": 2705000,
            "asset_id": "vod71808-000076M001",
            "title": "",
            "subtitle": "第76集",
            "ep_number": 76,
            "rating": 1,
            "content_type": "drama",
            "p_start": 1740156900000,
            "vod_channel_description": "講述武則天（范冰冰）從青澀少女到一代女皇的成長奮鬥史。神龍元年，皇太子李顯在宰相張柬之等人的簇擁下逼宮，面對大周女皇帝武則天，懦弱的太子李顯落荒而逃。這都在武則天的意料之中。她在等著一個人讓她放心將大唐江山託付，中國歷史上唯一的女皇帝的傳奇一生揭開帷幕！"
          },
          {
            "content_id": "VOD00334851",
            "time_codes": [
              737000,
              1428000,
              2118000
            ],
            "timecode_duration": [],
            "length": 2706000,
            "asset_id": "vod71808-000077M001",
            "title": "",
            "subtitle": "第77集",
            "ep_number": 77,
            "rating": 1,
            "content_type": "drama",
            "p_start": 1740159900000,
            "vod_channel_description": "講述武則天（范冰冰）從青澀少女到一代女皇的成長奮鬥史。神龍元年，皇太子李顯在宰相張柬之等人的簇擁下逼宮，面對大周女皇帝武則天，懦弱的太子李顯落荒而逃。這都在武則天的意料之中。她在等著一個人讓她放心將大唐江山託付，中國歷史上唯一的女皇帝的傳奇一生揭開帷幕！"
          },
          {
            "content_id": "VOD00334852",
            "time_codes": [
              661000,
              1450000,
              2221000
            ],
            "timecode_duration": [],
            "length": 2729000,
            "asset_id": "vod71808-000078M001",
            "title": "",
            "subtitle": "第78集",
            "ep_number": 78,
            "rating": 1,
            "content_type": "drama",
            "p_start": 1740162900000,
            "vod_channel_description": "講述武則天（范冰冰）從青澀少女到一代女皇的成長奮鬥史。神龍元年，皇太子李顯在宰相張柬之等人的簇擁下逼宮，面對大周女皇帝武則天，懦弱的太子李顯落荒而逃。這都在武則天的意料之中。她在等著一個人讓她放心將大唐江山託付，中國歷史上唯一的女皇帝的傳奇一生揭開帷幕！"
          },
          {
            "content_id": "VOD00334853",
            "time_codes": [
              676000,
              1419000,
              2155000
            ],
            "timecode_duration": [],
            "length": 2723000,
            "asset_id": "vod71808-000079M001",
            "title": "",
            "subtitle": "第79集",
            "ep_number": 79,
            "rating": 1,
            "content_type": "drama",
            "p_start": 1740165900000,
            "vod_channel_description": "講述武則天（范冰冰）從青澀少女到一代女皇的成長奮鬥史。神龍元年，皇太子李顯在宰相張柬之等人的簇擁下逼宮，面對大周女皇帝武則天，懦弱的太子李顯落荒而逃。這都在武則天的意料之中。她在等著一個人讓她放心將大唐江山託付，中國歷史上唯一的女皇帝的傳奇一生揭開帷幕！"
          },
          {
            "content_id": "VOD00334854",
            "time_codes": [
              745000,
              1448000,
              2188000
            ],
            "timecode_duration": [],
            "length": 2719000,
            "asset_id": "vod71808-000080M001",
            "title": "",
            "subtitle": "第80集",
            "ep_number": 80,
            "rating": 1,
            "content_type": "drama",
            "p_start": 1740168900000,
            "vod_channel_description": "講述武則天（范冰冰）從青澀少女到一代女皇的成長奮鬥史。神龍元年，皇太子李顯在宰相張柬之等人的簇擁下逼宮，面對大周女皇帝武則天，懦弱的太子李顯落荒而逃。這都在武則天的意料之中。她在等著一個人讓她放心將大唐江山託付，中國歷史上唯一的女皇帝的傳奇一生揭開帷幕！"
          },
          {
            "content_id": "VOD00334855",
            "time_codes": [
              718000,
              1465000,
              2171000
            ],
            "timecode_duration": [],
            "length": 2722000,
            "asset_id": "vod71808-000081M001",
            "title": "",
            "subtitle": "第81集",
            "ep_number": 81,
            "rating": 1,
            "content_type": "drama",
            "p_start": 1740171900000,
            "vod_channel_description": "講述武則天（范冰冰）從青澀少女到一代女皇的成長奮鬥史。神龍元年，皇太子李顯在宰相張柬之等人的簇擁下逼宮，面對大周女皇帝武則天，懦弱的太子李顯落荒而逃。這都在武則天的意料之中。她在等著一個人讓她放心將大唐江山託付，中國歷史上唯一的女皇帝的傳奇一生揭開帷幕！"
          },
          {
            "content_id": "VOD00334856",
            "time_codes": [
              750000,
              1405000,
              2100000
            ],
            "timecode_duration": [],
            "length": 2704000,
            "asset_id": "vod71808-000082M001",
            "title": "",
            "subtitle": "第82集",
            "ep_number": 82,
            "rating": 1,
            "content_type": "drama",
            "p_start": 1740174900000,
            "vod_channel_description": "講述武則天（范冰冰）從青澀少女到一代女皇的成長奮鬥史。神龍元年，皇太子李顯在宰相張柬之等人的簇擁下逼宮，面對大周女皇帝武則天，懦弱的太子李顯落荒而逃。這都在武則天的意料之中。她在等著一個人讓她放心將大唐江山託付，中國歷史上唯一的女皇帝的傳奇一生揭開帷幕！"
          }
        ],
        "total_length": 222201000,
        "focus_index": 31,
        "next_index": 32,
        "time": 1287507,
        "focus_program": {
          "content_id": "VOD00334806",
          "time_codes": [
            669000,
            1497000,
            2199000
          ],
          "timecode_duration": [],
          "length": 2706000,
          "asset_id": "vod71808-000032M001",
          "title": "",
          "subtitle": "第32集",
          "ep_number": 32,
          "rating": 1,
          "content_type": "drama",
          "p_start": 1740024900000,
          "vod_channel_description": "講述武則天（范冰冰）從青澀少女到一代女皇的成長奮鬥史。神龍元年，皇太子李顯在宰相張柬之等人的簇擁下逼宮，面對大周女皇帝武則天，懦弱的太子李顯落荒而逃。這都在武則天的意料之中。她在等著一個人讓她放心將大唐江山託付，中國歷史上唯一的女皇帝的傳奇一生揭開帷幕！"
        }
      },
      "station_categories": [
        {
          "Name": "戲劇",
          "EngName": "Drama",
          "MenuOrder": 7
        }
      ]
    },
    "introduction": {
      "image": "https://p-cdnstatic.svc.litv.tv/pics/vod_channel/logo_3412_ofiii104_mobile_20240731.png",
      "description": "最不一樣的浩角翔起，合體征服史上最不可能的任務！全新型態的外景節目，浩角翔起將挑戰各種新奇刺激的主題任務，與各行各業的金牌好手進行捉對廝殺，不是玩遊戲更不是點到為止的介紹，而是在經過腳踏實地的魔鬼訓練，要與這些金牌好手們進行真槍實彈的對決，「整個就來真的！」",
      "href_maps": []
    },
    "recommends": [],
    "ua": "Mozilla/5.0 (Windows NT 10.0; Win64; x64) AppleWebKit/537.36 (KHTML, like Gecko) Chrome/91.0.4472.124 Safari/537.36"
  },
  "__N_SSP": true
}