{
  "pageProps": {
    "contentId": "ofiii139",
    "channel": {
      "title": "威廉沈歡樂送",
      "no": 139,
      "charge_mode": "F",
      "content_id": "ofiii139",
      "content_type": "vod-channel",
      "epg_categories": [
        18
      ],
      "genres": [
        {
          "id": "",
          "name": "VOD_CHANNEL",
          "logo": ""
        }
      ],
      "liad_id": "VODCHNEWOFIWEB",
      "package_info_id": "VOD_CHANNEL_DELUX",
      "picture": "pics/vod_channel/logo_3603_ofiii139_tv_20250221.png",
      "provider": [
        {
          "id": "",
          "name": "TVBS 純拆",
          "logo": ""
        }
      ],
      "quality": "HD",
      "station_id": "station6537",
      "trial": "",
      "selectable": 1,
      "tr_logo": "pics/vod_channel/tr_logo_1735888711.png",
      "tl_logo": "",
      "br_logo": "",
      "bl_logo": "",
      "menu_type": 0,
      "vod_channel_schedule": {
        "channel_id": 139,
        "cdn_code": "ofiii139",
        "start_time": 1762180200000,
        "programs": [
          {
            "content_id": "VOD00295594",
            "time_codes": [
              621000
            ],
            "timecode_duration": [],
            "length": 995000,
            "asset_id": "vod64263-000128M001",
            "title": "",
            "subtitle": "第128集 「王小姐是對的」！林襄、小珍奶比基尼對決？加碼貓趴共演！",
            "ep_number": 128,
            "rating": 1,
            "content_type": "show",
            "p_start": 1762180200000,
            "vod_channel_description": "「禮物大接力，把愛傳下去！」每集來賓收到外送的禮物後，必須陪威廉沈再尋找一份新的禮物，送給下一集的來賓。"
          },
          {
            "content_id": "VOD00295595",
            "time_codes": [
              656000
            ],
            "timecode_duration": [],
            "length": 1064000,
            "asset_id": "vod64263-000129M001",
            "title": "",
            "subtitle": "第129集 林襄淒涼自己的生日蛋糕自己做？！大馬郭雪芙Miko太主動竟讓沈玉琳手足無措！",
            "ep_number": 129,
            "rating": 1,
            "content_type": "show",
            "p_start": 1762181400000,
            "vod_channel_description": "「禮物大接力，把愛傳下去！」每集來賓收到外送的禮物後，必須陪威廉沈再尋找一份新的禮物，送給下一集的來賓。"
          },
          {
            "content_id": "VOD00295596",
            "time_codes": [
              607000
            ],
            "timecode_duration": [],
            "length": 942000,
            "asset_id": "vod64263-000130M001",
            "title": "",
            "subtitle": "第130集 越式洗髮林襄竟開大絕？溫妮親手搓洗！沈玉琳笑捲毛超爽預支10年薪水",
            "ep_number": 130,
            "rating": 1,
            "content_type": "show",
            "p_start": 1762182600000,
            "vod_channel_description": "「禮物大接力，把愛傳下去！」每集來賓收到外送的禮物後，必須陪威廉沈再尋找一份新的禮物，送給下一集的來賓。"
          },
          {
            "content_id": "VOD00311154",
            "time_codes": [
              633000,
              1084000
            ],
            "timecode_duration": [],
            "length": 1350000,
            "asset_id": "vod64263-000131M001",
            "title": "",
            "subtitle": "第131集 夏日泳池感謝祭！蘋蘋澎澎先嗆聲5G升級變大了？遊戲王林襄秒讓她濕！",
            "ep_number": 131,
            "rating": 1,
            "content_type": "show",
            "p_start": 1762183800000,
            "vod_channel_description": "「禮物大接力，把愛傳下去！」每集來賓收到外送的禮物後，必須陪威廉沈再尋找一份新的禮物，送給下一集的來賓。"
          },
          {
            "content_id": "VOD00311155",
            "time_codes": [
              566000
            ],
            "timecode_duration": [],
            "length": 1283000,
            "asset_id": "vod64263-000132M001",
            "title": "",
            "subtitle": "第132集 林襄科學按摩大受驚！沈玉琳亂噴精油在檸檬身上？！",
            "ep_number": 132,
            "rating": 1,
            "content_type": "show",
            "p_start": 1762185300000,
            "vod_channel_description": "「禮物大接力，把愛傳下去！」每集來賓收到外送的禮物後，必須陪威廉沈再尋找一份新的禮物，送給下一集的來賓。"
          },
          {
            "content_id": "VOD00311156",
            "time_codes": [
              600000,
              1200000
            ],
            "timecode_duration": [],
            "length": 1429000,
            "asset_id": "vod64263-000133M001",
            "title": "",
            "subtitle": "第133集 沈玉琳亂入富邦Angels！拖鞋啪啪爽玩貓趴？！林襄舞技被嫌棄？",
            "ep_number": 133,
            "rating": 1,
            "content_type": "show",
            "p_start": 1762186800000,
            "vod_channel_description": "「禮物大接力，把愛傳下去！」每集來賓收到外送的禮物後，必須陪威廉沈再尋找一份新的禮物，送給下一集的來賓。"
          },
          {
            "content_id": "VOD00311157",
            "time_codes": [
              600000
            ],
            "timecode_duration": [],
            "length": 1070000,
            "asset_id": "vod64263-000134M001",
            "title": "",
            "subtitle": "第134集 沈玉琳不藏了？！挖到寶藏女孩戴薇軒？林襄搖輸她？",
            "ep_number": 134,
            "rating": 1,
            "content_type": "show",
            "p_start": 1762188600000,
            "vod_channel_description": "「禮物大接力，把愛傳下去！」每集來賓收到外送的禮物後，必須陪威廉沈再尋找一份新的禮物，送給下一集的來賓。"
          },
          {
            "content_id": "VOD00311158",
            "time_codes": [
              600000,
              1200000
            ],
            "timecode_duration": [],
            "length": 1266000,
            "asset_id": "vod64263-000135M001",
            "title": "",
            "subtitle": "第135集 「樂天、富邦、統一」球團泳池大混戰！檸檬三兩下打敗Mina 林襄遭狠狠壓制 遊戲王換人了？！",
            "ep_number": 135,
            "rating": 1,
            "content_type": "show",
            "p_start": 1762189800000,
            "vod_channel_description": "「禮物大接力，把愛傳下去！」每集來賓收到外送的禮物後，必須陪威廉沈再尋找一份新的禮物，送給下一集的來賓。"
          },
          {
            "content_id": "VOD00311159",
            "time_codes": [
              600000
            ],
            "timecode_duration": [],
            "length": 909000,
            "asset_id": "vod64263-000136M001",
            "title": "",
            "subtitle": "第136集 狂勸林襄千萬別早婚？！沈玉琳aka刀療師or誦經師？突然要求「傑森自愛」！",
            "ep_number": 136,
            "rating": 1,
            "content_type": "show",
            "p_start": 1762191300000,
            "vod_channel_description": "「禮物大接力，把愛傳下去！」每集來賓收到外送的禮物後，必須陪威廉沈再尋找一份新的禮物，送給下一集的來賓。"
          },
          {
            "content_id": "VOD00311160",
            "time_codes": [
              600000
            ],
            "timecode_duration": [],
            "length": 1154000,
            "asset_id": "vod64263-000137M001",
            "title": "",
            "subtitle": "第137集 直擊超正西施！茜茜鋼管龍捲風嗆聲林襄？！只有淡定老薑治得了老沈！",
            "ep_number": 137,
            "rating": 1,
            "content_type": "show",
            "p_start": 1762192500000,
            "vod_channel_description": "「禮物大接力，把愛傳下去！」每集來賓收到外送的禮物後，必須陪威廉沈再尋找一份新的禮物，送給下一集的來賓。"
          },
          {
            "content_id": "VOD00311161",
            "time_codes": [
              600000
            ],
            "timecode_duration": [],
            "length": 1136000,
            "asset_id": "vod64263-000138M001",
            "title": "",
            "subtitle": "第138集 超巨儀器弄得艾融痛到狂喊不行！林襄又被電啦！意外證實沈玉琳那支比較小……筆啦？",
            "ep_number": 138,
            "rating": 1,
            "content_type": "show",
            "p_start": 1762194000000,
            "vod_channel_description": "「禮物大接力，把愛傳下去！」每集來賓收到外送的禮物後，必須陪威廉沈再尋找一份新的禮物，送給下一集的來賓。"
          },
          {
            "content_id": "VOD00311162",
            "time_codes": [
              600000,
              1200000
            ],
            "timecode_duration": [],
            "length": 1367000,
            "asset_id": "vod64263-000139M001",
            "title": "",
            "subtitle": "第139集 赤襄喝辣超會玩？！叼水果餵食林襄羞爆～汁男們群起包圍赤鬼伯伯 沈玉琳比來賓還興奮？！",
            "ep_number": 139,
            "rating": 1,
            "content_type": "show",
            "p_start": 1762195500000,
            "vod_channel_description": "「禮物大接力，把愛傳下去！」每集來賓收到外送的禮物後，必須陪威廉沈再尋找一份新的禮物，送給下一集的來賓。"
          },
          {
            "content_id": "VOD00311163",
            "time_codes": [
              600000
            ],
            "timecode_duration": [],
            "length": 1146000,
            "asset_id": "vod64263-000140M001",
            "title": "",
            "subtitle": "第140集 私密野溪泡湯！沈玉琳激怒林襄比基尼天堂路？女女水裡共演咪雅驚呼超香！",
            "ep_number": 140,
            "rating": 1,
            "content_type": "show",
            "p_start": 1762197300000,
            "vod_channel_description": "「禮物大接力，把愛傳下去！」每集來賓收到外送的禮物後，必須陪威廉沈再尋找一份新的禮物，送給下一集的來賓。"
          },
          {
            "content_id": "VOD00321191",
            "time_codes": [
              600000,
              1200000
            ],
            "timecode_duration": [],
            "length": 1504000,
            "asset_id": "vod64263-000141M001",
            "title": "",
            "subtitle": "第141集 秋冬感謝祭！純ㄩˋ系VS.呆萌系～林襄入浴自帶BGM 沈玉琳套出舒舒喜歡吃香蕉？！",
            "ep_number": 141,
            "rating": 1,
            "content_type": "show",
            "p_start": 1762198800000,
            "vod_channel_description": "「禮物大接力，把愛傳下去！」每集來賓收到外送的禮物後，必須陪威廉沈再尋找一份新的禮物，送給下一集的來賓。"
          },
          {
            "content_id": "VOD00321193",
            "time_codes": [
              623000
            ],
            "timecode_duration": [],
            "length": 1213000,
            "asset_id": "vod64263-000143M001",
            "title": "",
            "subtitle": "第143集 Coser苔苔性感貓趴林襄也認輸…… 玩弄一根拐杖大又軟 沈玉琳幻想噴發心臟快受不了",
            "ep_number": 143,
            "rating": 1,
            "content_type": "show",
            "p_start": 1762200600000,
            "vod_channel_description": "「禮物大接力，把愛傳下去！」每集來賓收到外送的禮物後，必須陪威廉沈再尋找一份新的禮物，送給下一集的來賓。"
          },
          {
            "content_id": "VOD00321194",
            "time_codes": [
              643000
            ],
            "timecode_duration": [],
            "length": 1179000,
            "asset_id": "vod64263-000144M001",
            "title": "",
            "subtitle": "第144集 樂天VS.味全龍會外賽！Queena攀登姻緣線找到真命天子？！林襄攻頂竟抽到鬼牌！",
            "ep_number": 144,
            "rating": 1,
            "content_type": "show",
            "p_start": 1762202100000,
            "vod_channel_description": "「禮物大接力，把愛傳下去！」每集來賓收到外送的禮物後，必須陪威廉沈再尋找一份新的禮物，送給下一集的來賓。"
          },
          {
            "content_id": "VOD00321195",
            "time_codes": [
              619000
            ],
            "timecode_duration": [],
            "length": 1243000,
            "asset_id": "vod64263-000145M001",
            "title": "",
            "subtitle": "第145集 林襄一尺進洞一秒暴怒？！富邦Angels奶昔比基尼秀加碼送獨家未曝光寫真！",
            "ep_number": 145,
            "rating": 1,
            "content_type": "show",
            "p_start": 1762203600000,
            "vod_channel_description": "「禮物大接力，把愛傳下去！」每集來賓收到外送的禮物後，必須陪威廉沈再尋找一份新的禮物，送給下一集的來賓。"
          },
          {
            "content_id": "VOD00321196",
            "time_codes": [
              698000
            ],
            "timecode_duration": [],
            "length": 1278000,
            "asset_id": "vod64263-000146M001",
            "title": "",
            "subtitle": "第146集 電豹女貓趴、劈腿大接龍！林襄同台表妹Wendy尬「一年幾次」？！沈玉琳大跳科目三老人虛累累",
            "ep_number": 146,
            "rating": 1,
            "content_type": "show",
            "p_start": 1762205100000,
            "vod_channel_description": "「禮物大接力，把愛傳下去！」每集來賓收到外送的禮物後，必須陪威廉沈再尋找一份新的禮物，送給下一集的來賓。"
          },
          {
            "content_id": "VOD00321197",
            "time_codes": [
              636000
            ],
            "timecode_duration": [],
            "length": 1442000,
            "asset_id": "vod64263-000147M001",
            "title": "",
            "subtitle": "第147集 私密泡湯～蘿拉啪啪啪極致興奮？！林襄濕身來不及跑！",
            "ep_number": 147,
            "rating": 1,
            "content_type": "show",
            "p_start": 1762206600000,
            "vod_channel_description": "「禮物大接力，把愛傳下去！」每集來賓收到外送的禮物後，必須陪威廉沈再尋找一份新的禮物，送給下一集的來賓。"
          },
          {
            "content_id": "VOD00321198",
            "time_codes": [
              606000
            ],
            "timecode_duration": [],
            "length": 1437000,
            "asset_id": "vod64263-000148M001",
            "title": "",
            "subtitle": "第148集 冰火泡湯～玉女斐棋人設崩壞！拖鞋竟懂這樣玩？林襄雪恥野吹乒乓球超快！",
            "ep_number": 148,
            "rating": 1,
            "content_type": "show",
            "p_start": 1762208400000,
            "vod_channel_description": "「禮物大接力，把愛傳下去！」每集來賓收到外送的禮物後，必須陪威廉沈再尋找一份新的禮物，送給下一集的來賓。"
          },
          {
            "content_id": "VOD00321199",
            "time_codes": [
              727000
            ],
            "timecode_duration": [],
            "length": 1388000,
            "asset_id": "vod64263-000149M001",
            "title": "",
            "subtitle": "第149集 新春感謝祭！林襄發出女人聲音讓沈玉琳興奮爆了！沐雨柔不小心又開車……都(淋)濕了？！",
            "ep_number": 149,
            "rating": 1,
            "content_type": "show",
            "p_start": 1762209900000,
            "vod_channel_description": "「禮物大接力，把愛傳下去！」每集來賓收到外送的禮物後，必須陪威廉沈再尋找一份新的禮物，送給下一集的來賓。"
          },
          {
            "content_id": "VOD00321200",
            "time_codes": [
              726000
            ],
            "timecode_duration": [],
            "length": 1590000,
            "asset_id": "vod64263-000150M001",
            "title": "",
            "subtitle": "第150集 猴！PilotsCrew全員都被弄壞了？！林襄慘遭拖鞋啪啪啪？！",
            "ep_number": 150,
            "rating": 1,
            "content_type": "show",
            "p_start": 1762211400000,
            "vod_channel_description": "「禮物大接力，把愛傳下去！」每集來賓收到外送的禮物後，必須陪威廉沈再尋找一份新的禮物，送給下一集的來賓。"
          },
          {
            "content_id": "VOD00337018",
            "time_codes": [
              978000
            ],
            "timecode_duration": [],
            "length": 1434000,
            "asset_id": "vod64263-000156M001",
            "title": "",
            "subtitle": "第156集 私密野溪吹乒乓球！林襄超強回眸 夏芝背後視角引爆動",
            "ep_number": 156,
            "rating": 1,
            "content_type": "show",
            "p_start": 1762213200000,
            "vod_channel_description": "「禮物大接力，把愛傳下去！」每集來賓收到外送的禮物後，必須陪威廉沈再尋找一份新的禮物，送給下一集的來賓。"
          },
          {
            "content_id": "VOD00339128",
            "time_codes": [
              614000
            ],
            "timecode_duration": [],
            "length": 1374000,
            "asset_id": "vod64263-000157M001",
            "title": "",
            "subtitle": "第157集 床上烏龜翹是要玩多久？！瑞瑞冰水衝擊林襄先跑再說！",
            "ep_number": 157,
            "rating": 1,
            "content_type": "show",
            "p_start": 1762214700000,
            "vod_channel_description": "「禮物大接力，把愛傳下去！」每集來賓收到外送的禮物後，必須陪威廉沈再尋找一份新的禮物，送給下一集的來賓。"
          },
          {
            "content_id": "VOD00339129",
            "time_codes": [
              653000
            ],
            "timecode_duration": [],
            "length": 1508000,
            "asset_id": "vod64263-000158M001",
            "title": "",
            "subtitle": "第158集 林襄奉茶電到哭了！與龍共浴～林襄重現最經典名場「大法師」？小珍奶硬撐臉脹紅！",
            "ep_number": 158,
            "rating": 1,
            "content_type": "show",
            "p_start": 1762216200000,
            "vod_channel_description": "「禮物大接力，把愛傳下去！」每集來賓收到外送的禮物後，必須陪威廉沈再尋找一份新的禮物，送給下一集的來賓。"
          },
          {
            "content_id": "VOD00339130",
            "time_codes": [
              770000,
              1080000
            ],
            "timecode_duration": [],
            "length": 1557000,
            "asset_id": "vod64263-000159M001",
            "title": "",
            "subtitle": "第159集 小龍女VS.樂天女孩？！卉妮曝林襄搶襪絕招！沈玉琳冷看琳妲姊妹鬩牆？！",
            "ep_number": 159,
            "rating": 1,
            "content_type": "show",
            "p_start": 1762218000000,
            "vod_channel_description": "「禮物大接力，把愛傳下去！」每集來賓收到外送的禮物後，必須陪威廉沈再尋找一份新的禮物，送給下一集的來賓。"
          },
          {
            "content_id": "VOD00339131",
            "time_codes": [
              688000
            ],
            "timecode_duration": [],
            "length": 1480000,
            "asset_id": "vod64263-000160M001",
            "title": "",
            "subtitle": "第160集 直擊啦啦隊正妹後台私密處？！行李箱竟藏謎之棒狀物？女孩手機相簿更狂？林襄沈玉琳大吃驚！",
            "ep_number": 160,
            "rating": 1,
            "content_type": "show",
            "p_start": 1762219800000,
            "vod_channel_description": "「禮物大接力，把愛傳下去！」每集來賓收到外送的禮物後，必須陪威廉沈再尋找一份新的禮物，送給下一集的來賓。"
          },
          {
            "content_id": "VOD00339132",
            "time_codes": [
              713000
            ],
            "timecode_duration": [],
            "length": 1536000,
            "asset_id": "vod64263-000161M001",
            "title": "",
            "subtitle": "第161集 整復續前緣？！林襄咬軟的棉花糖速度驚人！米亞牙膏可以擠多長？！",
            "ep_number": 161,
            "rating": 1,
            "content_type": "show",
            "p_start": 1762221600000,
            "vod_channel_description": "「禮物大接力，把愛傳下去！」每集來賓收到外送的禮物後，必須陪威廉沈再尋找一份新的禮物，送給下一集的來賓。"
          },
          {
            "content_id": "VOD00339133",
            "time_codes": [
              685000
            ],
            "timecode_duration": [],
            "length": 1497000,
            "asset_id": "vod64263-000162M001",
            "title": "",
            "subtitle": "第162集 樂天新女孩竟然下重手！林襄跳跳床跳到快要去了！沈玉琳硬塞Dora吃香蕉？！",
            "ep_number": 162,
            "rating": 1,
            "content_type": "show",
            "p_start": 1762223400000,
            "vod_channel_description": "「禮物大接力，把愛傳下去！」每集來賓收到外送的禮物後，必須陪威廉沈再尋找一份新的禮物，送給下一集的來賓。"
          },
          {
            "content_id": "VOD00339134",
            "time_codes": [
              748000
            ],
            "timecode_duration": [],
            "length": 1217000,
            "asset_id": "vod64263-000163M001",
            "title": "",
            "subtitle": "第163集 林襄化身貓咪鏟屎官！菲比一口塞香蕉害沈玉琳OO？！菲比求情：不要那麼快！",
            "ep_number": 163,
            "rating": 1,
            "content_type": "show",
            "p_start": 1762225200000,
            "vod_channel_description": "「禮物大接力，把愛傳下去！」每集來賓收到外送的禮物後，必須陪威廉沈再尋找一份新的禮物，送給下一集的來賓。"
          },
          {
            "content_id": "VOD00339135",
            "time_codes": [
              693000,
              1119000
            ],
            "timecode_duration": [],
            "length": 1596000,
            "asset_id": "vod64263-000164M001",
            "title": "",
            "subtitle": "第164集 屁控運動會！林襄灌氣球灌到後面快爆開？！梓梓電臀女王抖臀舞超辣！優妮臀型超美卻不被沈玉琳看好？！",
            "ep_number": 164,
            "rating": 1,
            "content_type": "show",
            "p_start": 1762226700000,
            "vod_channel_description": "「禮物大接力，把愛傳下去！」每集來賓收到外送的禮物後，必須陪威廉沈再尋找一份新的禮物，送給下一集的來賓。"
          },
          {
            "content_id": "VOD00339136",
            "time_codes": [
              695000,
              1130000
            ],
            "timecode_duration": [],
            "length": 1553000,
            "asset_id": "vod64263-000165M001",
            "title": "",
            "subtitle": "第165集 直擊LuxyGirls練舞室場面失控！林襄有心上人？！謎之棒狀物真相越描越黑？！",
            "ep_number": 165,
            "rating": 1,
            "content_type": "show",
            "p_start": 1762228500000,
            "vod_channel_description": "「禮物大接力，把愛傳下去！」每集來賓收到外送的禮物後，必須陪威廉沈再尋找一份新的禮物，送給下一集的來賓。"
          },
          {
            "content_id": "VOD00339137",
            "time_codes": [
              676000
            ],
            "timecode_duration": [],
            "length": 1411000,
            "asset_id": "vod64263-000166M001",
            "title": "",
            "subtitle": "第166集 解鎖LuxyGirls全員罩杯？林襄貓趴爆乳超養眼！舒子晨慘遭拖鞋打屁股！",
            "ep_number": 166,
            "rating": 1,
            "content_type": "show",
            "p_start": 1762230300000,
            "vod_channel_description": "「禮物大接力，把愛傳下去！」每集來賓收到外送的禮物後，必須陪威廉沈再尋找一份新的禮物，送給下一集的來賓。"
          },
          {
            "content_id": "VOD00339138",
            "time_codes": [
              729000
            ],
            "timecode_duration": [],
            "length": 1307000,
            "asset_id": "vod64263-000167M001",
            "title": "",
            "subtitle": "第167集 赤鬼伯伯愛色在裡面？林襄性感拉筋喊舒服？粉絲福利大放送！",
            "ep_number": 167,
            "rating": 1,
            "content_type": "show",
            "p_start": 1762231800000,
            "vod_channel_description": "「禮物大接力，把愛傳下去！」每集來賓收到外送的禮物後，必須陪威廉沈再尋找一份新的禮物，送給下一集的來賓。"
          },
          {
            "content_id": "VOD00339139",
            "time_codes": [
              647000,
              1107000
            ],
            "timecode_duration": [],
            "length": 1559000,
            "asset_id": "vod64263-000168M001",
            "title": "",
            "subtitle": "第168集 小龍女林襄主場到！小珍奶性感解扣爆乳！琪琪嗆：一粒算什麼？",
            "ep_number": 168,
            "rating": 1,
            "content_type": "show",
            "p_start": 1762233300000,
            "vod_channel_description": "「禮物大接力，把愛傳下去！」每集來賓收到外送的禮物後，必須陪威廉沈再尋找一份新的禮物，送給下一集的來賓。"
          },
          {
            "content_id": "VOD00339140",
            "time_codes": [
              729000
            ],
            "timecode_duration": [],
            "length": 1233000,
            "asset_id": "vod64263-000169M001",
            "title": "",
            "subtitle": "第169集 林襄在健康步道跳跳繩哀哀叫？咪雅遭處罰打腳喊下面好痛？",
            "ep_number": 169,
            "rating": 1,
            "content_type": "show",
            "p_start": 1762235100000,
            "vod_channel_description": "「禮物大接力，把愛傳下去！」每集來賓收到外送的禮物後，必須陪威廉沈再尋找一份新的禮物，送給下一集的來賓。"
          },
          {
            "content_id": "VOD00339141",
            "time_codes": [
              733000
            ],
            "timecode_duration": [],
            "length": 1370000,
            "asset_id": "vod64263-000170M001",
            "title": "",
            "subtitle": "第170集 女女互洗熱舞秀！晞晞完美詮釋純慾系比基尼？林襄可愛感男友視角！",
            "ep_number": 170,
            "rating": 1,
            "content_type": "show",
            "p_start": 1762236600000,
            "vod_channel_description": "「禮物大接力，把愛傳下去！」每集來賓收到外送的禮物後，必須陪威廉沈再尋找一份新的禮物，送給下一集的來賓。"
          },
          {
            "content_id": "VOD00339142",
            "time_codes": [
              718000,
              1156000
            ],
            "timecode_duration": [],
            "length": 1562000,
            "asset_id": "vod64263-000171M001",
            "title": "",
            "subtitle": "第171集 林襄超會吹撲克牌？女女共吃香蕉爽到攝影師？沈玉琳太入戲遭現世報？",
            "ep_number": 171,
            "rating": 1,
            "content_type": "show",
            "p_start": 1762238100000,
            "vod_channel_description": "「禮物大接力，把愛傳下去！」每集來賓收到外送的禮物後，必須陪威廉沈再尋找一份新的禮物，送給下一集的來賓。"
          },
          {
            "content_id": "VOD00339143",
            "time_codes": [
              666000
            ],
            "timecode_duration": [],
            "length": 1250000,
            "asset_id": "vod64263-000172M001",
            "title": "",
            "subtitle": "第172集 篠崎泫這部位超敏感？發誓不會移情別戀？弱點被沈玉琳看光光？",
            "ep_number": 172,
            "rating": 1,
            "content_type": "show",
            "p_start": 1762239900000,
            "vod_channel_description": "「禮物大接力，把愛傳下去！」每集來賓收到外送的禮物後，必須陪威廉沈再尋找一份新的禮物，送給下一集的來賓。"
          },
          {
            "content_id": "VOD00339619",
            "time_codes": [
              586000
            ],
            "timecode_duration": [],
            "length": 1219000,
            "asset_id": "vod64263-000173M001",
            "title": "",
            "subtitle": "第173集 突擊李多慧新家！對沈玉琳罵髒話大崩潰？公開睡衣有香香的味道？",
            "ep_number": 173,
            "rating": 1,
            "content_type": "show",
            "p_start": 1762241400000,
            "vod_channel_description": "「禮物大接力，把愛傳下去！」每集來賓收到外送的禮物後，必須陪威廉沈再尋找一份新的禮物，送給下一集的來賓。"
          },
          {
            "content_id": "VOD00339620",
            "time_codes": [
              761000
            ],
            "timecode_duration": [],
            "length": 1254000,
            "asset_id": "vod64263-000174M001",
            "title": "",
            "subtitle": "第174集 解鎖Queens啦啦隊全員罩杯！廷廷驚人才藝讓林襄尖叫竄逃？沈玉琳一秒破解個人技？",
            "ep_number": 174,
            "rating": 1,
            "content_type": "show",
            "p_start": 1762242900000,
            "vod_channel_description": "「禮物大接力，把愛傳下去！」每集來賓收到外送的禮物後，必須陪威廉沈再尋找一份新的禮物，送給下一集的來賓。"
          },
          {
            "content_id": "VOD00339621",
            "time_codes": [
              664000
            ],
            "timecode_duration": [],
            "length": 1236000,
            "asset_id": "vod64263-000175M001",
            "title": "",
            "subtitle": "第175集 夏日泳池激戰！元元挑戰室內衝浪大爆摔？遊戲王林襄終於雪恥成功？",
            "ep_number": 175,
            "rating": 1,
            "content_type": "show",
            "p_start": 1762244400000,
            "vod_channel_description": "「禮物大接力，把愛傳下去！」每集來賓收到外送的禮物後，必須陪威廉沈再尋找一份新的禮物，送給下一集的來賓。"
          },
          {
            "content_id": "VOD00343357",
            "time_codes": [
              685000
            ],
            "timecode_duration": [],
            "length": 1319000,
            "asset_id": "vod64263-000176M001",
            "title": "",
            "subtitle": "第176集 林襄突然劈腿卻落漆？89妹雪莉癱軟喊葛～",
            "ep_number": 176,
            "rating": 1,
            "content_type": "show",
            "p_start": 1762245900000,
            "vod_channel_description": "「禮物大接力，把愛傳下去！」每集來賓收到外送的禮物後，必須陪威廉沈再尋找一份新的禮物，送給下一集的來賓。"
          },
          {
            "content_id": "VOD00343358",
            "time_codes": [
              480000
            ],
            "timecode_duration": [],
            "length": 944000,
            "asset_id": "vod64263-000177M001",
            "title": "",
            "subtitle": "第177集 奎丁與教練雙人運動險擦槍走火？健身房練翹臀面露猙獰？",
            "ep_number": 177,
            "rating": 1,
            "content_type": "show",
            "p_start": 1762247400000,
            "vod_channel_description": "「禮物大接力，把愛傳下去！」每集來賓收到外送的禮物後，必須陪威廉沈再尋找一份新的禮物，送給下一集的來賓。"
          },
          {
            "content_id": "VOD00343359",
            "time_codes": [
              728000
            ],
            "timecode_duration": [],
            "length": 1206000,
            "asset_id": "vod64263-000178M001",
            "title": "",
            "subtitle": "第178集 鄔又曦真的跟張立東交往？流水麵線吃到手忙腳亂沈玉琳笑：整我？",
            "ep_number": 178,
            "rating": 1,
            "content_type": "show",
            "p_start": 1762248600000,
            "vod_channel_description": "「禮物大接力，把愛傳下去！」每集來賓收到外送的禮物後，必須陪威廉沈再尋找一份新的禮物，送給下一集的來賓。"
          },
          {
            "content_id": "VOD00343360",
            "time_codes": [
              557000
            ],
            "timecode_duration": [],
            "length": 1043000,
            "asset_id": "vod64263-000179M001",
            "title": "",
            "subtitle": "第179集 Elkie莊錠欣回應與周子瑜不合傳聞？沈玉琳慘被拆台稱讚她：冰雪聰明？",
            "ep_number": 179,
            "rating": 1,
            "content_type": "show",
            "p_start": 1762250100000,
            "vod_channel_description": "「禮物大接力，把愛傳下去！」每集來賓收到外送的禮物後，必須陪威廉沈再尋找一份新的禮物，送給下一集的來賓。"
          },
          {
            "content_id": "VOD00343361",
            "time_codes": [
              619000
            ],
            "timecode_duration": [],
            "length": 1246000,
            "asset_id": "vod64263-000180M001",
            "title": "",
            "subtitle": "第180集 比基尼泳池大亂鬥！舒舒怪異姿勢水上漫步沈玉琳嗆：哩系阿伯？舒子晨瘋狗上身輾壓全場？",
            "ep_number": 180,
            "rating": 1,
            "content_type": "show",
            "p_start": 1762251300000,
            "vod_channel_description": "「禮物大接力，把愛傳下去！」每集來賓收到外送的禮物後，必須陪威廉沈再尋找一份新的禮物，送給下一集的來賓。"
          },
          {
            "content_id": "VOD00349530",
            "time_codes": [
              774000,
              1195000
            ],
            "timecode_duration": [],
            "length": 1449000,
            "asset_id": "vod64263-000181M001",
            "title": "",
            "subtitle": "第181集 中信冼迪琦甜美32撞！與沈玉琳荒謬同框三振舞！做包包變成冷笑話大會？",
            "ep_number": 181,
            "rating": 1,
            "content_type": "show",
            "p_start": 1762252800000,
            "vod_channel_description": "「禮物大接力，把愛傳下去！」每集來賓收到外送的禮物後，必須陪威廉沈再尋找一份新的禮物，送給下一集的來賓。"
          },
          {
            "content_id": "VOD00349531",
            "time_codes": [
              735000
            ],
            "timecode_duration": [],
            "length": 1289000,
            "asset_id": "vod64263-000182M001",
            "title": "",
            "subtitle": "第182集 赤鬼伯伯掀孟潔底褲壞壞？沈玉琳看了凍未條？搶襪子大戰黑馬降臨？",
            "ep_number": 182,
            "rating": 1,
            "content_type": "show",
            "p_start": 1762254600000,
            "vod_channel_description": "「禮物大接力，把愛傳下去！」每集來賓收到外送的禮物後，必須陪威廉沈再尋找一份新的禮物，送給下一集的來賓。"
          },
          {
            "content_id": "VOD00349532",
            "time_codes": [
              688000
            ],
            "timecode_duration": [],
            "length": 1098000,
            "asset_id": "vod64263-000183M001",
            "title": "",
            "subtitle": "第183集 陳怡叡Yuri三圍被他看光光？扮可愛鬼臉瞬間心臟漏跳一拍？過去戀情遭沈玉琳無情揭露？",
            "ep_number": 183,
            "rating": 1,
            "content_type": "show",
            "p_start": 1762256100000,
            "vod_channel_description": "「禮物大接力，把愛傳下去！」每集來賓收到外送的禮物後，必須陪威廉沈再尋找一份新的禮物，送給下一集的來賓。"
          },
          {
            "content_id": "VOD00349533",
            "time_codes": [
              626000
            ],
            "timecode_duration": [],
            "length": 1260000,
            "asset_id": "vod64263-000184M001",
            "title": "",
            "subtitle": "第184集 泳池泡泡浴 沛沛羞喊太難了！水上激戰 MIKA 斐棋 霸王硬上弓？",
            "ep_number": 184,
            "rating": 1,
            "content_type": "show",
            "p_start": 1762257300000,
            "vod_channel_description": "「禮物大接力，把愛傳下去！」每集來賓收到外送的禮物後，必須陪威廉沈再尋找一份新的禮物，送給下一集的來賓。"
          },
          {
            "content_id": "VOD00349534",
            "time_codes": [
              604000
            ],
            "timecode_duration": [],
            "length": 1246000,
            "asset_id": "vod64263-000185M001",
            "title": "",
            "subtitle": "第185集 開箱木曜江江家！冷笑話對決有奇怪聲音？沈玉琳踢到鐵板了？",
            "ep_number": 185,
            "rating": 1,
            "content_type": "show",
            "p_start": 1762258800000,
            "vod_channel_description": "「禮物大接力，把愛傳下去！」每集來賓收到外送的禮物後，必須陪威廉沈再尋找一份新的禮物，送給下一集的來賓。"
          },
          {
            "content_id": "VOD00349535",
            "time_codes": [
              644000
            ],
            "timecode_duration": [],
            "length": 1298000,
            "asset_id": "vod64263-000186M001",
            "title": "",
            "subtitle": "第186集 性感OL爭霸戰！富邦檸檬「姨婆叫」遭沈玉琳嫌棄：好粗！樂天菲菲「找不到點」原因竟是... 威廉沈歡樂送",
            "ep_number": 186,
            "rating": 1,
            "content_type": "show",
            "p_start": 1762260300000,
            "vod_channel_description": "「禮物大接力，把愛傳下去！」每集來賓收到外送的禮物後，必須陪威廉沈再尋找一份新的禮物，送給下一集的來賓。"
          },
          {
            "content_id": "VOD00349536",
            "time_codes": [
              617000
            ],
            "timecode_duration": [],
            "length": 1168000,
            "asset_id": "vod64263-000187M001",
            "title": "",
            "subtitle": "第187集 中信畇二「舌吻青蛙」狂跺腳！私下偷揪沈玉琳泡湯被拆穿？",
            "ep_number": 187,
            "rating": 1,
            "content_type": "show",
            "p_start": 1762261800000,
            "vod_channel_description": "「禮物大接力，把愛傳下去！」每集來賓收到外送的禮物後，必須陪威廉沈再尋找一份新的禮物，送給下一集的來賓。"
          },
          {
            "content_id": "VOD00349537",
            "time_codes": [
              596000
            ],
            "timecode_duration": [],
            "length": 1260000,
            "asset_id": "vod64263-000188M001",
            "title": "",
            "subtitle": "第188集 想紅先過學姐這關！沈玉琳愛搗蛋讓筠熹濕了？倩倩謎之抖動哭喊不要！",
            "ep_number": 188,
            "rating": 1,
            "content_type": "show",
            "p_start": 1762263300000,
            "vod_channel_description": "「禮物大接力，把愛傳下去！」每集來賓收到外送的禮物後，必須陪威廉沈再尋找一份新的禮物，送給下一集的來賓。"
          },
          {
            "content_id": "VOD00349538",
            "time_codes": [
              623000
            ],
            "timecode_duration": [],
            "length": 1376000,
            "asset_id": "vod64263-000189M001",
            "title": "",
            "subtitle": "第189集 電豹女李雅英理想型曝光！沈玉琳遭無情打槍？猜歌挑戰各種崩潰瞬間？",
            "ep_number": 189,
            "rating": 1,
            "content_type": "show",
            "p_start": 1762264800000,
            "vod_channel_description": "「禮物大接力，把愛傳下去！」每集來賓收到外送的禮物後，必須陪威廉沈再尋找一份新的禮物，送給下一集的來賓。"
          },
          {
            "content_id": "VOD00349539",
            "time_codes": [
              603000
            ],
            "timecode_duration": [],
            "length": 1145000,
            "asset_id": "vod64263-000190M001",
            "title": "",
            "subtitle": "第190集 未來少女張瑄與阿Ken超羞私密物公開！教成人英文沈玉琳秒想歪？",
            "ep_number": 190,
            "rating": 1,
            "content_type": "show",
            "p_start": 1762266300000,
            "vod_channel_description": "「禮物大接力，把愛傳下去！」每集來賓收到外送的禮物後，必須陪威廉沈再尋找一份新的禮物，送給下一集的來賓。"
          },
          {
            "content_id": "VOD00349540",
            "time_codes": [
              632000
            ],
            "timecode_duration": [],
            "length": 1160000,
            "asset_id": "vod64263-000191M001",
            "title": "",
            "subtitle": "第191集 小龍女小映打網球叫不停？第一次上威廉沈痛到軟腳？沈玉琳大讚牛奶真奶王？",
            "ep_number": 191,
            "rating": 1,
            "content_type": "show",
            "p_start": 1762267800000,
            "vod_channel_description": "「禮物大接力，把愛傳下去！」每集來賓收到外送的禮物後，必須陪威廉沈再尋找一份新的禮物，送給下一集的來賓。"
          },
          {
            "content_id": "VOD00352689",
            "time_codes": [
              624000,
              1191000
            ],
            "timecode_duration": [],
            "length": 1447000,
            "asset_id": "vod64263-000192M001",
            "title": "",
            "subtitle": "第192集 娟週Mimi痛到落淚？四次元讓沈玉琳太震撼？",
            "ep_number": 192,
            "rating": 1,
            "content_type": "show",
            "p_start": 1762269300000,
            "vod_channel_description": "「禮物大接力，把愛傳下去！」每集來賓收到外送的禮物後，必須陪威廉沈再尋找一份新的禮物，送給下一集的來賓。"
          },
          {
            "content_id": "VOD00352690",
            "time_codes": [
              730000
            ],
            "timecode_duration": [],
            "length": 1010000,
            "asset_id": "vod64263-000193M001",
            "title": "",
            "subtitle": "第193集 日光之橙ELL&s挑逗開關被打開？沈玉琳害她人設崩壞嚇哭？默契大考驗她慘遭拖鞋啪啪？！",
            "ep_number": 193,
            "rating": 1,
            "content_type": "show",
            "p_start": 1762271100000,
            "vod_channel_description": "「禮物大接力，把愛傳下去！」每集來賓收到外送的禮物後，必須陪威廉沈再尋找一份新的禮物，送給下一集的來賓。"
          },
          {
            "content_id": "VOD00352691",
            "time_codes": [
              702000
            ],
            "timecode_duration": [],
            "length": 1333000,
            "asset_id": "vod64263-000194M001",
            "title": "",
            "subtitle": "第194集 大哥李晧禎台灣閨房公開！秘密枕邊人曝光？自爆超愛罵髒話？",
            "ep_number": 194,
            "rating": 1,
            "content_type": "show",
            "p_start": 1762272300000,
            "vod_channel_description": "「禮物大接力，把愛傳下去！」每集來賓收到外送的禮物後，必須陪威廉沈再尋找一份新的禮物，送給下一集的來賓。"
          },
          {
            "content_id": "VOD00352692",
            "time_codes": [
              589000
            ],
            "timecode_duration": [],
            "length": 1356000,
            "asset_id": "vod64263-000195M001",
            "title": "",
            "subtitle": "第195集 男女混浴私密泡湯～外拍天后Vicky教主大戰沈玉琳啪啪聲不斷：我沒了！棒狀物捅進XX他興奮到昏倒？",
            "ep_number": 195,
            "rating": 1,
            "content_type": "show",
            "p_start": 1762273800000,
            "vod_channel_description": "「禮物大接力，把愛傳下去！」每集來賓收到外送的禮物後，必須陪威廉沈再尋找一份新的禮物，送給下一集的來賓。"
          },
          {
            "content_id": "VOD00352693",
            "time_codes": [
              701000
            ],
            "timecode_duration": [],
            "length": 1349000,
            "asset_id": "vod64263-000196M001",
            "title": "",
            "subtitle": "第196集 李雅英挑戰深山烤地瓜！沈玉琳砸重金邀約主持新節目？台語測驗他驚喊好可怕？",
            "ep_number": 196,
            "rating": 1,
            "content_type": "show",
            "p_start": 1762275300000,
            "vod_channel_description": "「禮物大接力，把愛傳下去！」每集來賓收到外送的禮物後，必須陪威廉沈再尋找一份新的禮物，送給下一集的來賓。"
          },
          {
            "content_id": "VOD00362217",
            "time_codes": [
              556000
            ],
            "timecode_duration": [],
            "length": 1192000,
            "asset_id": "vod64263-000197M001",
            "title": "",
            "subtitle": "第197集 LuxyGirls被玩壞了？球池搶襪混戰她遭後面偷襲？遊戲王舒子晨被壓制了？",
            "ep_number": 197,
            "rating": 1,
            "content_type": "show",
            "p_start": 1762276800000,
            "vod_channel_description": "「禮物大接力，把愛傳下去！」每集來賓收到外送的禮物後，必須陪威廉沈再尋找一份新的禮物，送給下一集的來賓。"
          },
          {
            "content_id": "VOD00362218",
            "time_codes": [
              630000
            ],
            "timecode_duration": [],
            "length": 1198000,
            "asset_id": "vod64263-000198M001",
            "title": "",
            "subtitle": "第198集 富邦卡洛琳裸身撥筋按摩叫翻天！自認唱歌比檸檬好聽？重現大法師、一字馬、旁飛燕？",
            "ep_number": 198,
            "rating": 1,
            "content_type": "show",
            "p_start": 1762278300000,
            "vod_channel_description": "「禮物大接力，把愛傳下去！」每集來賓收到外送的禮物後，必須陪威廉沈再尋找一份新的禮物，送給下一集的來賓。"
          },
          {
            "content_id": "VOD00362219",
            "time_codes": [
              715000
            ],
            "timecode_duration": [],
            "length": 1396000,
            "asset_id": "vod64263-000199M001",
            "title": "",
            "subtitle": "第199集 30萬訂閱QA感謝祭！林襄久違回歸狂被電叫不停？沈玉琳被直球嗆爆？",
            "ep_number": 199,
            "rating": 1,
            "content_type": "show",
            "p_start": 1762279800000,
            "vod_channel_description": "「禮物大接力，把愛傳下去！」每集來賓收到外送的禮物後，必須陪威廉沈再尋找一份新的禮物，送給下一集的來賓。"
          },
          {
            "content_id": "VOD00362220",
            "time_codes": [
              636000
            ],
            "timecode_duration": [],
            "length": 962000,
            "asset_id": "vod64263-000200M001",
            "title": "",
            "subtitle": "第200集 林襄泡湯驚傳啪啪聲？被沈玉琳認證「那裡」很長？",
            "ep_number": 200,
            "rating": 1,
            "content_type": "show",
            "p_start": 1762281300000,
            "vod_channel_description": "「禮物大接力，把愛傳下去！」每集來賓收到外送的禮物後，必須陪威廉沈再尋找一份新的禮物，送給下一集的來賓。"
          },
          {
            "content_id": "VOD00362221",
            "time_codes": [
              630000
            ],
            "timecode_duration": [],
            "length": 1218000,
            "asset_id": "vod64263-000201M001",
            "title": "",
            "subtitle": "第201集 台鋼Mingo粉絲見面會！大罵沈玉琳是奔色狼！自曝在台灣放假一定會做這件事？",
            "ep_number": 201,
            "rating": 1,
            "content_type": "show",
            "p_start": 1762282500000,
            "vod_channel_description": "「禮物大接力，把愛傳下去！」每集來賓收到外送的禮物後，必須陪威廉沈再尋找一份新的禮物，送給下一集的來賓。"
          },
          {
            "content_id": "VOD00362222",
            "time_codes": [
              673000
            ],
            "timecode_duration": [],
            "length": 1011000,
            "asset_id": "vod64263-000202M001",
            "title": "",
            "subtitle": "第202集 富邦南珉貞體驗做牛角麵包驚喊不要？自曝跟李晧禎關係不好？台妹魂上身沈玉琳秒認證？",
            "ep_number": 202,
            "rating": 1,
            "content_type": "show",
            "p_start": 1762284000000,
            "vod_channel_description": "「禮物大接力，把愛傳下去！」每集來賓收到外送的禮物後，必須陪威廉沈再尋找一份新的禮物，送給下一集的來賓。"
          },
          {
            "content_id": "VOD00362223",
            "time_codes": [
              631000
            ],
            "timecode_duration": [],
            "length": 995000,
            "asset_id": "vod64263-000203M001",
            "title": "",
            "subtitle": "第203集 木曜江江溫泉泡奶叫不停！挑戰冷笑話快問快答！叫得好累放棄掙扎開始享受懲罰？！",
            "ep_number": 203,
            "rating": 1,
            "content_type": "show",
            "p_start": 1762285200000,
            "vod_channel_description": "「禮物大接力，把愛傳下去！」每集來賓收到外送的禮物後，必須陪威廉沈再尋找一份新的禮物，送給下一集的來賓。"
          },
          {
            "content_id": "VOD00362224",
            "time_codes": [
              607000
            ],
            "timecode_duration": [],
            "length": 1107000,
            "asset_id": "vod64263-000204M001",
            "title": "",
            "subtitle": "第204集 李雅英回來了！威雅CP浪漫共度情人節！雅英一句話老沈竟怒敲許光漢？！",
            "ep_number": 204,
            "rating": 1,
            "content_type": "show",
            "p_start": 1762286400000,
            "vod_channel_description": "「禮物大接力，把愛傳下去！」每集來賓收到外送的禮物後，必須陪威廉沈再尋找一份新的禮物，送給下一集的來賓。"
          },
          {
            "content_id": "VOD00362225",
            "time_codes": [
              596000
            ],
            "timecode_duration": [],
            "length": 1413000,
            "asset_id": "vod64263-000205M001",
            "title": "",
            "subtitle": "第205集 Taishin Wonders狂抖屁股！撒嬌甜喊「葛格~」沈玉琳舉起來了！色色表情三連拍",
            "ep_number": 205,
            "rating": 1,
            "content_type": "show",
            "p_start": 1762287600000,
            "vod_channel_description": "「禮物大接力，把愛傳下去！」每集來賓收到外送的禮物後，必須陪威廉沈再尋找一份新的禮物，送給下一集的來賓。"
          },
          {
            "content_id": "VOD00362226",
            "time_codes": [
              703000
            ],
            "timecode_duration": [],
            "length": 1076000,
            "asset_id": "vod64263-000206M001",
            "title": "",
            "subtitle": "第206集 海莉拿拖鞋狠K沈玉琳！闖入電豹女休息室！雅英直呼陰魂不散！史上最累採訪沈玉琳搏命演出！",
            "ep_number": 206,
            "rating": 1,
            "content_type": "show",
            "p_start": 1762289100000,
            "vod_channel_description": "「禮物大接力，把愛傳下去！」每集來賓收到外送的禮物後，必須陪威廉沈再尋找一份新的禮物，送給下一集的來賓。"
          },
          {
            "content_id": "VOD00362227",
            "time_codes": [
              654000
            ],
            "timecode_duration": [],
            "length": 1219000,
            "asset_id": "vod64263-000207M001",
            "title": "",
            "subtitle": "第207集 突擊檢查企鵝妹的行李！沈玉琳超破台式英文 企鵝妹無奈「供X小」 現場清唱超好聽",
            "ep_number": 207,
            "rating": 1,
            "content_type": "show",
            "p_start": 1762290300000,
            "vod_channel_description": "「禮物大接力，把愛傳下去！」每集來賓收到外送的禮物後，必須陪威廉沈再尋找一份新的禮物，送給下一集的來賓。"
          },
          {
            "content_id": "VOD00362228",
            "time_codes": [
              596000
            ],
            "timecode_duration": [],
            "length": 1033000,
            "asset_id": "vod64263-000208M001",
            "title": "",
            "subtitle": "第208集 邊荷律自己做生日蛋糕！沈玉琳姍姍來遲邊荷律吃醋哭哭了！？可愛爆擊！模仿小葵撒嬌還跳三振舞！",
            "ep_number": 208,
            "rating": 1,
            "content_type": "show",
            "p_start": 1762291800000,
            "vod_channel_description": "「禮物大接力，把愛傳下去！」每集來賓收到外送的禮物後，必須陪威廉沈再尋找一份新的禮物，送給下一集的來賓。"
          },
          {
            "content_id": "VOD00362229",
            "time_codes": [
              580000
            ],
            "timecode_duration": [],
            "length": 1029000,
            "asset_id": "vod64263-000209M001",
            "title": "",
            "subtitle": "第209集 沈玉琳帶高橋佳帆遊金山！現場脫絲襪「下水秀」！大秀語言天分甜喊「哇愛哩！」偷摸沈玉琳大雞？",
            "ep_number": 209,
            "rating": 1,
            "content_type": "show",
            "p_start": 1762293000000,
            "vod_channel_description": "「禮物大接力，把愛傳下去！」每集來賓收到外送的禮物後，必須陪威廉沈再尋找一份新的禮物，送給下一集的來賓。"
          },
          {
            "content_id": "VOD00362230",
            "time_codes": [
              670000
            ],
            "timecode_duration": [],
            "length": 1220000,
            "asset_id": "vod64263-000210M001",
            "title": "",
            "subtitle": "第210集 一粒來了！氣蓋山河說來就來！改造一粒變E粒！跟威廉沈默契滿分？！",
            "ep_number": 210,
            "rating": 1,
            "content_type": "show",
            "p_start": 1762294200000,
            "vod_channel_description": "「禮物大接力，把愛傳下去！」每集來賓收到外送的禮物後，必須陪威廉沈再尋找一份新的禮物，送給下一集的來賓。"
          },
          {
            "content_id": "VOD00362231",
            "time_codes": [
              579000
            ],
            "timecode_duration": [],
            "length": 1063000,
            "asset_id": "vod64263-000211M001",
            "title": "",
            "subtitle": "第211集 慈妹終於來啦！公開對風田告白？！威廉沈暖心開導慈妹感動哭了！",
            "ep_number": 211,
            "rating": 1,
            "content_type": "show",
            "p_start": 1762295700000,
            "vod_channel_description": "「禮物大接力，把愛傳下去！」每集來賓收到外送的禮物後，必須陪威廉沈再尋找一份新的禮物，送給下一集的來賓。"
          },
          {
            "content_id": "VOD00370044",
            "time_codes": [
              545000
            ],
            "timecode_duration": [],
            "length": 1128000,
            "asset_id": "vod64263-000215M001",
            "title": "",
            "subtitle": "第215集 拯救失學少女！林襄推薦老沈來上「愛雅英卡慘系」！學當空姐有超高EQ解決「奧客」招數？",
            "ep_number": 215,
            "rating": 1,
            "content_type": "show",
            "p_start": 1762296900000,
            "vod_channel_description": "「禮物大接力，把愛傳下去！」每集來賓收到外送的禮物後，必須陪威廉沈再尋找一份新的禮物，送給下一集的來賓。"
          },
          {
            "content_id": "VOD00370045",
            "time_codes": [
              546000
            ],
            "timecode_duration": [],
            "length": 1207000,
            "asset_id": "vod64263-000216M001",
            "title": "",
            "subtitle": "第216集 開箱Vicky教主新家？外拍秘訣大公開？威廉沈通通都給你",
            "ep_number": 216,
            "rating": 1,
            "content_type": "show",
            "p_start": 1762298100000,
            "vod_channel_description": "「禮物大接力，把愛傳下去！」每集來賓收到外送的禮物後，必須陪威廉沈再尋找一份新的禮物，送給下一集的來賓。"
          },
          {
            "content_id": "VOD00370046",
            "time_codes": [
              670000
            ],
            "timecode_duration": [],
            "length": 1189000,
            "asset_id": "vod64263-000217M001",
            "title": "",
            "subtitle": "第217集 金子仁的台味體驗！腳底按摩之餘竟還能有說有笑？！",
            "ep_number": 217,
            "rating": 1,
            "content_type": "show",
            "p_start": 1762299600000,
            "vod_channel_description": "「禮物大接力，把愛傳下去！」每集來賓收到外送的禮物後，必須陪威廉沈再尋找一份新的禮物，送給下一集的來賓。"
          },
          {
            "content_id": "VOD00370047",
            "time_codes": [
              611000
            ],
            "timecode_duration": [],
            "length": 1726000,
            "asset_id": "vod64263-000218M001",
            "title": "",
            "subtitle": "第218集 辣個攻占日本排行榜的女人-Tiny胎尼來啦！暗黑界Q & A胎尼直接來解答！",
            "ep_number": 218,
            "rating": 1,
            "content_type": "show",
            "p_start": 1762301100000,
            "vod_channel_description": "「禮物大接力，把愛傳下去！」每集來賓收到外送的禮物後，必須陪威廉沈再尋找一份新的禮物，送給下一集的來賓。"
          },
          {
            "content_id": "VOD00370048",
            "time_codes": [
              697000
            ],
            "timecode_duration": [],
            "length": 1196000,
            "asset_id": "vod64263-000219M001",
            "title": "",
            "subtitle": "第219集 密大腿河智媛來啦！即興舞蹈魅力爆棚！老沈一句話讓她傻眼！",
            "ep_number": 219,
            "rating": 1,
            "content_type": "show",
            "p_start": 1762302900000,
            "vod_channel_description": "「禮物大接力，把愛傳下去！」每集來賓收到外送的禮物後，必須陪威廉沈再尋找一份新的禮物，送給下一集的來賓。"
          },
          {
            "content_id": "VOD00370049",
            "time_codes": [
              657000
            ],
            "timecode_duration": [],
            "length": 1091000,
            "asset_id": "vod64263-000220M001",
            "title": "",
            "subtitle": "第220集 樂天三本柱接棒！禹洙漢當舖借錢？大玩十八豆仔 洗八啦！！",
            "ep_number": 220,
            "rating": 1,
            "content_type": "show",
            "p_start": 1762304400000,
            "vod_channel_description": "「禮物大接力，把愛傳下去！」每集來賓收到外送的禮物後，必須陪威廉沈再尋找一份新的禮物，送給下一集的來賓。"
          },
          {
            "content_id": "VOD00370050",
            "time_codes": [
              774000
            ],
            "timecode_duration": [],
            "length": 1235000,
            "asset_id": "vod64263-000221M001",
            "title": "",
            "subtitle": "第221集 孟潔做冰送給廉世彬！爆料兩人私下互稱寶貝？哥哥不要停超害羞瞬間！！",
            "ep_number": 221,
            "rating": 1,
            "content_type": "show",
            "p_start": 1762305600000,
            "vod_channel_description": "「禮物大接力，把愛傳下去！」每集來賓收到外送的禮物後，必須陪威廉沈再尋找一份新的禮物，送給下一集的來賓。"
          },
          {
            "content_id": "VOD00370051",
            "time_codes": [
              615000
            ],
            "timecode_duration": [],
            "length": 1192000,
            "asset_id": "vod64263-000222M001",
            "title": "",
            "subtitle": "第222集 威廉沈帶菊池桃子到荒郊野外...？桃子醬曝理想對象條件！報名時刻來了嗎？",
            "ep_number": 222,
            "rating": 1,
            "content_type": "show",
            "p_start": 1762307100000,
            "vod_channel_description": "「禮物大接力，把愛傳下去！」每集來賓收到外送的禮物後，必須陪威廉沈再尋找一份新的禮物，送給下一集的來賓。"
          },
          {
            "content_id": "VOD00370052",
            "time_codes": [
              739000
            ],
            "timecode_duration": [],
            "length": 1373000,
            "asset_id": "vod64263-000223M001",
            "title": "",
            "subtitle": "第223集 中峮峮，南一粒，北丹丹來了！被老沈帶去密室？！！",
            "ep_number": 223,
            "rating": 1,
            "content_type": "show",
            "p_start": 1762308600000,
            "vod_channel_description": "「禮物大接力，把愛傳下去！」每集來賓收到外送的禮物後，必須陪威廉沈再尋找一份新的禮物，送給下一集的來賓。"
          },
          {
            "content_id": "VOD00374609",
            "time_codes": [
              776000
            ],
            "timecode_duration": [],
            "length": 1219000,
            "asset_id": "vod64263-000224M001",
            "title": "",
            "subtitle": "第224集 朴善珠新家開箱！睡姿大公開！美腿秀技能！",
            "ep_number": 224,
            "rating": 1,
            "content_type": "show",
            "p_start": 1762310100000,
            "vod_channel_description": "「禮物大接力，把愛傳下去！」每集來賓收到外送的禮物後，必須陪威廉沈再尋找一份新的禮物，送給下一集的來賓。"
          },
          {
            "content_id": "VOD00376252",
            "time_codes": [
              660000
            ],
            "timecode_duration": [],
            "length": 1336000,
            "asset_id": "vod64263-000225M001",
            "title": "",
            "subtitle": "第225集 南珉貞和妹妹出遊！老沈邀約來台發展！",
            "ep_number": 225,
            "rating": 1,
            "content_type": "show",
            "p_start": 1762311600000,
            "vod_channel_description": "「禮物大接力，把愛傳下去！」每集來賓收到外送的禮物後，必須陪威廉沈再尋找一份新的禮物，送給下一集的來賓。"
          },
          {
            "content_id": "VOD00374610",
            "time_codes": [
              679000
            ],
            "timecode_duration": [],
            "length": 1120000,
            "asset_id": "vod64263-000226M001",
            "title": "",
            "subtitle": "第226集 彭彭家訪大混亂！外拍照片大公開！",
            "ep_number": 226,
            "rating": 1,
            "content_type": "show",
            "p_start": 1762313100000,
            "vod_channel_description": "「禮物大接力，把愛傳下去！」每集來賓收到外送的禮物後，必須陪威廉沈再尋找一份新的禮物，送給下一集的來賓。"
          },
          {
            "content_id": "VOD00374611",
            "time_codes": [
              675000
            ],
            "timecode_duration": [],
            "length": 1122000,
            "asset_id": "vod64263-000227M001",
            "title": "",
            "subtitle": "第227集 李雅英帶團泡腳遊金山！還有Morning Call服務！",
            "ep_number": 227,
            "rating": 1,
            "content_type": "show",
            "p_start": 1762314300000,
            "vod_channel_description": "「禮物大接力，把愛傳下去！」每集來賓收到外送的禮物後，必須陪威廉沈再尋找一份新的禮物，送給下一集的來賓。"
          },
          {
            "content_id": "VOD00374612",
            "time_codes": [
              699000
            ],
            "timecode_duration": [],
            "length": 1333000,
            "asset_id": "vod64263-000228M001",
            "title": "",
            "subtitle": "第228集 第三屆性感OL爭霸戰！玉琳老闆我要加薪！鄔又曦vs.小珍奶激戰撕名牌！",
            "ep_number": 228,
            "rating": 1,
            "content_type": "show",
            "p_start": 1762315500000,
            "vod_channel_description": "「禮物大接力，把愛傳下去！」每集來賓收到外送的禮物後，必須陪威廉沈再尋找一份新的禮物，送給下一集的來賓。"
          },
          {
            "content_id": "VOD00374613",
            "time_codes": [
              712000
            ],
            "timecode_duration": [],
            "length": 1129000,
            "asset_id": "vod64263-000229M001",
            "title": "",
            "subtitle": "第229集 三上悠亞駕到！大秀可愛性感表情包！",
            "ep_number": 229,
            "rating": 1,
            "content_type": "show",
            "p_start": 1762317000000,
            "vod_channel_description": "「禮物大接力，把愛傳下去！」每集來賓收到外送的禮物後，必須陪威廉沈再尋找一份新的禮物，送給下一集的來賓。"
          },
          {
            "content_id": "VOD00374614",
            "time_codes": [
              606000
            ],
            "timecode_duration": [],
            "length": 1276000,
            "asset_id": "vod64263-000230M001",
            "title": "",
            "subtitle": "第230集 威廉沈穿西裝和雅英約在教堂！現場身分大轉變?!",
            "ep_number": 230,
            "rating": 1,
            "content_type": "show",
            "p_start": 1762318200000,
            "vod_channel_description": "「禮物大接力，把愛傳下去！」每集來賓收到外送的禮物後，必須陪威廉沈再尋找一份新的禮物，送給下一集的來賓。"
          },
          {
            "content_id": "VOD00376253",
            "time_codes": [
              654000
            ],
            "timecode_duration": [],
            "length": 1268000,
            "asset_id": "vod64263-000231M001",
            "title": "",
            "subtitle": "第231集 PS新成員朴善珠！體驗新奇食物好吃驚！",
            "ep_number": 231,
            "rating": 1,
            "content_type": "show",
            "p_start": 1762319700000,
            "vod_channel_description": "「禮物大接力，把愛傳下去！」每集來賓收到外送的禮物後，必須陪威廉沈再尋找一份新的禮物，送給下一集的來賓。"
          },
          {
            "content_id": "VOD00376254",
            "time_codes": [
              638000
            ],
            "timecode_duration": [],
            "length": 1090000,
            "asset_id": "vod64263-000232M001",
            "title": "",
            "subtitle": "第232集 安芝儇殘酷二選一！退休後要待在台灣！",
            "ep_number": 232,
            "rating": 1,
            "content_type": "show",
            "p_start": 1762321200000,
            "vod_channel_description": "「禮物大接力，把愛傳下去！」每集來賓收到外送的禮物後，必須陪威廉沈再尋找一份新的禮物，送給下一集的來賓。"
          }
        ],
        "total_length": 120902000,
        "focus_index": 43,
        "next_index": 44,
        "time": 325167,
        "focus_program": {
          "content_id": "VOD00343358",
          "time_codes": [
            480000
          ],
          "timecode_duration": [],
          "length": 944000,
          "asset_id": "vod64263-000177M001",
          "title": "",
          "subtitle": "第177集 奎丁與教練雙人運動險擦槍走火？健身房練翹臀面露猙獰？",
          "ep_number": 177,
          "rating": 1,
          "content_type": "show",
          "p_start": 1762247400000,
          "vod_channel_description": "「禮物大接力，把愛傳下去！」每集來賓收到外送的禮物後，必須陪威廉沈再尋找一份新的禮物，送給下一集的來賓。"
        }
      },
      "station_categories": [
        {
          "Name": "綜藝",
          "EngName": "Entertainment",
          "MenuOrder": 8
        }
      ]
    },
    "introduction": {
      "image": "https://p-cdnstatic.svc.litv.tv/pics/vod_channel/logo_3603_ofiii139_mobile_20250103.png",
      "description": "",
      "href_maps": []
    },
    "recommends": [],
    "ua": "Mozilla/5.0 (Windows NT 10.0; Win64; x64) AppleWebKit/537.36 (KHTML, like Gecko) Chrome/91.0.4472.124 Safari/537.36"
  },
  "__N_SSP": true
}