{
  "pageProps": {
    "contentId": "ofiii251",
    "channel": {
      "title": "療癒下雨聲",
      "no": 251,
      "charge_mode": "F",
      "content_id": "ofiii251",
      "content_type": "vod-channel",
      "epg_categories": [
        1
      ],
      "genres": [
        {
          "id": "",
          "name": "VOD_CHANNEL",
          "logo": ""
        }
      ],
      "liad_id": "VODCHNEWNOADOFIWEB",
      "package_info_id": "VOD_CHANNEL_DELUX",
      "picture": "pics/vod_channel/logo_3438_ofiii251_tv_20250305.png",
      "provider": [
        {
          "id": "",
          "name": "",
          "logo": ""
        }
      ],
      "quality": "HD",
      "station_id": "station6372",
      "trial": "",
      "selectable": 1,
      "tr_logo": "pics/vod_channel/tr_logo_1723794741.png",
      "tl_logo": "",
      "br_logo": "",
      "bl_logo": "",
      "menu_type": 0,
      "vod_channel_schedule": {
        "channel_id": 251,
        "cdn_code": "ofiii251",
        "start_time": 1762181400000,
        "programs": [
          {
            "content_id": "VOD00340808",
            "time_codes": [
              600000,
              1200000,
              1800000,
              2400000,
              3000000,
              3600000
            ],
            "timecode_duration": [],
            "length": 3633000,
            "asset_id": "vod73053-000001M001",
            "title": "",
            "subtitle": "【白噪音系列，雨聲】",
            "ep_number": 1,
            "rating": 1,
            "content_type": "others",
            "p_start": 1762181400000,
            "vod_channel_description": "大自然的聲音-下雨聲無間斷，療癒系助眠紓壓「白噪音」\r\n陰雨綿綿沉靜午後，聽著雨聲放鬆心情，超舒服！\r\n#重度失眠必聽 #深度睡眠音樂 #助眠音樂"
          },
          {
            "content_id": "VOD00347836",
            "time_codes": [
              600000,
              1200000,
              1800000,
              2400000,
              3000000,
              3600000
            ],
            "timecode_duration": [],
            "length": 3684000,
            "asset_id": "vod73053-000002M001",
            "title": "",
            "subtitle": "【白噪音系列，雨聲-房間+音樂版】",
            "ep_number": 2,
            "rating": 1,
            "content_type": "others",
            "p_start": 1762185600000,
            "vod_channel_description": "大自然的聲音-下雨聲無間斷，療癒系助眠紓壓「白噪音」\n陰雨綿綿沉靜午後，聽著雨聲放鬆心情，超舒服！\n#重度失眠必聽 #深度睡眠音樂 #助眠音樂"
          },
          {
            "content_id": "VOD00354612",
            "time_codes": [
              600000,
              1200000,
              1800000,
              2400000,
              3000000,
              3600000
            ],
            "timecode_duration": [],
            "length": 3815000,
            "asset_id": "vod73053-000003M001",
            "title": "",
            "subtitle": "【白噪音系列，窗外大雨】",
            "ep_number": 3,
            "rating": 1,
            "content_type": "others",
            "p_start": 1762189800000,
            "vod_channel_description": "大自然的聲音-下雨聲無間斷，療癒系助眠紓壓「白噪音」\r\n陰雨綿綿沉靜午後，聽著雨聲放鬆心情，超舒服！\r\n#重度失眠必聽 #深度睡眠音樂 #助眠音樂"
          }
        ],
        "total_length": 11132000,
        "focus_index": 0,
        "next_index": 1,
        "time": 569636,
        "focus_program": {
          "content_id": "VOD00340808",
          "time_codes": [
            600000,
            1200000,
            1800000,
            2400000,
            3000000,
            3600000
          ],
          "timecode_duration": [],
          "length": 3633000,
          "asset_id": "vod73053-000001M001",
          "title": "",
          "subtitle": "【白噪音系列，雨聲】",
          "ep_number": 1,
          "rating": 1,
          "content_type": "others",
          "p_start": 1762181400000,
          "vod_channel_description": "大自然的聲音-下雨聲無間斷，療癒系助眠紓壓「白噪音」\r\n陰雨綿綿沉靜午後，聽著雨聲放鬆心情，超舒服！\r\n#重度失眠必聽 #深度睡眠音樂 #助眠音樂"
        }
      },
      "station_categories": [
        {
          "Name": "綜合",
          "EngName": "Variety",
          "MenuOrder": 4
        }
      ]
    },
    "introduction": {
      "image": "https://p-cdnstatic.svc.litv.tv/pics/vod_channel/logo_3438_ofiii251_mobile_20240816.png",
      "description": "",
      "href_maps": []
    },
    "recommends": [],
    "ua": "Mozilla/5.0 (Windows NT 10.0; Win64; x64) AppleWebKit/537.36 (KHTML, like Gecko) Chrome/91.0.4472.124 Safari/537.36"
  },
  "__N_SSP": true
}