{
  "pageProps": {
    "contentId": "ofiii143",
    "channel": {
      "title": "11點熱吵店",
      "no": 143,
      "charge_mode": "F",
      "content_id": "ofiii143",
      "content_type": "vod-channel",
      "epg_categories": [
        18
      ],
      "genres": [
        {
          "id": "",
          "name": "VOD_CHANNEL",
          "logo": ""
        }
      ],
      "liad_id": "VODCHNEWOFIWEB",
      "package_info_id": "VOD_CHANNEL_DELUX",
      "picture": "pics/vod_channel/logo_3234_ofiii143_tv_20250221.png",
      "provider": [
        {
          "id": "",
          "name": "TVBS 純拆",
          "logo": ""
        }
      ],
      "quality": "HD",
      "station_id": "station6168",
      "trial": "",
      "selectable": 1,
      "tr_logo": "pics/vod_channel/tr_logo_1706682221.png",
      "tl_logo": "",
      "br_logo": "",
      "bl_logo": "",
      "menu_type": 0,
      "vod_channel_schedule": {
        "channel_id": 143,
        "cdn_code": "ofiii143",
        "start_time": 1762053600000,
        "programs": [
          {
            "content_id": "VOD00368474",
            "time_codes": [
              1146000,
              2230000,
              2617000
            ],
            "timecode_duration": [],
            "length": 2851000,
            "asset_id": "vod64262-000864M001",
            "title": "",
            "subtitle": "第864集 明天跟意外哪個先到？Last call你會打給誰?",
            "ep_number": 864,
            "rating": 1,
            "content_type": "show",
            "p_start": 1762053600000,
            "vod_channel_description": "「地表最震撼」組合！當荒謬大師沈玉琳遇上瘋瘋貴婦Melody，擦出你意想不到的火花！"
          },
          {
            "content_id": "VOD00368475",
            "time_codes": [
              1305000,
              1934000,
              2463000
            ],
            "timecode_duration": [],
            "length": 2851000,
            "asset_id": "vod64262-000865M001",
            "title": "",
            "subtitle": "第865集 為什麼你總要越線!! 沒邊界感才能稱兄道弟!",
            "ep_number": 865,
            "rating": 1,
            "content_type": "show",
            "p_start": 1762056600000,
            "vod_channel_description": "「地表最震撼」組合！當荒謬大師沈玉琳遇上瘋瘋貴婦Melody，擦出你意想不到的火花！"
          },
          {
            "content_id": "VOD00368476",
            "time_codes": [
              1247000,
              1970000,
              2533000
            ],
            "timecode_duration": [],
            "length": 2838000,
            "asset_id": "vod64262-000866M001",
            "title": "",
            "subtitle": "第866集 無盡惡意超乎想像 人心比鬼更可怕",
            "ep_number": 866,
            "rating": 1,
            "content_type": "show",
            "p_start": 1762059600000,
            "vod_channel_description": "「地表最震撼」組合！當荒謬大師沈玉琳遇上瘋瘋貴婦Melody，擦出你意想不到的火花！"
          },
          {
            "content_id": "VOD00368477",
            "time_codes": [
              1243000,
              1868000,
              2384000
            ],
            "timecode_duration": [],
            "length": 2848000,
            "asset_id": "vod64262-000868M001",
            "title": "",
            "subtitle": "第868集 用一生彌補童年！？小時候缺的長大報復性彌補！？",
            "ep_number": 868,
            "rating": 1,
            "content_type": "show",
            "p_start": 1762062600000,
            "vod_channel_description": "「地表最震撼」組合！當荒謬大師沈玉琳遇上瘋瘋貴婦Melody，擦出你意想不到的火花！"
          },
          {
            "content_id": "VOD00368478",
            "time_codes": [
              1156000,
              1911000,
              2536000
            ],
            "timecode_duration": [],
            "length": 2840000,
            "asset_id": "vod64262-000869M001",
            "title": "",
            "subtitle": "第869集 黑社會拆台包尿布上線！？直播現場狀況百出…",
            "ep_number": 869,
            "rating": 1,
            "content_type": "show",
            "p_start": 1762065600000,
            "vod_channel_description": "「地表最震撼」組合！當荒謬大師沈玉琳遇上瘋瘋貴婦Melody，擦出你意想不到的火花！"
          },
          {
            "content_id": "VOD00368479",
            "time_codes": [
              1092000,
              1931000,
              2460000
            ],
            "timecode_duration": [],
            "length": 2847000,
            "asset_id": "vod64262-000871M001",
            "title": "",
            "subtitle": "第871集 鄰居不是人！？小心！危險就在你隔壁…",
            "ep_number": 871,
            "rating": 1,
            "content_type": "show",
            "p_start": 1762068600000,
            "vod_channel_description": "「地表最震撼」組合！當荒謬大師沈玉琳遇上瘋瘋貴婦Melody，擦出你意想不到的火花！"
          },
          {
            "content_id": "VOD00368480",
            "time_codes": [
              1137000,
              1973000,
              2633000
            ],
            "timecode_duration": [],
            "length": 2846000,
            "asset_id": "vod64262-000872M001",
            "title": "",
            "subtitle": "第872集 唬爛王第二彈！誰沒當過兵登大人",
            "ep_number": 872,
            "rating": 1,
            "content_type": "show",
            "p_start": 1762071600000,
            "vod_channel_description": "「地表最震撼」組合！當荒謬大師沈玉琳遇上瘋瘋貴婦Melody，擦出你意想不到的火花！"
          },
          {
            "content_id": "VOD00368481",
            "time_codes": [
              1162000,
              1891000,
              2539000
            ],
            "timecode_duration": [],
            "length": 2843000,
            "asset_id": "vod64262-000873M001",
            "title": "",
            "subtitle": "第873集 熱吵戰情室！頭條新聞不能不跟上吧！",
            "ep_number": 873,
            "rating": 1,
            "content_type": "show",
            "p_start": 1762074600000,
            "vod_channel_description": "「地表最震撼」組合！當荒謬大師沈玉琳遇上瘋瘋貴婦Melody，擦出你意想不到的火花！"
          },
          {
            "content_id": "VOD00368482",
            "time_codes": [
              1160000,
              1851000,
              2466000
            ],
            "timecode_duration": [],
            "length": 2848000,
            "asset_id": "vod64262-000874M001",
            "title": "",
            "subtitle": "第874集 姻緣竟是陰緣…你願意嫁到地府嗎！",
            "ep_number": 874,
            "rating": 1,
            "content_type": "show",
            "p_start": 1762077600000,
            "vod_channel_description": "「地表最震撼」組合！當荒謬大師沈玉琳遇上瘋瘋貴婦Melody，擦出你意想不到的火花！"
          },
          {
            "content_id": "VOD00368483",
            "time_codes": [
              1233000,
              2124000,
              2279000
            ],
            "timecode_duration": [],
            "length": 2851000,
            "asset_id": "vod64262-000875M001",
            "title": "",
            "subtitle": "第875集 童話故事變了調？！戀愛了結婚了然後呢⋯？",
            "ep_number": 875,
            "rating": 1,
            "content_type": "show",
            "p_start": 1762080600000,
            "vod_channel_description": "「地表最震撼」組合！當荒謬大師沈玉琳遇上瘋瘋貴婦Melody，擦出你意想不到的火花！"
          },
          {
            "content_id": "VOD00368484",
            "time_codes": [
              1149000,
              1842000,
              2567000
            ],
            "timecode_duration": [],
            "length": 2851000,
            "asset_id": "vod64262-000876M001",
            "title": "",
            "subtitle": "第876集 歷史課不敢教的事….古人玩很大X癖OMG！？",
            "ep_number": 876,
            "rating": 1,
            "content_type": "show",
            "p_start": 1762083600000,
            "vod_channel_description": "「地表最震撼」組合！當荒謬大師沈玉琳遇上瘋瘋貴婦Melody，擦出你意想不到的火花！"
          },
          {
            "content_id": "VOD00368485",
            "time_codes": [
              1035000,
              1854000,
              2433000
            ],
            "timecode_duration": [],
            "length": 2850000,
            "asset_id": "vod64262-000879M001",
            "title": "",
            "subtitle": "第879集 拍美照這麼難！外拍現場事故連連⋯",
            "ep_number": 879,
            "rating": 1,
            "content_type": "show",
            "p_start": 1762086600000,
            "vod_channel_description": "「地表最震撼」組合！當荒謬大師沈玉琳遇上瘋瘋貴婦Melody，擦出你意想不到的火花！"
          },
          {
            "content_id": "VOD00368486",
            "time_codes": [
              1276000,
              1959000,
              2460000
            ],
            "timecode_duration": [],
            "length": 2848000,
            "asset_id": "vod64262-000882M001",
            "title": "",
            "subtitle": "第882集 熱吵戰情室第二彈！川浦總統Andy老濕現身說法！？",
            "ep_number": 882,
            "rating": 1,
            "content_type": "show",
            "p_start": 1762089600000,
            "vod_channel_description": "「地表最震撼」組合！當荒謬大師沈玉琳遇上瘋瘋貴婦Melody，擦出你意想不到的火花！"
          },
          {
            "content_id": "VOD00369022",
            "time_codes": [
              1121000,
              1652000,
              2321000
            ],
            "timecode_duration": [],
            "length": 2844000,
            "asset_id": "vod64262-000883M001",
            "title": "",
            "subtitle": "第883集 熱吵直播台！春夏新品上架手刀下單去！",
            "ep_number": 883,
            "rating": 1,
            "content_type": "show",
            "p_start": 1762092600000,
            "vod_channel_description": "「地表最震撼」組合！當荒謬大師沈玉琳遇上瘋瘋貴婦Melody，擦出你意想不到的火花！"
          },
          {
            "content_id": "VOD00369023",
            "time_codes": [
              1270000,
              1979000,
              2535000
            ],
            "timecode_duration": [],
            "length": 2840000,
            "asset_id": "vod64262-000884M001",
            "title": "",
            "subtitle": "第884集 酸民只有網友？！驚！藝人竟比網友還要酸！？",
            "ep_number": 884,
            "rating": 1,
            "content_type": "show",
            "p_start": 1762095600000,
            "vod_channel_description": "「地表最震撼」組合！當荒謬大師沈玉琳遇上瘋瘋貴婦Melody，擦出你意想不到的火花！"
          },
          {
            "content_id": "VOD00369024",
            "time_codes": [
              1267000,
              1930000,
              2414000
            ],
            "timecode_duration": [],
            "length": 2843000,
            "asset_id": "vod64262-000886M001",
            "title": "",
            "subtitle": "第886集 大勢男團ONF來了!!台灣美食竟讓他們團內廝殺!!",
            "ep_number": 886,
            "rating": 1,
            "content_type": "show",
            "p_start": 1762098600000,
            "vod_channel_description": "「地表最震撼」組合！當荒謬大師沈玉琳遇上瘋瘋貴婦Melody，擦出你意想不到的火花！"
          },
          {
            "content_id": "VOD00369025",
            "time_codes": [
              1113000,
              2070000,
              2435000
            ],
            "timecode_duration": [],
            "length": 2838000,
            "asset_id": "vod64262-000887M001",
            "title": "",
            "subtitle": "第887集 川浦來到台灣挖寶！？各路人馬寶物競爭亮相！？",
            "ep_number": 887,
            "rating": 1,
            "content_type": "show",
            "p_start": 1762101600000,
            "vod_channel_description": "「地表最震撼」組合！當荒謬大師沈玉琳遇上瘋瘋貴婦Melody，擦出你意想不到的火花！"
          },
          {
            "content_id": "VOD00369026",
            "time_codes": [
              1141000,
              1888000,
              2499000
            ],
            "timecode_duration": [],
            "length": 2845000,
            "asset_id": "vod64262-000888M001",
            "title": "",
            "subtitle": "第888集 夫妻共創業感情破裂！？誰才是雷包你評評理！",
            "ep_number": 888,
            "rating": 1,
            "content_type": "show",
            "p_start": 1762104600000,
            "vod_channel_description": "「地表最震撼」組合！當荒謬大師沈玉琳遇上瘋瘋貴婦Melody，擦出你意想不到的火花！"
          },
          {
            "content_id": "VOD00369027",
            "time_codes": [
              1137000,
              1834000,
              2544000
            ],
            "timecode_duration": [],
            "length": 2846000,
            "asset_id": "vod64262-000889M001",
            "title": "",
            "subtitle": "第889集 錄影計中計局中局！？各懷鬼胎只為求下班！？",
            "ep_number": 889,
            "rating": 1,
            "content_type": "show",
            "p_start": 1762107600000,
            "vod_channel_description": "「地表最震撼」組合！當荒謬大師沈玉琳遇上瘋瘋貴婦Melody，擦出你意想不到的火花！"
          },
          {
            "content_id": "VOD00369028",
            "time_codes": [
              1164000,
              1864000,
              2535000
            ],
            "timecode_duration": [],
            "length": 2843000,
            "asset_id": "vod64262-000890M001",
            "title": "",
            "subtitle": "第890集 光說不練假把戲!絕世好爸爭奪戰!!",
            "ep_number": 890,
            "rating": 1,
            "content_type": "show",
            "p_start": 1762110600000,
            "vod_channel_description": "「地表最震撼」組合！當荒謬大師沈玉琳遇上瘋瘋貴婦Melody，擦出你意想不到的火花！"
          },
          {
            "content_id": "VOD00369029",
            "time_codes": [
              1127000,
              1778000,
              2478000
            ],
            "timecode_duration": [],
            "length": 2843000,
            "asset_id": "vod64262-000891M001",
            "title": "",
            "subtitle": "第891集 尋母三千里 ！？找到好保母讓你上天堂？",
            "ep_number": 891,
            "rating": 1,
            "content_type": "show",
            "p_start": 1762113600000,
            "vod_channel_description": "「地表最震撼」組合！當荒謬大師沈玉琳遇上瘋瘋貴婦Melody，擦出你意想不到的火花！"
          },
          {
            "content_id": "VOD00369030",
            "time_codes": [
              1126000,
              1783000,
              2463000
            ],
            "timecode_duration": [],
            "length": 2838000,
            "asset_id": "vod64262-000892M001",
            "title": "",
            "subtitle": "第892集 現在不准笑 恐怖箱回來了！沈玉琳經典遊戲玩起來！",
            "ep_number": 892,
            "rating": 1,
            "content_type": "show",
            "p_start": 1762116600000,
            "vod_channel_description": "「地表最震撼」組合！當荒謬大師沈玉琳遇上瘋瘋貴婦Melody，擦出你意想不到的火花！"
          },
          {
            "content_id": "VOD00369031",
            "time_codes": [
              1134000,
              1848000,
              2458000
            ],
            "timecode_duration": [],
            "length": 2846000,
            "asset_id": "vod64262-000893M001",
            "title": "",
            "subtitle": "第893集 重啟我們瘋的「無名小站」!!回憶殺！青春無敵夢幻時光…",
            "ep_number": 893,
            "rating": 1,
            "content_type": "show",
            "p_start": 1762119600000,
            "vod_channel_description": "「地表最震撼」組合！當荒謬大師沈玉琳遇上瘋瘋貴婦Melody，擦出你意想不到的火花！"
          },
          {
            "content_id": "VOD00369032",
            "time_codes": [
              1118000,
              1682000,
              2325000
            ],
            "timecode_duration": [],
            "length": 2838000,
            "asset_id": "vod64262-000894M001",
            "title": "",
            "subtitle": "第894集 成人直播主來了!!血脈噴張的聯誼會",
            "ep_number": 894,
            "rating": 1,
            "content_type": "show",
            "p_start": 1762122600000,
            "vod_channel_description": "「地表最震撼」組合！當荒謬大師沈玉琳遇上瘋瘋貴婦Melody，擦出你意想不到的火花！"
          },
          {
            "content_id": "VOD00369033",
            "time_codes": [
              1134000,
              1906000,
              2434000
            ],
            "timecode_duration": [],
            "length": 2846000,
            "asset_id": "vod64262-000895M001",
            "title": "",
            "subtitle": "第895集 頂尖夫妻對決",
            "ep_number": 895,
            "rating": 1,
            "content_type": "show",
            "p_start": 1762125600000,
            "vod_channel_description": "「地表最震撼」組合！當荒謬大師沈玉琳遇上瘋瘋貴婦Melody，擦出你意想不到的火花！"
          },
          {
            "content_id": "VOD00369034",
            "time_codes": [
              1145000,
              1780000,
              2435000
            ],
            "timecode_duration": [],
            "length": 2841000,
            "asset_id": "vod64262-000896M001",
            "title": "",
            "subtitle": "第896集 歷史沒教的事!古人玩很大第二彈",
            "ep_number": 896,
            "rating": 1,
            "content_type": "show",
            "p_start": 1762128600000,
            "vod_channel_description": "「地表最震撼」組合！當荒謬大師沈玉琳遇上瘋瘋貴婦Melody，擦出你意想不到的火花！"
          },
          {
            "content_id": "VOD00369035",
            "time_codes": [
              1148000,
              1897000,
              2645000
            ],
            "timecode_duration": [],
            "length": 2846000,
            "asset_id": "vod64262-000898M001",
            "title": "",
            "subtitle": "第898集 真假難辨 全場狂唬！你能識破唬爛王嗎？",
            "ep_number": 898,
            "rating": 1,
            "content_type": "show",
            "p_start": 1762131600000,
            "vod_channel_description": "「地表最震撼」組合！當荒謬大師沈玉琳遇上瘋瘋貴婦Melody，擦出你意想不到的火花！"
          },
          {
            "content_id": "VOD00369036",
            "time_codes": [
              1014000,
              1894000,
              2661000
            ],
            "timecode_duration": [],
            "length": 2844000,
            "asset_id": "vod64262-000900M001",
            "title": "",
            "subtitle": "第900集 台灣夜市遊戲王!",
            "ep_number": 900,
            "rating": 1,
            "content_type": "show",
            "p_start": 1762134600000,
            "vod_channel_description": "「地表最震撼」組合！當荒謬大師沈玉琳遇上瘋瘋貴婦Melody，擦出你意想不到的火花！"
          },
          {
            "content_id": "VOD00371486",
            "time_codes": [
              1146000,
              1916000,
              2626000
            ],
            "timecode_duration": [],
            "length": 2848000,
            "asset_id": "vod64262-000901M001",
            "title": "",
            "subtitle": "第901集 當愛變成恐懼!!我的伴侶是隱藏恐怖情人…",
            "ep_number": 901,
            "rating": 1,
            "content_type": "show",
            "p_start": 1762137600000,
            "vod_channel_description": "「地表最震撼」組合！當荒謬大師沈玉琳遇上瘋瘋貴婦Melody，擦出你意想不到的火花！"
          },
          {
            "content_id": "VOD00371487",
            "time_codes": [
              1136000,
              1838000,
              2556000
            ],
            "timecode_duration": [],
            "length": 2844000,
            "asset_id": "vod64262-000902M001",
            "title": "",
            "subtitle": "第902集 女神開動前的鬥爭！？台韓啦啦隊早餐開搶！？",
            "ep_number": 902,
            "rating": 1,
            "content_type": "show",
            "p_start": 1762140600000,
            "vod_channel_description": "「地表最震撼」組合！當荒謬大師沈玉琳遇上瘋瘋貴婦Melody，擦出你意想不到的火花！"
          },
          {
            "content_id": "VOD00371488",
            "time_codes": [
              1139000,
              1758000,
              2381000
            ],
            "timecode_duration": [],
            "length": 2842000,
            "asset_id": "vod64262-000903M001",
            "title": "",
            "subtitle": "第903集 祖靈都笑了！？部落長輩嘴一開年輕人都跪！？",
            "ep_number": 903,
            "rating": 1,
            "content_type": "show",
            "p_start": 1762143600000,
            "vod_channel_description": "「地表最震撼」組合！當荒謬大師沈玉琳遇上瘋瘋貴婦Melody，擦出你意想不到的火花！"
          },
          {
            "content_id": "VOD00371489",
            "time_codes": [
              1271000,
              2355000,
              2657000
            ],
            "timecode_duration": [],
            "length": 2843000,
            "asset_id": "vod64262-000905M001",
            "title": "",
            "subtitle": "第905集 愛著愛著就永遠?!歷史傳奇愛情故事....",
            "ep_number": 905,
            "rating": 1,
            "content_type": "show",
            "p_start": 1762146600000,
            "vod_channel_description": "「地表最震撼」組合！當荒謬大師沈玉琳遇上瘋瘋貴婦Melody，擦出你意想不到的火花！"
          },
          {
            "content_id": "VOD00371490",
            "time_codes": [
              1183000,
              1753000,
              2337000
            ],
            "timecode_duration": [],
            "length": 2843000,
            "asset_id": "vod64262-000907M001",
            "title": "",
            "subtitle": "第907集 計中計局中局Part 2！！胳臂向外彎之我先下班了！！",
            "ep_number": 907,
            "rating": 1,
            "content_type": "show",
            "p_start": 1762149600000,
            "vod_channel_description": "「地表最震撼」組合！當荒謬大師沈玉琳遇上瘋瘋貴婦Melody，擦出你意想不到的火花！"
          },
          {
            "content_id": "VOD00371491",
            "time_codes": [
              1293000,
              1964000,
              2459000
            ],
            "timecode_duration": [],
            "length": 2845000,
            "asset_id": "vod64262-000909M001",
            "title": "",
            "subtitle": "第909集 愛兄弟還是愛老婆！？男人的默契就是在說謊！？",
            "ep_number": 909,
            "rating": 1,
            "content_type": "show",
            "p_start": 1762152600000,
            "vod_channel_description": "「地表最震撼」組合！當荒謬大師沈玉琳遇上瘋瘋貴婦Melody，擦出你意想不到的火花！"
          },
          {
            "content_id": "VOD00371492",
            "time_codes": [
              1148000,
              1827000,
              2485000
            ],
            "timecode_duration": [],
            "length": 2845000,
            "asset_id": "vod64262-000910M001",
            "title": "",
            "subtitle": "第910集 家人談錢傷感情！？放款還是放你走？！",
            "ep_number": 910,
            "rating": 1,
            "content_type": "show",
            "p_start": 1762155600000,
            "vod_channel_description": "「地表最震撼」組合！當荒謬大師沈玉琳遇上瘋瘋貴婦Melody，擦出你意想不到的火花！"
          },
          {
            "content_id": "VOD00371493",
            "time_codes": [
              1271000,
              2088000,
              2493000
            ],
            "timecode_duration": [],
            "length": 2839000,
            "asset_id": "vod64262-000912M001",
            "title": "",
            "subtitle": "第912集 唉呦我的媽~撐住啊！育兒行動像極限挑戰!",
            "ep_number": 912,
            "rating": 1,
            "content_type": "show",
            "p_start": 1762158600000,
            "vod_channel_description": "「地表最震撼」組合！當荒謬大師沈玉琳遇上瘋瘋貴婦Melody，擦出你意想不到的火花！"
          },
          {
            "content_id": "VOD00371494",
            "time_codes": [
              1289000,
              2126000,
              2486000
            ],
            "timecode_duration": [],
            "length": 2848000,
            "asset_id": "vod64262-000913M001",
            "title": "",
            "subtitle": "第913集 遊山玩水鬼故事.山精鬼魅來了",
            "ep_number": 913,
            "rating": 1,
            "content_type": "show",
            "p_start": 1762161600000,
            "vod_channel_description": "「地表最震撼」組合！當荒謬大師沈玉琳遇上瘋瘋貴婦Melody，擦出你意想不到的火花！"
          },
          {
            "content_id": "VOD00371495",
            "time_codes": [
              1136000,
              1724000,
              2373000
            ],
            "timecode_duration": [],
            "length": 2843000,
            "asset_id": "vod64262-000914M001",
            "title": "",
            "subtitle": "第914集 演藝圈八卦大公開！ 這些居然是真的！",
            "ep_number": 914,
            "rating": 1,
            "content_type": "show",
            "p_start": 1762164600000,
            "vod_channel_description": "「地表最震撼」組合！當荒謬大師沈玉琳遇上瘋瘋貴婦Melody，擦出你意想不到的火花！"
          },
          {
            "content_id": "VOD00371496",
            "time_codes": [
              1288000,
              2017000,
              2469000
            ],
            "timecode_duration": [],
            "length": 2838000,
            "asset_id": "vod64262-000915M001",
            "title": "",
            "subtitle": "第915集 台式經典之魔競show 魔術師臉面之爭",
            "ep_number": 915,
            "rating": 1,
            "content_type": "show",
            "p_start": 1762167600000,
            "vod_channel_description": "「地表最震撼」組合！當荒謬大師沈玉琳遇上瘋瘋貴婦Melody，擦出你意想不到的火花！"
          },
          {
            "content_id": "VOD00371497",
            "time_codes": [
              1177000,
              1960000,
              2531000
            ],
            "timecode_duration": [],
            "length": 2848000,
            "asset_id": "vod64262-000916M001",
            "title": "",
            "subtitle": "第916集 我心中那團火就要爆了！！壓力山大該怎麼紓壓？",
            "ep_number": 916,
            "rating": 1,
            "content_type": "show",
            "p_start": 1762170600000,
            "vod_channel_description": "「地表最震撼」組合！當荒謬大師沈玉琳遇上瘋瘋貴婦Melody，擦出你意想不到的火花！"
          },
          {
            "content_id": "VOD00371498",
            "time_codes": [
              1132000,
              1835000,
              2489000
            ],
            "timecode_duration": [],
            "length": 2843000,
            "asset_id": "vod64262-000917M001",
            "title": "",
            "subtitle": "第917集 去你的玻璃心 我才不是走心王!!",
            "ep_number": 917,
            "rating": 1,
            "content_type": "show",
            "p_start": 1762173600000,
            "vod_channel_description": "「地表最震撼」組合！當荒謬大師沈玉琳遇上瘋瘋貴婦Melody，擦出你意想不到的火花！"
          },
          {
            "content_id": "VOD00372698",
            "time_codes": [
              1206000,
              2036000,
              2469000
            ],
            "timecode_duration": [],
            "length": 2840000,
            "asset_id": "vod64262-000918M001",
            "title": "",
            "subtitle": "第918集 復刻台味綜藝part3!!不是在玩是在向經典致敬！？",
            "ep_number": 918,
            "rating": 1,
            "content_type": "show",
            "p_start": 1762176600000,
            "vod_channel_description": "「地表最震撼」組合！當荒謬大師沈玉琳遇上瘋瘋貴婦Melody，擦出你意想不到的火花！"
          },
          {
            "content_id": "VOD00372699",
            "time_codes": [
              1149000,
              1854000,
              2468000
            ],
            "timecode_duration": [],
            "length": 2843000,
            "asset_id": "vod64262-000922M001",
            "title": "",
            "subtitle": "第922集 合夥人不是人？沒有商機卻引來殺機？！",
            "ep_number": 922,
            "rating": 1,
            "content_type": "show",
            "p_start": 1762179600000,
            "vod_channel_description": "「地表最震撼」組合！當荒謬大師沈玉琳遇上瘋瘋貴婦Melody，擦出你意想不到的火花！"
          },
          {
            "content_id": "VOD00372700",
            "time_codes": [
              1135000,
              1846000,
              2503000
            ],
            "timecode_duration": [],
            "length": 2845000,
            "asset_id": "vod64262-000923M001",
            "title": "",
            "subtitle": "第923集 台式綜藝 call out 紅不讓 ！！另一半兄弟是損友嗎part2！？",
            "ep_number": 923,
            "rating": 1,
            "content_type": "show",
            "p_start": 1762182600000,
            "vod_channel_description": "「地表最震撼」組合！當荒謬大師沈玉琳遇上瘋瘋貴婦Melody，擦出你意想不到的火花！"
          },
          {
            "content_id": "VOD00372701",
            "time_codes": [
              1118000,
              1805000,
              2504000
            ],
            "timecode_duration": [],
            "length": 2846000,
            "asset_id": "vod64262-000926M001",
            "title": "",
            "subtitle": "第926集 聖人不聖潔 英雄很壞?!被戲劇魔改的歷史人物~",
            "ep_number": 926,
            "rating": 1,
            "content_type": "show",
            "p_start": 1762185600000,
            "vod_channel_description": "「地表最震撼」組合！當荒謬大師沈玉琳遇上瘋瘋貴婦Melody，擦出你意想不到的火花！"
          },
          {
            "content_id": "VOD00372702",
            "time_codes": [
              1306000,
              1966000,
              2461000
            ],
            "timecode_duration": [],
            "length": 2845000,
            "asset_id": "vod64262-000927M001",
            "title": "",
            "subtitle": "第927集 正宮逆襲大反攻？！消滅小三行動開戰！？",
            "ep_number": 927,
            "rating": 1,
            "content_type": "show",
            "p_start": 1762188600000,
            "vod_channel_description": "「地表最震撼」組合！當荒謬大師沈玉琳遇上瘋瘋貴婦Melody，擦出你意想不到的火花！"
          },
          {
            "content_id": "VOD00374414",
            "time_codes": [
              1254000,
              1855000,
              2556000
            ],
            "timecode_duration": [],
            "length": 2845000,
            "asset_id": "vod64262-000930M001",
            "title": "",
            "subtitle": "第930集 我辯我辯我辯辯辯！？熱吵辯論大會開打啦！？",
            "ep_number": 930,
            "rating": 1,
            "content_type": "show",
            "p_start": 1762191600000,
            "vod_channel_description": "「地表最震撼」組合！當荒謬大師沈玉琳遇上瘋瘋貴婦Melody，擦出你意想不到的火花！"
          },
          {
            "content_id": "VOD00374415",
            "time_codes": [
              1127000,
              1723000,
              2458000
            ],
            "timecode_duration": [],
            "length": 2843000,
            "asset_id": "vod64262-000931M001",
            "title": "",
            "subtitle": "第931集 房事煩人事  怎麼租房買房問題都這麼多？！",
            "ep_number": 931,
            "rating": 1,
            "content_type": "show",
            "p_start": 1762194600000,
            "vod_channel_description": "「地表最震撼」組合！當荒謬大師沈玉琳遇上瘋瘋貴婦Melody，擦出你意想不到的火花！"
          },
          {
            "content_id": "VOD00374416",
            "time_codes": [
              1287000,
              1902000,
              2479000
            ],
            "timecode_duration": [],
            "length": 2844000,
            "asset_id": "vod64262-000932M001",
            "title": "",
            "subtitle": "第932集 正宮王后歸位！？手把手教你拿回感情主場！？",
            "ep_number": 932,
            "rating": 1,
            "content_type": "show",
            "p_start": 1762197600000,
            "vod_channel_description": "「地表最震撼」組合！當荒謬大師沈玉琳遇上瘋瘋貴婦Melody，擦出你意想不到的火花！"
          },
          {
            "content_id": "VOD00374417",
            "time_codes": [
              1134000,
              1765000,
              2514000
            ],
            "timecode_duration": [],
            "length": 2841000,
            "asset_id": "vod64262-000933M001",
            "title": "",
            "subtitle": "第933集 模仿鬼燈獎！！政治人物鬼話連篇⋯",
            "ep_number": 933,
            "rating": 1,
            "content_type": "show",
            "p_start": 1762200600000,
            "vod_channel_description": "「地表最震撼」組合！當荒謬大師沈玉琳遇上瘋瘋貴婦Melody，擦出你意想不到的火花！"
          },
          {
            "content_id": "VOD00374897",
            "time_codes": [
              1183000,
              1920000,
              2577000
            ],
            "timecode_duration": [],
            "length": 2848000,
            "asset_id": "vod64262-000934M001",
            "title": "",
            "subtitle": "第934集 命太硬死神牽不走！？我竟搭上這班絕命列車！？",
            "ep_number": 934,
            "rating": 1,
            "content_type": "show",
            "p_start": 1762203600000,
            "vod_channel_description": "「地表最震撼」組合！當荒謬大師沈玉琳遇上瘋瘋貴婦Melody，擦出你意想不到的火花！"
          },
          {
            "content_id": "VOD00374898",
            "time_codes": [
              1273000,
              2064000,
              2554000
            ],
            "timecode_duration": [],
            "length": 2844000,
            "asset_id": "vod64262-000935M001",
            "title": "",
            "subtitle": "第935集 說再見需要練習！？那些沒說出口的謝謝與道別…",
            "ep_number": 935,
            "rating": 1,
            "content_type": "show",
            "p_start": 1762206600000,
            "vod_channel_description": "「地表最震撼」組合！當荒謬大師沈玉琳遇上瘋瘋貴婦Melody，擦出你意想不到的火花！"
          },
          {
            "content_id": "VOD00374899",
            "time_codes": [
              1314000,
              1946000,
              2395000
            ],
            "timecode_duration": [],
            "length": 2845000,
            "asset_id": "vod64262-000938M001",
            "title": "",
            "subtitle": "第938集 跟瘋韓國醫美?！是濾鏡還是勿入陷阱?!",
            "ep_number": 938,
            "rating": 1,
            "content_type": "show",
            "p_start": 1762209600000,
            "vod_channel_description": "「地表最震撼」組合！當荒謬大師沈玉琳遇上瘋瘋貴婦Melody，擦出你意想不到的火花！"
          },
          {
            "content_id": "VOD00374900",
            "time_codes": [
              1118000,
              1763000,
              2500000
            ],
            "timecode_duration": [],
            "length": 2843000,
            "asset_id": "vod64262-000939M001",
            "title": "",
            "subtitle": "第939集 夫妻心電感應失靈現場！？同床異夢默契大翻車⋯",
            "ep_number": 939,
            "rating": 1,
            "content_type": "show",
            "p_start": 1762212600000,
            "vod_channel_description": "「地表最震撼」組合！當荒謬大師沈玉琳遇上瘋瘋貴婦Melody，擦出你意想不到的火花！"
          },
          {
            "content_id": "VOD00374901",
            "time_codes": [
              1151000,
              1842000,
              2468000
            ],
            "timecode_duration": [],
            "length": 2845000,
            "asset_id": "vod64262-000940M001",
            "title": "",
            "subtitle": "第940集 熱吵 炒炒炒！Melody 下廚啦！！",
            "ep_number": 940,
            "rating": 1,
            "content_type": "show",
            "p_start": 1762215600000,
            "vod_channel_description": "「地表最震撼」組合！當荒謬大師沈玉琳遇上瘋瘋貴婦Melody，擦出你意想不到的火花！"
          },
          {
            "content_id": "VOD00374902",
            "time_codes": [
              1168000,
              1873000,
              2572000
            ],
            "timecode_duration": [],
            "length": 2848000,
            "asset_id": "vod64262-000941M001",
            "title": "",
            "subtitle": "第941集 天啊！我也好想要！！沒見過的收藏品大公開！！",
            "ep_number": 941,
            "rating": 1,
            "content_type": "show",
            "p_start": 1762218600000,
            "vod_channel_description": "「地表最震撼」組合！當荒謬大師沈玉琳遇上瘋瘋貴婦Melody，擦出你意想不到的火花！"
          },
          {
            "content_id": "VOD00374903",
            "time_codes": [
              1176000,
              1822000,
              2546000
            ],
            "timecode_duration": [],
            "length": 2845000,
            "asset_id": "vod64262-000942M001",
            "title": "",
            "subtitle": "第942集 Melody多重宇宙大集合！時尚媽咪最後的尚敖叉…",
            "ep_number": 942,
            "rating": 1,
            "content_type": "show",
            "p_start": 1762221600000,
            "vod_channel_description": "「地表最震撼」組合！當荒謬大師沈玉琳遇上瘋瘋貴婦Melody，擦出你意想不到的火花！"
          },
          {
            "content_id": "VOD00374904",
            "time_codes": [
              1158000,
              1804000,
              2497000
            ],
            "timecode_duration": [],
            "length": 2843000,
            "asset_id": "vod64262-000944M001",
            "title": "",
            "subtitle": "第944集 熱吵戰情室！國師警告怕出大事！？",
            "ep_number": 944,
            "rating": 1,
            "content_type": "show",
            "p_start": 1762224600000,
            "vod_channel_description": "「地表最震撼」組合！當荒謬大師沈玉琳遇上瘋瘋貴婦Melody，擦出你意想不到的火花！"
          },
          {
            "content_id": "VOD00374905",
            "time_codes": [
              1131000,
              1749000,
              2452000
            ],
            "timecode_duration": [],
            "length": 2843000,
            "asset_id": "vod64262-000945M001",
            "title": "",
            "subtitle": "第945集 爆爆爆爆連環爆！八卦八卦我牽掛！！",
            "ep_number": 945,
            "rating": 1,
            "content_type": "show",
            "p_start": 1762227600000,
            "vod_channel_description": "「地表最震撼」組合！當荒謬大師沈玉琳遇上瘋瘋貴婦Melody，擦出你意想不到的火花！"
          },
          {
            "content_id": "VOD00374906",
            "time_codes": [
              1237000,
              1905000,
              2378000
            ],
            "timecode_duration": [],
            "length": 2841000,
            "asset_id": "vod64262-000947M001",
            "title": "",
            "subtitle": "第947集 夏暑了！出遊問題一籮筐",
            "ep_number": 947,
            "rating": 1,
            "content_type": "show",
            "p_start": 1762230600000,
            "vod_channel_description": "「地表最震撼」組合！當荒謬大師沈玉琳遇上瘋瘋貴婦Melody，擦出你意想不到的火花！"
          },
          {
            "content_id": "VOD00374907",
            "time_codes": [
              1067000,
              2218000,
              2603000
            ],
            "timecode_duration": [],
            "length": 2836000,
            "asset_id": "vod64262-000948M001",
            "title": "",
            "subtitle": "第948集 婚姻權力大洗牌！煮夫主婦的時代來了！",
            "ep_number": 948,
            "rating": 1,
            "content_type": "show",
            "p_start": 1762233600000,
            "vod_channel_description": "「地表最震撼」組合！當荒謬大師沈玉琳遇上瘋瘋貴婦Melody，擦出你意想不到的火花！"
          },
          {
            "content_id": "VOD00374908",
            "time_codes": [
              1045000,
              1669000,
              2599000
            ],
            "timecode_duration": [],
            "length": 2846000,
            "asset_id": "vod64262-000949M001",
            "title": "",
            "subtitle": "第949集 CALL OUT紅不讓 摯友的另一半經得起誘惑嘛",
            "ep_number": 949,
            "rating": 1,
            "content_type": "show",
            "p_start": 1762236600000,
            "vod_channel_description": "「地表最震撼」組合！當荒謬大師沈玉琳遇上瘋瘋貴婦Melody，擦出你意想不到的火花！"
          },
          {
            "content_id": "VOD00374909",
            "time_codes": [
              1306000,
              1973000,
              2518000
            ],
            "timecode_duration": [],
            "length": 2840000,
            "asset_id": "vod64262-000950M001",
            "title": "",
            "subtitle": "第950集 人多必有白癡 我要被天兵氣死了之計中計",
            "ep_number": 950,
            "rating": 1,
            "content_type": "show",
            "p_start": 1762239600000,
            "vod_channel_description": "「地表最震撼」組合！當荒謬大師沈玉琳遇上瘋瘋貴婦Melody，擦出你意想不到的火花！"
          },
          {
            "content_id": "VOD00374910",
            "time_codes": [
              1319000,
              1951000,
              2520000
            ],
            "timecode_duration": [],
            "length": 2840000,
            "asset_id": "vod64262-000952M001",
            "title": "",
            "subtitle": "第952集 我們感情真的很好? 真心話之玻璃心大考驗!?",
            "ep_number": 952,
            "rating": 1,
            "content_type": "show",
            "p_start": 1762242600000,
            "vod_channel_description": "「地表最震撼」組合！當荒謬大師沈玉琳遇上瘋瘋貴婦Melody，擦出你意想不到的火花！"
          },
          {
            "content_id": "VOD00374911",
            "time_codes": [
              1153000,
              1883000,
              2531000
            ],
            "timecode_duration": [],
            "length": 2845000,
            "asset_id": "vod64262-000953M001",
            "title": "",
            "subtitle": "第953集 欠錢還錢！十塊還我！催債CALL out對方會接嗎？",
            "ep_number": 953,
            "rating": 1,
            "content_type": "show",
            "p_start": 1762245600000,
            "vod_channel_description": "「地表最震撼」組合！當荒謬大師沈玉琳遇上瘋瘋貴婦Melody，擦出你意想不到的火花！"
          },
          {
            "content_id": "VOD00376227",
            "time_codes": [
              1194000,
              1910000,
              2594000
            ],
            "timecode_duration": [],
            "length": 2843000,
            "asset_id": "vod64262-000954M001",
            "title": "",
            "subtitle": "第954集 背叛者在身邊！炮火連發 抓馬開炸？！",
            "ep_number": 954,
            "rating": 1,
            "content_type": "show",
            "p_start": 1762248600000,
            "vod_channel_description": "「地表最震撼」組合！當荒謬大師沈玉琳遇上瘋瘋貴婦Melody，擦出你意想不到的火花！"
          },
          {
            "content_id": "VOD00376228",
            "time_codes": [
              1264000,
              1733000,
              2267000
            ],
            "timecode_duration": [],
            "length": 2845000,
            "asset_id": "vod64262-000955M001",
            "title": "",
            "subtitle": "第955集 熱吵開戰吧！？尚敖叉！台語王爭霸戰來了⋯",
            "ep_number": 955,
            "rating": 1,
            "content_type": "show",
            "p_start": 1762251600000,
            "vod_channel_description": "「地表最震撼」組合！當荒謬大師沈玉琳遇上瘋瘋貴婦Melody，擦出你意想不到的火花！"
          },
          {
            "content_id": "VOD00376229",
            "time_codes": [
              1148000,
              1908000,
              2553000
            ],
            "timecode_duration": [],
            "length": 2845000,
            "asset_id": "vod64262-000956M001",
            "title": "",
            "subtitle": "第956集 舌尖上的歷史故事！一口吃出血海深仇宮廷秘辛…",
            "ep_number": 956,
            "rating": 1,
            "content_type": "show",
            "p_start": 1762254600000,
            "vod_channel_description": "「地表最震撼」組合！當荒謬大師沈玉琳遇上瘋瘋貴婦Melody，擦出你意想不到的火花！"
          },
          {
            "content_id": "VOD00376230",
            "time_codes": [
              1159000,
              1747000,
              2299000
            ],
            "timecode_duration": [],
            "length": 2841000,
            "asset_id": "vod64262-000958M001",
            "title": "",
            "subtitle": "第958集 藝起開飯吧！演藝圈幕後伙食大審判？！",
            "ep_number": 958,
            "rating": 1,
            "content_type": "show",
            "p_start": 1762257600000,
            "vod_channel_description": "「地表最震撼」組合！當荒謬大師沈玉琳遇上瘋瘋貴婦Melody，擦出你意想不到的火花！"
          },
          {
            "content_id": "VOD00376231",
            "time_codes": [
              1229000,
              2174000,
              2613000
            ],
            "timecode_duration": [],
            "length": 2846000,
            "asset_id": "vod64262-000959M001",
            "title": "",
            "subtitle": "第959集 啦啦隊女孩大富翁！Game show 來了！！",
            "ep_number": 959,
            "rating": 1,
            "content_type": "show",
            "p_start": 1762260600000,
            "vod_channel_description": "「地表最震撼」組合！當荒謬大師沈玉琳遇上瘋瘋貴婦Melody，擦出你意想不到的火花！"
          },
          {
            "content_id": "VOD00376232",
            "time_codes": [
              1256000,
              2018000,
              2455000
            ],
            "timecode_duration": [],
            "length": 2843000,
            "asset_id": "vod64262-000960M001",
            "title": "",
            "subtitle": "第960集 人在做天在看！？壞事做多KISS CAM來抓包？！",
            "ep_number": 960,
            "rating": 1,
            "content_type": "show",
            "p_start": 1762263600000,
            "vod_channel_description": "「地表最震撼」組合！當荒謬大師沈玉琳遇上瘋瘋貴婦Melody，擦出你意想不到的火花！"
          },
          {
            "content_id": "VOD00376233",
            "time_codes": [
              1148000,
              1800000,
              2308000
            ],
            "timecode_duration": [],
            "length": 2847000,
            "asset_id": "vod64262-000961M001",
            "title": "",
            "subtitle": "第961集 世界猛鬼排名！恐怖等級一山還有一山高？！",
            "ep_number": 961,
            "rating": 1,
            "content_type": "show",
            "p_start": 1762266600000,
            "vod_channel_description": "「地表最震撼」組合！當荒謬大師沈玉琳遇上瘋瘋貴婦Melody，擦出你意想不到的火花！"
          },
          {
            "content_id": "VOD00376801",
            "time_codes": [
              1086000,
              2172000,
              2591000
            ],
            "timecode_duration": [],
            "length": 2846000,
            "asset_id": "vod64262-000962M001",
            "title": "",
            "subtitle": "第962集 猛男好好伺候！媽媽夏日快閃「嚇」令營 ！？",
            "ep_number": 962,
            "rating": 1,
            "content_type": "show",
            "p_start": 1762269600000,
            "vod_channel_description": "「地表最震撼」組合！當荒謬大師沈玉琳遇上瘋瘋貴婦Melody，擦出你意想不到的火花！"
          },
          {
            "content_id": "VOD00376802",
            "time_codes": [
              1248000,
              1967000,
              2437000
            ],
            "timecode_duration": [],
            "length": 2845000,
            "asset_id": "vod64262-000963M001",
            "title": "",
            "subtitle": "第963集 好友抱抱爆！？不可思議好友開撕！？",
            "ep_number": 963,
            "rating": 1,
            "content_type": "show",
            "p_start": 1762272600000,
            "vod_channel_description": "「地表最震撼」組合！當荒謬大師沈玉琳遇上瘋瘋貴婦Melody，擦出你意想不到的火花！"
          },
          {
            "content_id": "VOD00376803",
            "time_codes": [
              1168000,
              1887000,
              2622000
            ],
            "timecode_duration": [],
            "length": 2843000,
            "asset_id": "vod64262-000965M001",
            "title": "",
            "subtitle": "第965集 當兵當到活見鬼！軍中鬼故事來了！",
            "ep_number": 965,
            "rating": 1,
            "content_type": "show",
            "p_start": 1762275600000,
            "vod_channel_description": "「地表最震撼」組合！當荒謬大師沈玉琳遇上瘋瘋貴婦Melody，擦出你意想不到的火花！"
          },
          {
            "content_id": "VOD00376804",
            "time_codes": [
              1167000,
              1812000,
              2530000
            ],
            "timecode_duration": [],
            "length": 2848000,
            "asset_id": "vod64262-000966M001",
            "title": "",
            "subtitle": "第966集 帶香香女神們遊台灣～超台味復古遊戲玩起來！",
            "ep_number": 966,
            "rating": 1,
            "content_type": "show",
            "p_start": 1762278600000,
            "vod_channel_description": "「地表最震撼」組合！當荒謬大師沈玉琳遇上瘋瘋貴婦Melody，擦出你意想不到的火花！"
          },
          {
            "content_id": "VOD00376805",
            "time_codes": [
              1238000,
              1892000,
              2348000
            ],
            "timecode_duration": [],
            "length": 2845000,
            "asset_id": "vod64262-000967M001",
            "title": "",
            "subtitle": "第967集 暑假恩仇錄！撕開另一半的真面目！",
            "ep_number": 967,
            "rating": 1,
            "content_type": "show",
            "p_start": 1762281600000,
            "vod_channel_description": "「地表最震撼」組合！當荒謬大師沈玉琳遇上瘋瘋貴婦Melody，擦出你意想不到的火花！"
          },
          {
            "content_id": "VOD00376806",
            "time_codes": [
              1232000,
              2001000,
              2491000
            ],
            "timecode_duration": [],
            "length": 2848000,
            "asset_id": "vod64262-000968M001",
            "title": "",
            "subtitle": "第968集 服務對象百百款 我的對象不是人！",
            "ep_number": 968,
            "rating": 1,
            "content_type": "show",
            "p_start": 1762284600000,
            "vod_channel_description": "「地表最震撼」組合！當荒謬大師沈玉琳遇上瘋瘋貴婦Melody，擦出你意想不到的火花！"
          },
          {
            "content_id": "VOD00376807",
            "time_codes": [
              1202000,
              1832000,
              2523000
            ],
            "timecode_duration": [],
            "length": 2848000,
            "asset_id": "vod64262-000969M001",
            "title": "",
            "subtitle": "第969集 玻璃心大亂鬥！誰走心誰是小狗！",
            "ep_number": 969,
            "rating": 1,
            "content_type": "show",
            "p_start": 1762287600000,
            "vod_channel_description": "「地表最震撼」組合！當荒謬大師沈玉琳遇上瘋瘋貴婦Melody，擦出你意想不到的火花！"
          },
          {
            "content_id": "VOD00378417",
            "time_codes": [
              1250000,
              2046000,
              2517000
            ],
            "timecode_duration": [],
            "length": 2848000,
            "asset_id": "vod64262-000970M001",
            "title": "",
            "subtitle": "第970集 口嗨深陷修羅場! ？騎虎難下自討苦吃?!",
            "ep_number": 970,
            "rating": 1,
            "content_type": "show",
            "p_start": 1762290600000,
            "vod_channel_description": "「地表最震撼」組合！當荒謬大師沈玉琳遇上瘋瘋貴婦Melody，擦出你意想不到的火花！"
          },
          {
            "content_id": "VOD00378418",
            "time_codes": [
              1223000,
              2278000,
              2595000
            ],
            "timecode_duration": [],
            "length": 2845000,
            "asset_id": "vod64262-000971M001",
            "title": "",
            "subtitle": "第971集 從「寶貝」變成「欸」？分手倒數警報你get到了嗎？",
            "ep_number": 971,
            "rating": 1,
            "content_type": "show",
            "p_start": 1762293600000,
            "vod_channel_description": "「地表最震撼」組合！當荒謬大師沈玉琳遇上瘋瘋貴婦Melody，擦出你意想不到的火花！"
          },
          {
            "content_id": "VOD00378419",
            "time_codes": [
              1113000,
              1736000,
              2381000
            ],
            "timecode_duration": [],
            "length": 2840000,
            "asset_id": "vod64262-000972M001",
            "title": "",
            "subtitle": "第972集 被死神退貨! 這些人也從鬼門關前走過一遭",
            "ep_number": 972,
            "rating": 1,
            "content_type": "show",
            "p_start": 1762296600000,
            "vod_channel_description": "「地表最震撼」組合！當荒謬大師沈玉琳遇上瘋瘋貴婦Melody，擦出你意想不到的火花！"
          },
          {
            "content_id": "VOD00378420",
            "time_codes": [
              1146000,
              2053000,
              2480000
            ],
            "timecode_duration": [],
            "length": 2846000,
            "asset_id": "vod64262-000974M001",
            "title": "",
            "subtitle": "第974集 下半年運勢大逆轉!？期待已久好運到我家！？",
            "ep_number": 974,
            "rating": 1,
            "content_type": "show",
            "p_start": 1762299600000,
            "vod_channel_description": "「地表最震撼」組合！當荒謬大師沈玉琳遇上瘋瘋貴婦Melody，擦出你意想不到的火花！"
          },
          {
            "content_id": "VOD00378421",
            "time_codes": [
              1185000,
              1831000,
              2436000
            ],
            "timecode_duration": [],
            "length": 2846000,
            "asset_id": "vod64262-000975M001",
            "title": "",
            "subtitle": "第975集 那天說永遠今天他說再見！？男人說的不是愛是套路？！",
            "ep_number": 975,
            "rating": 1,
            "content_type": "show",
            "p_start": 1762302600000,
            "vod_channel_description": "「地表最震撼」組合！當荒謬大師沈玉琳遇上瘋瘋貴婦Melody，擦出你意想不到的火花！"
          },
          {
            "content_id": "VOD00378422",
            "time_codes": [
              1185000,
              1916000,
              2494000
            ],
            "timecode_duration": [],
            "length": 2842000,
            "asset_id": "vod64262-000976M001",
            "title": "",
            "subtitle": "第976集 熱吵戰情室！國師警告怕出大事！？",
            "ep_number": 976,
            "rating": 1,
            "content_type": "show",
            "p_start": 1762305600000,
            "vod_channel_description": "「地表最震撼」組合！當荒謬大師沈玉琳遇上瘋瘋貴婦Melody，擦出你意想不到的火花！"
          },
          {
            "content_id": "VOD00378423",
            "time_codes": [
              1168000,
              1883000,
              2593000
            ],
            "timecode_duration": [],
            "length": 2844000,
            "asset_id": "vod64262-000977M001",
            "title": "",
            "subtitle": "第977集 喪禮上面竟唱K？！光怪陸離聚會真奇葩",
            "ep_number": 977,
            "rating": 1,
            "content_type": "show",
            "p_start": 1762308600000,
            "vod_channel_description": "「地表最震撼」組合！當荒謬大師沈玉琳遇上瘋瘋貴婦Melody，擦出你意想不到的火花！"
          },
          {
            "content_id": "VOD00378816",
            "time_codes": [
              1147000,
              1950000,
              2413000
            ],
            "timecode_duration": [],
            "length": 2847000,
            "asset_id": "vod64262-000978M001",
            "title": "",
            "subtitle": "第978集 原住民荒謬故事大賽",
            "ep_number": 978,
            "rating": 1,
            "content_type": "show",
            "p_start": 1762311600000,
            "vod_channel_description": "「地表最震撼」組合！當荒謬大師沈玉琳遇上瘋瘋貴婦Melody，擦出你意想不到的火花！"
          },
          {
            "content_id": "VOD00378817",
            "time_codes": [
              1189000,
              1891000,
              2469000
            ],
            "timecode_duration": [],
            "length": 2847000,
            "asset_id": "vod64262-000979M001",
            "title": "",
            "subtitle": "第979集 鬼門開！老師沒說的歷史鬼故事",
            "ep_number": 979,
            "rating": 1,
            "content_type": "show",
            "p_start": 1762314600000,
            "vod_channel_description": "「地表最震撼」組合！當荒謬大師沈玉琳遇上瘋瘋貴婦Melody，擦出你意想不到的火花！"
          },
          {
            "content_id": "VOD00378818",
            "time_codes": [
              1201000,
              1974000,
              2611000
            ],
            "timecode_duration": [],
            "length": 2843000,
            "asset_id": "vod64262-000980M001",
            "title": "",
            "subtitle": "第980集 直男直直撞?! 直男的浪漫=女人的災難？！",
            "ep_number": 980,
            "rating": 1,
            "content_type": "show",
            "p_start": 1762317600000,
            "vod_channel_description": "「地表最震撼」組合！當荒謬大師沈玉琳遇上瘋瘋貴婦Melody，擦出你意想不到的火花！"
          },
          {
            "content_id": "VOD00378819",
            "time_codes": [
              1269000,
              2044000,
              2462000
            ],
            "timecode_duration": [],
            "length": 2852000,
            "asset_id": "vod64262-000981M001",
            "title": "",
            "subtitle": "第981集 2025際遇大風吹！？怎麼事情這麼多？！",
            "ep_number": 981,
            "rating": 1,
            "content_type": "show",
            "p_start": 1762320600000,
            "vod_channel_description": "「地表最震撼」組合！當荒謬大師沈玉琳遇上瘋瘋貴婦Melody，擦出你意想不到的火花！"
          },
          {
            "content_id": "VOD00379944",
            "time_codes": [
              1153000,
              1863000,
              2524000
            ],
            "timecode_duration": [],
            "length": 2843000,
            "asset_id": "vod64262-000982M001",
            "title": "",
            "subtitle": "第982集 社會案件：血親不是人",
            "ep_number": 982,
            "rating": 1,
            "content_type": "show",
            "p_start": 1762323600000,
            "vod_channel_description": "「地表最震撼」組合！當荒謬大師沈玉琳遇上瘋瘋貴婦Melody，擦出你意想不到的火花！"
          },
          {
            "content_id": "VOD00379945",
            "time_codes": [
              1196000,
              1900000,
              2590000
            ],
            "timecode_duration": [],
            "length": 2845000,
            "asset_id": "vod64262-000983M001",
            "title": "",
            "subtitle": "第983集 連假出遊超廉價 吃喝玩樂攏猴哩啦",
            "ep_number": 983,
            "rating": 1,
            "content_type": "show",
            "p_start": 1762326600000,
            "vod_channel_description": "「地表最震撼」組合！當荒謬大師沈玉琳遇上瘋瘋貴婦Melody，擦出你意想不到的火花！"
          },
          {
            "content_id": "VOD00381160",
            "time_codes": [
              1152000,
              1853000,
              2541000
            ],
            "timecode_duration": [],
            "length": 2846000,
            "asset_id": "vod64262-000986M001",
            "title": "",
            "subtitle": "第986集 婚喪喜慶發生的鬧事",
            "ep_number": 986,
            "rating": 1,
            "content_type": "show",
            "p_start": 1762329600000,
            "vod_channel_description": "「地表最震撼」組合！當荒謬大師沈玉琳遇上瘋瘋貴婦Melody，擦出你意想不到的火花！"
          },
          {
            "content_id": "VOD00381161",
            "time_codes": [
              1326000,
              1967000,
              2530000
            ],
            "timecode_duration": [],
            "length": 2843000,
            "asset_id": "vod64262-000989M001",
            "title": "",
            "subtitle": "第989集 突破！拿勇氣當武器！ 為家人最大氣？！",
            "ep_number": 989,
            "rating": 1,
            "content_type": "show",
            "p_start": 1762332600000,
            "vod_channel_description": "「地表最震撼」組合！當荒謬大師沈玉琳遇上瘋瘋貴婦Melody，擦出你意想不到的火花！"
          },
          {
            "content_id": "VOD00381849",
            "time_codes": [
              1234000,
              1983000,
              2431000
            ],
            "timecode_duration": [],
            "length": 2844000,
            "asset_id": "vod64262-000990M001",
            "title": "",
            "subtitle": "第990集 壓垮婚姻最後一根稻草",
            "ep_number": 990,
            "rating": 1,
            "content_type": "show",
            "p_start": 1762335600000,
            "vod_channel_description": "「地表最震撼」組合！當荒謬大師沈玉琳遇上瘋瘋貴婦Melody，擦出你意想不到的火花！"
          },
          {
            "content_id": "VOD00381850",
            "time_codes": [
              1122000,
              1750000,
              2310000
            ],
            "timecode_duration": [],
            "length": 2846000,
            "asset_id": "vod64262-000992M001",
            "title": "",
            "subtitle": "第992集 我當你自己人 你卻當我路人！為什麼你連這個都要瞞！？",
            "ep_number": 992,
            "rating": 1,
            "content_type": "show",
            "p_start": 1762338600000,
            "vod_channel_description": "「地表最震撼」組合！當荒謬大師沈玉琳遇上瘋瘋貴婦Melody，擦出你意想不到的火花！"
          }
        ],
        "total_length": 273066000,
        "focus_index": 64,
        "next_index": 65,
        "time": 1773334,
        "focus_program": {
          "content_id": "VOD00374911",
          "time_codes": [
            1153000,
            1883000,
            2531000
          ],
          "timecode_duration": [],
          "length": 2845000,
          "asset_id": "vod64262-000953M001",
          "title": "",
          "subtitle": "第953集 欠錢還錢！十塊還我！催債CALL out對方會接嗎？",
          "ep_number": 953,
          "rating": 1,
          "content_type": "show",
          "p_start": 1762245600000,
          "vod_channel_description": "「地表最震撼」組合！當荒謬大師沈玉琳遇上瘋瘋貴婦Melody，擦出你意想不到的火花！"
        }
      },
      "station_categories": [
        {
          "Name": "綜藝",
          "EngName": "Entertainment",
          "MenuOrder": 8
        }
      ]
    },
    "introduction": {
      "image": "https://p-cdnstatic.svc.litv.tv/pics/vod_channel/logo_3234_ofiii143_mobile_20240131.png",
      "description": "",
      "href_maps": []
    },
    "recommends": [],
    "ua": "Mozilla/5.0 (Windows NT 10.0; Win64; x64) AppleWebKit/537.36 (KHTML, like Gecko) Chrome/91.0.4472.124 Safari/537.36"
  },
  "__N_SSP": true
}