{
  "pageProps": {
    "contentId": "ofiii242",
    "channel": {
      "title": "請問今晚住誰家",
      "no": 242,
      "charge_mode": "F",
      "content_id": "ofiii242",
      "content_type": "vod-channel",
      "epg_categories": [
        18
      ],
      "genres": [
        {
          "id": "",
          "name": "VOD_CHANNEL",
          "logo": ""
        }
      ],
      "liad_id": "VODCHNEWOFIWEB",
      "package_info_id": "VOD_CHANNEL_DELUX",
      "picture": "pics/vod_channel/logo_3636_ofiii242_tv_20250221.png",
      "provider": [
        {
          "id": "",
          "name": "東森娛樂",
          "logo": ""
        }
      ],
      "quality": "HD",
      "station_id": "station6570",
      "trial": "",
      "selectable": 1,
      "tr_logo": "pics/vod_channel/tr_logo_1738923238.png",
      "tl_logo": "",
      "br_logo": "",
      "bl_logo": "",
      "menu_type": 0,
      "vod_channel_schedule": {
        "channel_id": 242,
        "cdn_code": "ofiii242",
        "start_time": 1762141200000,
        "programs": [
          {
            "content_id": "VOD00312748",
            "time_codes": [
              707000,
              1471000,
              2269000
            ],
            "timecode_duration": [],
            "length": 2815000,
            "asset_id": "vod65737-000015M001",
            "title": "",
            "subtitle": "第15集 體驗遊樂園高難度工作，三兄弟奮不顧身搶救溺水者！？",
            "ep_number": 15,
            "rating": 1,
            "content_type": "show",
            "p_start": 1762141200000,
            "vod_channel_description": "三兄弟初來乍到遊樂園，立刻被點名加入救生員魔鬼訓練！一場男人間的挑戰任務，竟然讓彥均累到差點溺斃！？舞陽一游完就去嘔吐！？猛男竇智孔也癱軟在地！？三人奮不顧身下水搶救溺水者，竟然體力不支落得被搶救的下場！？"
          },
          {
            "content_id": "VOD00312749",
            "time_codes": [
              726000,
              1312000,
              2132000
            ],
            "timecode_duration": [],
            "length": 2805000,
            "asset_id": "vod65737-000016M001",
            "title": "",
            "subtitle": "第16集 真心話讓三人反目暴走！？高空斷軌、反串變裝吃盡苦頭！？",
            "ep_number": 16,
            "rating": 1,
            "content_type": "show",
            "p_start": 1762144200000,
            "vod_channel_description": "深夜一場真心話大冒險，竟然玩到出大事！？直接請攝影師停止錄影，火爆過程卻被密錄下來，三人感情究竟為何出現裂痕！？現場反目情緒又該如何收尾！？全台灣最刺激的斷軌雲霄飛車，得爬上50公尺高的高空進行測試作業，恐高的彥均最終能否克服恐懼、登頂成功！？"
          },
          {
            "content_id": "VOD00312750",
            "time_codes": [
              868000,
              1516000,
              2359000
            ],
            "timecode_duration": [],
            "length": 2813000,
            "asset_id": "vod65737-000017M001",
            "title": "",
            "subtitle": "第17集 挑戰大王蓮倒立第一人、採蜂蜜竟然引爆致命危機？",
            "ep_number": 17,
            "rating": 1,
            "content_type": "show",
            "p_start": 1762147200000,
            "vod_channel_description": "好老公力挺好老公，坤達回應好兄弟李李仁的邀請，一起前往桃園上山下海冒險犯難！史無前例！三人挑戰大王蓮倒立，立志成為台灣第一人，眾人看得心驚膽跳！他們真的能夠完成大王蓮倒立的壯舉嗎？"
          },
          {
            "content_id": "VOD00312751",
            "time_codes": [
              922000,
              1539000,
              2277000
            ],
            "timecode_duration": [],
            "length": 2820000,
            "asset_id": "vod65737-000018M001",
            "title": "",
            "subtitle": "第18集 復興絕美小瑞士、美景美食讓三人再累也不喊苦？！",
            "ep_number": 18,
            "rating": 1,
            "content_type": "show",
            "p_start": 1762150200000,
            "vod_channel_description": "冒著過敏體質可能危及性命的肯納，硬著頭皮挑戰採集蜂蜜，被演藝圈耽誤的籃球投手李李仁，挑戰蓮蓬投籃百發百中，肯納與坤達望塵莫及！隱藏在山林之間，媲美瑞士絕美景色！什麼樣的美景民宿能讓三人讚嘆不已呢？鋸木頭搬盆栽整理房務，看似簡單的工作竟然讓李李仁、肯納汗流浹背大呼吃不消？！"
          },
          {
            "content_id": "VOD00312752",
            "time_codes": [
              805000,
              1742000,
              2379000
            ],
            "timecode_duration": [],
            "length": 2820000,
            "asset_id": "vod65737-000019M001",
            "title": "",
            "subtitle": "第19集 小瑞士秘境流連忘返、搗麻糬讓三人懊悔早知不幹？！",
            "ep_number": 19,
            "rating": 1,
            "content_type": "show",
            "p_start": 1762153200000,
            "vod_channel_description": "坤達挑戰從未品嚐過的神秘果實，張口一咬竟然出現奇怪的表情？！李李仁邊工作邊開心大笑，肯納看不下去動手搶他工作，沒想到竟然後悔不已！肯納料理廚房再開，挑戰夏季水果派，驚人口感讓全場讚不絕口！連工作人員也搶著要吃？！李李仁透露夫妻和樂秘訣，陶子一招馭夫術讓李李仁心服口服？！"
          },
          {
            "content_id": "VOD00312753",
            "time_codes": [
              641000,
              1683000,
              2240000
            ],
            "timecode_duration": [],
            "length": 2820000,
            "asset_id": "vod65737-000020M001",
            "title": "",
            "subtitle": "第20集 五樓高破口大罵、李李仁坤達友情瀕臨破裂？！",
            "ep_number": 20,
            "rating": 1,
            "content_type": "show",
            "p_start": 1762156200000,
            "vod_channel_description": "隱藏深山裡的鱒魚養殖場，照顧第一名的鱒魚讓三人壓力倍增，坤達挑戰山區漁貨外送，餐廳老闆竟然無視還冷漠對待，讓坤達呆站現場不知所措？！三人從影以來最大危機！挑戰人類心理懼高點，李李仁站在高空雙腳不停顫抖，竟然忍不住破口大罵？！"
          },
          {
            "content_id": "VOD00323614",
            "time_codes": [
              854000,
              1470000,
              2411000
            ],
            "timecode_duration": [],
            "length": 2820000,
            "asset_id": "vod65737-000021M001",
            "title": "",
            "subtitle": "第21集 台三線浪漫不起來？！清魚池竟然清到懷疑人生？",
            "ep_number": 21,
            "rating": 1,
            "content_type": "show",
            "p_start": 1762159200000,
            "vod_channel_description": "浪漫台三線，東安古橋！客家菜包！美食名勝讓三人瞬間愛上關西！李李仁玩輸遊戲不認帳，苦茶入口死撐裝沒事，現場笑成一團！李李仁自豪自家小魚池清洗換水一人搞定，面對三百坪的魚池竟然嚇到說不出話來？魚池驚現鯉魚王？！三人費盡千辛萬苦竟然一隻都抓不到。"
          },
          {
            "content_id": "VOD00323615",
            "time_codes": [
              658000,
              1675000,
              2358000
            ],
            "timecode_duration": [],
            "length": 2816000,
            "asset_id": "vod65737-000022M001",
            "title": "",
            "subtitle": "第22集 美食當前看得到吃不到、一尾鯉魚讓三人瀕臨崩潰邊緣！",
            "ep_number": 22,
            "rating": 1,
            "content_type": "show",
            "p_start": 1762162200000,
            "vod_channel_description": "放水、清洗、搬魚，看似簡單的工作竟然讓三人累到腰桿打不直？旅程來到仙草之鄉，三人體驗傳統古法採仙草、吃仙草、喝仙草！吃飽喝足仍然意猶未盡？！肯納大展舞藝挑戰六福莊迎賓舞團，精彩表現讓現場遊客讚不絕口！想擔任動物保育員不簡單！清理犀牛大便讓三人苦不堪言。"
          },
          {
            "content_id": "VOD00323616",
            "time_codes": [
              974000,
              1491000,
              2281000
            ],
            "timecode_duration": [],
            "length": 2818000,
            "asset_id": "vod65737-000023M001",
            "title": "",
            "subtitle": "第23集 獅子、老虎、犀牛！挑戰動物保育員工作卻驚險不斷？！",
            "ep_number": 23,
            "rating": 1,
            "content_type": "show",
            "p_start": 1762165200000,
            "vod_channel_description": "動物保育員也得多才多藝？想入行得先考試，離開學校這麼多年的三人，能不能順利通過動物保育員的資格考試呢？為了爭奪頂級套房的住宿權，三人玩起逗趣的動物拳，最終結果竟然讓人大呼意外？！想靠近動物得靠吹箭，三人比拼起吹箭準度，到底誰能成為新一代的吹箭之王呢？"
          },
          {
            "content_id": "VOD00323617",
            "time_codes": [
              840000,
              1774000,
              2487000
            ],
            "timecode_duration": [],
            "length": 2820000,
            "asset_id": "vod65737-000024M001",
            "title": "",
            "subtitle": "第24集 高空恐懼再現！！李李仁面臨演藝生涯最大難關！",
            "ep_number": 24,
            "rating": 1,
            "content_type": "show",
            "p_start": 1762168200000,
            "vod_channel_description": "獅子、老虎見獵心喜，看著數頭飢餓的猛獸，三人能夠平安完成餵食的任務嗎？來到可愛的狐獴身邊以為開始輕鬆，沒想到狐獴家族完全不給面子，他們三人要如何才能完成狐獴的餵食工作呢？繼桃園挑戰高空設施失利之後，李李仁再度鼓起勇氣挑戰遊樂園的高空遊樂設施，是否會像上次這樣雙腳發抖、淚流滿面呢？"
          },
          {
            "content_id": "VOD00323618",
            "time_codes": [
              874000,
              1811000,
              2461000
            ],
            "timecode_duration": [],
            "length": 2809000,
            "asset_id": "vod65737-000025M001",
            "title": "",
            "subtitle": "第25集 遵循古法熬煮黑糖，繁瑣步驟讓三人手忙腳亂！",
            "ep_number": 25,
            "rating": 1,
            "content_type": "show",
            "p_start": 1762171200000,
            "vod_channel_description": "古法扛甘蔗讓三人吃了不少苦頭，改換車子運送竟然也能險些發生車禍？！三人到底要經歷多少磨難才能完成送甘蔗的任務呢？三人學習傳統手法歷盡艱辛終於得到第一口甘蔗原汁，甜美滋味讓三人瞬間疲勞盡失！天才小釣手現身！被演藝圈耽誤的天才釣手李李仁，每竿必中！結果得意忘形反被魚鉤傷？！"
          },
          {
            "content_id": "VOD00323619",
            "time_codes": [
              1063000,
              1849000,
              2449000
            ],
            "timecode_duration": [],
            "length": 2820000,
            "asset_id": "vod65737-000026M001",
            "title": "",
            "subtitle": "第26集 偶像歌手柯有倫報到，宜蘭追浪換宿大噴汗！",
            "ep_number": 26,
            "rating": 1,
            "content_type": "show",
            "p_start": 1762174200000,
            "vod_channel_description": "偶像歌手柯有倫來報到，一早就先挑戰驚險刺激的高空飛行傘，除了將300公尺空中鳥瞰的山海美景盡收眼簾，同時也意外發現，柯有倫小時候發生一場飛車意外，竟然差一點造成終身癱瘓！？"
          },
          {
            "content_id": "VOD00323620",
            "time_codes": [
              1010000,
              1721000,
              2486000
            ],
            "timecode_duration": [],
            "length": 2775000,
            "asset_id": "vod65737-000027M001",
            "title": "",
            "subtitle": "第27集 肌肉型男當餐吧服務生！桌邊服務各出奇招？",
            "ep_number": 27,
            "rating": 1,
            "content_type": "show",
            "p_start": 1762177200000,
            "vod_channel_description": "三位型男在衝浪天堂遇上海龍王發飆，試圖在驚濤駭浪中完成追浪夢想，究竟誰才是藝能界的衝浪冠軍？搏海過後，為了晚餐他們得去一個老外聚集的海景音樂吧打工，充當型男服務生，結果客人竟要求桌邊獻唱服務！？"
          },
          {
            "content_id": "VOD00323621",
            "time_codes": [
              963000,
              1899000,
              2363000
            ],
            "timecode_duration": [],
            "length": 2790000,
            "asset_id": "vod65737-000028M001",
            "title": "",
            "subtitle": "第28集 活跳跳海中大物上桌！型男吹風機料理美味上菜！",
            "ep_number": 28,
            "rating": 1,
            "content_type": "show",
            "p_start": 1762180200000,
            "vod_channel_description": "衝浪店正妹老闆娘又出招，三位型男得準備午餐伙食，柯有倫和舞陽去到大溪漁港，好運竟然遇上漁船滿載回港，生猛海鮮一上岸，就讓兩人失去理智，砸錢買下稀有魚貨，到底這稀有魚種他們會如何料理呢？"
          },
          {
            "content_id": "VOD00323622",
            "time_codes": [
              1119000,
              1799000,
              2398000
            ],
            "timecode_duration": [],
            "length": 2760000,
            "asset_id": "vod65737-000029M001",
            "title": "",
            "subtitle": "第29集 優質偶像洗蔥竟遭唾棄，激流泛舟型男嚇到尿褲？！",
            "ep_number": 29,
            "rating": 1,
            "content_type": "show",
            "p_start": 1762183200000,
            "vod_channel_description": "台灣最富盛名的蔥產地，宜蘭三星鄉，化身一日蔥農，不只拔蔥，挑蔥，還自創洗蔥舞，進行一場洗蔥快手大對決。柯有倫的洗蔥技巧，竟然被老闆嫌棄，將洗不乾淨的蔥一把丟到地上？！宜蘭安農溪以刺激的泛舟活動著名，超刺激的滾滾激流與高低落差大的河道，讓來此體驗的型男們嚇到全程驚聲尖叫？！"
          },
          {
            "content_id": "VOD00323623",
            "time_codes": [
              1167000,
              1661000,
              2237000
            ],
            "timecode_duration": [],
            "length": 2760000,
            "asset_id": "vod65737-000030M001",
            "title": "",
            "subtitle": "第30集 溫泉飯店天堂地獄大挑戰，超奢華懷石料理獎落誰家?",
            "ep_number": 30,
            "rating": 1,
            "content_type": "show",
            "p_start": 1762186200000,
            "vod_channel_description": "型男們入住羅東五星級溫泉飯店，神秘的挑戰，贏家將可享用超奢華懷石料理，而輸家只能去夜市猜拳贏美食！究竟這天堂地獄般的對比，會讓型男們如何拚勁全力只求獲勝？而最後又是哪位獲得高級的享受呢？"
          },
          {
            "content_id": "VOD00323624",
            "time_codes": [
              812000,
              1583000,
              2055000
            ],
            "timecode_duration": [],
            "length": 2820000,
            "asset_id": "vod65737-000031M001",
            "title": "",
            "subtitle": "第31集 最美士官長來報到，成千上萬蜂群追著跑？！",
            "ep_number": 31,
            "rating": 1,
            "content_type": "show",
            "p_start": 1762189200000,
            "vod_channel_description": "節目首次注入女力新血，便邀請到了昔日風靡全台的最美士官長劉香慈，兩位型男初見女來賓，甚至緊張得連話也說不清了？！初來報到的劉香慈，便能享受豪華的交通待遇，但沒想到上個廁所回來，人車已空，只留下三人行李的他們要怎麼抵達目的地呢？！"
          },
          {
            "content_id": "VOD00323625",
            "time_codes": [
              856000,
              1554000,
              2122000
            ],
            "timecode_duration": [],
            "length": 2820000,
            "asset_id": "vod65737-000032M001",
            "title": "",
            "subtitle": "第32集 女力劉香慈用腳採竹筍，神力大爆發！",
            "ep_number": 32,
            "rating": 1,
            "content_type": "show",
            "p_start": 1762192200000,
            "vod_channel_description": "吃遍美味奇異果的三人，卻從未吃過產自台灣的奇異果，但剛摘下來的奇異果其酸無比，三人決定來一場演技大考驗，讓奇異果園主猜出究竟他們哪位吃了超酸的奇異果，究竟誰的演技更勝一籌呢？！"
          },
          {
            "content_id": "VOD00323626",
            "time_codes": [
              772000,
              1502000,
              2231000
            ],
            "timecode_duration": [],
            "length": 2800000,
            "asset_id": "vod65737-000033M001",
            "title": "",
            "subtitle": "第33集 體驗道地客家風情 ，型男為了破蛋不擇手段！？",
            "ep_number": 33,
            "rating": 1,
            "content_type": "show",
            "p_start": 1762195200000,
            "vod_channel_description": "來到了客庄三義，三人怎麼能錯過品嚐道地的客家菜呢？！首次品嚐的舞陽，竟然還把梅乾菜錯當成海帶，甚至久久無法相信吃下肚的梅乾菜竟有12年歷史，讓他大呼太不可思議了！吃飽喝足後，三人換上傳統的客家花布衫工作去，讓人為之一亮！"
          },
          {
            "content_id": "VOD00323627",
            "time_codes": [
              827000,
              1820000,
              2360000
            ],
            "timecode_duration": [],
            "length": 2820000,
            "asset_id": "vod65737-000034M001",
            "title": "",
            "subtitle": "第34集 戲劇天王溫昇豪登場，旅途竟然狀況百出讓李、肯尷尬不已？",
            "ep_number": 34,
            "rating": 1,
            "content_type": "show",
            "p_start": 1762198200000,
            "vod_channel_description": "苗栗必遊景點勝興車站，戲劇天王溫昇豪自駕火車氣勢登場！三人首次挑戰路邊攔車，在地居民熱情力挺！但沒想到竟然嚴重迷路找不到下一個地點？眼看變天開始下雨，三人究竟能不能順利抵達打工地點呢？"
          },
          {
            "content_id": "VOD00323628",
            "time_codes": [
              866000,
              1813000,
              2428000
            ],
            "timecode_duration": [],
            "length": 2793000,
            "asset_id": "vod65737-000035M001",
            "title": "",
            "subtitle": "第35集 毛巾變天鵝？！李李仁溫昇豪巧手助求婚！",
            "ep_number": 35,
            "rating": 1,
            "content_type": "show",
            "p_start": 1762201200000,
            "vod_channel_description": "挑戰傳統客家技藝，三人首次藍染作品出爐，誰能獲得評分老師的青睞？！客家米板！全素火鍋！出乎意料地美味口感，讓三人讚不絕口，筷子停不下來！首度挑戰五星級飯店服務，李李仁、溫昇豪換上飯店制服帥氣逼人，面對蜜月套房佈置的挑戰，兩人真的有辦法用毛巾摺出天鵝造型嗎？"
          },
          {
            "content_id": "VOD00323629",
            "time_codes": [
              667000,
              1597000,
              2380000
            ],
            "timecode_duration": [],
            "length": 2820000,
            "asset_id": "vod65737-000036M001",
            "title": "",
            "subtitle": "第36集 小孩哭鬧不已、工作皮膚過敏！？兄弟三人拼命展現不撓精神面對挑戰！",
            "ep_number": 36,
            "rating": 1,
            "content_type": "show",
            "p_start": 1762204200000,
            "vod_channel_description": "肯納廚房首度挑戰大型訂單，面對五星級飯店遊客以及材料準備不足的問題，忐忑不安的肯納能夠克服問題完成挑戰嗎？李李仁溫昇豪好爸爸技能破功？面對遊客小孩的哭鬧，兩人竟然慌了手腳？！用過香茅油卻沒見過香茅本人？兄弟三人下田採收香茅草，溫昇豪忍著皮膚嚴重過敏完成工作。"
          },
          {
            "content_id": "VOD00323630",
            "time_codes": [
              636000,
              1700000,
              2418000
            ],
            "timecode_duration": [],
            "length": 2820000,
            "asset_id": "vod65737-000037M001",
            "title": "",
            "subtitle": "第37集 百度高溫蒸氣侵襲，三人無處可躲、頻頻求饒？！",
            "ep_number": 37,
            "rating": 1,
            "content_type": "show",
            "p_start": 1762207200000,
            "vod_channel_description": "忍著皮膚嚴重過敏、搔癢不止的狀況，溫昇豪專心一意收割著香茅草，讓李李仁與肯納欽佩不已！灼熱的高溫水蒸氣讓三人大吃苦頭，挑戰高溫鍋爐提煉香茅油，李李仁大喊吃不消！肯納以為改做清理鍋爐的木屑能夠逃離水蒸氣的襲擊，沒想到竟然只是迎來另一個更辛苦的工作！！　"
          },
          {
            "content_id": "VOD00323631",
            "time_codes": [
              807000,
              1782000,
              2446000
            ],
            "timecode_duration": [],
            "length": 2820000,
            "asset_id": "vod65737-000038M001",
            "title": "",
            "subtitle": "第38集  打工遇瓶頸！！李李仁、溫昇豪互相挑釁不平靜！",
            "ep_number": 38,
            "rating": 1,
            "content_type": "show",
            "p_start": 1762210200000,
            "vod_channel_description": "到銅鑼鄉吃銅鑼燒！兄弟三人挑戰銅鑼燒蹲，面對店家隊伍強力迎戰，能不能品嘗到美味甜點全看這一仗！小小一粒果實竟讓三人爭相搶著採收互不相讓，爭吵不斷的三人能夠和平地完成打工的任務嗎？世界僅剩、全球唯一的一道客家料理，兄弟三人大開眼界品嚐美味！"
          },
          {
            "content_id": "VOD00323632",
            "time_codes": [
              870000,
              1580000,
              2212000
            ],
            "timecode_duration": [],
            "length": 2770000,
            "asset_id": "vod65737-000039M001",
            "title": "",
            "subtitle": "第39集 竇智孔暗戀對象來了？打工之旅變成戀愛巴士！？",
            "ep_number": 39,
            "rating": 1,
            "content_type": "show",
            "p_start": 1762213200000,
            "vod_channel_description": "日籍女星愛紗，加入南投打工換宿行列，竟讓竇智孔全身散發粉紅泡泡，差點變成戀愛之旅？！渡假村清掃湖面落葉的工作，為什麼讓愛紗驚聲尖叫？！在國姓鄉放風中的三人，意外參與到一年一度的「搶成功」慶典，分成兩隊的竇智孔與賈斯丁，和當地民眾組隊，進行一場刺激的推戰船比賽。"
          },
          {
            "content_id": "VOD00323633",
            "time_codes": [
              978000,
              1514000,
              2122000
            ],
            "timecode_duration": [],
            "length": 2805000,
            "asset_id": "vod65737-000040M001",
            "title": "",
            "subtitle": "第40集  稀奇古怪台式熱炒？！挑戰外國朋友味覺極限？",
            "ep_number": 40,
            "rating": 1,
            "content_type": "show",
            "p_start": 1762216200000,
            "vod_channel_description": "為了完成打工換宿莊園主人交辦事項，三人化身咖啡農，進行一場採果任務，在陡峭的山坡上採收果實的三人，是否能夠順利完成任務呢 ？咖啡品嚐，是什麼樣的超特別喝法，讓三人表情扭曲，只為分辨出亞洲第一的咖啡豆呢？"
          },
          {
            "content_id": "VOD00337701",
            "time_codes": [
              964000,
              1601000,
              2195000
            ],
            "timecode_duration": [],
            "length": 2766000,
            "asset_id": "vod65737-000041M001",
            "title": "",
            "subtitle": "第41集 世紀東西料理大對決！竇智孔超完美菜餚驚呆評審！？",
            "ep_number": 41,
            "rating": 1,
            "content_type": "show",
            "p_start": 1762219200000,
            "vod_channel_description": "自己的食材自己採，為了贏得料理PK賽，三位前進百香果園，在超過2000坪大的果園裡，他們要如何使出渾身解數，以換取最新鮮的百香果呢？到市場採買食材，但卻遇到最大危機！禮拜一公休的市場，該用什麼方法，才能得到自己想要的東西呢？"
          },
          {
            "content_id": "VOD00337702",
            "time_codes": [
              671000,
              1523000,
              2155000
            ],
            "timecode_duration": [],
            "length": 2800000,
            "asset_id": "vod65737-000042M001",
            "title": "",
            "subtitle": "第42集 採筊白筍讓超MAN竇智孔踢到鐵板？！崩潰大叫不敢踩進泥巴田！",
            "ep_number": 42,
            "rating": 1,
            "content_type": "show",
            "p_start": 1762222200000,
            "vod_channel_description": "南投筊白筍聞名全台，為了打工換取筊白筍大餐，三人穿上青蛙裝，準備下泥巴田付出勞力工作，但是極度恐懼泥巴田的竇智孔，卻遲遲不敢踩進田採筊白筍，究竟他能否順利完成打工任務呢？！在花香四溢、能夠直接食用的埔里玫瑰花田，三人想要打工換餐，可是採收玫瑰花的速度卻無法符合農場主人標準。"
          },
          {
            "content_id": "VOD00337703",
            "time_codes": [
              879000,
              1956000,
              2397000
            ],
            "timecode_duration": [],
            "length": 2794000,
            "asset_id": "vod65737-000043M001",
            "title": "",
            "subtitle": "第43集 戲劇男神王傳一降臨，面對嚴酷打工面不改色樂在其中？！",
            "ep_number": 43,
            "rating": 1,
            "content_type": "show",
            "p_start": 1762225200000,
            "vod_channel_description": "男神接力來打工，繼溫昇豪之後，另一位戲劇男神王傳一，力排眾通告也要來加入請問今晚住誰家的陣容！！小時候最愛吃的麥芽膏，來到面前竟然變成近千度高溫難以接近？！李李仁回憶小時候的樂趣，手指沾到麥芽膏正想入口，灼痛感瞬襲而上！他是否會遭遇嚴重燙傷的命運呢！"
          },
          {
            "content_id": "VOD00337704",
            "time_codes": [
              797000,
              1778000,
              2431000
            ],
            "timecode_duration": [],
            "length": 2814000,
            "asset_id": "vod65737-000044M001",
            "title": "",
            "subtitle": "第44集 打工換餐卻弄巧成拙？！三人恐遭首次打工被驅逐的命運？！",
            "ep_number": 44,
            "rating": 1,
            "content_type": "show",
            "p_start": 1762228200000,
            "vod_channel_description": "挑戰純手工麵線製作，三人搞得灰頭土臉一點進步也沒有？三人嘗試必須默契十足的拉麵線，結果默契不足頻頻拉斷麵線，老闆一旁面有難色的上前阻止，到底三個人能不能順利的完成手工麵線的打工任務呢？九月的都市裡竟然有螢火蟲？三人是否有這個運氣能夠看到如此美麗的奇景呢？"
          },
          {
            "content_id": "VOD00337705",
            "time_codes": [
              730000,
              1743000,
              2306000
            ],
            "timecode_duration": [],
            "length": 2808000,
            "asset_id": "vod65737-000045M001",
            "title": "",
            "subtitle": "第45集 眼力大考驗？！挑揀幼蟲讓王傳一大喊吃不消想回家？！",
            "ep_number": 45,
            "rating": 1,
            "content_type": "show",
            "p_start": 1762231200000,
            "vod_channel_description": "從影以來首次挑戰眼力極限！？兄弟三人參與螢火蟲與竹節蟲復育的重要任務，為了看到螢火蟲在夜裡綻放光芒，三人卯盡全力！"
          },
          {
            "content_id": "VOD00337706",
            "time_codes": [
              761000,
              1778000,
              2314000
            ],
            "timecode_duration": [],
            "length": 2820000,
            "asset_id": "vod65737-000046M001",
            "title": "",
            "subtitle": "第46集 兄弟三人車神上身？！爭奪比賽冠軍卻事故連連險象環生？！",
            "ep_number": 46,
            "rating": 1,
            "content_type": "show",
            "p_start": 1762234200000,
            "vod_channel_description": "王傳一面對新鮮食材忍不住技癢，拿起菜刀鍋鏟有模有樣，但是否能像戲劇角色一樣煮出一手好菜呢？\n"
          },
          {
            "content_id": "VOD00337707",
            "time_codes": [
              1014000,
              2029000,
              2448000
            ],
            "timecode_duration": [],
            "length": 2775000,
            "asset_id": "vod65737-000047M001",
            "title": "",
            "subtitle": "第47集 型男取蛋大作戰，擠羊奶拚輸贏誰是大輸家？",
            "ep_number": 47,
            "rating": 1,
            "content_type": "show",
            "p_start": 1762237200000,
            "vod_channel_description": "三位型男這次前往台灣西部潮間帶生態最豐富的地方，當地最具有盛名的珍珠蚵更是聞名全台，農漁畜牧業養殖產量豐富，彰化王功村，化身一日果農，採收紅龍果，蔬果還不夠，三人進行一場鵝鴨大作戰。\n"
          },
          {
            "content_id": "VOD00337708",
            "time_codes": [
              677000,
              1816000,
              2406000
            ],
            "timecode_duration": [],
            "length": 2786000,
            "asset_id": "vod65737-000048M001",
            "title": "",
            "subtitle": "第48集 魚塭捕魚型男變身大主廚，乘蚵車出海摸蛤趣！",
            "ep_number": 48,
            "rating": 1,
            "content_type": "show",
            "p_start": 1762240200000,
            "vod_channel_description": "型男們挑戰撒網捕魚，看似簡單動作實際操作有夠累，三人合力捕魚大豐收，上的了廳堂，究竟進得了廚房嗎？\n"
          },
          {
            "content_id": "VOD00337709",
            "time_codes": [
              805000,
              1589000,
              2256000
            ],
            "timecode_duration": [],
            "length": 2800000,
            "asset_id": "vod65737-000049M001",
            "title": "",
            "subtitle": "第49集 型男打工挖蛤擎蚵初體驗，誰能嚐到現烤鮮蚵的美味?",
            "ep_number": 49,
            "rating": 1,
            "content_type": "show",
            "p_start": 1762243200000,
            "vod_channel_description": "挖蛤各憑本事，一望無際的沙洲誰是火眼金睛？誰又會是挖蛤高手？典型沿海漁村王功外海布滿蚵田，大多是屬平掛方式養殖，了解蚵的生長習性後，工作分配，三位又將賦予那些重責大任？誰將最快完成手上工作？誰又能品嚐到辛苦後的肥美烤鮮蚵？"
          },
          {
            "content_id": "VOD00337710",
            "time_codes": [
              782000,
              1487000,
              2024000
            ],
            "timecode_duration": [],
            "length": 2815000,
            "asset_id": "vod65737-000050M001",
            "title": "",
            "subtitle": "第50集 特色民宿智力大挑戰，誰能睡到古董紅棉床？",
            "ep_number": 50,
            "rating": 1,
            "content_type": "show",
            "p_start": 1762246200000,
            "vod_channel_description": "型男入住鹿港特色民宿，老闆娘替新進員工安排臉面大改造，古早臉部美容體驗，究竟是天堂享受還是地獄受虐？型男們如何忍到最後一刻？打工換宿真不易須過三關斬六將，來到鹿港古鎮更不能錯過當地特色小吃。"
          },
          {
            "content_id": "VOD00343014",
            "time_codes": [
              926000,
              1576000,
              2101000
            ],
            "timecode_duration": [],
            "length": 2782000,
            "asset_id": "vod65737-000051M001",
            "title": "",
            "subtitle": "第51集 福興手工麵線藏身百年老厝，型男們誰會是拉麵線高手？",
            "ep_number": 51,
            "rating": 1,
            "content_type": "show",
            "p_start": 1762249200000,
            "vod_channel_description": "彰化福興祖傳三代手工麵線，講求技巧與功夫，型男們這次前來究竟是來打工的還是來攪局？竇智孔化身廚房小幫手，阿嬤煮麵線加入什麼秘密武器添香氣？體驗百年手工麵線，細如絲的傳統技藝後，前往彰化溪湖，一窺白玉蝸牛生長環境，採集蝸牛比數量，吳大維又會有那些驚奇大發現？"
          },
          {
            "content_id": "VOD00343015",
            "time_codes": [
              756000,
              1668000,
              2128000
            ],
            "timecode_duration": [],
            "length": 2820000,
            "asset_id": "vod65737-000052M001",
            "title": "",
            "subtitle": "第52集 小鮮肉Teddy捲土重來！與兄弟們採柿子慘跌下坡？！",
            "ep_number": 52,
            "rating": 1,
            "content_type": "show",
            "p_start": 1762252200000,
            "vod_channel_description": "節目開播首位不懼風吹日曬的打工旅程，再度勇敢回歸的Teddy，帶著搞笑無極限的風田一起加入兩天一夜的新竹之旅！兄弟四人為了吃到美味的柿餅，披荊斬棘上山採柿子，農民發明的簡易採柿子裝備，四人用起來卻笨手笨腳，不少柿子壯烈犧牲慘跌在地！"
          },
          {
            "content_id": "VOD00346477",
            "time_codes": [
              740000,
              1731000,
              2446000
            ],
            "timecode_duration": [],
            "length": 2820000,
            "asset_id": "vod65737-000053M001",
            "title": "",
            "subtitle": "第53集 上山下海我不怕，最怕的就是一堆小孩搞不定？！",
            "ep_number": 53,
            "rating": 1,
            "content_type": "show",
            "p_start": 1762255200000,
            "vod_channel_description": "下田種菜沒問題！上山採收小CASE，但是面對一群失控的小孩，四人能夠抵擋得住嗎？戲劇男神首度挑戰兒童節目主持，帶著風田一起打扮成鯊魚哥哥與小朋友同樂！風田挑戰首次專戴人偶裝取悅小朋友，開心之餘卻發現整集內容會因此沒有他長相曝光的機會！"
          },
          {
            "content_id": "VOD00346478",
            "time_codes": [
              704000,
              1302000,
              2308000
            ],
            "timecode_duration": [],
            "length": 2820000,
            "asset_id": "vod65737-000054M001",
            "title": "",
            "subtitle": "第54集 百年傳承手工米粉，手殘兄弟檔差點毀於一旦？！",
            "ep_number": 54,
            "rating": 1,
            "content_type": "show",
            "p_start": 1762258200000,
            "vod_channel_description": "兄弟四人挑戰新竹九降風特產之一百年風味手工米粉製作！為了尋求堅持百年的手工原味！四人頂著蒸汽高溫用心學習！Teddy展現過人天份拋甩米粉，連身經百戰的大哥李李仁也望塵莫及？老闆生氣了？！肯納與Teddy身負分裝米粉的重責大任，沒想到動作太慢又不斷出錯，讓一旁的老闆忍不住大聲碎念？"
          },
          {
            "content_id": "VOD00346479",
            "time_codes": [
              605000,
              1531000,
              2300000
            ],
            "timecode_duration": [],
            "length": 2820000,
            "asset_id": "vod65737-000055M001",
            "title": "",
            "subtitle": "第55集 男神專車外送車輪餅，女孩們瘋狂包圍不讓離開？！",
            "ep_number": 55,
            "rating": 1,
            "content_type": "show",
            "p_start": 1762261200000,
            "vod_channel_description": "新竹在地生意爆棚的車輪餅缺工，兄弟四人分別肩負起製作以及外送的任務！李李仁帶著風田以男神降臨的姿態進入大學校區外送，校區內尖叫聲此起彼落，被粉絲包圍的兩人能順利完成外送任務趕回店內幫忙嗎？四人挑戰番茄栽種，折斷幼枝、打翻肥料！"
          },
          {
            "content_id": "VOD00346480",
            "time_codes": [
              928000,
              1794000,
              2453000
            ],
            "timecode_duration": [],
            "length": 2776000,
            "asset_id": "vod65737-000056M001",
            "title": "",
            "subtitle": "第56集 冠軍漁塭暗藏巨大石斑！魚尾一擺竟讓竇智孔逃之夭夭？！",
            "ep_number": 56,
            "rating": 1,
            "content_type": "show",
            "p_start": 1762264200000,
            "vod_channel_description": "四位型男竇智孔、舞陽、賈斯汀、楊子儀來到台南北門養殖重地，四人化身漁夫跟老闆一起來做過冬前清池程序，但怎麼還沒開始工作，舞陽與楊子儀就產生出不一樣的氛圍，兩人在水中浪漫相擁，究竟是發生什麼事了呢？在打撈魚貨過程中是什麼讓竇智孔三番兩次落荒而逃呢？"
          },
          {
            "content_id": "VOD00346481",
            "time_codes": [
              955000,
              1557000,
              2241000
            ],
            "timecode_duration": [],
            "length": 2803000,
            "asset_id": "vod65737-000057M001",
            "title": "",
            "subtitle": "第57集 採收酪梨限時大賽，竇智孔出奇招突破天際順利摘果？",
            "ep_number": 57,
            "rating": 1,
            "content_type": "show",
            "p_start": 1762267200000,
            "vod_channel_description": "順利完成清晨捕撈工作後，接下來四位型男來到綠寶石的故鄉台南大內酪梨莊園，四人分兩組展開一場激烈採收大賽，身高差了一截的竇哥會使出什麼妙招來採收樹上果實呢？而四個大男孩湊在一起又會有哪些幼稚舉動產生呢？結束工作享用豐盛的酪梨大餐後，來到台南安平低調奢華民宿..."
          },
          {
            "content_id": "VOD00346482",
            "time_codes": [
              752000,
              1606000,
              2152000
            ],
            "timecode_duration": [],
            "length": 2785000,
            "asset_id": "vod65737-000058M001",
            "title": "",
            "subtitle": "第58集 台南老店肉包竟藏有催淚彈，讓竇智孔竟流下男人淚？！",
            "ep_number": 58,
            "rating": 1,
            "content_type": "show",
            "p_start": 1762270200000,
            "vod_channel_description": "完美複製民宿老闆娘的早餐後，四位型男出發尋覓自己的美味早餐，來到台南知名包子店打工，包子內究竟是什麼秘方竟讓竇哥痛哭流涕，上演一齣與老婆孩子告白橋段呢？面對麻辣臭包子的賈斯汀能鼓起勇氣吃下去嗎？捏包子比賽獲勝的楊子儀選了竇哥一同前往官田，在官田又會有什麼工作等著他們呢？"
          },
          {
            "content_id": "VOD00346483",
            "time_codes": [
              996000,
              1393000,
              2088000
            ],
            "timecode_duration": [],
            "length": 2818000,
            "asset_id": "vod65737-000059M001",
            "title": "",
            "subtitle": "第59集 萬坪休閒農場，竇智孔展神乎其技的球技讓全場驚呼？！",
            "ep_number": 59,
            "rating": 1,
            "content_type": "show",
            "p_start": 1762273200000,
            "vod_channel_description": "結束了短暫的分離，四位型男來到萬坪休閒農場，竇哥竟然開心的載歌載舞了起來，究竟是發生什麼事情可以讓他如此的雀躍？為什麼賈斯汀獨自一人在孤島上哀號，是誰做出的惡作劇呢？另外一頭工作又發生什麼大事情竟然竇哥慘叫連連？而首次品嘗東山鴨的的兩位外國人，是否能克服心理障礙呢？"
          },
          {
            "content_id": "VOD00346484",
            "time_codes": [
              734000,
              1666000,
              2296000
            ],
            "timecode_duration": [],
            "length": 2760000,
            "asset_id": "vod65737-000060M001",
            "title": "",
            "subtitle": "第60集 挑戰一日動物管理員，竇智孔竟遇到天敵驚慌失色落跑了？！",
            "ep_number": 60,
            "rating": 1,
            "content_type": "show",
            "p_start": 1762276200000,
            "vod_channel_description": "最後一站來到南台灣最大的野生動物園，撿鴕鳥蛋競賽順利落幕後，準備進行下一站的工作，竇哥怎麼瞬間崩潰？甚至一度罷工呢？究竟哪一類的動物是竇哥的天敵呢？竇哥能克服心理恐懼順利完成任務嗎？接下來來到金剛鸚鵡劇場時間，四位型男與金剛鸚鵡用短暫時間培養默契，最終能夠完美演出嗎？"
          },
          {
            "content_id": "VOD00351382",
            "time_codes": [
              628000,
              1574000,
              2355000
            ],
            "timecode_duration": [],
            "length": 2820000,
            "asset_id": "vod65737-000061M001",
            "title": "",
            "subtitle": "第61集 挑戰雲林傳統手工藝，三兄弟竟然慘遭主管洗臉？！",
            "ep_number": 61,
            "rating": 1,
            "content_type": "show",
            "p_start": 1762279200000,
            "vod_channel_description": "手拙三兄弟挑戰雲林特產造型毛巾，虎爺吳念軒展現過人氣勢，只要折起老虎造型毛巾就無往不利，一換造型馬上破功，讓李李仁與肯納狂笑不已！老闆趕工但員工不給力，兄弟三人進度落後慘遭主管責備，三人能否完成趕出貨的任務呢？"
          },
          {
            "content_id": "VOD00351383",
            "time_codes": [
              698000,
              1665000,
              2239000
            ],
            "timecode_duration": [],
            "length": 2818000,
            "asset_id": "vod65737-000062M001",
            "title": "",
            "subtitle": "第62集 不顧生命危險奮力工作，就為了品嚐雲林第一牛肉料理？！",
            "ep_number": 62,
            "rating": 1,
            "content_type": "show",
            "p_start": 1762282200000,
            "vod_channel_description": "想要品嚐雲林第一的新鮮牛肉料理，三人直闖餐廳尋求打工機會！來到牧場之後三人立刻後悔！面對每隻上百公斤的牛兒們，三人戰戰兢兢不敢小覷！突然發生牛隻脫逃跑進別區柵欄的意外狀況！三人冒著生命危險衝進柵欄內想阻止意外狀況發生，但面對這群龐然大物，三人能夠順利完成任務解除危機嗎？！"
          },
          {
            "content_id": "VOD00351384",
            "time_codes": [
              726000,
              1689000,
              2186000
            ],
            "timecode_duration": [],
            "length": 2806000,
            "asset_id": "vod65737-000063M001",
            "title": "",
            "subtitle": "第63集 牛群鴨群輪流大軍壓境，兄弟三人手忙腳亂苦不堪言？！",
            "ep_number": 63,
            "rating": 1,
            "content_type": "show",
            "p_start": 1762285200000,
            "vod_channel_description": "品嚐完牛肉大餐的代價是什麼？！三人面對一群狂奔的彪形大漢，使出渾身解數也只能勉強保住自己的安全，到底三人能否平安完成任務呢？上萬隻鴨在場內活動，讓兄弟三人看到傻眼，為了鴨子們的健康，三人協助鴨子下水運動，沒想到鴨子們完全不領情，見到三人一哄而散！"
          },
          {
            "content_id": "VOD00351385",
            "time_codes": [
              851000,
              1747000,
              2379000
            ],
            "timecode_duration": [],
            "length": 2820000,
            "asset_id": "vod65737-000064M001",
            "title": "",
            "subtitle": "第64集 自不量力跟婆婆挑戰種蕃薯，三人慘被婆婆們打敗抬不起頭？！",
            "ep_number": 64,
            "rating": 1,
            "content_type": "show",
            "p_start": 1762288200000,
            "vod_channel_description": "趕完大鴨趕小鴨，黃澄澄的一片小鴨群，讓三個大男人的少女心瞬間爆發，捧著可愛的小鴨遲遲不願意開始工作！？吃過蕃薯還得知道蕃薯是怎麼種的？！三人路過蕃薯田熱心幫助，沒想到竟然是一場腰痠腿麻的辛苦工作！體會到農民們的辛勞，李李仁扛起播土機努力想幫農民分擔辛勞，氣喘吁吁雙手舉不起來！"
          },
          {
            "content_id": "VOD00351386",
            "time_codes": [
              1002000,
              1573000,
              2138000
            ],
            "timecode_duration": [],
            "length": 2783000,
            "asset_id": "vod65737-000065M001",
            "title": "",
            "subtitle": "第65集 優質型男遇蟹驚驚叫，叫賣拚輸贏誰會是大贏家！？",
            "ep_number": 65,
            "rating": 1,
            "content_type": "show",
            "p_start": 1762291200000,
            "vod_channel_description": "四位型男前往台灣海鮮最富盛名的萬里，新北市萬里，化身一日魚販，挑蟹，賣蟹，還得懂蟹，即將進行一場世紀叫賣大對決。竇智孔對蟹的了解知多少？舞陽分大小蟹心驚驚，竟然讓老闆娘忍不住開口罵？！"
          },
          {
            "content_id": "VOD00351387",
            "time_codes": [
              947000,
              1593000,
              2245000
            ],
            "timecode_duration": [],
            "length": 2800000,
            "asset_id": "vod65737-000066M001",
            "title": "",
            "subtitle": "第66集 傳統零食製作大挑戰，究竟誰最受阿玉嬤眷顧！？",
            "ep_number": 66,
            "rating": 1,
            "content_type": "show",
            "p_start": 1762294200000,
            "vod_channel_description": "型男來到北海岸的金山區，當然要來知名的蔴荖老店打工，依古法手工製作的蔴荖，在熱滾滾的麥芽糖鍋前，竇智孔能在限時內，將每顆米果均勻完整的沾上麥芽糖？看似輕鬆的甩拌動作讓賈斯汀也喊累？舞陽、Gino 兩人工作比速度，究竟是機器快還是手快？"
          },
          {
            "content_id": "VOD00351388",
            "time_codes": [
              1006000,
              1566000,
              2301000
            ],
            "timecode_duration": [],
            "length": 2820000,
            "asset_id": "vod65737-000067M001",
            "title": "",
            "subtitle": "第67集 夜抓大閘蟹超刺激，型男卯足全力求破蛋？！",
            "ep_number": 67,
            "rating": 1,
            "content_type": "show",
            "p_start": 1762297200000,
            "vod_channel_description": "型男初體驗徒手抓大閘蟹超緊張，分組抓蟹大作戰，力求破蛋卯全力，究竟誰會被大閘蟹夾受傷？四人綁蟹手超忙，誰會是綁蟹高手？舞陽、賈斯汀竟然在Gino面前跳起舞，自創大閘蟹新舞步。入住貢寮海景飯店打工換宿，竟然有豪華遊艇？四兄弟一早化身遊艇管家，有哪些遊艇管家眉角要注意？"
          },
          {
            "content_id": "VOD00351389",
            "time_codes": [
              974000,
              1698000,
              2264000
            ],
            "timecode_duration": [],
            "length": 2780000,
            "asset_id": "vod65737-000068M001",
            "title": "",
            "subtitle": "第68集 射水親餵九孔靠體力，下海採九孔誰是第一名！？",
            "ep_number": 68,
            "rating": 1,
            "content_type": "show",
            "p_start": 1762300200000,
            "vod_channel_description": "來到了東北角貢寮，四兄弟怎麼能錯過餵食九孔與現烤九孔？！型男換上潛水衣，首次親餵九孔池的竇智孔，水柱衝力難掌控？連舞陽、賈斯汀也訝異！餵飽九孔後，拿起裝備下海去，四人進行採收九孔的任務，但面對著寒冷海水的Gino燃起了滿滿的勝負慾望，究竟海裡九孔與鮑魚誰會傻傻分不清？"
          },
          {
            "content_id": "VOD00351390",
            "time_codes": [
              698000,
              1421000,
              2354000
            ],
            "timecode_duration": [],
            "length": 2820000,
            "asset_id": "vod65737-000069M001",
            "title": "",
            "subtitle": "第69集 邊做邊吃真大膽，三兄弟挑戰手工美食毫不馬虎！！",
            "ep_number": 69,
            "rating": 1,
            "content_type": "show",
            "p_start": 1762303200000,
            "vod_channel_description": "手拙兄弟檔加入新成員，白馬王子謝佳見捲起袖子捏燒賣，有模有樣地讓老闆驚嘆不已！基隆庶民美食超大燒賣，為了協助老闆盡快完成包燒賣的工作，三人拼命的包，捏出來的成果卻慘不忍睹，被店內員工嫌棄到極點？百年糕餅店首度開放打工機會，結果三人邊做邊吃差點趕不上進度？！"
          },
          {
            "content_id": "VOD00351391",
            "time_codes": [
              650000,
              1200000,
              2376000
            ],
            "timecode_duration": [],
            "length": 2820000,
            "asset_id": "vod65737-000070M001",
            "title": "",
            "subtitle": "第70集 名貴山藥一把折斷，兄弟三人面臨吃不到還慘賠的命運？！",
            "ep_number": 70,
            "rating": 1,
            "content_type": "show",
            "p_start": 1762306200000,
            "vod_channel_description": "世界第二、亞洲第一，兄弟三人上山採收名貴山藥，白馬王子謝佳見被土壤裡肥嫩的蚯蚓嚇得魂不附體，直呼想下山回家！小心翼翼手腳並用，終於採到亞洲第一的名貴山藥，歡喜之餘竟然不小心將山藥折斷，三人與老闆面面相覷，究竟三人會不會遭遇打工換不到餐還可能慘賠的窘境呢？"
          },
          {
            "content_id": "VOD00356553",
            "time_codes": [
              605000,
              1551000,
              2248000
            ],
            "timecode_duration": [],
            "length": 2800000,
            "asset_id": "vod65737-000071M001",
            "title": "",
            "subtitle": "第71集 無懼搖晃跟魚腥味，化身一日漁夫努力工作？！",
            "ep_number": 71,
            "rating": 1,
            "content_type": "show",
            "p_start": 1762309200000,
            "vod_channel_description": "辛苦工作換得一餐，三人開心不已，但倒霉之神沒有放過他們，車子輪胎慘被釘子刺穿，在前不著村後不著店的山區，他們到底要怎麼樣才能脫困呢？！海浪滔滔我不怕，三兄弟首度登船協助漁民工作，刺骨冷風加上搖晃的船隻，三人必須克服困難卸載漁獲，為了品嚐到新鮮的大海美食，三人卯足全勁奮力一搏！"
          },
          {
            "content_id": "VOD00356554",
            "time_codes": [
              662000,
              1388000,
              1910000
            ],
            "timecode_duration": [],
            "length": 2815000,
            "asset_id": "vod65737-000072M001",
            "title": "",
            "subtitle": "第72集 當季新鮮大海美食當前，兄弟三人看得到卻吃不到？",
            "ep_number": 72,
            "rating": 1,
            "content_type": "show",
            "p_start": 1762312200000,
            "vod_channel_description": "想要吃到新鮮的魚貨，首先要學會如何殺魚？！面對當季新鮮活跳跳的白帶魚，謝佳見忍著手抖，硬著頭皮下刀處理白帶魚，現場慘叫聲不斷！萬里最有名的萬里蟹，兄弟三人懼於蟹螯的兇狠，遲遲不敢下手綑綁，面對老闆不斷催促，三人能克服恐懼完成綑綁螃蟹的任務嗎？"
          },
          {
            "content_id": "VOD00356555",
            "time_codes": [
              625000,
              1249000,
              1821000
            ],
            "timecode_duration": [],
            "length": 2820000,
            "asset_id": "vod65737-000073M001",
            "title": "",
            "subtitle": "第73集 金山銀山擺在眼前，三人千辛萬苦只求一個翻身的機會？！",
            "ep_number": 73,
            "rating": 1,
            "content_type": "show",
            "p_start": 1762315200000,
            "vod_channel_description": "來到瑞芳當然不能只逛老街，最具代表性的金礦文化，讓兄弟三人激起淘金慾，三人換起礦工裝扮，裝備帶齊上山採礦！沒想到礦場路途遙遠而且顛簸，為了一睹原始黃金的面貌，頂著寒風吹襲兄弟三人叫苦連連，究竟三人能不能成功淘金然後就此翻身億萬富翁呢？"
          },
          {
            "content_id": "VOD00356556",
            "time_codes": [
              971000,
              1559000,
              2253000
            ],
            "timecode_duration": [],
            "length": 2798000,
            "asset_id": "vod65737-000074M001",
            "title": "",
            "subtitle": "第74集 型男們關懷獨居長輩，送餐有感淚汪汪？！",
            "ep_number": 74,
            "rating": 1,
            "content_type": "show",
            "p_start": 1762318200000,
            "vod_channel_description": "三位型男帶著原民好友撒基努，一早前往新北市三芝，來一趟打工一日做公益。親自下廚準備愛心便當，竇智孔、撒基努廚房大作戰，手忙腳亂能在限時內備好所有便當？送餐路途真遙遠，又是什麼樣的場景讓竇智孔、撒基努有感而發落下男兒淚？！舞陽、賈斯汀首次做公益..."
          },
          {
            "content_id": "VOD00356557",
            "time_codes": [
              780000,
              1462000,
              1966000
            ],
            "timecode_duration": [],
            "length": 2809000,
            "asset_id": "vod65737-000075M001",
            "title": "",
            "subtitle": "第75集 高價琉璃太驚艷，吹製玻璃高溫炙熱毛髮險不保？！",
            "ep_number": 75,
            "rating": 1,
            "content_type": "show",
            "p_start": 1762321200000,
            "vod_channel_description": "冒著大雨尋找水耕種植工廠的型男們，驚見滿屋子蔬菜表情超誇張？採收蔬菜有撇步，舞陽與撒基努初次採收小心翼翼？水耕蔬菜太清甜，竇智孔和賈斯汀想吃得先打工動手種？而最後又是哪幾位獲得有機蔬果盤的享受呢？到淡水當然要來趟琉璃藝術巡禮，型男們觀賞琉璃作品超驚艷，看到價格心驚驚？"
          },
          {
            "content_id": "VOD00356558",
            "time_codes": [
              1030000,
              1682000,
              2355000
            ],
            "timecode_duration": [],
            "length": 2800000,
            "asset_id": "vod65737-000076M001",
            "title": "",
            "subtitle": "第76集 海景港式茶樓大PK，豪華點心車叫賣初體驗！",
            "ep_number": 76,
            "rating": 1,
            "content_type": "show",
            "p_start": 1762324200000,
            "vod_channel_description": "型男們來到淡水知名主廚港式茶樓，變身成為服務生，來場餐車叫賣大PK，贏家將可享用超豪華港式料理，而輸家隔天將完成哪項任務？！究竟這天堂美食與早起地獄般的對比，型男們將如何發揮三寸不爛之舌搏勝利？誰會是最後大贏家？"
          },
          {
            "content_id": "VOD00356559",
            "time_codes": [
              958000,
              1651000,
              2387000
            ],
            "timecode_duration": [],
            "length": 2791000,
            "asset_id": "vod65737-000077M001",
            "title": "",
            "subtitle": "第77集 高空情人塔打工真不易，型男不計形象驚聲也尖叫！",
            "ep_number": 77,
            "rating": 1,
            "content_type": "show",
            "p_start": 1762327200000,
            "vod_channel_description": "型男們入住淡水五星級飯店，首次挑戰高空清潔，究竟發生了什麼事，讓二位大男人腎上腺素攀升？撒基努驚聲尖叫嚇到胡言亂語？而竇智孔竟也變成１２３木頭人，動也不動？舞陽和賈斯汀竟然越高打掃越認真？在高空中比賽，輸家得穿上飯店吉祥物人偶裝，沿路發傳單，博取顧客歡笑聲..."
          },
          {
            "content_id": "VOD00356560",
            "time_codes": [
              754000,
              1683000,
              2270000
            ],
            "timecode_duration": [],
            "length": 2818000,
            "asset_id": "vod65737-000078M001",
            "title": "",
            "subtitle": "第78集 型男鮮肉學習傳統臘肉、竹編技藝，挫折連連面臨退貨危機？！",
            "ep_number": 78,
            "rating": 1,
            "content_type": "show",
            "p_start": 1762330200000,
            "vod_channel_description": "李李仁、肯納帶著偶像團體「棒棒堂」成員威廉，從嘉義故宮南院出發，展開兩天一夜打工之旅。為了一嚐《亞洲第一》的湖南臘肉，型男三兄弟人生初體驗，磨刀霍霍分解溫體豬，過程中驚叫聲連連，三人究竟能否一嚐美味？！"
          },
          {
            "content_id": "VOD00356561",
            "time_codes": [
              745000,
              1766000,
              2269000
            ],
            "timecode_duration": [],
            "length": 2820000,
            "asset_id": "vod65737-000079M001",
            "title": "",
            "subtitle": "第79集 型男阿里山上拼命搞烏龍、抓紅蟳，過程苦不堪言!!",
            "ep_number": 79,
            "rating": 1,
            "content_type": "show",
            "p_start": 1762333200000,
            "vod_channel_description": "嘉義天赦庄型男三兄弟學習傳統竹籃編織技藝，但天分天注定，威廉做到汗流浹背，竟還被眾人笑稱是「什麼都不會的威廉」，究竟手藝有多糟？！此外，阿里山茶園打工換餐換宿不簡單，茶園老闆要求品茶考驗，肯納竟「搞烏龍」？！將滿口頂級高山烏龍噴滿地？！製茶過程超逼人，反覆動作無限輪迴…"
          },
          {
            "content_id": "VOD00356562",
            "time_codes": [
              739000,
              1692000,
              2311000
            ],
            "timecode_duration": [],
            "length": 2820000,
            "asset_id": "vod65737-000080M001",
            "title": "",
            "subtitle": "第80集 阿里山絕美風景多一處?!除雲海日出、隙頂觀霧，還有「型男茶農」美不勝收?!",
            "ep_number": 80,
            "rating": 1,
            "content_type": "show",
            "p_start": 1762336200000,
            "vod_channel_description": "型男三兄弟至阿里山茶園打工換餐換宿，李李仁、肯納成為製茶學徒，沒想到製茶竟要靠腰力？！肯納腰力驚人，李李仁直呼技不如人？！威廉阿里山秘境抓紅蟳，在地達人傳授密技，威廉天賦異稟，滿載而歸，一雪前恥，還自誇「找蟹達人」？！"
          },
          {
            "content_id": "VOD00364907",
            "time_codes": [
              603000,
              1586000,
              2316000
            ],
            "timecode_duration": [],
            "length": 2803000,
            "asset_id": "vod65737-000081M001",
            "title": "",
            "subtitle": "第81集 早起的鳥兒有茶採？！型男茶農轉型專業便當達人！立刻找到事業第二春？！",
            "ep_number": 81,
            "rating": 1,
            "content_type": "show",
            "p_start": 1762339200000,
            "vod_channel_description": "型男三兄弟起個大早在晨霧當中體驗採茶工人的一日行程？！三兄弟茶葉樹葉傻傻分不清楚！威廉妙語如珠，逗得茶行老闆跟老闆娘笑聲不斷，老闆娘滿意得不停要求威廉留下來賣茶，威廉會如他所願成為茶行小老闆嗎？！重現古早火車月台背著箱子叫賣便當的場景，兄弟三人搖身一變成為賣便當達人。"
          },
          {
            "content_id": "VOD00364908",
            "time_codes": [
              616000,
              1638000,
              2261000
            ],
            "timecode_duration": [],
            "length": 2820000,
            "asset_id": "vod65737-000082M001",
            "title": "",
            "subtitle": "第82集 嘉義美食三連發?! 奮起湖便當、南非手工窯烤麵包、沙鍋魚頭！兄弟三人口福淺！",
            "ep_number": 82,
            "rating": 1,
            "content_type": "show",
            "p_start": 1762342200000,
            "vod_channel_description": "兄弟三人背起箱子賣起便當有模有樣，偏偏遊客們愛看不愛買，肯納跟威廉辛苦叫賣比不上李李仁一個眼神！肯納跟威廉真的有辦法賣完便當吃便當嗎？！來自南非的新娘自願嫁到部落裡賣起麵包！原鄉的美味讓肯納開心不已！車可以不坐、床可以禮讓，但是！講到吃的兄弟三人打死不退。"
          },
          {
            "content_id": "VOD00364909",
            "time_codes": [
              985000,
              1698000,
              2304000
            ],
            "timecode_duration": [],
            "length": 2820000,
            "asset_id": "vod65737-000083M001",
            "title": "",
            "subtitle": "第83集 粄條製作流程超刺激，分秒必爭考驗團隊默契！",
            "ep_number": 83,
            "rating": 1,
            "content_type": "show",
            "p_start": 1762345200000,
            "vod_channel_description": "來到充滿客家風情的竹東小鎮，絕對不能錯過客家傳統粄條，看似簡單的粄條工廠，工作卻是如此的繁瑣、艱深，竟讓一向以手巧出名的竇智孔招架不住了！史上最帥外送雙人組合，能夠準確把每份粄條送達每間店家嗎？賈斯汀工作到一半突然哽咽了起來，究竟是發生什麼事情了？"
          },
          {
            "content_id": "VOD00364910",
            "time_codes": [
              834000,
              1374000,
              2018000
            ],
            "timecode_duration": [],
            "length": 2807000,
            "asset_id": "vod65737-000084M001",
            "title": "",
            "subtitle": "第84集 型男守護百年古道，徒手搬石揮汗鋪路Man度破表！",
            "ep_number": 84,
            "rating": 1,
            "content_type": "show",
            "p_start": 1762348200000,
            "vod_channel_description": "享受粄條大餐之後，四人來到羅屋書院與志工們集合會面，一同前往秘境－渡南古道，這趟並非打工，是不求回報的鋪路之行，大夥們捲起衣袖排成一列，搭成人力接龍運送一顆顆大石塊，一口氣需要數十顆大石，他們體力負荷得住嗎？四個大男孩在運送石頭過程中還能玩傳話遊戲，最終能一字不差傳送到對方耳中嗎？"
          },
          {
            "content_id": "VOD00364911",
            "time_codes": [
              790000,
              1740000,
              2291000
            ],
            "timecode_duration": [],
            "length": 2820000,
            "asset_id": "vod65737-000085M001",
            "title": "",
            "subtitle": "第85集 烤雞變火燒雞，窯爐瞬間大火舞陽、賈斯汀全嚇歪！",
            "ep_number": 85,
            "rating": 1,
            "content_type": "show",
            "p_start": 1762351200000,
            "vod_channel_description": "結束一連串的體力活，來到了甕窯雞打工換餐囉！但，想換烤雞可沒那麼容易，內外場可都要兼顧，餐廳內坐滿二三十桌的客人，竇智孔與蔣偉文能應付得來嗎？而兩位型男上菜將會造成多大轟動呢？兩位老外自願到廚房負責烤雞，但…怎麼瞬間起火啦！到底是烤雞還是燒廚房？真讓人捏把冷汗。"
          },
          {
            "content_id": "VOD00364912",
            "time_codes": [
              980000,
              1856000,
              2253000
            ],
            "timecode_duration": [],
            "length": 2782000,
            "asset_id": "vod65737-000086M001",
            "title": "",
            "subtitle": "第86集 師奶主廚蔣偉文上菜！黃金烏魚炒飯好到流淚！",
            "ep_number": 86,
            "rating": 1,
            "content_type": "show",
            "p_start": 1762354200000,
            "vod_channel_description": "烏魚創意料理大餐享用時間，烏魚子竟然可以這樣吃法？出乎意料的搭配讓老外也讚不絕口！蔣公廚房開張囉，炒飯秘訣大公開，一個動作馬上增添炒飯香氣！吃飽喝足後四位型男化身造船師，前往港口修船去！但，怎麼一上船四人就瞬間變身，包的密不透風只露出雙眼，是要工作還是要當海盜？"
          },
          {
            "content_id": "VOD00364913",
            "time_codes": [
              634000,
              1593000,
              2204000
            ],
            "timecode_duration": [],
            "length": 2797000,
            "asset_id": "vod65737-000087M001",
            "title": "",
            "subtitle": "第87集 南投埔里學工藝，手工造紙、傳統製香，工序超繁複，型男直呼罩不住?!",
            "ep_number": 87,
            "rating": 1,
            "content_type": "show",
            "p_start": 1762357200000,
            "vod_channel_description": "南投埔里有好水，是台灣手工紙的故鄉。以《飛龍在天》聲勢一飛衝天的戲劇一哥江宏恩，跟著李李仁、肯納一起前往埔里拜師學工藝，但傳統手工造紙不容易，竟然還被要求「吃紙」？！三人還直呼好吃？！究竟是什麼神奇的紙？！埔里好水出好香，型男遵循古法、首次挑戰手工製香。"
          },
          {
            "content_id": "VOD00364914",
            "time_codes": [
              695000,
              1697000,
              2309000
            ],
            "timecode_duration": [],
            "length": 2820000,
            "asset_id": "vod65737-000088M001",
            "title": "",
            "subtitle": "第88集 戲劇男神一哥，為求住宿溫飽，犧牲形象，連滾帶爬上演「龜兔賽跑」?!",
            "ep_number": 88,
            "rating": 1,
            "content_type": "show",
            "p_start": 1762360200000,
            "vod_channel_description": "型男三兄弟埔里打工製香，學習手工香粉蓋面，看師傅輪香動作好帥氣，但型男不得要領，做到好生氣？！但「型男打工團」真是超人氣，鄉親送來埔里特產「鹹油條」加油打氣，果真好神氣！！而南投必遊日月潭，為求住宿溫飽，戲劇一哥、偶像男神，不計形象、完全豁出去。"
          },
          {
            "content_id": "VOD00364915",
            "time_codes": [
              658000,
              1313000,
              1914000
            ],
            "timecode_duration": [],
            "length": 2789000,
            "asset_id": "vod65737-000089M001",
            "title": "",
            "subtitle": "第89集 江宏恩、肯納好大膽？！米其林三星大廚面前展廚藝，肯納竟緊張失誤手見血?!",
            "ep_number": 89,
            "rating": 1,
            "content_type": "show",
            "p_start": 1762363200000,
            "vod_channel_description": "第一屆「住誰家盃廚神大賽」在五星級飯店開戰囉～「八點檔男神」江宏恩、「天菜大廚」肯納為品嚐米其林三星料理，端出南投食材創意料理一決勝負，面對廚藝了得、來勢洶洶的江宏恩，肯納竟緊張失誤手見血？！最終，肯納能否保住「天菜大廚」封號？！"
          },
          {
            "content_id": "VOD00364916",
            "time_codes": [
              1160000,
              1851000,
              2462000
            ],
            "timecode_duration": [],
            "length": 2820000,
            "asset_id": "vod65737-000090M001",
            "title": "",
            "subtitle": "第90集 百年水里蛇窯打工換餐，扛土煉土超辛苦，八點檔男神江宏恩竟爆走?!",
            "ep_number": 90,
            "rating": 1,
            "content_type": "show",
            "p_start": 1762366200000,
            "vod_channel_description": "型男三兄弟來到水里百年蛇窯打工換餐，基礎扛土煉土超逼人，好好先生江宏恩竟爆走？！無敵三兄弟打工遇天敵？！陶藝教室帶領小朋友DIY製陶，竟然人氣不給力，小朋友接二連三嚎啕大哭，三兄弟能否順利完成工作？！"
          },
          {
            "content_id": "VOD00364917",
            "time_codes": [
              722000,
              1691000,
              2373000
            ],
            "timecode_duration": [],
            "length": 2820000,
            "asset_id": "vod65737-000091M001",
            "title": "",
            "subtitle": "第91集 型男三兄弟竟為一把手工吉他，不顧兄弟情拚輸贏?!!",
            "ep_number": 91,
            "rating": 1,
            "content_type": "show",
            "p_start": 1762369200000,
            "vod_channel_description": "南投集集手工吉他製程繁瑣，音色令人讚嘆，三兄弟認真打工想換吉他，但殊不知極品吉他只有一把，最終三人竟為手工吉他，不顧兄弟情拚輸贏？！究竟誰是贏家？！來到全台唯一英倫風格的手工酒場，型男們想品嚐一杯手工啤酒實在不容易，打工清理麥渣就耗盡體力！？"
          },
          {
            "content_id": "VOD00364918",
            "time_codes": [
              906000,
              1854000,
              2553000
            ],
            "timecode_duration": [],
            "length": 2820000,
            "asset_id": "vod65737-000092M001",
            "title": "",
            "subtitle": "第92集 音樂系王子蔡旻佑來了！炭窯工作超硬超累彷彿回做兵時代！",
            "ep_number": 92,
            "rating": 1,
            "content_type": "show",
            "p_start": 1762372200000,
            "vod_channel_description": "四位型男來到新竹寶山絕對不能空手而歸！但這次要找一個很特別的窯，窯裡頭暗藏了恐怖的工作？這工作竟讓四位型男累到不要不要的，龐大的體力活，他們真的負荷的住嗎？下一站關西鎮的古早味醬油，為了讓發酵黑豆更香更醇，蔡旻佑會使出什麼奇特的方法呢？"
          },
          {
            "content_id": "VOD00364919",
            "time_codes": [
              956000,
              1587000,
              2103000
            ],
            "timecode_duration": [],
            "length": 0,
            "asset_id": "vod65737-000093M001",
            "title": "",
            "subtitle": "第93集 美食九宮格連線大賽 蔡旻佑吃到肚皮都快撐破啦！",
            "ep_number": 93,
            "rating": 1,
            "content_type": "show",
            "p_start": 1762375200000,
            "vod_channel_description": "來到北埔老街怎能錯過道地小吃，透過美食九宮格連線大賽，哪組能在最短時完成任務呢？竇哥與賈斯汀這組合怎麼才開始就卡關了，究竟神秘的籠粄是什麼食物呢？他們能順利找到它嗎？食量超小的蔡旻佑面對接連而來的食物，真的能把每一道菜吃下肚嗎？搶先抵達的竇哥組怎麼臉色鐵青？到底是什麼狀況？"
          },
          {
            "content_id": "VOD00364920",
            "time_codes": [
              982000,
              2010000,
              2559000
            ],
            "timecode_duration": [],
            "length": 0,
            "asset_id": "vod65737-000094M001",
            "title": "",
            "subtitle": "第94集 人魚王子舞陽性感登場，令人臉紅心跳加速無法招架！",
            "ep_number": 94,
            "rating": 1,
            "content_type": "show",
            "p_start": 1762375500000,
            "vod_channel_description": "這次四位打工型男分成水火兩組，倆倆進行不同任務，廚藝零分的蔡旻佑竟然選擇了烤火雞組，初次進廚房的蔡旻佑會鬧出什麼笑話呢？烤火雞步驟也太繁複了吧！竟讓廚藝高超的竇哥竟然失手了！而另一組的水男孩又是什麼任務呢？竟讓體力超好的兩人累成一攤？"
          },
          {
            "content_id": "VOD00364921",
            "time_codes": [
              1014000,
              1673000,
              2341000
            ],
            "timecode_duration": [],
            "length": 0,
            "asset_id": "vod65737-000095M001",
            "title": "",
            "subtitle": "第95集 蔡旻佑經典神曲重現 全場轟動直呼耳朵懷孕啦~",
            "ep_number": 95,
            "rating": 1,
            "content_type": "show",
            "p_start": 1762375800000,
            "vod_channel_description": "家家戶戶必備小菜－豆腐乳，製程一點也不簡單，生產線上每個環節都不能有一點閃失，四位型男聚精會神一步步完成豆腐乳，在享受美味豆腐的同時蔡旻佑怎麼臉色大變？究竟是吃到什麼了？最後一站來到尖石鄉的飯店，為了今晚的大餐兩兩一組抓魚去，面對身手矯健的鱘龍魚，哪一組能最快抓到呢？"
          },
          {
            "content_id": "VOD00364922",
            "time_codes": [
              600000,
              1575000,
              2278000
            ],
            "timecode_duration": [],
            "length": 0,
            "asset_id": "vod65737-000096M001",
            "title": "",
            "subtitle": "第96集 彰化田中百年穀倉打工換車，出貨扛米得靠腰力，型男竟樂當苦力?!",
            "ep_number": 96,
            "rating": 1,
            "content_type": "show",
            "p_start": 1762376100000,
            "vod_channel_description": "李李仁、肯納帶著暖男是元介，從「台灣穀倉」彰化田中展開打工旅程。為了換取交通工具，任務是協助碾米廠出貨，三兄弟一早就得「靠腰力」，必須扛完上百包、上千公斤的白米？！但三人為了騎上拉風機車，直呼再苦也願意。彰化好吃驚，樹上竟會長葡萄？！超營養水果驚奇登場，風味獨特。"
          },
          {
            "content_id": "VOD00364923",
            "time_codes": [
              809000,
              1692000,
              2239000
            ],
            "timecode_duration": [],
            "length": 0,
            "asset_id": "vod65737-000097M001",
            "title": "",
            "subtitle": "第97集 彰化田尾賞花趣，三兄弟挑戰一日網美！？",
            "ep_number": 97,
            "rating": 1,
            "content_type": "show",
            "p_start": 1762376400000,
            "vod_channel_description": "型男三兄弟挑戰一日網美？！彰化田尾花園公路著名「台版波波草」拍照打卡，肯納「草上飛」姿勢超逼人，但誰的美照能贏得評審青睞？！贏家獎勵超療癒，夢幻落羽松、湖畔玻璃屋享用無敵美景下午茶，誰能獨得？！型男三兄弟打工換宿不簡單，景觀設計工作超繁重，要挖樹、扛樹、割草皮？！"
          },
          {
            "content_id": "VOD00364924",
            "time_codes": [
              880000,
              1485000,
              2248000
            ],
            "timecode_duration": [],
            "length": 0,
            "asset_id": "vod65737-000098M001",
            "title": "",
            "subtitle": "第98集 三兄弟爭搶豪華露營車，卻被桌球神童電到爆？！",
            "ep_number": 98,
            "rating": 1,
            "content_type": "show",
            "p_start": 1762376700000,
            "vod_channel_description": "李李仁、肯納、是元介型男三兄弟，打工換宿超幸運，借宿家中成員臥虎藏龍，竟有冠軍級披薩師傅？！三兄弟邊學邊做，手工現烤現吃拿波里披薩超美味，直呼猶如在天堂。花園公路最美夜景「電照菊燈海」，也讓三兄弟直呼美翻了！但現場僅有兩部豪華露營車，另一人得夜宿帳篷？！"
          },
          {
            "content_id": "VOD00364925",
            "time_codes": [
              774000,
              1524000,
              2041000
            ],
            "timecode_duration": [],
            "length": 2820000,
            "asset_id": "vod65737-000099M001",
            "title": "",
            "subtitle": "第99集 「第一屆迷你車大賽」開跑!!為爭奪美味湯包，誰是迷你賽車王？!北斗肉紙製作過程太艱辛，三兄弟竟烤出「火氣」來?!",
            "ep_number": 99,
            "rating": 1,
            "content_type": "show",
            "p_start": 1762377000000,
            "vod_channel_description": "彰化神人打造迷你手工車唯妙唯肖，型男三兄弟驚呼連連，為爭奪在地美味湯包，第一屆賽車大賽正式開跑，究竟誰是冠軍？型男三兄弟菊花田打工插菊，三人比速度、比技術，究竟誰能榮登「插菊達人」？！北斗百年肉紙老店，純手工成就獨特美味，但製作過程真逼人，烤肉紙溫度太高，竟逼出三兄弟火氣？！"
          },
          {
            "content_id": "VOD00364926",
            "time_codes": [
              1154000,
              1714000,
              2547000
            ],
            "timecode_duration": [],
            "length": 2808000,
            "asset_id": "vod65737-000100M001",
            "title": "",
            "subtitle": "第100集 型男冒雨採收香菜，是元介展現「撩妹」功力，菜田大姊樂不可支?!",
            "ep_number": 100,
            "rating": 1,
            "content_type": "show",
            "p_start": 1762380000000,
            "vod_channel_description": "三兄弟行經香菜田，採收香菜換午餐，沒想到竟突然下起大雨，是元介展現「撩妹」功力，幫菜田大姊遮風擋雨，還唱起「一支小雨傘」，逗得大姊們小鹿亂竄、樂不可支。純手工製作、紅遍台灣的蜜麻花，型男三兄弟挑戰在限時內作出最好看的蜜麻花，究竟誰能在最短時間內做出完美蜜麻花？"
          },
          {
            "content_id": "VOD00372477",
            "time_codes": [
              1058000,
              1495000,
              2190000
            ],
            "timecode_duration": [],
            "length": 2813000,
            "asset_id": "vod65737-000101M001",
            "title": "",
            "subtitle": "第101集 芋頭咬手攏免驚！大甲芋王誰與爭鋒！",
            "ep_number": 101,
            "rating": 1,
            "content_type": "show",
            "p_start": 1762383000000,
            "vod_channel_description": "來到台中大甲，當然不能錯過那全台聞名、口感綿密的大甲芋頭了！首站來到芋頭田的四人，可說是鬧了不少的笑話！第一次看到芋頭田的懷秋，竟然脫口問道「所以芋頭種在土裡嗎？」讓農場主人忍不住反問「難道種在樹上嗎？」呆萌的模樣讓大夥哭笑不得！"
          },
          {
            "content_id": "VOD00372478",
            "time_codes": [
              928000,
              1916000,
              2311000
            ],
            "timecode_duration": [],
            "length": 2805000,
            "asset_id": "vod65737-000102M001",
            "title": "",
            "subtitle": "第102集 黃牛公主迎接白馬王子入城堡，前進田裡雷殘又衝浪！",
            "ep_number": 102,
            "rating": 1,
            "content_type": "show",
            "p_start": 1762386000000,
            "vod_channel_description": "辛苦工作換到了一籃的芋頭，竟然是要送去製作神聖的國宴點心－芋頭酥，還遇到了傳說中的芋頭酥創始人「阿聰師」！四人當然把握好機會，跟著阿聰師學做這讓人吃了停不下口的芋頭酥啦！新鮮出爐的芋頭酥味道最濃郁可口，但究竟誰做的芋頭酥又最得阿聰師的歡心呢？"
          },
          {
            "content_id": "VOD00372479",
            "time_codes": [
              893000,
              1530000,
              2136000
            ],
            "timecode_duration": [],
            "length": 2813000,
            "asset_id": "vod65737-000103M001",
            "title": "",
            "subtitle": "第103集 花田裡充滿仙氣的花美男，賞心悅目讓人如癡如醉！",
            "ep_number": 103,
            "rating": 1,
            "content_type": "show",
            "p_start": 1762389000000,
            "vod_channel_description": "天剛亮，牛爸和牛妹就在城堡外等著四位白馬王子起身工作去！竇智孔和楊銘威萬萬也沒想到，黃牛的早餐竟然是燕麥粥！餵完牛家庭後，倆人還得爬樹摘神仙的水果－仙桃，而首次品嚐到仙桃的兩人，為其神秘又獨特的口感給震撼到了！"
          },
          {
            "content_id": "VOD00372480",
            "time_codes": [
              937000,
              1574000,
              2326000
            ],
            "timecode_duration": [],
            "length": 2805000,
            "asset_id": "vod65737-000104M001",
            "title": "",
            "subtitle": "第104集 帥氣飛行員翱翔天際！懷秋懼高大喊「太恐怖啦」！",
            "ep_number": 104,
            "rating": 1,
            "content_type": "show",
            "p_start": 1762392000000,
            "vod_channel_description": "在烏日的田野裡，隱藏著一間輕航機飛行訓練場，而這一次獨特的打工體驗讓四位大男孩既興奮又害怕，擁有懼高症的懷秋和楊銘威在大家的慫恿下，決定挑戰飛行體驗，殊不知陪同兩人飛行的教練是昔日的空軍，刺激性十足的軍演飛行讓兩人瞬間臉色蒼白，究竟兩人是否挺得住呢？！"
          },
          {
            "content_id": "VOD00372481",
            "time_codes": [
              914000,
              1689000,
              2213000
            ],
            "timecode_duration": [],
            "length": 2818000,
            "asset_id": "vod65737-000105M001",
            "title": "",
            "subtitle": "第105集 爆破氣球壓壓驚！春節台中賞燈趣！",
            "ep_number": 105,
            "rating": 1,
            "content_type": "show",
            "p_start": 1762395000000,
            "vod_channel_description": "氣球象徵著童年和節慶的快樂回憶，但又有誰知道，原來印刷氣球圖案，其實得先充氣再擠壓印刷上去的！面對隨時可能壓破氣球的四人，可說是一直處於擔驚受怕的高壓狀態在工作，沒想到工作結束後，四人還得在短時間內學會折造型氣球並表演給參觀的學生看，究竟他們是否能順利完成表演呢？"
          },
          {
            "content_id": "VOD00372482",
            "time_codes": [
              659000,
              1626000,
              2315000
            ],
            "timecode_duration": [],
            "length": 2782000,
            "asset_id": "vod65737-000106M001",
            "title": "",
            "subtitle": "第106集 台南人氣美食引發三兄弟激戰?!趙駿亞竟慘遭李李仁、肯納半途丟包?!",
            "ep_number": 106,
            "rating": 1,
            "content_type": "show",
            "p_start": 1762398000000,
            "vod_channel_description": "李李仁、肯納、趙駿亞組成「型男打工團」前進台南，感受府城的古都魅力！！但天下沒有白吃的早餐，為了爭奪「免打工吃美食」的超級福利，三兄弟在「奇美博物館」展開一番激戰，挑戰誰是「台南知識王」。趙駿亞竟慘遭李李仁、肯納半途丟包？！"
          },
          {
            "content_id": "VOD00372483",
            "time_codes": [
              690000,
              1287000,
              2247000
            ],
            "timecode_duration": [],
            "length": 2792000,
            "asset_id": "vod65737-000107M001",
            "title": "",
            "subtitle": "第107集 「型男打工團」挑戰府城百年工藝，三位學徒大嘆不容易!!",
            "ep_number": 107,
            "rating": 1,
            "content_type": "show",
            "p_start": 1762401000000,
            "vod_channel_description": "李李仁、肯納、趙駿亞組成「型男打工團」挑戰府城百年工藝，紙紮人物栩栩如生、巧奪天工令人超驚艷，三兄弟學徒初體驗，過程竟然一直鬼打牆，冷汗直流皮皮挫？！！另一工藝手工塌塌米，難度更逼人，三人學習縫製、刀切技術超驚險，一不小心就見血。究竟三人學徒命運會如何？能否順利打工換餐？"
          },
          {
            "content_id": "VOD00372484",
            "time_codes": [
              583000,
              1558000,
              2323000
            ],
            "timecode_duration": [],
            "length": 2820000,
            "asset_id": "vod65737-000108M001",
            "title": "",
            "subtitle": "第108集 文青小旅行!!型男漫步神農街、最夯旅店打工趣",
            "ep_number": 108,
            "rating": 1,
            "content_type": "show",
            "p_start": 1762404000000,
            "vod_channel_description": "李李仁、肯納、趙駿亞組成「型男打工團」，來到台南文青聖地—神農街，品味百年歷史建築，挑戰神農闖關任務，三兄弟街上火拼超爆笑，究竟誰能獲得晚餐福利？！台南最夯旅店打工趣，三型男被要求化身旅店小管家，兵分三路帶旅客「夜遊台南」，進行實戰人氣評比。"
          },
          {
            "content_id": "VOD00372485",
            "time_codes": [
              618000,
              1474000,
              2181000
            ],
            "timecode_duration": [],
            "length": 2820000,
            "asset_id": "vod65737-000109M001",
            "title": "",
            "subtitle": "第109集 獨家限定版行程!!明星擔任小管家，帶路「夜遊台南」! 過程驚嚇不斷，竟逼哭李李仁?!",
            "ep_number": 109,
            "rating": 1,
            "content_type": "show",
            "p_start": 1762407000000,
            "vod_channel_description": "李李仁、肯納、趙駿亞組成「型男打工團」夜宿台南，為了入住台南最夯文青旅店，三兄弟化身旅店小管家，三人各自帶領遊客「夜遊台南」邊吃邊玩，但過程究竟發生何事？！竟逼哭李李仁？！為了拚得台南限定美食，製作單位設計「旅店藏寶大作戰」，三兄弟互不相讓、展開廝殺，究竟誰是最大贏家？"
          },
          {
            "content_id": "VOD00372486",
            "time_codes": [
              823000,
              1792000,
              2397000
            ],
            "timecode_duration": [],
            "length": 2818000,
            "asset_id": "vod65737-000110M001",
            "title": "",
            "subtitle": "第110集 台南七股巧遇「神秘客」，型男直呼太幸運!!「黑面琵鷺」驚喜現身，潟湖欣賞黑琵英姿!!",
            "ep_number": 110,
            "rating": 1,
            "content_type": "show",
            "p_start": 1762410000000,
            "vod_channel_description": "李李仁、肯納、趙駿亞組成「型男打工團」，台南之旅來到七股，三兄弟來到全台最大文蛤養殖地打工，不只摸蛤仔，竟摸到有手臂這麼長的「巨型活蝦」？！老闆豪氣加菜，滿桌鮮美海鮮，讓三人讚不絕口！還有滿滿膠原蛋白的獨家秘製點心，竟讓李李仁吃到停不下來？！究竟有多美味？！台南旅途處處有驚喜。"
          }
        ],
        "total_length": 252561000,
        "focus_index": 34,
        "next_index": 35,
        "time": 1074636,
        "focus_program": {
          "content_id": "VOD00337709",
          "time_codes": [
            805000,
            1589000,
            2256000
          ],
          "timecode_duration": [],
          "length": 2800000,
          "asset_id": "vod65737-000049M001",
          "title": "",
          "subtitle": "第49集 型男打工挖蛤擎蚵初體驗，誰能嚐到現烤鮮蚵的美味?",
          "ep_number": 49,
          "rating": 1,
          "content_type": "show",
          "p_start": 1762243200000,
          "vod_channel_description": "挖蛤各憑本事，一望無際的沙洲誰是火眼金睛？誰又會是挖蛤高手？典型沿海漁村王功外海布滿蚵田，大多是屬平掛方式養殖，了解蚵的生長習性後，工作分配，三位又將賦予那些重責大任？誰將最快完成手上工作？誰又能品嚐到辛苦後的肥美烤鮮蚵？"
        }
      },
      "station_categories": [
        {
          "Name": "綜藝",
          "EngName": "Entertainment",
          "MenuOrder": 8
        }
      ]
    },
    "introduction": null,
    "recommends": null,
    "ua": "Mozilla/5.0 (Windows NT 10.0; Win64; x64) AppleWebKit/537.36 (KHTML, like Gecko) Chrome/91.0.4472.124 Safari/537.36"
  },
  "__N_SSP": true
}