{
  "pageProps": {
    "contentId": "ofiii102",
    "channel": {
      "title": "白髮",
      "no": 102,
      "charge_mode": "F",
      "content_id": "ofiii102",
      "content_type": "vod-channel",
      "epg_categories": [
        4
      ],
      "genres": [
        {
          "id": "",
          "name": "VOD_CHANNEL",
          "logo": ""
        }
      ],
      "liad_id": "VODCHNEWOFIWEB",
      "package_info_id": "VOD_CHANNEL_DELUX",
      "picture": "pics/vod_channel/logo_3881_ofiii102_tv_20250924.png",
      "provider": [
        {
          "id": "",
          "name": "世詮多媒體",
          "logo": ""
        }
      ],
      "quality": "HD",
      "station_id": "station6815",
      "trial": "",
      "selectable": 1,
      "tr_logo": "pics/vod_channel/tr_logo_1758696705.png",
      "tl_logo": "",
      "br_logo": "",
      "bl_logo": "",
      "menu_type": 1,
      "vod_channel_schedule": {
        "channel_id": 102,
        "cdn_code": "ofiii102",
        "start_time": 1762162280000,
        "programs": [
          {
            "content_id": "VOD00371674",
            "time_codes": [
              823000,
              1407000,
              2209000
            ],
            "timecode_duration": [],
            "length": 2752000,
            "asset_id": "vod79475-000001M001",
            "title": "",
            "subtitle": "第1集",
            "ep_number": 1,
            "rating": 1,
            "content_type": "drama",
            "p_start": 1759013400000,
            "vod_channel_description": "西啟長公主容樂在失憶後，奉命和親北臨，卻遭王子無憂拒婚。她化名漫夭暗中尋找治世奇書，並與不知其真實身份的無憂漸生情愫。然而，容樂卻被迫嫁給大將軍傅籌，並意外揭露傅籌與無憂的兄弟關係，以及自己秦家遺孤「秦漫」的身世。面對身世與情感的重重糾葛，這段錯綜複雜的關係又將如何發展..."
          },
          {
            "content_id": "VOD00371675",
            "time_codes": [
              675000,
              1363000,
              2097000
            ],
            "timecode_duration": [],
            "length": 2716000,
            "asset_id": "vod79475-000002M001",
            "title": "",
            "subtitle": "第2集",
            "ep_number": 2,
            "rating": 1,
            "content_type": "drama",
            "p_start": 1759016400000,
            "vod_channel_description": "西啟長公主容樂在失憶後，奉命和親北臨，卻遭王子無憂拒婚。她化名漫夭暗中尋找治世奇書，並與不知其真實身份的無憂漸生情愫。然而，容樂卻被迫嫁給大將軍傅籌，並意外揭露傅籌與無憂的兄弟關係，以及自己秦家遺孤「秦漫」的身世。面對身世與情感的重重糾葛，這段錯綜複雜的關係又將如何發展..."
          },
          {
            "content_id": "VOD00371676",
            "time_codes": [
              687000,
              1463000,
              2104000
            ],
            "timecode_duration": [],
            "length": 2728000,
            "asset_id": "vod79475-000003M001",
            "title": "",
            "subtitle": "第3集",
            "ep_number": 3,
            "rating": 1,
            "content_type": "drama",
            "p_start": 1759019400000,
            "vod_channel_description": "西啟長公主容樂在失憶後，奉命和親北臨，卻遭王子無憂拒婚。她化名漫夭暗中尋找治世奇書，並與不知其真實身份的無憂漸生情愫。然而，容樂卻被迫嫁給大將軍傅籌，並意外揭露傅籌與無憂的兄弟關係，以及自己秦家遺孤「秦漫」的身世。面對身世與情感的重重糾葛，這段錯綜複雜的關係又將如何發展..."
          },
          {
            "content_id": "VOD00371677",
            "time_codes": [
              729000,
              1462000,
              2199000
            ],
            "timecode_duration": [],
            "length": 2733000,
            "asset_id": "vod79475-000004M001",
            "title": "",
            "subtitle": "第4集",
            "ep_number": 4,
            "rating": 1,
            "content_type": "drama",
            "p_start": 1759022400000,
            "vod_channel_description": "西啟長公主容樂在失憶後，奉命和親北臨，卻遭王子無憂拒婚。她化名漫夭暗中尋找治世奇書，並與不知其真實身份的無憂漸生情愫。然而，容樂卻被迫嫁給大將軍傅籌，並意外揭露傅籌與無憂的兄弟關係，以及自己秦家遺孤「秦漫」的身世。面對身世與情感的重重糾葛，這段錯綜複雜的關係又將如何發展..."
          },
          {
            "content_id": "VOD00371678",
            "time_codes": [
              683000,
              1491000,
              2103000
            ],
            "timecode_duration": [],
            "length": 2722000,
            "asset_id": "vod79475-000005M001",
            "title": "",
            "subtitle": "第5集",
            "ep_number": 5,
            "rating": 1,
            "content_type": "drama",
            "p_start": 1759025400000,
            "vod_channel_description": "西啟長公主容樂在失憶後，奉命和親北臨，卻遭王子無憂拒婚。她化名漫夭暗中尋找治世奇書，並與不知其真實身份的無憂漸生情愫。然而，容樂卻被迫嫁給大將軍傅籌，並意外揭露傅籌與無憂的兄弟關係，以及自己秦家遺孤「秦漫」的身世。面對身世與情感的重重糾葛，這段錯綜複雜的關係又將如何發展..."
          },
          {
            "content_id": "VOD00371679",
            "time_codes": [
              710000,
              1489000,
              2233000
            ],
            "timecode_duration": [],
            "length": 2713000,
            "asset_id": "vod79475-000006M001",
            "title": "",
            "subtitle": "第6集",
            "ep_number": 6,
            "rating": 1,
            "content_type": "drama",
            "p_start": 1759028400000,
            "vod_channel_description": "西啟長公主容樂在失憶後，奉命和親北臨，卻遭王子無憂拒婚。她化名漫夭暗中尋找治世奇書，並與不知其真實身份的無憂漸生情愫。然而，容樂卻被迫嫁給大將軍傅籌，並意外揭露傅籌與無憂的兄弟關係，以及自己秦家遺孤「秦漫」的身世。面對身世與情感的重重糾葛，這段錯綜複雜的關係又將如何發展..."
          },
          {
            "content_id": "VOD00371680",
            "time_codes": [
              714000,
              1436000,
              2117000
            ],
            "timecode_duration": [],
            "length": 2703000,
            "asset_id": "vod79475-000007M001",
            "title": "",
            "subtitle": "第7集",
            "ep_number": 7,
            "rating": 1,
            "content_type": "drama",
            "p_start": 1759031400000,
            "vod_channel_description": "西啟長公主容樂在失憶後，奉命和親北臨，卻遭王子無憂拒婚。她化名漫夭暗中尋找治世奇書，並與不知其真實身份的無憂漸生情愫。然而，容樂卻被迫嫁給大將軍傅籌，並意外揭露傅籌與無憂的兄弟關係，以及自己秦家遺孤「秦漫」的身世。面對身世與情感的重重糾葛，這段錯綜複雜的關係又將如何發展..."
          },
          {
            "content_id": "VOD00371681",
            "time_codes": [
              732000,
              1494000,
              2148000
            ],
            "timecode_duration": [],
            "length": 2756000,
            "asset_id": "vod79475-000008M001",
            "title": "",
            "subtitle": "第8集",
            "ep_number": 8,
            "rating": 1,
            "content_type": "drama",
            "p_start": 1759034400000,
            "vod_channel_description": "西啟長公主容樂在失憶後，奉命和親北臨，卻遭王子無憂拒婚。她化名漫夭暗中尋找治世奇書，並與不知其真實身份的無憂漸生情愫。然而，容樂卻被迫嫁給大將軍傅籌，並意外揭露傅籌與無憂的兄弟關係，以及自己秦家遺孤「秦漫」的身世。面對身世與情感的重重糾葛，這段錯綜複雜的關係又將如何發展..."
          },
          {
            "content_id": "VOD00371682",
            "time_codes": [
              749000,
              1477000,
              2138000
            ],
            "timecode_duration": [],
            "length": 2724000,
            "asset_id": "vod79475-000009M001",
            "title": "",
            "subtitle": "第9集",
            "ep_number": 9,
            "rating": 1,
            "content_type": "drama",
            "p_start": 1759037400000,
            "vod_channel_description": "西啟長公主容樂在失憶後，奉命和親北臨，卻遭王子無憂拒婚。她化名漫夭暗中尋找治世奇書，並與不知其真實身份的無憂漸生情愫。然而，容樂卻被迫嫁給大將軍傅籌，並意外揭露傅籌與無憂的兄弟關係，以及自己秦家遺孤「秦漫」的身世。面對身世與情感的重重糾葛，這段錯綜複雜的關係又將如何發展..."
          },
          {
            "content_id": "VOD00371683",
            "time_codes": [
              670000,
              1610000,
              2294000
            ],
            "timecode_duration": [],
            "length": 2698000,
            "asset_id": "vod79475-000010M001",
            "title": "",
            "subtitle": "第10集",
            "ep_number": 10,
            "rating": 1,
            "content_type": "drama",
            "p_start": 1759040400000,
            "vod_channel_description": "西啟長公主容樂在失憶後，奉命和親北臨，卻遭王子無憂拒婚。她化名漫夭暗中尋找治世奇書，並與不知其真實身份的無憂漸生情愫。然而，容樂卻被迫嫁給大將軍傅籌，並意外揭露傅籌與無憂的兄弟關係，以及自己秦家遺孤「秦漫」的身世。面對身世與情感的重重糾葛，這段錯綜複雜的關係又將如何發展..."
          },
          {
            "content_id": "VOD00371684",
            "time_codes": [
              666000,
              1392000,
              2133000
            ],
            "timecode_duration": [],
            "length": 2737000,
            "asset_id": "vod79475-000011M001",
            "title": "",
            "subtitle": "第11集",
            "ep_number": 11,
            "rating": 1,
            "content_type": "drama",
            "p_start": 1759043400000,
            "vod_channel_description": "西啟長公主容樂在失憶後，奉命和親北臨，卻遭王子無憂拒婚。她化名漫夭暗中尋找治世奇書，並與不知其真實身份的無憂漸生情愫。然而，容樂卻被迫嫁給大將軍傅籌，並意外揭露傅籌與無憂的兄弟關係，以及自己秦家遺孤「秦漫」的身世。面對身世與情感的重重糾葛，這段錯綜複雜的關係又將如何發展..."
          },
          {
            "content_id": "VOD00371685",
            "time_codes": [
              813000,
              1463000,
              2166000
            ],
            "timecode_duration": [],
            "length": 2573000,
            "asset_id": "vod79475-000012M001",
            "title": "",
            "subtitle": "第12集",
            "ep_number": 12,
            "rating": 1,
            "content_type": "drama",
            "p_start": 1759046400000,
            "vod_channel_description": "西啟長公主容樂在失憶後，奉命和親北臨，卻遭王子無憂拒婚。她化名漫夭暗中尋找治世奇書，並與不知其真實身份的無憂漸生情愫。然而，容樂卻被迫嫁給大將軍傅籌，並意外揭露傅籌與無憂的兄弟關係，以及自己秦家遺孤「秦漫」的身世。面對身世與情感的重重糾葛，這段錯綜複雜的關係又將如何發展..."
          },
          {
            "content_id": "VOD00371686",
            "time_codes": [
              662000,
              1436000,
              2170000
            ],
            "timecode_duration": [],
            "length": 2740000,
            "asset_id": "vod79475-000013M001",
            "title": "",
            "subtitle": "第13集",
            "ep_number": 13,
            "rating": 1,
            "content_type": "drama",
            "p_start": 1759049100000,
            "vod_channel_description": "西啟長公主容樂在失憶後，奉命和親北臨，卻遭王子無憂拒婚。她化名漫夭暗中尋找治世奇書，並與不知其真實身份的無憂漸生情愫。然而，容樂卻被迫嫁給大將軍傅籌，並意外揭露傅籌與無憂的兄弟關係，以及自己秦家遺孤「秦漫」的身世。面對身世與情感的重重糾葛，這段錯綜複雜的關係又將如何發展..."
          },
          {
            "content_id": "VOD00371687",
            "time_codes": [
              680000,
              1476000,
              2122000
            ],
            "timecode_duration": [],
            "length": 2714000,
            "asset_id": "vod79475-000014M001",
            "title": "",
            "subtitle": "第14集",
            "ep_number": 14,
            "rating": 1,
            "content_type": "drama",
            "p_start": 1759052100000,
            "vod_channel_description": "西啟長公主容樂在失憶後，奉命和親北臨，卻遭王子無憂拒婚。她化名漫夭暗中尋找治世奇書，並與不知其真實身份的無憂漸生情愫。然而，容樂卻被迫嫁給大將軍傅籌，並意外揭露傅籌與無憂的兄弟關係，以及自己秦家遺孤「秦漫」的身世。面對身世與情感的重重糾葛，這段錯綜複雜的關係又將如何發展..."
          },
          {
            "content_id": "VOD00371688",
            "time_codes": [
              707000,
              1447000,
              2159000
            ],
            "timecode_duration": [],
            "length": 2740000,
            "asset_id": "vod79475-000015M001",
            "title": "",
            "subtitle": "第15集",
            "ep_number": 15,
            "rating": 1,
            "content_type": "drama",
            "p_start": 1759055100000,
            "vod_channel_description": "西啟長公主容樂在失憶後，奉命和親北臨，卻遭王子無憂拒婚。她化名漫夭暗中尋找治世奇書，並與不知其真實身份的無憂漸生情愫。然而，容樂卻被迫嫁給大將軍傅籌，並意外揭露傅籌與無憂的兄弟關係，以及自己秦家遺孤「秦漫」的身世。面對身世與情感的重重糾葛，這段錯綜複雜的關係又將如何發展..."
          },
          {
            "content_id": "VOD00371689",
            "time_codes": [
              769000,
              1436000,
              2131000
            ],
            "timecode_duration": [],
            "length": 2719000,
            "asset_id": "vod79475-000016M001",
            "title": "",
            "subtitle": "第16集",
            "ep_number": 16,
            "rating": 1,
            "content_type": "drama",
            "p_start": 1759058100000,
            "vod_channel_description": "西啟長公主容樂在失憶後，奉命和親北臨，卻遭王子無憂拒婚。她化名漫夭暗中尋找治世奇書，並與不知其真實身份的無憂漸生情愫。然而，容樂卻被迫嫁給大將軍傅籌，並意外揭露傅籌與無憂的兄弟關係，以及自己秦家遺孤「秦漫」的身世。面對身世與情感的重重糾葛，這段錯綜複雜的關係又將如何發展..."
          },
          {
            "content_id": "VOD00371690",
            "time_codes": [
              711000,
              1391000,
              2170000
            ],
            "timecode_duration": [],
            "length": 2713000,
            "asset_id": "vod79475-000017M001",
            "title": "",
            "subtitle": "第17集",
            "ep_number": 17,
            "rating": 1,
            "content_type": "drama",
            "p_start": 1759061100000,
            "vod_channel_description": "西啟長公主容樂在失憶後，奉命和親北臨，卻遭王子無憂拒婚。她化名漫夭暗中尋找治世奇書，並與不知其真實身份的無憂漸生情愫。然而，容樂卻被迫嫁給大將軍傅籌，並意外揭露傅籌與無憂的兄弟關係，以及自己秦家遺孤「秦漫」的身世。面對身世與情感的重重糾葛，這段錯綜複雜的關係又將如何發展..."
          },
          {
            "content_id": "VOD00371691",
            "time_codes": [
              701000,
              1472000,
              2149000
            ],
            "timecode_duration": [],
            "length": 2770000,
            "asset_id": "vod79475-000018M001",
            "title": "",
            "subtitle": "第18集",
            "ep_number": 18,
            "rating": 1,
            "content_type": "drama",
            "p_start": 1759064100000,
            "vod_channel_description": "西啟長公主容樂在失憶後，奉命和親北臨，卻遭王子無憂拒婚。她化名漫夭暗中尋找治世奇書，並與不知其真實身份的無憂漸生情愫。然而，容樂卻被迫嫁給大將軍傅籌，並意外揭露傅籌與無憂的兄弟關係，以及自己秦家遺孤「秦漫」的身世。面對身世與情感的重重糾葛，這段錯綜複雜的關係又將如何發展..."
          },
          {
            "content_id": "VOD00371692",
            "time_codes": [
              665000,
              1350000,
              2158000
            ],
            "timecode_duration": [],
            "length": 2711000,
            "asset_id": "vod79475-000019M001",
            "title": "",
            "subtitle": "第19集",
            "ep_number": 19,
            "rating": 1,
            "content_type": "drama",
            "p_start": 1759067100000,
            "vod_channel_description": "西啟長公主容樂在失憶後，奉命和親北臨，卻遭王子無憂拒婚。她化名漫夭暗中尋找治世奇書，並與不知其真實身份的無憂漸生情愫。然而，容樂卻被迫嫁給大將軍傅籌，並意外揭露傅籌與無憂的兄弟關係，以及自己秦家遺孤「秦漫」的身世。面對身世與情感的重重糾葛，這段錯綜複雜的關係又將如何發展..."
          },
          {
            "content_id": "VOD00371693",
            "time_codes": [
              663000,
              1490000,
              2186000
            ],
            "timecode_duration": [],
            "length": 2712000,
            "asset_id": "vod79475-000020M001",
            "title": "",
            "subtitle": "第20集",
            "ep_number": 20,
            "rating": 1,
            "content_type": "drama",
            "p_start": 1759070100000,
            "vod_channel_description": "西啟長公主容樂在失憶後，奉命和親北臨，卻遭王子無憂拒婚。她化名漫夭暗中尋找治世奇書，並與不知其真實身份的無憂漸生情愫。然而，容樂卻被迫嫁給大將軍傅籌，並意外揭露傅籌與無憂的兄弟關係，以及自己秦家遺孤「秦漫」的身世。面對身世與情感的重重糾葛，這段錯綜複雜的關係又將如何發展..."
          },
          {
            "content_id": "VOD00371694",
            "time_codes": [
              700000,
              1441000,
              2176000
            ],
            "timecode_duration": [],
            "length": 2729000,
            "asset_id": "vod79475-000021M001",
            "title": "",
            "subtitle": "第21集",
            "ep_number": 21,
            "rating": 1,
            "content_type": "drama",
            "p_start": 1759073100000,
            "vod_channel_description": "西啟長公主容樂在失憶後，奉命和親北臨，卻遭王子無憂拒婚。她化名漫夭暗中尋找治世奇書，並與不知其真實身份的無憂漸生情愫。然而，容樂卻被迫嫁給大將軍傅籌，並意外揭露傅籌與無憂的兄弟關係，以及自己秦家遺孤「秦漫」的身世。面對身世與情感的重重糾葛，這段錯綜複雜的關係又將如何發展..."
          },
          {
            "content_id": "VOD00371695",
            "time_codes": [
              645000,
              1420000,
              2131000
            ],
            "timecode_duration": [],
            "length": 2733000,
            "asset_id": "vod79475-000022M001",
            "title": "",
            "subtitle": "第22集",
            "ep_number": 22,
            "rating": 1,
            "content_type": "drama",
            "p_start": 1759076100000,
            "vod_channel_description": "西啟長公主容樂在失憶後，奉命和親北臨，卻遭王子無憂拒婚。她化名漫夭暗中尋找治世奇書，並與不知其真實身份的無憂漸生情愫。然而，容樂卻被迫嫁給大將軍傅籌，並意外揭露傅籌與無憂的兄弟關係，以及自己秦家遺孤「秦漫」的身世。面對身世與情感的重重糾葛，這段錯綜複雜的關係又將如何發展..."
          },
          {
            "content_id": "VOD00371696",
            "time_codes": [
              765000,
              1481000,
              2211000
            ],
            "timecode_duration": [],
            "length": 2729000,
            "asset_id": "vod79475-000023M001",
            "title": "",
            "subtitle": "第23集",
            "ep_number": 23,
            "rating": 1,
            "content_type": "drama",
            "p_start": 1759079100000,
            "vod_channel_description": "西啟長公主容樂在失憶後，奉命和親北臨，卻遭王子無憂拒婚。她化名漫夭暗中尋找治世奇書，並與不知其真實身份的無憂漸生情愫。然而，容樂卻被迫嫁給大將軍傅籌，並意外揭露傅籌與無憂的兄弟關係，以及自己秦家遺孤「秦漫」的身世。面對身世與情感的重重糾葛，這段錯綜複雜的關係又將如何發展..."
          },
          {
            "content_id": "VOD00371697",
            "time_codes": [
              701000,
              1532000,
              2222000
            ],
            "timecode_duration": [],
            "length": 2720000,
            "asset_id": "vod79475-000024M001",
            "title": "",
            "subtitle": "第24集",
            "ep_number": 24,
            "rating": 1,
            "content_type": "drama",
            "p_start": 1759082100000,
            "vod_channel_description": "西啟長公主容樂在失憶後，奉命和親北臨，卻遭王子無憂拒婚。她化名漫夭暗中尋找治世奇書，並與不知其真實身份的無憂漸生情愫。然而，容樂卻被迫嫁給大將軍傅籌，並意外揭露傅籌與無憂的兄弟關係，以及自己秦家遺孤「秦漫」的身世。面對身世與情感的重重糾葛，這段錯綜複雜的關係又將如何發展..."
          },
          {
            "content_id": "VOD00371698",
            "time_codes": [
              673000,
              1499000,
              2136000
            ],
            "timecode_duration": [],
            "length": 2725000,
            "asset_id": "vod79475-000025M001",
            "title": "",
            "subtitle": "第25集",
            "ep_number": 25,
            "rating": 1,
            "content_type": "drama",
            "p_start": 1759085100000,
            "vod_channel_description": "西啟長公主容樂在失憶後，奉命和親北臨，卻遭王子無憂拒婚。她化名漫夭暗中尋找治世奇書，並與不知其真實身份的無憂漸生情愫。然而，容樂卻被迫嫁給大將軍傅籌，並意外揭露傅籌與無憂的兄弟關係，以及自己秦家遺孤「秦漫」的身世。面對身世與情感的重重糾葛，這段錯綜複雜的關係又將如何發展..."
          },
          {
            "content_id": "VOD00371699",
            "time_codes": [
              677000,
              1381000,
              2125000
            ],
            "timecode_duration": [],
            "length": 2734000,
            "asset_id": "vod79475-000026M001",
            "title": "",
            "subtitle": "第26集",
            "ep_number": 26,
            "rating": 1,
            "content_type": "drama",
            "p_start": 1759088100000,
            "vod_channel_description": "西啟長公主容樂在失憶後，奉命和親北臨，卻遭王子無憂拒婚。她化名漫夭暗中尋找治世奇書，並與不知其真實身份的無憂漸生情愫。然而，容樂卻被迫嫁給大將軍傅籌，並意外揭露傅籌與無憂的兄弟關係，以及自己秦家遺孤「秦漫」的身世。面對身世與情感的重重糾葛，這段錯綜複雜的關係又將如何發展..."
          },
          {
            "content_id": "VOD00371700",
            "time_codes": [
              738000,
              1531000,
              2167000
            ],
            "timecode_duration": [],
            "length": 2734000,
            "asset_id": "vod79475-000027M001",
            "title": "",
            "subtitle": "第27集",
            "ep_number": 27,
            "rating": 1,
            "content_type": "drama",
            "p_start": 1759091100000,
            "vod_channel_description": "西啟長公主容樂在失憶後，奉命和親北臨，卻遭王子無憂拒婚。她化名漫夭暗中尋找治世奇書，並與不知其真實身份的無憂漸生情愫。然而，容樂卻被迫嫁給大將軍傅籌，並意外揭露傅籌與無憂的兄弟關係，以及自己秦家遺孤「秦漫」的身世。面對身世與情感的重重糾葛，這段錯綜複雜的關係又將如何發展..."
          },
          {
            "content_id": "VOD00371701",
            "time_codes": [
              753000,
              1386000,
              2113000
            ],
            "timecode_duration": [],
            "length": 2714000,
            "asset_id": "vod79475-000028M001",
            "title": "",
            "subtitle": "第28集",
            "ep_number": 28,
            "rating": 1,
            "content_type": "drama",
            "p_start": 1759094100000,
            "vod_channel_description": "西啟長公主容樂在失憶後，奉命和親北臨，卻遭王子無憂拒婚。她化名漫夭暗中尋找治世奇書，並與不知其真實身份的無憂漸生情愫。然而，容樂卻被迫嫁給大將軍傅籌，並意外揭露傅籌與無憂的兄弟關係，以及自己秦家遺孤「秦漫」的身世。面對身世與情感的重重糾葛，這段錯綜複雜的關係又將如何發展..."
          },
          {
            "content_id": "VOD00371702",
            "time_codes": [
              660000,
              1487000,
              2167000
            ],
            "timecode_duration": [],
            "length": 2723000,
            "asset_id": "vod79475-000029M001",
            "title": "",
            "subtitle": "第29集",
            "ep_number": 29,
            "rating": 1,
            "content_type": "drama",
            "p_start": 1759097100000,
            "vod_channel_description": "西啟長公主容樂在失憶後，奉命和親北臨，卻遭王子無憂拒婚。她化名漫夭暗中尋找治世奇書，並與不知其真實身份的無憂漸生情愫。然而，容樂卻被迫嫁給大將軍傅籌，並意外揭露傅籌與無憂的兄弟關係，以及自己秦家遺孤「秦漫」的身世。面對身世與情感的重重糾葛，這段錯綜複雜的關係又將如何發展..."
          },
          {
            "content_id": "VOD00371703",
            "time_codes": [
              692000,
              1465000,
              2099000
            ],
            "timecode_duration": [],
            "length": 2717000,
            "asset_id": "vod79475-000030M001",
            "title": "",
            "subtitle": "第30集",
            "ep_number": 30,
            "rating": 1,
            "content_type": "drama",
            "p_start": 1759100100000,
            "vod_channel_description": "西啟長公主容樂在失憶後，奉命和親北臨，卻遭王子無憂拒婚。她化名漫夭暗中尋找治世奇書，並與不知其真實身份的無憂漸生情愫。然而，容樂卻被迫嫁給大將軍傅籌，並意外揭露傅籌與無憂的兄弟關係，以及自己秦家遺孤「秦漫」的身世。面對身世與情感的重重糾葛，這段錯綜複雜的關係又將如何發展..."
          },
          {
            "content_id": "VOD00371704",
            "time_codes": [
              691000,
              1388000,
              2097000
            ],
            "timecode_duration": [],
            "length": 2701000,
            "asset_id": "vod79475-000031M001",
            "title": "",
            "subtitle": "第31集",
            "ep_number": 31,
            "rating": 1,
            "content_type": "drama",
            "p_start": 1759103100000,
            "vod_channel_description": "西啟長公主容樂在失憶後，奉命和親北臨，卻遭王子無憂拒婚。她化名漫夭暗中尋找治世奇書，並與不知其真實身份的無憂漸生情愫。然而，容樂卻被迫嫁給大將軍傅籌，並意外揭露傅籌與無憂的兄弟關係，以及自己秦家遺孤「秦漫」的身世。面對身世與情感的重重糾葛，這段錯綜複雜的關係又將如何發展..."
          },
          {
            "content_id": "VOD00371705",
            "time_codes": [
              658000,
              1427000,
              2118000
            ],
            "timecode_duration": [],
            "length": 2732000,
            "asset_id": "vod79475-000032M001",
            "title": "",
            "subtitle": "第32集",
            "ep_number": 32,
            "rating": 1,
            "content_type": "drama",
            "p_start": 1759106100000,
            "vod_channel_description": "西啟長公主容樂在失憶後，奉命和親北臨，卻遭王子無憂拒婚。她化名漫夭暗中尋找治世奇書，並與不知其真實身份的無憂漸生情愫。然而，容樂卻被迫嫁給大將軍傅籌，並意外揭露傅籌與無憂的兄弟關係，以及自己秦家遺孤「秦漫」的身世。面對身世與情感的重重糾葛，這段錯綜複雜的關係又將如何發展..."
          },
          {
            "content_id": "VOD00371706",
            "time_codes": [
              758000,
              1416000,
              2094000
            ],
            "timecode_duration": [],
            "length": 2712000,
            "asset_id": "vod79475-000033M001",
            "title": "",
            "subtitle": "第33集",
            "ep_number": 33,
            "rating": 1,
            "content_type": "drama",
            "p_start": 1759109100000,
            "vod_channel_description": "西啟長公主容樂在失憶後，奉命和親北臨，卻遭王子無憂拒婚。她化名漫夭暗中尋找治世奇書，並與不知其真實身份的無憂漸生情愫。然而，容樂卻被迫嫁給大將軍傅籌，並意外揭露傅籌與無憂的兄弟關係，以及自己秦家遺孤「秦漫」的身世。面對身世與情感的重重糾葛，這段錯綜複雜的關係又將如何發展..."
          },
          {
            "content_id": "VOD00371707",
            "time_codes": [
              773000,
              1472000,
              2216000
            ],
            "timecode_duration": [],
            "length": 2728000,
            "asset_id": "vod79475-000034M001",
            "title": "",
            "subtitle": "第34集",
            "ep_number": 34,
            "rating": 1,
            "content_type": "drama",
            "p_start": 1759112100000,
            "vod_channel_description": "西啟長公主容樂在失憶後，奉命和親北臨，卻遭王子無憂拒婚。她化名漫夭暗中尋找治世奇書，並與不知其真實身份的無憂漸生情愫。然而，容樂卻被迫嫁給大將軍傅籌，並意外揭露傅籌與無憂的兄弟關係，以及自己秦家遺孤「秦漫」的身世。面對身世與情感的重重糾葛，這段錯綜複雜的關係又將如何發展..."
          },
          {
            "content_id": "VOD00371708",
            "time_codes": [
              670000,
              1433000,
              2147000
            ],
            "timecode_duration": [],
            "length": 2708000,
            "asset_id": "vod79475-000035M001",
            "title": "",
            "subtitle": "第35集",
            "ep_number": 35,
            "rating": 1,
            "content_type": "drama",
            "p_start": 1759115100000,
            "vod_channel_description": "西啟長公主容樂在失憶後，奉命和親北臨，卻遭王子無憂拒婚。她化名漫夭暗中尋找治世奇書，並與不知其真實身份的無憂漸生情愫。然而，容樂卻被迫嫁給大將軍傅籌，並意外揭露傅籌與無憂的兄弟關係，以及自己秦家遺孤「秦漫」的身世。面對身世與情感的重重糾葛，這段錯綜複雜的關係又將如何發展..."
          },
          {
            "content_id": "VOD00371709",
            "time_codes": [
              704000,
              1411000,
              2115000
            ],
            "timecode_duration": [],
            "length": 2705000,
            "asset_id": "vod79475-000036M001",
            "title": "",
            "subtitle": "第36集",
            "ep_number": 36,
            "rating": 1,
            "content_type": "drama",
            "p_start": 1759118100000,
            "vod_channel_description": "西啟長公主容樂在失憶後，奉命和親北臨，卻遭王子無憂拒婚。她化名漫夭暗中尋找治世奇書，並與不知其真實身份的無憂漸生情愫。然而，容樂卻被迫嫁給大將軍傅籌，並意外揭露傅籌與無憂的兄弟關係，以及自己秦家遺孤「秦漫」的身世。面對身世與情感的重重糾葛，這段錯綜複雜的關係又將如何發展..."
          },
          {
            "content_id": "VOD00371710",
            "time_codes": [
              676000,
              1396000,
              2100000
            ],
            "timecode_duration": [],
            "length": 2711000,
            "asset_id": "vod79475-000037M001",
            "title": "",
            "subtitle": "第37集",
            "ep_number": 37,
            "rating": 1,
            "content_type": "drama",
            "p_start": 1759121100000,
            "vod_channel_description": "西啟長公主容樂在失憶後，奉命和親北臨，卻遭王子無憂拒婚。她化名漫夭暗中尋找治世奇書，並與不知其真實身份的無憂漸生情愫。然而，容樂卻被迫嫁給大將軍傅籌，並意外揭露傅籌與無憂的兄弟關係，以及自己秦家遺孤「秦漫」的身世。面對身世與情感的重重糾葛，這段錯綜複雜的關係又將如何發展..."
          },
          {
            "content_id": "VOD00371711",
            "time_codes": [
              644000,
              1406000,
              2146000
            ],
            "timecode_duration": [],
            "length": 2699000,
            "asset_id": "vod79475-000038M001",
            "title": "",
            "subtitle": "第38集",
            "ep_number": 38,
            "rating": 1,
            "content_type": "drama",
            "p_start": 1759124100000,
            "vod_channel_description": "西啟長公主容樂在失憶後，奉命和親北臨，卻遭王子無憂拒婚。她化名漫夭暗中尋找治世奇書，並與不知其真實身份的無憂漸生情愫。然而，容樂卻被迫嫁給大將軍傅籌，並意外揭露傅籌與無憂的兄弟關係，以及自己秦家遺孤「秦漫」的身世。面對身世與情感的重重糾葛，這段錯綜複雜的關係又將如何發展..."
          },
          {
            "content_id": "VOD00371712",
            "time_codes": [
              743000,
              1471000,
              2112000
            ],
            "timecode_duration": [],
            "length": 2707000,
            "asset_id": "vod79475-000039M001",
            "title": "",
            "subtitle": "第39集",
            "ep_number": 39,
            "rating": 1,
            "content_type": "drama",
            "p_start": 1759127100000,
            "vod_channel_description": "西啟長公主容樂在失憶後，奉命和親北臨，卻遭王子無憂拒婚。她化名漫夭暗中尋找治世奇書，並與不知其真實身份的無憂漸生情愫。然而，容樂卻被迫嫁給大將軍傅籌，並意外揭露傅籌與無憂的兄弟關係，以及自己秦家遺孤「秦漫」的身世。面對身世與情感的重重糾葛，這段錯綜複雜的關係又將如何發展..."
          },
          {
            "content_id": "VOD00371713",
            "time_codes": [
              649000,
              1432000,
              2158000
            ],
            "timecode_duration": [],
            "length": 2700000,
            "asset_id": "vod79475-000040M001",
            "title": "",
            "subtitle": "第40集",
            "ep_number": 40,
            "rating": 1,
            "content_type": "drama",
            "p_start": 1759130100000,
            "vod_channel_description": "西啟長公主容樂在失憶後，奉命和親北臨，卻遭王子無憂拒婚。她化名漫夭暗中尋找治世奇書，並與不知其真實身份的無憂漸生情愫。然而，容樂卻被迫嫁給大將軍傅籌，並意外揭露傅籌與無憂的兄弟關係，以及自己秦家遺孤「秦漫」的身世。面對身世與情感的重重糾葛，這段錯綜複雜的關係又將如何發展..."
          },
          {
            "content_id": "VOD00371714",
            "time_codes": [
              707000,
              1500000,
              2219000
            ],
            "timecode_duration": [],
            "length": 2703000,
            "asset_id": "vod79475-000041M001",
            "title": "",
            "subtitle": "第41集",
            "ep_number": 41,
            "rating": 1,
            "content_type": "drama",
            "p_start": 1759133100000,
            "vod_channel_description": "西啟長公主容樂在失憶後，奉命和親北臨，卻遭王子無憂拒婚。她化名漫夭暗中尋找治世奇書，並與不知其真實身份的無憂漸生情愫。然而，容樂卻被迫嫁給大將軍傅籌，並意外揭露傅籌與無憂的兄弟關係，以及自己秦家遺孤「秦漫」的身世。面對身世與情感的重重糾葛，這段錯綜複雜的關係又將如何發展..."
          },
          {
            "content_id": "VOD00371715",
            "time_codes": [
              766000,
              1448000,
              2139000
            ],
            "timecode_duration": [],
            "length": 2728000,
            "asset_id": "vod79475-000042M001",
            "title": "",
            "subtitle": "第42集",
            "ep_number": 42,
            "rating": 1,
            "content_type": "drama",
            "p_start": 1759136100000,
            "vod_channel_description": "西啟長公主容樂在失憶後，奉命和親北臨，卻遭王子無憂拒婚。她化名漫夭暗中尋找治世奇書，並與不知其真實身份的無憂漸生情愫。然而，容樂卻被迫嫁給大將軍傅籌，並意外揭露傅籌與無憂的兄弟關係，以及自己秦家遺孤「秦漫」的身世。面對身世與情感的重重糾葛，這段錯綜複雜的關係又將如何發展..."
          },
          {
            "content_id": "VOD00371716",
            "time_codes": [
              741000,
              1424000,
              2108000
            ],
            "timecode_duration": [],
            "length": 2713000,
            "asset_id": "vod79475-000043M001",
            "title": "",
            "subtitle": "第43集",
            "ep_number": 43,
            "rating": 1,
            "content_type": "drama",
            "p_start": 1759139100000,
            "vod_channel_description": "西啟長公主容樂在失憶後，奉命和親北臨，卻遭王子無憂拒婚。她化名漫夭暗中尋找治世奇書，並與不知其真實身份的無憂漸生情愫。然而，容樂卻被迫嫁給大將軍傅籌，並意外揭露傅籌與無憂的兄弟關係，以及自己秦家遺孤「秦漫」的身世。面對身世與情感的重重糾葛，這段錯綜複雜的關係又將如何發展..."
          },
          {
            "content_id": "VOD00371717",
            "time_codes": [
              738000,
              1412000,
              2071000
            ],
            "timecode_duration": [],
            "length": 2693000,
            "asset_id": "vod79475-000044M001",
            "title": "",
            "subtitle": "第44集",
            "ep_number": 44,
            "rating": 1,
            "content_type": "drama",
            "p_start": 1759142100000,
            "vod_channel_description": "西啟長公主容樂在失憶後，奉命和親北臨，卻遭王子無憂拒婚。她化名漫夭暗中尋找治世奇書，並與不知其真實身份的無憂漸生情愫。然而，容樂卻被迫嫁給大將軍傅籌，並意外揭露傅籌與無憂的兄弟關係，以及自己秦家遺孤「秦漫」的身世。面對身世與情感的重重糾葛，這段錯綜複雜的關係又將如何發展..."
          },
          {
            "content_id": "VOD00371718",
            "time_codes": [
              718000,
              1461000,
              2149000
            ],
            "timecode_duration": [],
            "length": 2717000,
            "asset_id": "vod79475-000045M001",
            "title": "",
            "subtitle": "第45集",
            "ep_number": 45,
            "rating": 1,
            "content_type": "drama",
            "p_start": 1759145100000,
            "vod_channel_description": "西啟長公主容樂在失憶後，奉命和親北臨，卻遭王子無憂拒婚。她化名漫夭暗中尋找治世奇書，並與不知其真實身份的無憂漸生情愫。然而，容樂卻被迫嫁給大將軍傅籌，並意外揭露傅籌與無憂的兄弟關係，以及自己秦家遺孤「秦漫」的身世。面對身世與情感的重重糾葛，這段錯綜複雜的關係又將如何發展..."
          },
          {
            "content_id": "VOD00371719",
            "time_codes": [
              696000,
              1489000,
              2204000
            ],
            "timecode_duration": [],
            "length": 2703000,
            "asset_id": "vod79475-000046M001",
            "title": "",
            "subtitle": "第46集",
            "ep_number": 46,
            "rating": 1,
            "content_type": "drama",
            "p_start": 1759148100000,
            "vod_channel_description": "西啟長公主容樂在失憶後，奉命和親北臨，卻遭王子無憂拒婚。她化名漫夭暗中尋找治世奇書，並與不知其真實身份的無憂漸生情愫。然而，容樂卻被迫嫁給大將軍傅籌，並意外揭露傅籌與無憂的兄弟關係，以及自己秦家遺孤「秦漫」的身世。面對身世與情感的重重糾葛，這段錯綜複雜的關係又將如何發展..."
          },
          {
            "content_id": "VOD00371720",
            "time_codes": [
              717000,
              1441000,
              2120000
            ],
            "timecode_duration": [],
            "length": 2694000,
            "asset_id": "vod79475-000047M001",
            "title": "",
            "subtitle": "第47集",
            "ep_number": 47,
            "rating": 1,
            "content_type": "drama",
            "p_start": 1759151100000,
            "vod_channel_description": "西啟長公主容樂在失憶後，奉命和親北臨，卻遭王子無憂拒婚。她化名漫夭暗中尋找治世奇書，並與不知其真實身份的無憂漸生情愫。然而，容樂卻被迫嫁給大將軍傅籌，並意外揭露傅籌與無憂的兄弟關係，以及自己秦家遺孤「秦漫」的身世。面對身世與情感的重重糾葛，這段錯綜複雜的關係又將如何發展..."
          },
          {
            "content_id": "VOD00371721",
            "time_codes": [
              778000,
              1463000,
              2210000
            ],
            "timecode_duration": [],
            "length": 2720000,
            "asset_id": "vod79475-000048M001",
            "title": "",
            "subtitle": "第48集",
            "ep_number": 48,
            "rating": 1,
            "content_type": "drama",
            "p_start": 1759154100000,
            "vod_channel_description": "西啟長公主容樂在失憶後，奉命和親北臨，卻遭王子無憂拒婚。她化名漫夭暗中尋找治世奇書，並與不知其真實身份的無憂漸生情愫。然而，容樂卻被迫嫁給大將軍傅籌，並意外揭露傅籌與無憂的兄弟關係，以及自己秦家遺孤「秦漫」的身世。面對身世與情感的重重糾葛，這段錯綜複雜的關係又將如何發展..."
          },
          {
            "content_id": "VOD00371722",
            "time_codes": [
              717000,
              1437000,
              2129000
            ],
            "timecode_duration": [],
            "length": 2722000,
            "asset_id": "vod79475-000049M001",
            "title": "",
            "subtitle": "第49集",
            "ep_number": 49,
            "rating": 1,
            "content_type": "drama",
            "p_start": 1759157100000,
            "vod_channel_description": "西啟長公主容樂在失憶後，奉命和親北臨，卻遭王子無憂拒婚。她化名漫夭暗中尋找治世奇書，並與不知其真實身份的無憂漸生情愫。然而，容樂卻被迫嫁給大將軍傅籌，並意外揭露傅籌與無憂的兄弟關係，以及自己秦家遺孤「秦漫」的身世。面對身世與情感的重重糾葛，這段錯綜複雜的關係又將如何發展..."
          },
          {
            "content_id": "VOD00371723",
            "time_codes": [
              708000,
              1398000,
              2052000
            ],
            "timecode_duration": [],
            "length": 2704000,
            "asset_id": "vod79475-000050M001",
            "title": "",
            "subtitle": "第50集",
            "ep_number": 50,
            "rating": 1,
            "content_type": "drama",
            "p_start": 1759160100000,
            "vod_channel_description": "西啟長公主容樂在失憶後，奉命和親北臨，卻遭王子無憂拒婚。她化名漫夭暗中尋找治世奇書，並與不知其真實身份的無憂漸生情愫。然而，容樂卻被迫嫁給大將軍傅籌，並意外揭露傅籌與無憂的兄弟關係，以及自己秦家遺孤「秦漫」的身世。面對身世與情感的重重糾葛，這段錯綜複雜的關係又將如何發展..."
          },
          {
            "content_id": "VOD00371724",
            "time_codes": [
              718000,
              1392000,
              2127000
            ],
            "timecode_duration": [],
            "length": 2742000,
            "asset_id": "vod79475-000051M001",
            "title": "",
            "subtitle": "第51集",
            "ep_number": 51,
            "rating": 1,
            "content_type": "drama",
            "p_start": 1759163100000,
            "vod_channel_description": "西啟長公主容樂在失憶後，奉命和親北臨，卻遭王子無憂拒婚。她化名漫夭暗中尋找治世奇書，並與不知其真實身份的無憂漸生情愫。然而，容樂卻被迫嫁給大將軍傅籌，並意外揭露傅籌與無憂的兄弟關係，以及自己秦家遺孤「秦漫」的身世。面對身世與情感的重重糾葛，這段錯綜複雜的關係又將如何發展..."
          },
          {
            "content_id": "VOD00371725",
            "time_codes": [
              777000,
              1411000,
              2049000
            ],
            "timecode_duration": [],
            "length": 2666000,
            "asset_id": "vod79475-000052M001",
            "title": "",
            "subtitle": "第52集",
            "ep_number": 52,
            "rating": 1,
            "content_type": "drama",
            "p_start": 1759166100000,
            "vod_channel_description": "西啟長公主容樂在失憶後，奉命和親北臨，卻遭王子無憂拒婚。她化名漫夭暗中尋找治世奇書，並與不知其真實身份的無憂漸生情愫。然而，容樂卻被迫嫁給大將軍傅籌，並意外揭露傅籌與無憂的兄弟關係，以及自己秦家遺孤「秦漫」的身世。面對身世與情感的重重糾葛，這段錯綜複雜的關係又將如何發展..."
          },
          {
            "content_id": "VOD00371726",
            "time_codes": [
              734000,
              1477000,
              2168000
            ],
            "timecode_duration": [],
            "length": 2697000,
            "asset_id": "vod79475-000053M001",
            "title": "",
            "subtitle": "第53集",
            "ep_number": 53,
            "rating": 1,
            "content_type": "drama",
            "p_start": 1759169100000,
            "vod_channel_description": "西啟長公主容樂在失憶後，奉命和親北臨，卻遭王子無憂拒婚。她化名漫夭暗中尋找治世奇書，並與不知其真實身份的無憂漸生情愫。然而，容樂卻被迫嫁給大將軍傅籌，並意外揭露傅籌與無憂的兄弟關係，以及自己秦家遺孤「秦漫」的身世。面對身世與情感的重重糾葛，這段錯綜複雜的關係又將如何發展..."
          },
          {
            "content_id": "VOD00371727",
            "time_codes": [
              709000,
              1384000,
              2153000
            ],
            "timecode_duration": [],
            "length": 2701000,
            "asset_id": "vod79475-000054M001",
            "title": "",
            "subtitle": "第54集",
            "ep_number": 54,
            "rating": 1,
            "content_type": "drama",
            "p_start": 1759172100000,
            "vod_channel_description": "西啟長公主容樂在失憶後，奉命和親北臨，卻遭王子無憂拒婚。她化名漫夭暗中尋找治世奇書，並與不知其真實身份的無憂漸生情愫。然而，容樂卻被迫嫁給大將軍傅籌，並意外揭露傅籌與無憂的兄弟關係，以及自己秦家遺孤「秦漫」的身世。面對身世與情感的重重糾葛，這段錯綜複雜的關係又將如何發展..."
          },
          {
            "content_id": "VOD00371728",
            "time_codes": [
              721000,
              1493000,
              2086000
            ],
            "timecode_duration": [],
            "length": 2682000,
            "asset_id": "vod79475-000055M001",
            "title": "",
            "subtitle": "第55集",
            "ep_number": 55,
            "rating": 1,
            "content_type": "drama",
            "p_start": 1759175100000,
            "vod_channel_description": "西啟長公主容樂在失憶後，奉命和親北臨，卻遭王子無憂拒婚。她化名漫夭暗中尋找治世奇書，並與不知其真實身份的無憂漸生情愫。然而，容樂卻被迫嫁給大將軍傅籌，並意外揭露傅籌與無憂的兄弟關係，以及自己秦家遺孤「秦漫」的身世。面對身世與情感的重重糾葛，這段錯綜複雜的關係又將如何發展..."
          },
          {
            "content_id": "VOD00371739",
            "time_codes": [
              704000,
              1474000,
              2113000
            ],
            "timecode_duration": [],
            "length": 2703000,
            "asset_id": "vod79475-000056M001",
            "title": "",
            "subtitle": "第56集",
            "ep_number": 56,
            "rating": 1,
            "content_type": "drama",
            "p_start": 1759178100000,
            "vod_channel_description": "西啟長公主容樂在失憶後，奉命和親北臨，卻遭王子無憂拒婚。她化名漫夭暗中尋找治世奇書，並與不知其真實身份的無憂漸生情愫。然而，容樂卻被迫嫁給大將軍傅籌，並意外揭露傅籌與無憂的兄弟關係，以及自己秦家遺孤「秦漫」的身世。面對身世與情感的重重糾葛，這段錯綜複雜的關係又將如何發展..."
          },
          {
            "content_id": "VOD00371740",
            "time_codes": [
              723000,
              1394000,
              2135000
            ],
            "timecode_duration": [],
            "length": 2711000,
            "asset_id": "vod79475-000057M001",
            "title": "",
            "subtitle": "第57集",
            "ep_number": 57,
            "rating": 1,
            "content_type": "drama",
            "p_start": 1759181100000,
            "vod_channel_description": "西啟長公主容樂在失憶後，奉命和親北臨，卻遭王子無憂拒婚。她化名漫夭暗中尋找治世奇書，並與不知其真實身份的無憂漸生情愫。然而，容樂卻被迫嫁給大將軍傅籌，並意外揭露傅籌與無憂的兄弟關係，以及自己秦家遺孤「秦漫」的身世。面對身世與情感的重重糾葛，這段錯綜複雜的關係又將如何發展..."
          },
          {
            "content_id": "VOD00371741",
            "time_codes": [
              759000,
              1435000,
              2168000
            ],
            "timecode_duration": [],
            "length": 2710000,
            "asset_id": "vod79475-000058M001",
            "title": "",
            "subtitle": "第58集",
            "ep_number": 58,
            "rating": 1,
            "content_type": "drama",
            "p_start": 1759184100000,
            "vod_channel_description": "西啟長公主容樂在失憶後，奉命和親北臨，卻遭王子無憂拒婚。她化名漫夭暗中尋找治世奇書，並與不知其真實身份的無憂漸生情愫。然而，容樂卻被迫嫁給大將軍傅籌，並意外揭露傅籌與無憂的兄弟關係，以及自己秦家遺孤「秦漫」的身世。面對身世與情感的重重糾葛，這段錯綜複雜的關係又將如何發展..."
          }
        ],
        "total_length": 157444000,
        "focus_index": 27,
        "next_index": 28,
        "time": 1521929,
        "focus_program": {
          "content_id": "VOD00371701",
          "time_codes": [
            753000,
            1386000,
            2113000
          ],
          "timecode_duration": [],
          "length": 2714000,
          "asset_id": "vod79475-000028M001",
          "title": "",
          "subtitle": "第28集",
          "ep_number": 28,
          "rating": 1,
          "content_type": "drama",
          "p_start": 1759094100000,
          "vod_channel_description": "西啟長公主容樂在失憶後，奉命和親北臨，卻遭王子無憂拒婚。她化名漫夭暗中尋找治世奇書，並與不知其真實身份的無憂漸生情愫。然而，容樂卻被迫嫁給大將軍傅籌，並意外揭露傅籌與無憂的兄弟關係，以及自己秦家遺孤「秦漫」的身世。面對身世與情感的重重糾葛，這段錯綜複雜的關係又將如何發展..."
        }
      },
      "station_categories": [
        {
          "Name": "戲劇",
          "EngName": "Drama",
          "MenuOrder": 7
        }
      ]
    },
    "introduction": {
      "image": "https://p-cdnstatic.svc.litv.tv/pics/vod_channel/logo_3355_ofiii102_mobile_20240531.png",
      "description": "",
      "href_maps": []
    },
    "recommends": [],
    "ua": "Mozilla/5.0 (Windows NT 10.0; Win64; x64) AppleWebKit/537.36 (KHTML, like Gecko) Chrome/91.0.4472.124 Safari/537.36"
  },
  "__N_SSP": true
}