{
  "pageProps": {
    "contentId": "ofiii128",
    "channel": {
      "title": "醫師好辣",
      "no": 128,
      "charge_mode": "F",
      "content_id": "ofiii128",
      "content_type": "vod-channel",
      "epg_categories": [
        18
      ],
      "genres": [
        {
          "id": "",
          "name": "VOD_CHANNEL",
          "logo": ""
        }
      ],
      "liad_id": "VODCHNEWOFIWEB",
      "package_info_id": "VOD_CHANNEL_DELUX",
      "picture": "pics/vod_channel/logo_3633_ofiii128_tv_20250221.png",
      "provider": [
        {
          "id": "",
          "name": "東森娛樂",
          "logo": ""
        }
      ],
      "quality": "HD",
      "station_id": "station6567",
      "trial": "",
      "selectable": 1,
      "tr_logo": "pics/vod_channel/tr_logo_1738923265.png",
      "tl_logo": "",
      "br_logo": "",
      "bl_logo": "",
      "menu_type": 0,
      "vod_channel_schedule": {
        "channel_id": 128,
        "cdn_code": "ofiii128",
        "start_time": 1761911700000,
        "programs": [
          {
            "content_id": "VOD00351326",
            "time_codes": [
              1097000,
              1925000,
              2441000
            ],
            "timecode_duration": [],
            "length": 2815000,
            "asset_id": "vod11069-001555M001",
            "title": "",
            "subtitle": "第1555集 減重難關重重，怎麼輕鬆甩肉迎接夏天擁抱？！",
            "ep_number": 1555,
            "rating": 1,
            "content_type": "show",
            "p_start": 1761911700000,
            "vod_channel_description": "夏天到來，還在為減重而苦惱嗎？減重常見問題，今天由醫師一一幫大家破解！大飛曾經綽號叫白巧克力竟是這原因？！楊繡惠下定決心戒菸卻發胖，昔日照片嚇壞乃哥？！減重老是嘴饞想吃零食怎麼辦？！篠崎泫減重選錯運動，身材竟越練越壯？！減重停滯期難突破，飲食這樣調整輕鬆度過？！"
          },
          {
            "content_id": "VOD00351327",
            "time_codes": [
              1087000,
              1858000,
              2375000
            ],
            "timecode_duration": [],
            "length": 2798000,
            "asset_id": "vod11069-001556M001",
            "title": "",
            "subtitle": "第1556集 醫界不能說的密碼？！小心這個數字就是會爆炸？！",
            "ep_number": 1556,
            "rating": 1,
            "content_type": "show",
            "p_start": 1761914700000,
            "vod_channel_description": "一天頻尿次數超過「幾次」，要小心可能是糖尿病？！ECHO太頻尿竟自學奇怪招式，害好辣醫師看了哭笑不得？！安全帽太久沒洗竟暗藏禿頭危機？！ECHO 3年沒洗的安全帽多髒？照片曝光震撼全場！禹安弟弟秒睡功力超驚人！其中隱隱藏甚麼恐怖危機？！陳天仁台詞背不起來，最後竟用這方法成功解決？！"
          },
          {
            "content_id": "VOD00351328",
            "time_codes": [
              953000,
              1908000,
              2515000
            ],
            "timecode_duration": [],
            "length": 2815000,
            "asset_id": "vod11069-001557M001",
            "title": "",
            "subtitle": "第1557集 遇到這些事不禁懷疑？！醫學院那幾年學了甚麼？！",
            "ep_number": 1557,
            "rating": 1,
            "content_type": "show",
            "p_start": 1761917700000,
            "vod_channel_description": "遇到病人無理取鬧，醫師機智應對妙招多？！病患治療配合度低，醫師竟要自創招數安撫病人？！謝金晶父親抗拒就醫，醫師竟靠這招成功突破心防？！蘿拉父親罹癌，竟支持醫師直接宣布病情！其中有何故事？！醫師意外得知病人不可告人的秘密，最後竟靠這招數成功化解尷尬氣氛？！"
          },
          {
            "content_id": "VOD00351329",
            "time_codes": [
              1001000,
              1857000,
              2484000
            ],
            "timecode_duration": [],
            "length": 2795000,
            "asset_id": "vod11069-001558M001",
            "title": "",
            "subtitle": "第1558集 這樣也會被起訴？！注意看！！小心醫、法那條線？！",
            "ep_number": 1558,
            "rating": 1,
            "content_type": "show",
            "p_start": 1761920700000,
            "vod_channel_description": "醫、法的界線在哪裡？今日醫師好辣請來專業律師團幫大家一一科普啦！驚！這些東西竟不能私自販售，小心一不小心就觸法？！醫護與病人發生糾紛，有甚麼負面字不會踩線？！若熙娘娘健檢竟被當成練習對象，手臂被針扎出超大片瘀青！！醫師為救人行車超速會不會被責罰？！"
          },
          {
            "content_id": "VOD00351330",
            "time_codes": [
              1085000,
              1847000,
              2520000
            ],
            "timecode_duration": [],
            "length": 2818000,
            "asset_id": "vod11069-001559M001",
            "title": "",
            "subtitle": "第1559集 醫師也不得不信，在醫院無法解釋的怪奇現象？！",
            "ep_number": 1559,
            "rating": 1,
            "content_type": "show",
            "p_start": 1761923700000,
            "vod_channel_description": "這些巧合連醫生都驚嘆神奇不知如何解釋？！阿本誤觸醫院禁忌，竟被引導到神祕空間？！醫師講話太鐵齒竟害到自己？！無尊生病住院，隔壁床沒人電視竟自己打開？是電視秀逗還是．．．．．，醫院怪奇事件？究竟是真的還是假的？！迴光返照是真的？！加護病房昏迷病人突然超清醒？！"
          },
          {
            "content_id": "VOD00351331",
            "time_codes": [
              1035000,
              1940000,
              2563000
            ],
            "timecode_duration": [],
            "length": 2800000,
            "asset_id": "vod11069-001560M001",
            "title": "",
            "subtitle": "第1560集 就醫真的需要勇氣！看完讓你不再怕看病？！",
            "ep_number": 1560,
            "rating": 1,
            "content_type": "show",
            "p_start": 1761926700000,
            "vod_channel_description": "治療好怕痛怎麼辦？好怕一看生活變了調？！黃雨欣怕看牙拖6年，竟害自己臉歪一邊？！唐志中打球鼻子斷掉，媽媽竟表現得超開心？！私密處看診好害羞，到底該怎麼辦？！結紮手術好可怕，做完到底會不會影響表現？！夏乙薇內診太害羞，竟自費做舒眠麻醉？！"
          },
          {
            "content_id": "VOD00351332",
            "time_codes": [
              1098000,
              1865000,
              2471000
            ],
            "timecode_duration": [],
            "length": 2808000,
            "asset_id": "vod11069-001561M001",
            "title": "",
            "subtitle": "第1561集 婦科疾病大全來了，看完就能擺脫子宮卵巢問題！",
            "ep_number": 1561,
            "rating": 1,
            "content_type": "show",
            "p_start": 1761929700000,
            "vod_channel_description": "和家馨經期大量出血，嚴重貧血無法走路？！經血量異常要注意這些疾病！岳庭莫名泌尿道感染，差點危及生命？！泌尿道私密處反覆感染，究竟是甚麼原因導致？！育涵婦科檢查挑錯時間慘被醫師退貨？！經期間到底可不可以做婦科檢查？！為甚麼婦科醫師總要問令人難以啟齒的問題？！隱瞞實情會影響治療嗎？！"
          },
          {
            "content_id": "VOD00351333",
            "time_codes": [
              1001000,
              1866000,
              2476000
            ],
            "timecode_duration": [],
            "length": 2804000,
            "asset_id": "vod11069-001562M001",
            "title": "",
            "subtitle": "第1562集 不想當假面女郎，幾招越看自己越順眼？！",
            "ep_number": 1562,
            "rating": 1,
            "content_type": "show",
            "p_start": 1761932700000,
            "vod_channel_description": "阿諾自嫌臉大拍照不好看，竟1個月內連拔3顆智齒？！金鐘視帝雷洪大哥竟也有外觀困擾？！長短腳問題若沒有盡早發現，就只能用這項手術治療？！方琦為了消除這困擾，竟用這凶器把大腿滾到瘀青？！腳容易瘀青除須注意血液循環，這步驟才是改善關鍵？！"
          },
          {
            "content_id": "VOD00351334",
            "time_codes": [
              1045000,
              1839000,
              2385000
            ],
            "timecode_duration": [],
            "length": 2791000,
            "asset_id": "vod11069-001563M001",
            "title": "",
            "subtitle": "第1563集 就是在說你！這問題被說中竟代表疾病纏身？！",
            "ep_number": 1563,
            "rating": 1,
            "content_type": "show",
            "p_start": 1761935700000,
            "vod_channel_description": "李明川因這項老毛病，竟被誤以為容易喝太醉？！走路一直歪一側，可能是腰椎或腦部疾病在作怪？！粿粿懷疑自己有嗜睡症，檢查結果讓她大吃一驚？！楊雅筑為了減肥選擇吃這種藥，竟莫名發燒還差點昏倒？！用鹽水清洗水果反而更容易吃下農藥？！"
          },
          {
            "content_id": "VOD00351335",
            "time_codes": [
              1079000,
              1813000,
              2378000
            ],
            "timecode_duration": [],
            "length": 2803000,
            "asset_id": "vod11069-001564M001",
            "title": "",
            "subtitle": "第1564集 睡眠達人爭霸戰？掌握睡眠問題讓你一覺到天亮！",
            "ep_number": 1564,
            "rating": 1,
            "content_type": "show",
            "p_start": 1761938700000,
            "vod_channel_description": "醫師全新內容睡眠達人爭霸戰來囉！精彩的知識問答、有趣的生活化內容，讓你在觀看本集時不但可一起猜題，還能吸收許多睡眠醫學知識，你知道熬夜想補眠竟會導致惡性循環？！脖子落枕好不了，罪魁禍首竟是它嗎？！你知道另一半打呼嚴重要注意，可能與這疾病有關嗎？！"
          },
          {
            "content_id": "VOD00351336",
            "time_codes": [
              1031000,
              1872000,
              2500000
            ],
            "timecode_duration": [],
            "length": 2812000,
            "asset_id": "vod11069-001565M001",
            "title": "",
            "subtitle": "第1565集 戒不掉的怪癖習慣？醫師幫你斷開鎖鏈！",
            "ep_number": 1565,
            "rating": 1,
            "content_type": "show",
            "p_start": 1761941700000,
            "vod_channel_description": "曲艾玲因這問題咬斷大臼齒，甚至把牙套磨出一個洞？！病患竟是萬磁王，檢查竟發現滿肚子這東西？！勇太因這壞習慣，竟誤用過期2年眼藥水？！陳真因壓力大染上這毛病，前額慘變鬼剃頭？！手指黑黑竟是這習慣造成，嚴重甚至可能引發蜂窩性組織炎？！"
          },
          {
            "content_id": "VOD00351337",
            "time_codes": [
              1010000,
              1874000,
              2478000
            ],
            "timecode_duration": [],
            "length": 2809000,
            "asset_id": "vod11069-001566M001",
            "title": "",
            "subtitle": "第1566集 零廚藝 零技巧  美味健康輕鬆get？！",
            "ep_number": 1566,
            "rating": 1,
            "content_type": "show",
            "p_start": 1761944700000,
            "vod_channel_description": "醫師全新內容料理PK賽來囉！你以為健康餐點就一定難吃嗎？降血壓抗過敏料理竟能擄獲來賓的胃？！何如芸一餐吃到12隻螃蟹，醫師警告沒有它保護膽固醇會更高！若綺對麩質類過敏，但引起過敏原因竟是喝了這種飲料？！李家慶吃蝦吃到送急診，檢查過敏原竟不是海鮮？！"
          },
          {
            "content_id": "VOD00351338",
            "time_codes": [
              941000,
              1958000,
              2472000
            ],
            "timecode_duration": [],
            "length": 2792000,
            "asset_id": "vod11069-001567M001",
            "title": "",
            "subtitle": "第1567集 以後可能沒有護理師？揭密護理師的辛酸血淚？",
            "ep_number": 1567,
            "rating": 1,
            "content_type": "show",
            "p_start": 1761947700000,
            "vod_channel_description": "洪都拉斯兒子長太帥，當護理師竟然被歐巴桑騷擾？！護理師太危險，為了阻止病患做出這個行為，竟被打飛撞到牆壁上？！居護師擔心病人拉到尿管有危險，這個時間還是願意前往處理？！護理師工作內容是千奇百怪！讓你想都想不到！"
          },
          {
            "content_id": "VOD00351339",
            "time_codes": [
              1163000,
              1855000,
              2370000
            ],
            "timecode_duration": [],
            "length": 2806000,
            "asset_id": "vod11069-001568M001",
            "title": "",
            "subtitle": "第1568集 壞習慣危害好無感？網路親身實測來解答？",
            "ep_number": 1568,
            "rating": 1,
            "content_type": "show",
            "p_start": 1761950700000,
            "vod_channel_description": "那些壞習慣對健康危害大，藝人實測來告訴你，小鐘愛糖如命一次可以吃掉2桶冰淇淋？！癒女體驗催眠淚流不止，催眠有多神奇？！綠眼鏡挑戰36小時不睡覺，沒想到卻留下永久傷害導致送急診？！告訴大腦不要睡竟然可以改善失眠問題？！"
          },
          {
            "content_id": "VOD00351340",
            "time_codes": [
              976000,
              1877000,
              2479000
            ],
            "timecode_duration": [],
            "length": 2790000,
            "asset_id": "vod11069-001569M001",
            "title": "",
            "subtitle": "第1569集 身分證上寫的不算！這裡才會出賣年紀？！",
            "ep_number": 1569,
            "rating": 1,
            "content_type": "show",
            "p_start": 1761953700000,
            "vod_channel_description": "熊熊因為大胸部竟然在粉絲前面大丟臉？！病患內褲出現血絲，竟發現這器官掉出體外？！李佳豫確診後聲音出現這變化，被人調侃是菸抽太多？！菲比被男藝人誤以為是阿姨，竟是因常住院造成的症狀？！婦人到國外進行私密處醫美，多年後竟發現致癌物？！"
          },
          {
            "content_id": "VOD00351341",
            "time_codes": [
              983000,
              1807000,
              2472000
            ],
            "timecode_duration": [],
            "length": 2818000,
            "asset_id": "vod11069-001570M001",
            "title": "",
            "subtitle": "第1570集 真的不是故意的，疾病發作竟害你存款歸零？！",
            "ep_number": 1570,
            "rating": 1,
            "content_type": "show",
            "p_start": 1761956700000,
            "vod_channel_description": "曾甜用藥出現這變化，竟害她損失30萬以上？！屁味帶有腐肉味，檢查發現腸子有爛掉物體？！盧學叡記性差太誇張，原來是這裡健康出了問題？！病患工作出錯率太高竟是因為缺乏這個維生素？！荳荳生理期總是上吐下瀉，到底出了什麼問題？"
          },
          {
            "content_id": "VOD00351342",
            "time_codes": [
              1114000,
              1868000,
              2469000
            ],
            "timecode_duration": [],
            "length": 2785000,
            "asset_id": "vod11069-001571M001",
            "title": "",
            "subtitle": "第1571集 睡不飽、頭暈，你累了嗎？疲勞知識爭霸戰來了！",
            "ep_number": 1571,
            "rating": 1,
            "content_type": "show",
            "p_start": 1761959700000,
            "vod_channel_description": "方琦為了提神接連吃下這些東西，拍戲收工後竟立馬斷片？！老公親熱到一半竟突然昏厥！檢查發現是因為這東西脫落？！郎祖筠工作太累引發頭痛，發現與咖啡有極大關係？！海產連續工作一周不間斷，休假發現對女友竟忽然沒興趣，到底發生何事？！你也會疲勞嗎？你對疲勞的知識了解多少？！"
          },
          {
            "content_id": "VOD00351343",
            "time_codes": [
              970000,
              1897000,
              2392000
            ],
            "timecode_duration": [],
            "length": 2818000,
            "asset_id": "vod11069-001572M001",
            "title": "",
            "subtitle": "第1572集 有吃就會有保佑？保健品知識爭霸戰開打！",
            "ep_number": 1572,
            "rating": 1,
            "content_type": "show",
            "p_start": 1761962700000,
            "vod_channel_description": "工程師眼睛疲勞補充葉黃素卻無效，營養師告訴你是因為少了這個？！男病患補充保健品的習慣，竟造成肝臟不明出血？！徐瑋吟睡到半夜抽筋以為缺鈣，沒想到吃了保健品反而開始頭暈？！大根長期喝酒應酬，吃了朋友推薦保健品竟開始出現口臭？！保健品該如何吃？怎麼搭配會效果加乘？！"
          },
          {
            "content_id": "VOD00351344",
            "time_codes": [
              1119000,
              1913000,
              2432000
            ],
            "timecode_duration": [],
            "length": 2813000,
            "asset_id": "vod11069-001573M001",
            "title": "",
            "subtitle": "第1573集 爸媽照過來，再不注意就來不及的小孩問題？！",
            "ep_number": 1573,
            "rating": 1,
            "content_type": "show",
            "p_start": 1761965700000,
            "vod_channel_description": "有對夫妻因買了這種玩具，竟意外讓孩子沒了生命跡象？！羅美玲沒注意到孩子這舉動，轉身竟看到他額頭冒血？！以為孩子上課不專心，原來是患有這疾病？！吳東諺怕女兒流感傳染其他人，竟要求全家人做這件事？！龎蕾馨兒子過年突然發燒，吃藥後體溫卻降到34度？！體溫低竟比發燒危險？"
          },
          {
            "content_id": "VOD00351345",
            "time_codes": [
              1013000,
              1855000,
              2313000
            ],
            "timecode_duration": [],
            "length": 2797000,
            "asset_id": "vod11069-001574M001",
            "title": "",
            "subtitle": "第1574集 疾病也有色彩學？！快來檢視你的健康色！",
            "ep_number": 1574,
            "rating": 1,
            "content_type": "show",
            "p_start": 1761968700000,
            "vod_channel_description": "你知道看身體顏色就可以知道健康與否？陳瑋薇過敏熊貓眼試過很多方法無法消除，竟靠這招就能改善？！病人夫妻失和，竟是因為打呼聲音太大，檢查原因跟下顎長度有關？！朱芯儀睡不好牙齦出現NG色，睡前塗抹神奇牙膏隔天立馬有感？！"
          },
          {
            "content_id": "VOD00351346",
            "time_codes": [
              930000,
              1845000,
              2447000
            ],
            "timecode_duration": [],
            "length": 2817000,
            "asset_id": "vod11069-001575M001",
            "title": "",
            "subtitle": "第1575集 沒在開玩笑，身體毛病都是自己吃出來的？！",
            "ep_number": 1575,
            "rating": 1,
            "content_type": "show",
            "p_start": 1761971700000,
            "vod_channel_description": "鄭仲茵有心血管家族病史，家人不想飲食控制竟還亂買這種藥來吃？！25歲男性無炸物不歡，竟害頭皮出現這毛病？！病人肚子痛了5天，檢查竟發現有這怪東西塞住腸子？！楊晨熙每天吃蛋糕加手搖飲害皮膚超差，用了這種保養品2週就改善？！"
          },
          {
            "content_id": "VOD00351347",
            "time_codes": [
              986000,
              1760000,
              2418000
            ],
            "timecode_duration": [],
            "length": 2766000,
            "asset_id": "vod11069-001576M001",
            "title": "",
            "subtitle": "第1576集 寵物比新生兒還多！飼主愛毛孩無極限？！",
            "ep_number": 1576,
            "rating": 1,
            "content_type": "show",
            "p_start": 1761974700000,
            "vod_channel_description": "街頭藝人貓繭到外地表演，竟意外發現寵物貓有驚人才藝？！工程師小康為了寵物法鬥，竟花12萬治療費結果卻？！寵物貓突吐毛嚇壞劉涵竹，醫生建議這樣做可以改善症狀？！在寵物狗肛門發現一條線，飼主一個動作竟害牠腸子壞死？！毛孩就是我的寶貝，上山下海拚了老命也為了牠們？！"
          },
          {
            "content_id": "VOD00351348",
            "time_codes": [
              961000,
              1866000,
              2447000
            ],
            "timecode_duration": [],
            "length": 2820000,
            "asset_id": "vod11069-001577M001",
            "title": "",
            "subtitle": "第1577集 別人的良方可能是你的毒藥，這些禁忌快筆記？！",
            "ep_number": 1577,
            "rating": 1,
            "content_type": "show",
            "p_start": 1761977700000,
            "vod_channel_description": "王燦用了洗滌用品，皮膚出現不適症狀還被醫師說禁用沐浴乳？！病人為了美白私密處，竟意外脫去五層角質層？！熊霓做完肺部檢查身體變又燙又癢，原來是對這種藥物過敏？！年輕女生重訓完出現漏尿問題，居然是因這部位用錯力？！"
          },
          {
            "content_id": "VOD00351349",
            "time_codes": [
              987000,
              1856000,
              2391000
            ],
            "timecode_duration": [],
            "length": 2814000,
            "asset_id": "vod11069-001578M001",
            "title": "",
            "subtitle": "第1578集 浪漫醫師根本不存在！日常浪漫細胞瞬間秒殺？！",
            "ep_number": 1578,
            "rating": 1,
            "content_type": "show",
            "p_start": 1761980700000,
            "vod_channel_description": "劉雨柔得意身體線條變明顯，竟被醫生戳破是這假象？！Paul老婆染頭髮求誇讚，卻導致夫妻不和，到底怎麼了？！體恤太太剛生完，先生煮生化湯反造成大出血？！太太肚子痛，身為醫生卻看不好？！王思平看電影正想浪漫，牙醫老公卻職業病上身破壞氣氛？！"
          },
          {
            "content_id": "VOD00351350",
            "time_codes": [
              942000,
              1854000,
              2448000
            ],
            "timecode_duration": [],
            "length": 2819000,
            "asset_id": "vod11069-001579M001",
            "title": "",
            "subtitle": "第1579集 聽起來最廢卻最有用？！這些事才能真正幫助健康！",
            "ep_number": 1579,
            "rating": 1,
            "content_type": "show",
            "p_start": 1761983700000,
            "vod_channel_description": "林雨宣討厭喝水便秘嚴重，竟可以連續這麼多天不上廁所？！篠崎泫嚴重失眠使多處器官發炎，檢查竟發現血管彈性退化到這恐怖年齡？！病患緊張會過度洗手，竟是這原因造成的？！咪咪睡不好臉上狂冒痘，睡前喝這飲品竟讓臉色亮起來？！"
          },
          {
            "content_id": "VOD00351351",
            "time_codes": [
              1000000,
              1840000,
              2534000
            ],
            "timecode_duration": [],
            "length": 2813000,
            "asset_id": "vod11069-001580M001",
            "title": "",
            "subtitle": "第1580集 專家在教你有記住嗎？減重達人爭霸戰開打！",
            "ep_number": 1580,
            "rating": 1,
            "content_type": "show",
            "p_start": 1761986700000,
            "vod_channel_description": "阿喜減重難忌口，最胖時一個人竟能吃下500元滷味？！吃水果也會胖，營養師告訴你，不用怕水果糖分高，照吃就能瘦？！岳庭因小腹突出被朋友以為懷孕，檢查發現竟是子宮出現這問題？！女病患一躺下肚子就垂一邊，竟是因為子宮長超多這東西？！本集各種減重訣竅大公開？！"
          },
          {
            "content_id": "VOD00351352",
            "time_codes": [
              997000,
              1847000,
              2490000
            ],
            "timecode_duration": [],
            "length": 2812000,
            "asset_id": "vod11069-001581M001",
            "title": "",
            "subtitle": "第1581集 天下的爸媽都是一樣的？！最強親子檔現身說法？",
            "ep_number": 1581,
            "rating": 1,
            "content_type": "show",
            "p_start": 1761989700000,
            "vod_channel_description": "最強親子檔出現了，譚敦慈跟小兒子上節目講了甚麼，讓媽媽超糾心？徐新洋猛爆料主持人乃哥超ㄎㄧㄤ行為？心臟科醫師袁明琦無法接受女兒男友，竟故意這樣稱呼他？！林吟蔚棚內現場落淚，喪父之痛是關鍵原因？！本集有哭有笑，最強親子檔來報到！"
          },
          {
            "content_id": "VOD00351353",
            "time_codes": [
              1058000,
              1852000,
              2479000
            ],
            "timecode_duration": [],
            "length": 2804000,
            "asset_id": "vod11069-001582M001",
            "title": "",
            "subtitle": "第1582集 地球好可怕，已經超小心卻還是中標？！",
            "ep_number": 1582,
            "rating": 1,
            "content_type": "show",
            "p_start": 1761992700000,
            "vod_channel_description": "林利霏只是收個曬衣架，手就出現六個紅疹！？靜香兒子嚴重過敏，出遊突出現紅疹，過敏原卻意想不到？！貝童彤感冒吃藥緩解，隔天竟導致無法開車？！美妝專家Sam腰部出現一圈紅點，竟是因為這個習慣造成的？！生活處處小心謹慎，但危險因子依舊找上門？！"
          },
          {
            "content_id": "VOD00351354",
            "time_codes": [
              952000,
              1871000,
              2647000
            ],
            "timecode_duration": [],
            "length": 2815000,
            "asset_id": "vod11069-001583M001",
            "title": "",
            "subtitle": "第1583集 最怕小孩觀念歪，百大父母票選教育最嘴軟瞬間？！",
            "ep_number": 1583,
            "rating": 1,
            "content_type": "show",
            "p_start": 1761995700000,
            "vod_channel_description": "女兒拒絕把存錢筒密碼告訴陳立芹，背後原因超委屈？！甄莉勸兒子多吃菜總是失敗，沒想到竟因此發生變化？！陳櫻文忙工作不得不給小孩手機，卻發現小孩玩的時間太跨張？！爸爸不准女兒跟男友出遊，兩人竟爭執到送急診？！父母實在太難當，專家教你嘴軟時刻應該這樣教育孩子？！"
          },
          {
            "content_id": "VOD00351355",
            "time_codes": [
              1096000,
              1825000,
              2373000
            ],
            "timecode_duration": [],
            "length": 2794000,
            "asset_id": "vod11069-001584M001",
            "title": "",
            "subtitle": "第1584集 你的工作有毒嗎？醫師教怎麼躲過超可怕「症候群」？！",
            "ep_number": 1584,
            "rating": 1,
            "content_type": "show",
            "p_start": 1761998700000,
            "vod_channel_description": "王瑞玲常有亂經又流產，檢查竟發現子宮頸出現這問題？！詹子晴因員工頻繁出錯，氣到身體亮紅燈，為了改善身心狀態竟做出重大決定？！夏宇禾為詮釋情緒起伏較高的角色，居然害老毛病一直發作？！人會氣到昏倒是真的？關鍵原因出在這器官？！工作症候群無處不在，上班族這些習慣比毒品還毒？！"
          },
          {
            "content_id": "VOD00351356",
            "time_codes": [
              1000000,
              1846000,
              2353000
            ],
            "timecode_duration": [],
            "length": 2811000,
            "asset_id": "vod11069-001585M001",
            "title": "",
            "subtitle": "第1585集 補品有錢才吃得起？專家公佈高CP平民食材？！",
            "ep_number": 1585,
            "rating": 1,
            "content_type": "show",
            "p_start": 1762001700000,
            "vod_channel_description": "林辰唏因免疫力差容易長濕疹，拍戲前只能靠吃這藥物壓下來？張本渝在舞台劇第3天就掛急診，竟是因為沒運動害膝蓋出現這問題？！林書煒遇換季總是面容憔悴，僅靠這個飲品就恢復氣色？！正常排便並非每天上廁所，攝取纖維素的真正用意在這？！沒錢又想補身體怎麼辦？高CP平民補品醫師不藏私大公開！"
          },
          {
            "content_id": "VOD00351357",
            "time_codes": [
              922000,
              1941000,
              2399000
            ],
            "timecode_duration": [],
            "length": 2820000,
            "asset_id": "vod11069-001586M001",
            "title": "",
            "subtitle": "第1586集 久病就會成良醫？最實用腸胃保健爭霸戰！",
            "ep_number": 1586,
            "rating": 1,
            "content_type": "show",
            "p_start": 1762004700000,
            "vod_channel_description": "張立東睡醒竟發現喉嚨失聲，醫生說是因為「這飲料」喝太多？！羚安遺傳媽媽腸胃超敏感，只要遇「這狀況」就會拉肚子？！大號不順好煩惱？70歲媽媽照胃鏡發現胃破了數十個洞，竟是因為吃了這種藥物造成的？！腸胃保健知識知多少？醫師教這樣改善腸胃問題！"
          },
          {
            "content_id": "VOD00351358",
            "time_codes": [
              951000,
              1873000,
              2500000
            ],
            "timecode_duration": [],
            "length": 2811000,
            "asset_id": "vod11069-001587M001",
            "title": "",
            "subtitle": "第1587集 比電影還精采！被醫院急call的搶救關鍵？！",
            "ep_number": 1587,
            "rating": 1,
            "content_type": "show",
            "p_start": 1762007700000,
            "vod_channel_description": "高雋雅高燒到40度遲遲不去醫院，竟選擇這方法緩解症狀？！李唯楓被診斷患有「這疾病」，拖了一個月才就醫發現腸子出現大症狀？！消防員廖建權分享救護工作超辛苦，長輩昏倒堅持不送醫竟是這原因？！美甲師Niny半夜接獲客人電話，因這緊急狀況請求到醫院救援？！"
          },
          {
            "content_id": "VOD00351359",
            "time_codes": [
              937000,
              1836000,
              2456000
            ],
            "timecode_duration": [],
            "length": 2813000,
            "asset_id": "vod11069-001588M001",
            "title": "",
            "subtitle": "第1588集 醫界帥哥美女降臨，長得好看命運真的差很大？！",
            "ep_number": 1588,
            "rating": 1,
            "content_type": "show",
            "p_start": 1762010700000,
            "vod_channel_description": "皮膚科天菜帥醫遇瘋狂粉絲，病患假借看診要求做這事嚇壞醫師？！整形外科林志玲的病患太熱情，竟買了超昂貴禮物答謝醫生？！牙醫界韋禮安被病患要求換醫生，竟是注重打扮惹的禍？！牙醫界最美女醫遇超怪病患，竟準備這樣物品當禮物？！口腔外科曾莞婷人氣太高，學長為了示好竟做了這舉動？！"
          },
          {
            "content_id": "VOD00351360",
            "time_codes": [
              956000,
              1886000,
              2416000
            ],
            "timecode_duration": [],
            "length": 2817000,
            "asset_id": "vod11069-001589M001",
            "title": "",
            "subtitle": "第1589集 看身體就能知健康，誰是外觀看疾病知識王？！",
            "ep_number": 1589,
            "rating": 1,
            "content_type": "show",
            "p_start": 1762013700000,
            "vod_channel_description": "屁孩想讓肌肉放鬆常去泡溫泉，但泡完竟讓大眾池的老人家來關心？！何依霈為了美觀做雷射手術，前後做了5次竟是因為這個理由？！何妤玟拍外景節目膚況變超差，喝了朋友推薦飲品一週就見好氣色？！女病患左乳凹陷沒就醫，只是因為超瞎理由？！每日一照，身體健康與否看了就知道？！"
          },
          {
            "content_id": "VOD00351361",
            "time_codes": [
              942000,
              1934000,
              2557000
            ],
            "timecode_duration": [],
            "length": 2816000,
            "asset_id": "vod11069-001590M001",
            "title": "",
            "subtitle": "第1590集 不是玩遊戲，醫師天天要面對的殘酷二選一？！",
            "ep_number": 1590,
            "rating": 1,
            "content_type": "show",
            "p_start": 1762016700000,
            "vod_channel_description": "李維維提起父親，感人故事淚灑攝影棚！潘君侖父母擔心兒子工作忙碌，竟瞞了這件事兩個月？！邱偲琹做胸口檢查意外發現很多囊腫，竟是這個作息惹的禍？！孕婦腦血管瘤破裂建議中止妊娠，結局竟驚喜大反轉？！面對生死的殘酷二選一，醫師們勵志故事不藏私大公開！"
          },
          {
            "content_id": "VOD00351362",
            "time_codes": [
              945000,
              1829000,
              2415000
            ],
            "timecode_duration": [],
            "length": 2814000,
            "asset_id": "vod11069-001591M001",
            "title": "",
            "subtitle": "第1591集 不要再刷存在感，小問題顧不好變大麻煩？！",
            "ep_number": 1591,
            "rating": 1,
            "content_type": "show",
            "p_start": 1762019700000,
            "vod_channel_description": "郭婷筠背上長了這腫瘤，拆線回家後竟又長出一顆？！大飛從小久站就會痛，復健科朋友提醒再不治療就會變超嚴重？！劉伊心兒子玩到腳指甲掀起來，竟是因為跟姊姊們玩這個東西？家長們千萬注意？！足底筋膜炎好發族群比例高，醫師教如何挑選正確的鞋子！快來檢視自己是小題大做？還是粗心大意？"
          },
          {
            "content_id": "VOD00351363",
            "time_codes": [
              928000,
              1871000,
              2476000
            ],
            "timecode_duration": [],
            "length": 2816000,
            "asset_id": "vod11069-001592M001",
            "title": "",
            "subtitle": "第1592集 疾病也能生到忘記？快來檢視你的身體訊息？！",
            "ep_number": 1592,
            "rating": 1,
            "content_type": "show",
            "p_start": 1762022700000,
            "vod_channel_description": "李又汝健檢發現甲狀腺指數異常，卻因這理由停止追蹤，讓醫師傻眼？！劉曉憶出現感冒症狀一直沒改善，醫生檢查原因竟是這症狀造成的？！阿松一起床就暈到吐，血壓飆超高竟堅持不去醫院，差點釀禍？！50歲婦人堅持自己沒有腎衰竭，原因竟是迷信師父的一句話？後果不敢想像！"
          },
          {
            "content_id": "VOD00351364",
            "time_codes": [
              907000,
              1865000,
              2495000
            ],
            "timecode_duration": [],
            "length": 2818000,
            "asset_id": "vod11069-001593M001",
            "title": "",
            "subtitle": "第1593集 過來人狂推！尷尬看診「男女醫」這樣選？！",
            "ep_number": 1593,
            "rating": 1,
            "content_type": "show",
            "p_start": 1762025700000,
            "vod_channel_description": "曾智希為手術排開工作，打完點滴才發現手術醫生忘記要開刀沒來？！璟宣排了一個半小時看婦產科名醫，醫師態度卻令人超傻眼？！蔡允潔懷孕上廁所發現屁股一攤血，醫生檢查竟是這個超尷尬症狀？！女醫生超直接行為，竟讓女病患嚇到不做檢查？！"
          },
          {
            "content_id": "VOD00351365",
            "time_codes": [
              931000,
              1924000,
              2419000
            ],
            "timecode_duration": [],
            "length": 2820000,
            "asset_id": "vod11069-001594M001",
            "title": "",
            "subtitle": "第1594集 你有善待身體嗎？排毒器官知識大會考？！",
            "ep_number": 1594,
            "rating": 1,
            "content_type": "show",
            "p_start": 1762028700000,
            "vod_channel_description": "小優得尿道炎不以為意，情況惡化變這疾病還被迫住院一個禮拜？！陳德修有B肝家族史，時常感到疲累卻等到這時候才求助醫生？！李新自爆有「大便強迫症」！每天沒做這件事就會睡不好？！28歲男性痔瘡嚴重到掉出來，竟是每天堅持習慣造成的？！女病患靠這藥品減重，沒想到竟造成腎衰竭？！"
          },
          {
            "content_id": "VOD00351366",
            "time_codes": [
              921000,
              1899000,
              2411000
            ],
            "timecode_duration": [],
            "length": 2810000,
            "asset_id": "vod11069-001595M001",
            "title": "",
            "subtitle": "第1595集 對醫院真的好陌生，出入院懶人包、全攻略一次看！",
            "ep_number": 1595,
            "rating": 1,
            "content_type": "show",
            "p_start": 1762031700000,
            "vod_channel_description": "安歆澐生產生到沒力氣，竟誤以為進醫院就不能做這件事？！林舒語表示待產包物品不需太多，卻帶了一大堆同類型器材？！余祥銓為了減緩姊姊化療的辛苦，發現能夠減緩副作用的保健神器？！鄧雯心醫師生第一胎狂喝這飲料，竟害她來不及使用無痛分娩？！就醫前千萬別吃這藥物，否則醫生看診超困難？！"
          },
          {
            "content_id": "VOD00351367",
            "time_codes": [
              1072000,
              1851000,
              2465000
            ],
            "timecode_duration": [],
            "length": 2815000,
            "asset_id": "vod11069-001596M001",
            "title": "",
            "subtitle": "第1596集 年末嗨玩超後悔系列！預支的快樂遲早要還？！",
            "ep_number": 1596,
            "rating": 1,
            "content_type": "show",
            "p_start": 1762034700000,
            "vod_channel_description": "黃小柔唱歌太嗨喝醉酒，超糗行為竟意外交到新朋友？！朱宇謀被朋友起鬨展現男子氣概，下秒糗了開始臉色發青？！范乙霏聚會放肆吃美食，檢查居然遇到超尷尬狀況？！50歲男子把網咖當自己家，這行為竟讓他進入永久沉睡？！17歲男孩騎車自摔，超幼稚行為才是傷勢嚴重的主因？！"
          },
          {
            "content_id": "VOD00351368",
            "time_codes": [
              1019000,
              1810000,
              2513000
            ],
            "timecode_duration": [],
            "length": 2815000,
            "asset_id": "vod11069-001597M001",
            "title": "",
            "subtitle": "第1597集 夫妻吵到變破病？想結婚就要先修身養性？！",
            "ep_number": 1597,
            "rating": 1,
            "content_type": "show",
            "p_start": 1762037700000,
            "vod_channel_description": "小咪和唐志中吵到大打出手，甚至還嚴重到送急診？！鄒承恩發現小孩有口吃，長輩竟一口咬定是太太害的？！黃馨儀老公求愛用錯方法，夫妻親密關係總是不同調？！病患夫婦突然在診間吵起來，先生竟突然撞壁昏倒？！總是跟另一半吵到陷入婚姻危機？！夫妻相處秘訣專家不藏私大公開！"
          },
          {
            "content_id": "VOD00351369",
            "time_codes": [
              1008000,
              1840000,
              2426000
            ],
            "timecode_duration": [],
            "length": 2810000,
            "asset_id": "vod11069-001598M001",
            "title": "",
            "subtitle": "第1598集 冬天補擔心越補越大洞？專家教你正確越補越開心？！",
            "ep_number": 1598,
            "rating": 1,
            "content_type": "show",
            "p_start": 1762040700000,
            "vod_channel_description": "劉心語聽聞食療可改善經期問題，竟然三餐加下午茶都開始吃中藥補品？！夏乙薇因天冷連續吃了2週這補品，不僅導致腸胃不適還經期不順？！何妤玟聚會隔天總是水腫，日本朋友推薦能加進正餐中的超神保健品？！40歲病患一年四季都在進補，檢查竟發現食道差點變癌症？！"
          },
          {
            "content_id": "VOD00351370",
            "time_codes": [
              949000,
              1899000,
              2398000
            ],
            "timecode_duration": [],
            "length": 2800000,
            "asset_id": "vod11069-001599M001",
            "title": "",
            "subtitle": "第1599集 別再怪運勢，事事不順都是體內這些太少了？！",
            "ep_number": 1599,
            "rating": 1,
            "content_type": "show",
            "p_start": 1762043700000,
            "vod_channel_description": "可藍以為兒子超倒楣感冒一直好不了，結果竟是已感染2次的超流行病毒？！姚黛瑋健檢拿到醫生神秘紙條，竟是因為這時候囊腫有破裂的風險？！劉涵竹頭昏搞錯錄影時間，原來是這個身體功能作祟？！50歲夫婦為求子用盡千方百計，最終竟因這麼簡單就來好消息？！"
          },
          {
            "content_id": "VOD00351371",
            "time_codes": [
              1005000,
              1889000,
              2359000
            ],
            "timecode_duration": [],
            "length": 2814000,
            "asset_id": "vod11069-001600M001",
            "title": "",
            "subtitle": "第1600集 三餐吃飽飽營養還是不夠？營養素知識大PK！",
            "ep_number": 1600,
            "rating": 1,
            "content_type": "show",
            "p_start": 1762046700000,
            "vod_channel_description": "馮媛甄國中因這疾病常去保健室報到，媽媽竟懷疑她是想翹課？！黃豪平從小因容易抽筋而開始補充保健品，長大才發現病因竟跟營養素無關？！楊佩潔為了提高睡眠品質，竟故意做這件事，讓現場人大呼不可思議？！心情沮喪想吃巧克力，竟是身體缺乏這種營養素的警告？！"
          },
          {
            "content_id": "VOD00364807",
            "time_codes": [
              989000,
              1892000,
              2281000
            ],
            "timecode_duration": [],
            "length": 2817000,
            "asset_id": "vod11069-001601M001",
            "title": "",
            "subtitle": "第1601集 都21世紀了！還再用錯誤觀念養小孩？！",
            "ep_number": 1601,
            "rating": 1,
            "content_type": "show",
            "p_start": 1762049700000,
            "vod_channel_description": "楊皓如女兒帶閨蜜到家裡玩，卻因為媽媽這態度突然甩門進房間，令眾人傻眼？！林佳儀嚴格按時節調理孩子身體，原因竟是孩子身體曾出現這問題？！何妤玟抓中藥給孩子不領情，意外在網上發現完全不苦的超好喝補物？！孩子學習容易打瞌睡，竟是這疾病造成的？！"
          },
          {
            "content_id": "VOD00364808",
            "time_codes": [
              1076000,
              1893000,
              2468000
            ],
            "timecode_duration": [],
            "length": 2814000,
            "asset_id": "vod11069-001602M001",
            "title": "",
            "subtitle": "第1602集 天氣冷吱吱，身體功能也跟著被凍僵？！",
            "ep_number": 1602,
            "rating": 1,
            "content_type": "show",
            "p_start": 1762052700000,
            "vod_channel_description": "黃靖倫到青藏高原拍實境秀，竟因這原因在西藏差點天葬？！林岱縈只要天冷身體就會出現這症狀，甚至嚴重到無法入睡？！張心妍活動結束便回家睡一覺，殊不知睡醒後竟因這原因嚴重到下不了床？！30歲女性跟男友露營沒做到這件事，隔天竟突然聽力下降？！"
          },
          {
            "content_id": "VOD00364809",
            "time_codes": [
              1159000,
              1819000,
              2458000
            ],
            "timecode_duration": [],
            "length": 2805000,
            "asset_id": "vod11069-001603M001",
            "title": "",
            "subtitle": "第1603集 年齡只是數字？檢視身體比實際年齡小vs老？！",
            "ep_number": 1603,
            "rating": 1,
            "content_type": "show",
            "p_start": 1762055700000,
            "vod_channel_description": "王彩樺照超音波發現乳房有這症狀，竟害怕到躲起來偷哭？！倪安常常隱形眼鏡久戴不脫，某天醒來竟發現失明了？！高仁和帶小孩去公園玩，竟因這件事被路人誤以為是兒子的爺爺？！26歲女生一直沒有論及婚嫁，罪魁禍首竟是這個身體問題？！想讓身體維持年輕有氣色嗎？凍齡保養的秘訣不藏私大公開！"
          },
          {
            "content_id": "VOD00364810",
            "time_codes": [
              1199000,
              1882000,
              2444000
            ],
            "timecode_duration": [],
            "length": 2818000,
            "asset_id": "vod11069-001604M001",
            "title": "",
            "subtitle": "第1604集 害你沒朋友的「症頭」？原來是大腦生病了？！",
            "ep_number": 1604,
            "rating": 1,
            "content_type": "show",
            "p_start": 1762058700000,
            "vod_channel_description": "劉語晴當偶像工作壓力太大，常竟因這症狀昏倒在家？！粿粿因選擇障礙超困擾，導致愛吃甜點的她乾脆通吃？！張可昀開車超會拖，接小孩回家10分鐘路程竟開了3小時？！醫師上班習慣性遲到，請護理師幫忙拖延時間竟踢到鐵板？！別再被自己的高標準卡住了！本集專家利用心理測驗幫你解開對心理症狀的誤會！"
          },
          {
            "content_id": "VOD00364811",
            "time_codes": [
              972000,
              1835000,
              2290000
            ],
            "timecode_duration": [],
            "length": 2800000,
            "asset_id": "vod11069-001605M001",
            "title": "",
            "subtitle": "第1605集 三高威脅變四高，慢性病大會考教你遠離危害？",
            "ep_number": 1605,
            "rating": 1,
            "content_type": "show",
            "p_start": 1762061700000,
            "vod_channel_description": "蔡頤榛聽不進親友建議戒掉甜食，直到上廁所出現這狀況才果斷戒糖？！無尊代言工作拍到視力模糊，到醫院檢查才發現是這疾病造成的？！呂文婉開車路怒症大發，血壓競飆到這麼高？！年輕人因肚子痛掛急診，檢查竟發現這指數竟飆到1000多？！"
          },
          {
            "content_id": "VOD00364812",
            "time_codes": [
              1079000,
              1857000,
              2399000
            ],
            "timecode_duration": [],
            "length": 2781000,
            "asset_id": "vod11069-001606M001",
            "title": "",
            "subtitle": "第1606集 你才奇怪！醫院奇人怪事多堪比怪奇大賽？",
            "ep_number": 1606,
            "rating": 1,
            "content_type": "show",
            "p_start": 1762064700000,
            "vod_channel_description": "夏宇童朋友半夜肚子痛到站不起來，原因竟是這東西掉進腹腔造成的？！70歲長輩吃飯發現食物咬不動，竟發現整副假牙掉吞進胃裡，嚇壞眾人？！病患鼻水流不停以為是過敏性鼻炎，居然從鼻腔夾出不明組織皮？！胰臟癌病患不治療、每天只做這件事，檢查卻發現腫瘤不翼而飛了？！"
          },
          {
            "content_id": "VOD00364813",
            "time_codes": [
              917000,
              1919000,
              2462000
            ],
            "timecode_duration": [],
            "length": 2814000,
            "asset_id": "vod11069-001607M001",
            "title": "",
            "subtitle": "第1607集 別再問這種鬼問題，女生真心話大解析？！",
            "ep_number": 1607,
            "rating": 1,
            "content_type": "show",
            "p_start": 1762067700000,
            "vod_channel_description": "天氣轉冷兒子卻不願穿外套，林可彤得知原因直接上演一齣悲情大戲？！羅巧倫3個月內胖了8公斤，竟是因做這件事造成內分泌失調？！黃雨欣已生2女兒，碰到親朋好友還是狂問要不要生男生，讓她白眼翻不完？！20歲病人經前突然暴怒又爆哭，直到開了這藥物調整才大幅改善！"
          },
          {
            "content_id": "VOD00364814",
            "time_codes": [
              1002000,
              1857000,
              2412000
            ],
            "timecode_duration": [],
            "length": 2803000,
            "asset_id": "vod11069-001608M001",
            "title": "",
            "subtitle": "第1608集 還想再放假一百年，擺脫年後病痛累就靠這幾招？！",
            "ep_number": 1608,
            "rating": 1,
            "content_type": "show",
            "p_start": 1762070700000,
            "vod_channel_description": "羅美玲因過於擔憂孩子，不僅影響工作表現還讓身體亮紅燈？！蘿莉塔過年玩太嗨，開工後發現全身骨頭都歪掉了？！賴薇如因天冷穿緊身褲又憋尿，沒想到反而造成尿道出現大問題？！年後就是不想上班，醫師教你如何擺脫假期症候群？！連假一結束病痛累全上身，治療病痛方法專家不藏私大公開！"
          },
          {
            "content_id": "VOD00364815",
            "time_codes": [
              966000,
              1842000,
              2441000
            ],
            "timecode_duration": [],
            "length": 2805000,
            "asset_id": "vod11069-001609M001",
            "title": "",
            "subtitle": "第1609集 大人冤枉啊！我絕對不是在為自己找藉口？！",
            "ep_number": 1609,
            "rating": 1,
            "content_type": "show",
            "p_start": 1762073700000,
            "vod_channel_description": "孫興拍戲完全沒辦法專心，竟是因為下半身狀況再也忍不住了？！劉璇拒絕跟男友恩愛，強調不是不愛是這疾病害沒興致？！壯壯長時間飛歐美工作，因睡不夠導致身體出現這問題？！40歲男性吃了朋友介紹養身藥草，竟引起這恐怖病變？！別再把不舒服當成免死金牌！快來檢視自己是生病還是真的在找藉口？！"
          },
          {
            "content_id": "VOD00364816",
            "time_codes": [
              1093000,
              1760000,
              2529000
            ],
            "timecode_duration": [],
            "length": 2814000,
            "asset_id": "vod11069-001610M001",
            "title": "",
            "subtitle": "第1610集 新趨勢正夯！沒跟上就要跟社會脫節啦？！",
            "ep_number": 1610,
            "rating": 1,
            "content_type": "show",
            "p_start": 1762076700000,
            "vod_channel_description": "宋哥為檢視睡眠狀況下載記錄軟體，結果不僅沒用甚至還造成多重影響？！楊子儀入戲太深突然昏倒，竟意外發現有心臟問題？！梁舒涵剛出社會超沒安全感，竟要持續做這件事才能緩解壓力，引起眾人驚訝？！營養師趙函穎體驗學生推薦銅鑼浴，做完壓力反而更大了？！"
          },
          {
            "content_id": "VOD00364817",
            "time_codes": [
              991000,
              1836000,
              2488000
            ],
            "timecode_duration": [],
            "length": 2813000,
            "asset_id": "vod11069-001611M001",
            "title": "",
            "subtitle": "第1611集 健康花費不能省，怎樣選才不會變盤子？！",
            "ep_number": 1611,
            "rating": 1,
            "content_type": "show",
            "p_start": 1762079700000,
            "vod_channel_description": "夏如芝擔心自己有腦中風，自費做檢查竟花了幾萬塊？！陶嫚曼產後多處部位出現不適，每週復健治療花1千元？！GiGi健檢查出肺部出問題，花很多錢做超精密檢查？！30歲上班族因天生優勢竟造成頸部不適，恐需動手術才能痊癒？！健康意識抬頭但經濟有限怎麼辦？專家告訴你如何花才不會後悔莫及！"
          },
          {
            "content_id": "VOD00364818",
            "time_codes": [
              1014000,
              1824000,
              2413000
            ],
            "timecode_duration": [],
            "length": 2800000,
            "asset_id": "vod11069-001612M001",
            "title": "",
            "subtitle": "第1612集 女生男生都該看？你的下半身「泌」密醫師最知道？！",
            "ep_number": 1612,
            "rating": 1,
            "content_type": "show",
            "p_start": 1762082700000,
            "vod_channel_description": "丁寧生三胎後忍尿變困難，醫師建議雷射加這項運動才能快速改善？！吳東諺做結紮手術沒加麻醉，清醒看女醫師動手術超尷尬？！安苡愛到海邊玩水頻尿變嚴重，付費廁所乾脆這樣做讓她上到飽？！8歲小朋友被學校檢查包皮過長，醫師建議兩個時機點適合割包皮？！"
          },
          {
            "content_id": "VOD00364819",
            "time_codes": [
              931000,
              1913000,
              2372000
            ],
            "timecode_duration": [],
            "length": 2806000,
            "asset_id": "vod11069-001613M001",
            "title": "",
            "subtitle": "第1613集 不可小看的疼痛，骨骼肌肉知識大考驗？！",
            "ep_number": 1613,
            "rating": 1,
            "content_type": "show",
            "p_start": 1762085700000,
            "vod_channel_description": "靜香第一次健身痛到雙腿跳不起來，竟是因為少做這件事？！Eason跑步跌倒腳踝變超腫，竟是自小養成的壞習慣所害？！圓圓搭9小時火車無法好好休息，原因竟是無法長時間維持這怪姿勢？！55歲男性追劇追到腳麻動不了，罪魁禍首居然是自己的床？！筋骨問題影響生活特別大，快來筆記醫師的專業叮囑！"
          },
          {
            "content_id": "VOD00364820",
            "time_codes": [
              952000,
              1881000,
              2487000
            ],
            "timecode_duration": [],
            "length": 2820000,
            "asset_id": "vod11069-001614M001",
            "title": "",
            "subtitle": "第1614集 每講必吵？傷身用品到底是真消息還是假消息？",
            "ep_number": 1614,
            "rating": 1,
            "content_type": "show",
            "p_start": 1762088700000,
            "vod_channel_description": "翊萱自己染髮染到頭皮長紅點，竟花了半年時間才恢復？！阿諾過馬路摔倒痛到站不起，因為骨齡檢測竟然已經超過60歲？！詹乃蓁盯女兒飲食超費心，辛苦只為了擔心女兒有這症狀？！40歲男性病患因壞習慣造成肝硬化，聽到這句話竟直接跑掉不治療了？網路謠言是真是假，專家教大家破解常見健康迷思？！"
          },
          {
            "content_id": "VOD00364821",
            "time_codes": [
              1177000,
              1899000,
              2421000
            ],
            "timecode_duration": [],
            "length": 2802000,
            "asset_id": "vod11069-001615M001",
            "title": "",
            "subtitle": "第1615集 呼吸就感冒？易病體質都是被自己養出來的？！",
            "ep_number": 1615,
            "rating": 1,
            "content_type": "show",
            "p_start": 1762091700000,
            "vod_channel_description": "阿諾一緊張這症狀就發作？還因此被困在廁所30分種？！夏乙薇在路邊跟男友吵架，竟氣到「說不出話」還送急診？！小珍奶為了參加減肥比賽吃下神祕小藥丸，結果全身無力還狂拉肚子？！45歲女性十年不變的子宮肌瘤突增長到8公分！竟是因為喝了一年的美容飲品？！"
          },
          {
            "content_id": "VOD00364822",
            "time_codes": [
              1039000,
              1891000,
              2304000
            ],
            "timecode_duration": [],
            "length": 2779000,
            "asset_id": "vod11069-001616M001",
            "title": "",
            "subtitle": "第1616集 症狀太像太混亂，誰是疾病分辨王？！",
            "ep_number": 1616,
            "rating": 1,
            "content_type": "show",
            "p_start": 1762094700000,
            "vod_channel_description": "禹安為了直播工作狂喝這飲料，一轉眼竟發現心跳飆到110？！JR紀言愷做完腹部訓練咳嗽止不住，症狀持續一個月竟不是肺部的問題？！謝忻起床腰痛誤以為是這疾病？醫生說出真相超尷尬！男性病患搬完重物腰超痛，檢查竟發現超嚴重症狀？！這些症狀比雙胞胎還像雙胞胎，專家教如何分辨易混淆疾病！"
          },
          {
            "content_id": "VOD00364823",
            "time_codes": [
              934000,
              1839000,
              2449000
            ],
            "timecode_duration": [],
            "length": 2792000,
            "asset_id": "vod11069-001617M001",
            "title": "",
            "subtitle": "第1617集 看了診又無解？惱人症狀其實有藥可治？！",
            "ep_number": 1617,
            "rating": 1,
            "content_type": "show",
            "p_start": 1762097700000,
            "vod_channel_description": "愛雅老公竟能未卜先知？出現這行為知道經期要來了？！Terry為戲激進減肥，竟減到差點連命都沒了？！藹蔚減重原因超揪心，竟然每天只吃這種水果？！30歲男性腹瀉時間長達一年，吃藥還是無效原因竟是它？！還在以為這些煩惱看診也沒用？專家告訴你惱人症狀該如何解決！"
          },
          {
            "content_id": "VOD00364824",
            "time_codes": [
              1134000,
              1895000,
              2465000
            ],
            "timecode_duration": [],
            "length": 2796000,
            "asset_id": "vod11069-001618M001",
            "title": "",
            "subtitle": "第1618集 越說不行越想做，醫師教你打破疾病禁忌？！",
            "ep_number": 1618,
            "rating": 1,
            "content_type": "show",
            "p_start": 1762100700000,
            "vod_channel_description": "安歆澐吃泰國減肥藥竟有後遺症，只因做了這件事就引發急性腎炎？！阿喜參加辯論節目太緊張，竟崩潰到身體引發嚴重疾病？！AZ李孝祖大學染上這疾病超困擾，還須為此每天提前3小時起床保養？！男病患因肥胖造成胃食道逆流，吃藥吃了3個月竟突然人間蒸發？！"
          },
          {
            "content_id": "VOD00364825",
            "time_codes": [
              1066000,
              1856000,
              2490000
            ],
            "timecode_duration": [],
            "length": 2812000,
            "asset_id": "vod11069-001619M001",
            "title": "",
            "subtitle": "第1619集 總是挑時間發作？一早到晚的毛病超級多？！",
            "ep_number": 1619,
            "rating": 1,
            "content_type": "show",
            "p_start": 1762103700000,
            "vod_channel_description": "曲艾玲遇變天就會鼻涕逆流，查出病因醫生竟建議搬離台灣？！玉兔生產完身體一堆病，這動作竟害手完全動不了？！烱銘工作忙到出現這症狀，不吃藥休息就會逐漸惡化？！病人因這部位痛到睡不著，檢查竟發現骨頭被吃掉了？！別讓常見症狀變理所當然，專家教早晚出現這些不適該如何緩解！"
          },
          {
            "content_id": "VOD00364826",
            "time_codes": [
              982000,
              1885000,
              2487000
            ],
            "timecode_duration": [],
            "length": 2813000,
            "asset_id": "vod11069-001620M001",
            "title": "",
            "subtitle": "第1620集 身體的反撲最可怕，連醫師都緊張的併發症？！",
            "ep_number": 1620,
            "rating": 1,
            "content_type": "show",
            "p_start": 1762106700000,
            "vod_channel_description": "朱芯儀手術前出現這跡象，導致開完刀一咳嗽胸腔就震動？！張雁名這部位動手術害臉腫成大番薯，竟嚴重到一個月都沒知覺？！許鈞鈞為了做這項療程在腿上打針，過幾天竟腫到完全無法走路？！帥哥醫師手術不幸讓患者失聲，結局卻讓眾人跌破眼鏡？！有時手術結果不如預期真不是醫生的問題。"
          },
          {
            "content_id": "VOD00364827",
            "time_codes": [
              997000,
              1840000,
              2494000
            ],
            "timecode_duration": [],
            "length": 2785000,
            "asset_id": "vod11069-001621M001",
            "title": "",
            "subtitle": "第1621集 生活中的躲貓貓高手！小東西竟會偷偷地傷害身體？！",
            "ep_number": 1621,
            "rating": 1,
            "content_type": "show",
            "p_start": 1762109700000,
            "vod_channel_description": "趙正平前室友遇季節變化就會狂打噴嚏，沒想到過敏原竟是他自己的寵物？！李愛綺到夏威夷度假運氣太差，玩桌遊竟玩到站不起來？！阿樂一進廟裡就發燒，家人以為中邪其實是對這東西過敏？！60歲大哥誤把漂白水拿來洗頭，罪魁禍首竟是他的太太？！生活中的小意外無處不在，專家教你如何防患未然！"
          },
          {
            "content_id": "VOD00364828",
            "time_codes": [
              1046000,
              1838000,
              2419000
            ],
            "timecode_duration": [],
            "length": 2814000,
            "asset_id": "vod11069-001622M001",
            "title": "",
            "subtitle": "第1622集 別放棄人生！壞習慣也有補救黃金時間？！",
            "ep_number": 1622,
            "rating": 1,
            "content_type": "show",
            "p_start": 1762112700000,
            "vod_channel_description": "崔佩儀年輕時嘗試流行減肥法，沒想到竟在錄影時直接昏倒？！李佳豫每個月都要跑婦產科檢查，竟是因出外景搭船憋尿超過10小時？！翁鈺鈞扛行李摔倒撞到尾椎，導致遇這狀況屁股就超痛？！女病患長時間斷食腸胃出現不適，檢查竟發現罹患癌症？！有壞習慣的人必看這集！"
          },
          {
            "content_id": "VOD00364829",
            "time_codes": [
              1024000,
              1835000,
              2486000
            ],
            "timecode_duration": [],
            "length": 2817000,
            "asset_id": "vod11069-001623M001",
            "title": "",
            "subtitle": "第1623集 食安風暴又來了？揭密你的日常飲食疑問？！",
            "ep_number": 1623,
            "rating": 1,
            "content_type": "show",
            "p_start": 1762115700000,
            "vod_channel_description": "朱芯儀被親戚拱喝這種健康水，結果反而開始腸胃不適？！唐振剛到孟加拉出外景，喝了當地的這種飲品竟拉了20幾天的肚子？！宋哥吃麵挑戰某種地獄調味粉，竟吃到差點為胃穿孔？！62歲大姊堅信自己吃到蘇丹紅才出現血尿，檢查發現其實是這部位感染害的？！別再自己當醫生，專家幫你破解食安迷思！"
          },
          {
            "content_id": "VOD00364830",
            "time_codes": [
              1168000,
              1685000,
              2184000
            ],
            "timecode_duration": [],
            "length": 2807000,
            "asset_id": "vod11069-001624M001",
            "title": "",
            "subtitle": "第1624集 正反問題掀論戰？拜託別管我！這是我的選擇！",
            "ep_number": 1624,
            "rating": 1,
            "content_type": "show",
            "p_start": 1762118700000,
            "vod_channel_description": "王思佳選擇睡這種飯店枕頭，隔天起床竟發現脖子動不了？！楊千霈聽爸爸說洗冷水澡比較健康，結果洗了三年才發現事情真相？！陳子玄拍戲穿這種鞋拐到腳，收工看診竟發現差點破傷風？！60歲男性洗澡洗到突然昏倒，罪魁禍首竟是洗澡水？！正反問題到底該怎麼選？專家教你這樣做才不會傷害健康！"
          },
          {
            "content_id": "VOD00364831",
            "time_codes": [
              1157000,
              1792000,
              2337000
            ],
            "timecode_duration": [],
            "length": 2792000,
            "asset_id": "vod11069-001625M001",
            "title": "",
            "subtitle": "第1625集 外食當道的社會！誰才是真正的健康外食王？！",
            "ep_number": 1625,
            "rating": 1,
            "content_type": "show",
            "p_start": 1762121700000,
            "vod_channel_description": "筠熹錄影時大腦無法思考，竟是因為只選這種外食當正餐？！山豬跟朋友吃速食吃不夠，還會繼續買高熱量食物來吃，到底出了麼事？！Dora搭捷運暈到眼前發黑，懷疑可能是這類早餐害的？！病患聽說補充維他命可避免中風，到底是真是假？！外食健康撇步要如何吃？專家不藏私大公開！"
          },
          {
            "content_id": "VOD00364832",
            "time_codes": [
              1171000,
              1853000,
              2515000
            ],
            "timecode_duration": [],
            "length": 2812000,
            "asset_id": "vod11069-001626M001",
            "title": "",
            "subtitle": "第1626集 太脆弱了吧？到底是太「嬌氣」還是身體真的出問題？！",
            "ep_number": 1626,
            "rating": 1,
            "content_type": "show",
            "p_start": 1762124700000,
            "vod_channel_description": "洪都拉斯震驚，爸爸腳上竟長出穿山甲？到底麼回事？！李亮瑾餵孩子餵到尾椎骨裂，後遺症讓帶小孩變得好困擾？！蔡逸帆一遇夏天就全身長疹子，查出過敏原真相太荒唐？！50歲婦女全身上下一碰就痛，檢查竟是得了公主病？！身體太敏感以為自己太嬌貴？專家幫你解答可能是健康問題！"
          },
          {
            "content_id": "VOD00364833",
            "time_codes": [
              886000,
              1885000,
              2471000
            ],
            "timecode_duration": [],
            "length": 2814000,
            "asset_id": "vod11069-001627M001",
            "title": "",
            "subtitle": "第1627集 醫師眉頭一皺，看到這「名詞」表示身體不妙啦？！",
            "ep_number": 1627,
            "rating": 1,
            "content_type": "show",
            "p_start": 1762127700000,
            "vod_channel_description": "梁佑南看到健檢報告關鍵字超緊張，醫師建議這時間一定要平躺休息？！余天檢查出這器官纖維化，余祥銓買這物品孝親竟能改善菸咳？！林葉亭飛日本出差接到醫院電話，竟發現乳房長東西要盡快回診？！56歲男病患總是胸悶睡不好，檢查血管有黑影竟是這疾病造成的？！不是檢查做完就沒事了！"
          },
          {
            "content_id": "VOD00364834",
            "time_codes": [
              946000,
              1744000,
              2447000
            ],
            "timecode_duration": [],
            "length": 2777000,
            "asset_id": "vod11069-001628M001",
            "title": "",
            "subtitle": "第1628集 天公伯救救我！開心出遊卻有掃興鬼作祟？！",
            "ep_number": 1628,
            "rating": 1,
            "content_type": "show",
            "p_start": 1762130700000,
            "vod_channel_description": "李祖寧老公出國食物中毒超悲劇！肚子不適竟讓全車幫忙找廁所？！黃鐙輝全家出遊搭船超級暈？最後竟全程和兒子擠廁所？！王瑞玲這部位舊傷影響太大，日本旅遊竟只能待在飯店休息？！50歲女病患出國回來一直反覆發燒，檢查竟嚴重到引發這疾病？！別讓身體突發狀況成為掃興鬼。"
          },
          {
            "content_id": "VOD00364835",
            "time_codes": [
              868000,
              1846000,
              2506000
            ],
            "timecode_duration": [],
            "length": 2816000,
            "asset_id": "vod11069-001629M001",
            "title": "",
            "subtitle": "第1629集 症狀總是反反覆覆？知識小撇步改善你的肌膚困擾！",
            "ep_number": 1629,
            "rating": 1,
            "content_type": "show",
            "p_start": 1762133700000,
            "vod_channel_description": "陳為民從小就有與眾不同的痣，只要碰到這日常物品就會感到刺癢？！Amanda小腿莫名起大片紅疹，懷疑這家電是罪魁禍首？！黃沐妍因臉上痘疤超沒自信，靠朋友推薦法寶找回自信美麗？！伯伯睡覺睡到整個枕頭都是血，竟是這症狀惡化造成的？！人與人之間的第一印象超重要，快來看看專家教如何改善肌膚問題！"
          },
          {
            "content_id": "VOD00364836",
            "time_codes": [
              857000,
              1853000,
              2418000
            ],
            "timecode_duration": [],
            "length": 2820000,
            "asset_id": "vod11069-001630M001",
            "title": "",
            "subtitle": "第1630集 每日必做的SOP，卻有著滿滿傷害你的利刃？！",
            "ep_number": 1630,
            "rating": 1,
            "content_type": "show",
            "p_start": 1762136700000,
            "vod_channel_description": "林韋君睡覺突然胸悶又呼吸困難，竟是這項早餐好夥伴害的？！關韶文改不掉上廁所的壞習慣，害他屁股冒出超大顆痘痘？！徐小可早上吃什麼都胃痛，卻意外在百貨發現健康的早餐新選擇？！24歲女生早餐吃水果加拿鐵引發胃潰瘍，結果竟是這成分害的？！每天習以為常的事情可能在傷害身體？"
          },
          {
            "content_id": "VOD00364837",
            "time_codes": [
              830000,
              1792000,
              2384000
            ],
            "timecode_duration": [],
            "length": 2810000,
            "asset_id": "vod11069-001631M001",
            "title": "",
            "subtitle": "第1631集 一發作就不爽！五官疾病知識大PK？！",
            "ep_number": 1631,
            "rating": 1,
            "content_type": "show",
            "p_start": 1762139700000,
            "vod_channel_description": "禹安起床發現口氣重到連刷牙都消不了？檢查發現竟不是口腔問題？！逸祥做這舉動就會流鼻血？醫生告知只能靠開刀來解決？！成語蕎忙太晚眼前容易出現黑點，做完這項手術竟神奇地改善了？！患者眼睛發炎一直好不了，檢查竟發現鼻子才是真正的感染原因？！"
          },
          {
            "content_id": "VOD00364838",
            "time_codes": [
              1098000,
              1832000,
              2417000
            ],
            "timecode_duration": [],
            "length": 2809000,
            "asset_id": "vod11069-001632M001",
            "title": "",
            "subtitle": "第1632集 明明知道是關心！為何聽起來卻處處不舒服？！",
            "ep_number": 1632,
            "rating": 1,
            "content_type": "show",
            "p_start": 1762142700000,
            "vod_channel_description": "麻衣拍八點檔拍到住院，大吐自己血淚史？！李唯楓和朋友玩遊戲玩到手流血，竟是因為大家起鬨做這件蠢事？！倪暄跟姊妹出國竟發現護照不翼而飛，最後真相竟讓朋友大傻眼？！60歲癌末阿姨向醫師吐心聲，朋友以為是關心的「這句話」讓她心好累？！"
          },
          {
            "content_id": "VOD00364839",
            "time_codes": [
              1061000,
              1891000,
              2329000
            ],
            "timecode_duration": [],
            "length": 2808000,
            "asset_id": "vod11069-001633M001",
            "title": "",
            "subtitle": "第1633集 一加一大於二，看西醫加上「他」疾病好更快？！",
            "ep_number": 1633,
            "rating": 1,
            "content_type": "show",
            "p_start": 1762145700000,
            "vod_channel_description": "張秀卿壓力大就水腫，用這個按摩法寶竟能超快速消腫？！Julie右手有習慣性脫臼，自從接觸某項運動就能消除不適？！林茉晶被提分手每天爆哭，為了盡快振作而去接觸神奇舒壓法？！50歲男性總是睡到頭劇痛，罪魁禍首竟是老婆的助眠好物？！"
          },
          {
            "content_id": "VOD00364840",
            "time_codes": [
              896000,
              1838000,
              2404000
            ],
            "timecode_duration": [],
            "length": 2817000,
            "asset_id": "vod11069-001634M001",
            "title": "",
            "subtitle": "第1634集 小毛病都是「發炎」惹的禍，亞健康族群有救嗎？",
            "ep_number": 1634,
            "rating": 1,
            "content_type": "show",
            "p_start": 1762148700000,
            "vod_channel_description": "禹安遇變天就容易皮膚過敏，竟是因為這項身體功能變弱？！阿虎喝酒喝到吐血嚇壞眾人，醫生警告再喝下去恐變這疾病？！林雨宣因長期鼻塞而用嘴呼吸，最後改用鼻噴劑竟是這原因？！45歲上班族常感到身體疲累，直到低燒掛急診才發現是這疾病？！上班族小毛病不可輕忽！看似不痛不癢也須及早治療！"
          },
          {
            "content_id": "VOD00364841",
            "time_codes": [
              908000,
              1891000,
              2455000
            ],
            "timecode_duration": [],
            "length": 2814000,
            "asset_id": "vod11069-001635M001",
            "title": "",
            "subtitle": "第1635集 父母高喊老了嗎，越來越跟不上孩子的生活？！",
            "ep_number": 1635,
            "rating": 1,
            "content_type": "show",
            "p_start": 1762151700000,
            "vod_channel_description": "佩佩小孩超愛玩這種流行玩具，上網查竟發現成分超級毒？！小孩自己說想學卻三分鐘熱度？蔣偉文用這招讓孩子不能偷懶？！維尼媽小孩挑食太誇張，竟把不喜歡的食物藏到這地方？小朋友莫名手癢無法專心上課，罪魁禍首竟是流行玩具？！小孩的流行好難懂，專家教父母如何防止流行傷害身體？！"
          },
          {
            "content_id": "VOD00364842",
            "time_codes": [
              1020000,
              1871000,
              2506000
            ],
            "timecode_duration": [],
            "length": 2817000,
            "asset_id": "vod11069-001636M001",
            "title": "",
            "subtitle": "第1636集 就讓慾望支配我吧？！事後卻被罪惡感爬滿身？！",
            "ep_number": 1636,
            "rating": 1,
            "content_type": "show",
            "p_start": 1762154700000,
            "vod_channel_description": "范乙霏夏天超愛喝這飲料，月經來竟痛到止痛藥也擋不住？！夏宇禾對飾品超沒抵抗力，一時衝動竟買了上萬塊的耳環？！張愛的壞習慣一直改不掉，跟朋友有約竟鬧出大笑話？！女病患胃部脹氣超嚴重，居然是抒壓方法惹的禍？人類的慾望就像無止盡的黑洞，別再為了一時的快樂搞壞身體！"
          },
          {
            "content_id": "VOD00364843",
            "time_codes": [
              842000,
              1882000,
              2401000
            ],
            "timecode_duration": [],
            "length": 2806000,
            "asset_id": "vod11069-001637M001",
            "title": "",
            "subtitle": "第1637集 嘴角忍不住失守了！我的痛苦竟成了你的快樂？！",
            "ep_number": 1637,
            "rating": 1,
            "content_type": "show",
            "p_start": 1762157700000,
            "vod_channel_description": "何依霈前份工作需長時間做這個動作，竟導致右手無法完全舉高？！陳德修針眼好不了還變兩顆，原因竟是這個老習慣造成？！阿喜搭高鐵這部位突然失去控制，荒唐情況還鬧上了新聞？！美妝專家Sam老師突然站不起，檢查居然發現脊椎出這問題？！"
          },
          {
            "content_id": "VOD00364844",
            "time_codes": [
              854000,
              1862000,
              2411000
            ],
            "timecode_duration": [],
            "length": 2809000,
            "asset_id": "vod11069-001638M001",
            "title": "",
            "subtitle": "第1638集 今年The Last連假？節日的醫院超級熱鬧？！",
            "ep_number": 1638,
            "rating": 1,
            "content_type": "show",
            "p_start": 1762160700000,
            "vod_channel_description": "沈世朋半夜手突然痛到抬不起，檢查竟發現這部位斷掉了？！維尼媽不小心讓孩子玩到全身起蕁麻疹，罪魁禍首竟是庭院裡的它？！陳天仁吃了一年前做的粽子引發腸胃炎，選擇吃下竟是這原因？！中年病人半夜莫名胸痛想吐，竟是因前一晚吃了這樣美食？！"
          },
          {
            "content_id": "VOD00364845",
            "time_codes": [
              911000,
              1854000,
              2485000
            ],
            "timecode_duration": [],
            "length": 2812000,
            "asset_id": "vod11069-001639M001",
            "title": "",
            "subtitle": "第1639集 到底嚴不嚴重？一次搞懂生活中的潛在危機！",
            "ep_number": 1639,
            "rating": 1,
            "content_type": "show",
            "p_start": 1762163700000,
            "vod_channel_description": "倪雅倫和親友聚餐疑似食物中毒，最大嫌疑可能是這道菜？！李岳到越南吃海鮮竟上吐下瀉，直到回台灣才查出是這種病毒？！宛宛兒因感染這病毒飄出濃厚異味，竟被男友以為在上大號？！病患自己當醫生下場超慘，檢查發現常見細菌全中標？！生活中的細菌無處不在，快來看看哪些致命細菌要注意！"
          },
          {
            "content_id": "VOD00364846",
            "time_codes": [
              919000,
              1882000,
              2441000
            ],
            "timecode_duration": [],
            "length": 2819000,
            "asset_id": "vod11069-001640M001",
            "title": "",
            "subtitle": "第1640集 總是花大錢卻沒得到基本保障？快幫醫療保單大健檢？！",
            "ep_number": 1640,
            "rating": 1,
            "content_type": "show",
            "p_start": 1762166700000,
            "vod_channel_description": "朱芯儀以為沒用而停掉這種保險，竟害她化療自費了10幾萬？！大飛對保險一竅不通，摔斷牙齒居然理賠了10幾萬？！郭亞棠動聲帶手術竟復發3次，好險買了這種保險才抵掉所有費用？！病人為了申請理賠不擇手段，竟拜託醫生更改這個事項？！醫療險怎麼這麼難懂？快來聽專家教如何檢視自己的保單！"
          },
          {
            "content_id": "VOD00364847",
            "time_codes": [
              913000,
              1844000,
              2348000
            ],
            "timecode_duration": [],
            "length": 2812000,
            "asset_id": "vod11069-001641M001",
            "title": "",
            "subtitle": "第1641集 身體不要鬧了！！怎麼想的跟做的不一樣？！",
            "ep_number": 1641,
            "rating": 1,
            "content_type": "show",
            "p_start": 1762169700000,
            "vod_channel_description": "潘若迪站老半天都尿不出來，竟是尿道長出這東西？！米可白憋尿超過20分鐘，竟然只是為了這件事？！育涵因這件事處在人生低谷期，壓力大到睡眠大受影響？！病患這症狀堅持不檢查，等到膀胱快炸掉才後悔莫及？！用腦袋想很簡單，為何身體做就這麼困難？專家告訴你究竟是莫非定律還是身體出問題？"
          },
          {
            "content_id": "VOD00364848",
            "time_codes": [
              932000,
              1853000,
              2420000
            ],
            "timecode_duration": [],
            "length": 2810000,
            "asset_id": "vod11069-001642M001",
            "title": "",
            "subtitle": "第1642集 治療神器就在你身邊？只要「做一事」讓你越變越健康？！",
            "ep_number": 1642,
            "rating": 1,
            "content_type": "show",
            "p_start": 1762172700000,
            "vod_channel_description": "彭華幹被五高纏身超過10年，還被醫生恐嚇再不戒掉這壞習慣就完蛋了？！劉涵竹爸爸竟把女兒誤認成妹妹？檢查竟發現罹患不可逆病症？！張家瑋跳國標倒立狠摔地板，只有做到這動作才能緩解疼痛？！聲音藝術無所不能，竟能讓病患減少對這種藥劑的依賴？！"
          },
          {
            "content_id": "VOD00364849",
            "time_codes": [
              982000,
              1939000,
              2516000
            ],
            "timecode_duration": [],
            "length": 2797000,
            "asset_id": "vod11069-001643M001",
            "title": "",
            "subtitle": "第1643集 我的醫師怎麼那麼可愛，選醫秘訣大公開？！",
            "ep_number": 1643,
            "rating": 1,
            "content_type": "show",
            "p_start": 1762175700000,
            "vod_channel_description": "看醫生動手術是人生大事，好醫生怎麼挑？廖慧珍帶媽媽給名醫治腰傷，竟然開刀愈開愈慘？！王晴感冒吃藥越吃越沒效？診所評價不到這數字絕不去？！病患把粉專聊天室當診間問診，最後卻留負評理由太傻眼？！選醫秘訣不藏私大公開！比起選名醫更應該注意這些地方？！"
          },
          {
            "content_id": "VOD00364850",
            "time_codes": [
              951000,
              1863000,
              2469000
            ],
            "timecode_duration": [],
            "length": 2806000,
            "asset_id": "vod11069-001644M001",
            "title": "",
            "subtitle": "第1644集 別再這樣治療小毛病？小心把自己治進大醫院！",
            "ep_number": 1644,
            "rating": 1,
            "content_type": "show",
            "p_start": 1762178700000,
            "vod_channel_description": "江泳錡只要月經一來就血崩，不得已只好做出艱難決定？！惟毅出現這症狀以為開天眼，獲得神秘能力，檢查才發現是這疾病造成？！壯壯弄妝髮講求高效率，竟意外毀容留下疤，怎麼辦？！病患檢查有腫瘤卻堅持不開刀，原因竟是醫師都說要拿掉這器官？！別再自己當醫生啦！那些習以為常的治療法誤區超多？！"
          },
          {
            "content_id": "VOD00364851",
            "time_codes": [
              1032000,
              1893000,
              2362000
            ],
            "timecode_duration": [],
            "length": 2819000,
            "asset_id": "vod11069-001645M001",
            "title": "",
            "subtitle": "第1645集 「食」在夠厲害，吃對飲食讓你重獲新生？！",
            "ep_number": 1645,
            "rating": 1,
            "content_type": "show",
            "p_start": 1762181700000,
            "vod_channel_description": "減肥藥可以吃嗎？何如芸吃了香港減肥藥，吃了不僅沒瘦還出現這症狀？！楊昇達聽前輩說「這蔬菜」可治百病？感冒時煲湯喝超有效？！宛庭患這遺傳疾病卻不自知，導致洗澡洗一半突昏倒？！患者有嚴重失眠超困擾，原因竟是睡前這習慣害的？！"
          },
          {
            "content_id": "VOD00364852",
            "time_codes": [
              851000,
              1826000,
              2390000
            ],
            "timecode_duration": [],
            "length": 2801000,
            "asset_id": "vod11069-001646M001",
            "title": "",
            "subtitle": "第1646集 校門關比鬼門開可怕？孩子活動爸媽這樣安排就對了？！",
            "ep_number": 1646,
            "rating": 1,
            "content_type": "show",
            "p_start": 1762184700000,
            "vod_channel_description": "陳海茵女兒被懷疑是過動兒，這方法竟能改善坐不住的困擾？！李培禎兒子暑假行程多到爆炸，竟是因在台灣和加拿大都要去這地方？！蔡逸帆女兒戴牙套效果不如預期，發現竟是在學校都會偷懶不做這件事？！媽媽氣急敗壞把孩子拖進診間，醫生做這部位觸診就發現是裝病？！媽媽們還在為孩子的暑期活動煩惱嗎？"
          },
          {
            "content_id": "VOD00364853",
            "time_codes": [
              895000,
              1910000,
              2441000
            ],
            "timecode_duration": [],
            "length": 2802000,
            "asset_id": "vod11069-001647M001",
            "title": "",
            "subtitle": "第1647集 終於破案了！身體的無解症狀醫師幫你找到兇手了？！",
            "ep_number": 1647,
            "rating": 1,
            "content_type": "show",
            "p_start": 1762187700000,
            "vod_channel_description": "以為這個疾病超無解，醫師一眼就看穿？崔佩儀媽媽因這動作跌成骨裂，術後醒來竟認不得女兒是誰？！指甲變脆還出現條紋，其實只因為缺少這個數值太低？！病患性格大轉變以為是肝病惡化，真相竟是享受太多奢侈美食？！越不起眼的問題越該留意，盤點常被人們忽略的身體警訊！"
          },
          {
            "content_id": "VOD00364854",
            "time_codes": [
              921000,
              1903000,
              2407000
            ],
            "timecode_duration": [],
            "length": 2801000,
            "asset_id": "vod11069-001648M001",
            "title": "",
            "subtitle": "第1648集 補救健康越做越沒效，用對方法終結惡夢！",
            "ep_number": 1648,
            "rating": 1,
            "content_type": "show",
            "p_start": 1762190700000,
            "vod_channel_description": "李維維拍攝狂喝水卻還是出現脫水症狀，專家點出這項關鍵原因！蔣偉文睡覺時常感到口乾舌燥，原因竟是口味偏好造成？！潘映竹胃痛吃藥卻越吃越沒效，兇手竟是這個超尷尬症狀？！年輕媽媽過勞症狀吃藥都吃不好，營養師建議做到這件事就能改善？！藥物迷思超級多，專家告訴你越吃越沒效的真相！"
          },
          {
            "content_id": "VOD00364855",
            "time_codes": [
              843000,
              1828000,
              2441000
            ],
            "timecode_duration": [],
            "length": 2819000,
            "asset_id": "vod11069-001649M001",
            "title": "",
            "subtitle": "第1649集 個性就能知道你的疾病？學會這招算命的都混不下去了？！",
            "ep_number": 1649,
            "rating": 1,
            "content_type": "show",
            "p_start": 1762193700000,
            "vod_channel_description": "徐小可和老公吵架氣到胃爆痛，做這件竟比吃藥恢復更有效？！阿虎每晚睡覺都被老婆賞巴掌？！嚴重影響情緒原因竟是它？！楊皓如看到酸民負評氣到心悸，拿到這東西心情竟快速好轉？！女性患者對這種表情有陰影，都會吃下1千元外送來減緩壓力？！個性對健康影響超乎想像，快來看看哪些測驗能檢視健康吧！"
          },
          {
            "content_id": "VOD00364856",
            "time_codes": [
              870000,
              1873000,
              2322000
            ],
            "timecode_duration": [],
            "length": 2783000,
            "asset_id": "vod11069-001650M001",
            "title": "",
            "subtitle": "第1650集 炎炎夏日大作戰？！安全又好玩其實沒那麼困難！",
            "ep_number": 1650,
            "rating": 1,
            "content_type": "show",
            "p_start": 1762196700000,
            "vod_channel_description": "酸民留言重擊劉涵竹，全因這件事沒做好造成的外貌變化？！許明杰跟友人到海邊玩水曬傷，竟用這種難聞食物代替蘆薈？！林彥君頭暈情況超奇葩，待在冷氣房時發生這件事就會發作？！50歲警察肚痛惡化成血管壞死，罪魁禍首居然是運動前吃了這食物？！"
          }
        ],
        "total_length": 269510000,
        "focus_index": 20,
        "next_index": 21,
        "time": 61891,
        "focus_program": {
          "content_id": "VOD00351346",
          "time_codes": [
            930000,
            1845000,
            2447000
          ],
          "timecode_duration": [],
          "length": 2817000,
          "asset_id": "vod11069-001575M001",
          "title": "",
          "subtitle": "第1575集 沒在開玩笑，身體毛病都是自己吃出來的？！",
          "ep_number": 1575,
          "rating": 1,
          "content_type": "show",
          "p_start": 1761971700000,
          "vod_channel_description": "鄭仲茵有心血管家族病史，家人不想飲食控制竟還亂買這種藥來吃？！25歲男性無炸物不歡，竟害頭皮出現這毛病？！病人肚子痛了5天，檢查竟發現有這怪東西塞住腸子？！楊晨熙每天吃蛋糕加手搖飲害皮膚超差，用了這種保養品2週就改善？！"
        }
      },
      "station_categories": [
        {
          "Name": "綜藝",
          "EngName": "Entertainment",
          "MenuOrder": 8
        }
      ]
    },
    "introduction": null,
    "recommends": null,
    "ua": "Mozilla/5.0 (Windows NT 10.0; Win64; x64) AppleWebKit/537.36 (KHTML, like Gecko) Chrome/91.0.4472.124 Safari/537.36"
  },
  "__N_SSP": true
}