{
  "pageProps": {
    "contentId": "ofiii204",
    "channel": {
      "title": "寰宇全視界",
      "no": 204,
      "charge_mode": "F",
      "content_id": "ofiii204",
      "content_type": "vod-channel",
      "epg_categories": [
        5
      ],
      "genres": [
        {
          "id": "",
          "name": "VOD_CHANNEL",
          "logo": ""
        }
      ],
      "liad_id": "VODCHNEWOFIWEB",
      "package_info_id": "VOD_CHANNEL_DELUX",
      "picture": "pics/vod_channel/logo_2942_ofiii204_tv_20250221.png",
      "provider": [
        {
          "id": "",
          "name": "亞旅",
          "logo": ""
        }
      ],
      "quality": "HD",
      "station_id": "station5876",
      "trial": "",
      "selectable": 1,
      "tr_logo": "",
      "tl_logo": "",
      "br_logo": "",
      "bl_logo": "",
      "menu_type": 0,
      "vod_channel_schedule": {
        "channel_id": 204,
        "cdn_code": "ofiii204",
        "start_time": 1762150800000,
        "programs": [
          {
            "content_id": "VOD00375630",
            "time_codes": [
              963000,
              1791000,
              2540000
            ],
            "timecode_duration": [],
            "length": 3178000,
            "asset_id": "vod48393-000622M001",
            "title": "",
            "subtitle": "寰宇政經兵推！美日澳70艘潛艦 英國意外參戰 目標摧毀共軍海上兵力",
            "ep_number": 622,
            "rating": 1,
            "content_type": "show",
            "p_start": 1762150800000,
            "vod_channel_description": "全球局勢紛擾，不能置身事外！何戎領軍主持，嶄新一季《寰宇全視界2.0》，集結各領域重磅嘉賓，犀利評論、深度視角，帶您洞悉世界局勢脈絡，開拓兩岸和國際新視野，《寰宇全視界2.0》，帶給您最具含金量的觀點。"
          },
          {
            "content_id": "VOD00375631",
            "time_codes": [
              825000,
              1688000,
              2596000
            ],
            "timecode_duration": [],
            "length": 3195000,
            "asset_id": "vod48393-000623M001",
            "title": "",
            "subtitle": "中國全本土晶片體系 擺脫台韓代工控制 華為三年計畫對標輝達",
            "ep_number": 623,
            "rating": 1,
            "content_type": "show",
            "p_start": 1762154100000,
            "vod_channel_description": "全球局勢紛擾，不能置身事外！何戎領軍主持，嶄新一季《寰宇全視界2.0》，集結各領域重磅嘉賓，犀利評論、深度視角，帶您洞悉世界局勢脈絡，開拓兩岸和國際新視野，《寰宇全視界2.0》，帶給您最具含金量的觀點。"
          },
          {
            "content_id": "VOD00375632",
            "time_codes": [
              1039000,
              1889000,
              2692000
            ],
            "timecode_duration": [],
            "length": 3319000,
            "asset_id": "vod48393-000624M001",
            "title": "",
            "subtitle": "「不賣稀土就課100%關稅」美中貿易戰火又起 APEC場子被砸了",
            "ep_number": 624,
            "rating": 1,
            "content_type": "show",
            "p_start": 1762157400000,
            "vod_channel_description": "全球局勢紛擾，不能置身事外！何戎領軍主持，嶄新一季《寰宇全視界2.0》，集結各領域重磅嘉賓，犀利評論、深度視角，帶您洞悉世界局勢脈絡，開拓兩岸和國際新視野，《寰宇全視界2.0》，帶給您最具含金量的觀點。"
          },
          {
            "content_id": "VOD00375633",
            "time_codes": [
              930000,
              1664000,
              2505000
            ],
            "timecode_duration": [],
            "length": 3123000,
            "asset_id": "vod48393-000625M001",
            "title": "",
            "subtitle": "「加薩停火」川普力壓以哈握手 談判桌下激進派星星之火已經燎原？076初試電磁彈射！075、071登陸艦主力齊聚有貓膩？",
            "ep_number": 625,
            "rating": 1,
            "content_type": "show",
            "p_start": 1762161000000,
            "vod_channel_description": "全球局勢紛擾，不能置身事外！何戎領軍主持，嶄新一季《寰宇全視界2.0》，集結各領域重磅嘉賓，犀利評論、深度視角，帶您洞悉世界局勢脈絡，開拓兩岸和國際新視野，《寰宇全視界2.0》，帶給您最具含金量的觀點。"
          },
          {
            "content_id": "VOD00375634",
            "time_codes": [
              889000,
              1715000,
              2487000
            ],
            "timecode_duration": [],
            "length": 3116000,
            "asset_id": "vod48393-000626M001",
            "title": "",
            "subtitle": "怕美報復？只有模型？全網獨家解析新凱來7大晶片設備",
            "ep_number": 626,
            "rating": 1,
            "content_type": "show",
            "p_start": 1762164300000,
            "vod_channel_description": "全球局勢紛擾，不能置身事外！何戎領軍主持，嶄新一季《寰宇全視界2.0》，集結各領域重磅嘉賓，犀利評論、深度視角，帶您洞悉世界局勢脈絡，開拓兩岸和國際新視野，《寰宇全視界2.0》，帶給您最具含金量的觀點。"
          },
          {
            "content_id": "VOD00375635",
            "time_codes": [
              895000,
              1743000,
              2424000
            ],
            "timecode_duration": [],
            "length": 3051000,
            "asset_id": "vod48393-000627M001",
            "title": "",
            "subtitle": "習近平四中全會大清洗 「何衛東.苗華」倒台牽動中南海權力洗牌！川普派出「夜行者」特戰隊推翻馬杜洛 CIA全面入侵委內瑞拉！",
            "ep_number": 627,
            "rating": 1,
            "content_type": "show",
            "p_start": 1762167600000,
            "vod_channel_description": "全球局勢紛擾，不能置身事外！何戎領軍主持，嶄新一季《寰宇全視界2.0》，集結各領域重磅嘉賓，犀利評論、深度視角，帶您洞悉世界局勢脈絡，開拓兩岸和國際新視野，《寰宇全視界2.0》，帶給您最具含金量的觀點。"
          },
          {
            "content_id": "VOD00375636",
            "time_codes": [
              974000,
              1817000,
              2494000
            ],
            "timecode_duration": [],
            "length": 3210000,
            "asset_id": "vod48393-000628M001",
            "title": "",
            "subtitle": "全網權威獨家詳解十五五 張五岳攜手介文汲狠打臉中南海聽床師",
            "ep_number": 628,
            "rating": 1,
            "content_type": "show",
            "p_start": 1762170900000,
            "vod_channel_description": "全球局勢紛擾，不能置身事外！何戎領軍主持，嶄新一季《寰宇全視界2.0》，集結各領域重磅嘉賓，犀利評論、深度視角，帶您洞悉世界局勢脈絡，開拓兩岸和國際新視野，《寰宇全視界2.0》，帶給您最具含金量的觀點。"
          },
          {
            "content_id": "VOD00375637",
            "time_codes": [
              1100000,
              2055000,
              2915000
            ],
            "timecode_duration": [],
            "length": 3563000,
            "asset_id": "vod48393-000629M001",
            "title": "",
            "subtitle": "「川習會前大鬥法」習近平稀土重拳 比川普「301條款」更狠！「KK園區」末日來臨 美中聯手狙擊「崩牙駒」跨洲詐騙帝國！",
            "ep_number": 629,
            "rating": 1,
            "content_type": "show",
            "p_start": 1762174200000,
            "vod_channel_description": "全球局勢紛擾，不能置身事外！何戎領軍主持，嶄新一季《寰宇全視界2.0》，集結各領域重磅嘉賓，犀利評論、深度視角，帶您洞悉世界局勢脈絡，開拓兩岸和國際新視野，《寰宇全視界2.0》，帶給您最具含金量的觀點。"
          },
          {
            "content_id": "VOD00375638",
            "time_codes": [
              1139000,
              1997000,
              2750000
            ],
            "timecode_duration": [],
            "length": 3334000,
            "asset_id": "vod48393-000630M001",
            "title": "",
            "subtitle": "美蘇冷戰後最大核危機 美中炸彈屋式核威懾對抗 誰擁有100%攔截率？",
            "ep_number": 630,
            "rating": 1,
            "content_type": "show",
            "p_start": 1762178100000,
            "vod_channel_description": "全球局勢紛擾，不能置身事外！何戎領軍主持，嶄新一季《寰宇全視界2.0》，集結各領域重磅嘉賓，犀利評論、深度視角，帶您洞悉世界局勢脈絡，開拓兩岸和國際新視野，《寰宇全視界2.0》，帶給您最具含金量的觀點。"
          },
          {
            "content_id": "VOD00381456",
            "time_codes": [
              997000,
              1785000,
              2680000
            ],
            "timecode_duration": [],
            "length": 3450000,
            "asset_id": "vod48393-000631M001",
            "title": "",
            "subtitle": "美長臂管轄沒用了！習近平稀土王牌擊潰川普出口管制 百萬失業、4千萬人沒飯吃 美國人陷入貧窮絕境！",
            "ep_number": 631,
            "rating": 1,
            "content_type": "show",
            "p_start": 1762181700000,
            "vod_channel_description": "全球局勢紛擾，不能置身事外！何戎領軍主持，嶄新一季《寰宇全視界2.0》，集結各領域重磅嘉賓，犀利評論、深度視角，帶您洞悉世界局勢脈絡，開拓兩岸和國際新視野，《寰宇全視界2.0》，帶給您最具含金量的觀點。"
          }
        ],
        "total_length": 32539000,
        "focus_index": 6,
        "next_index": 7,
        "time": 2676337,
        "focus_program": {
          "content_id": "VOD00375636",
          "time_codes": [
            974000,
            1817000,
            2494000
          ],
          "timecode_duration": [],
          "length": 3210000,
          "asset_id": "vod48393-000628M001",
          "title": "",
          "subtitle": "全網權威獨家詳解十五五 張五岳攜手介文汲狠打臉中南海聽床師",
          "ep_number": 628,
          "rating": 1,
          "content_type": "show",
          "p_start": 1762170900000,
          "vod_channel_description": "全球局勢紛擾，不能置身事外！何戎領軍主持，嶄新一季《寰宇全視界2.0》，集結各領域重磅嘉賓，犀利評論、深度視角，帶您洞悉世界局勢脈絡，開拓兩岸和國際新視野，《寰宇全視界2.0》，帶給您最具含金量的觀點。"
        }
      },
      "station_categories": [
        {
          "Name": "新聞‧財經",
          "EngName": "News & Finance",
          "MenuOrder": 3
        }
      ]
    },
    "introduction": {
      "image": "https://p-cdnstatic.svc.litv.tv/pics/vod_channel/logo_ofiii204_mobile_20230707.png",
      "description": "",
      "href_maps": []
    },
    "recommends": [],
    "ua": "Mozilla/5.0 (Windows NT 10.0; Win64; x64) AppleWebKit/537.36 (KHTML, like Gecko) Chrome/91.0.4472.124 Safari/537.36"
  },
  "__N_SSP": true
}