{
  "pageProps": {
    "contentId": "ofiii243",
    "channel": {
      "title": "早餐中國",
      "no": 243,
      "charge_mode": "F",
      "content_id": "ofiii243",
      "content_type": "vod-channel",
      "epg_categories": [
        18
      ],
      "genres": [
        {
          "id": "",
          "name": "VOD_CHANNEL",
          "logo": ""
        }
      ],
      "liad_id": "VODCHNEWOFIWEB",
      "package_info_id": "VOD_CHANNEL_DELUX",
      "picture": "pics/vod_channel/logo_3664_ofiii243_tv_20250305.png",
      "provider": [
        {
          "id": "",
          "name": "世詮多媒體",
          "logo": ""
        }
      ],
      "quality": "HD",
      "station_id": "station6598",
      "trial": "",
      "selectable": 1,
      "tr_logo": "pics/vod_channel/tr_logo_1741166080.png",
      "tl_logo": "",
      "br_logo": "",
      "bl_logo": "",
      "menu_type": 0,
      "vod_channel_schedule": {
        "channel_id": 243,
        "cdn_code": "ofiii243",
        "start_time": 1762154100000,
        "programs": [
          {
            "content_id": "VOD00230758",
            "time_codes": [],
            "timecode_duration": [],
            "length": 299000,
            "asset_id": "vod45210-020001M001",
            "title": "",
            "subtitle": "第2季第1集 新疆吐魯番《烤包子》",
            "ep_number": 1,
            "rating": 1,
            "content_type": "show",
            "p_start": 1762154100000,
            "vod_channel_description": "每集由一道傳統的早餐、一家有趣的小店組成，帶領觀眾早起重回故鄉，體味早餐裡的人心激蕩、早餐裡的天長地久。"
          },
          {
            "content_id": "VOD00230759",
            "time_codes": [],
            "timecode_duration": [],
            "length": 299000,
            "asset_id": "vod45210-020002M001",
            "title": "",
            "subtitle": "第2季第2集 重慶《小麵》",
            "ep_number": 2,
            "rating": 1,
            "content_type": "show",
            "p_start": 1762154700000,
            "vod_channel_description": "每集由一道傳統的早餐、一家有趣的小店組成，帶領觀眾早起重回故鄉，體味早餐裡的人心激蕩、早餐裡的天長地久。"
          },
          {
            "content_id": "VOD00230760",
            "time_codes": [],
            "timecode_duration": [],
            "length": 299000,
            "asset_id": "vod45210-020003M001",
            "title": "",
            "subtitle": "第2季第3集 內蒙古赤峰《對夾》",
            "ep_number": 3,
            "rating": 1,
            "content_type": "show",
            "p_start": 1762155300000,
            "vod_channel_description": "每集由一道傳統的早餐、一家有趣的小店組成，帶領觀眾早起重回故鄉，體味早餐裡的人心激蕩、早餐裡的天長地久。"
          },
          {
            "content_id": "VOD00230761",
            "time_codes": [],
            "timecode_duration": [],
            "length": 299000,
            "asset_id": "vod45210-020004M001",
            "title": "",
            "subtitle": "第2季第4集 浙江寧波《麵結麵》",
            "ep_number": 4,
            "rating": 1,
            "content_type": "show",
            "p_start": 1762155900000,
            "vod_channel_description": "每集由一道傳統的早餐、一家有趣的小店組成，帶領觀眾早起重回故鄉，體味早餐裡的人心激蕩、早餐裡的天長地久。"
          },
          {
            "content_id": "VOD00230762",
            "time_codes": [],
            "timecode_duration": [],
            "length": 299000,
            "asset_id": "vod45210-020005M001",
            "title": "",
            "subtitle": "第2季第5集 寧夏銀川《羊雜碎》",
            "ep_number": 5,
            "rating": 1,
            "content_type": "show",
            "p_start": 1762156500000,
            "vod_channel_description": "每集由一道傳統的早餐、一家有趣的小店組成，帶領觀眾早起重回故鄉，體味早餐裡的人心激蕩、早餐裡的天長地久。"
          },
          {
            "content_id": "VOD00230763",
            "time_codes": [],
            "timecode_duration": [],
            "length": 299000,
            "asset_id": "vod45210-020006M001",
            "title": "",
            "subtitle": "第2季第6集 山東濰坊《火燒》",
            "ep_number": 6,
            "rating": 1,
            "content_type": "show",
            "p_start": 1762157100000,
            "vod_channel_description": "每集由一道傳統的早餐、一家有趣的小店組成，帶領觀眾早起重回故鄉，體味早餐裡的人心激蕩、早餐裡的天長地久。"
          },
          {
            "content_id": "VOD00230764",
            "time_codes": [],
            "timecode_duration": [],
            "length": 299000,
            "asset_id": "vod45210-020007M001",
            "title": "",
            "subtitle": "第2季第7集 北京《豆汁》",
            "ep_number": 7,
            "rating": 1,
            "content_type": "show",
            "p_start": 1762157700000,
            "vod_channel_description": "每集由一道傳統的早餐、一家有趣的小店組成，帶領觀眾早起重回故鄉，體味早餐裡的人心激蕩、早餐裡的天長地久。"
          },
          {
            "content_id": "VOD00230765",
            "time_codes": [],
            "timecode_duration": [],
            "length": 299000,
            "asset_id": "vod45210-020008M001",
            "title": "",
            "subtitle": "第2季第8集 江西南昌《拌粉 瓦罐湯》",
            "ep_number": 8,
            "rating": 1,
            "content_type": "show",
            "p_start": 1762158300000,
            "vod_channel_description": "每集由一道傳統的早餐、一家有趣的小店組成，帶領觀眾早起重回故鄉，體味早餐裡的人心激蕩、早餐裡的天長地久。"
          },
          {
            "content_id": "VOD00230766",
            "time_codes": [],
            "timecode_duration": [],
            "length": 299000,
            "asset_id": "vod45210-020009M001",
            "title": "",
            "subtitle": "第2季第9集 浙江溫州《糯米飯》",
            "ep_number": 9,
            "rating": 1,
            "content_type": "show",
            "p_start": 1762158900000,
            "vod_channel_description": "每集由一道傳統的早餐、一家有趣的小店組成，帶領觀眾早起重回故鄉，體味早餐裡的人心激蕩、早餐裡的天長地久。"
          },
          {
            "content_id": "VOD00230767",
            "time_codes": [],
            "timecode_duration": [],
            "length": 299000,
            "asset_id": "vod45210-020010M001",
            "title": "",
            "subtitle": "第2季第10集 安徽池州《小粑》",
            "ep_number": 10,
            "rating": 1,
            "content_type": "show",
            "p_start": 1762159500000,
            "vod_channel_description": "每集由一道傳統的早餐、一家有趣的小店組成，帶領觀眾早起重回故鄉，體味早餐裡的人心激蕩、早餐裡的天長地久。"
          },
          {
            "content_id": "VOD00230768",
            "time_codes": [],
            "timecode_duration": [],
            "length": 299000,
            "asset_id": "vod45210-020011M001",
            "title": "",
            "subtitle": "第2季第11集 四川樂山《豆腐腦》",
            "ep_number": 11,
            "rating": 1,
            "content_type": "show",
            "p_start": 1762160100000,
            "vod_channel_description": "每集由一道傳統的早餐、一家有趣的小店組成，帶領觀眾早起重回故鄉，體味早餐裡的人心激蕩、早餐裡的天長地久。"
          },
          {
            "content_id": "VOD00230769",
            "time_codes": [],
            "timecode_duration": [],
            "length": 299000,
            "asset_id": "vod45210-020012M001",
            "title": "",
            "subtitle": "第2季第12集 內蒙古呼和浩特《羊肉稍麥》",
            "ep_number": 12,
            "rating": 1,
            "content_type": "show",
            "p_start": 1762160700000,
            "vod_channel_description": "每集由一道傳統的早餐、一家有趣的小店組成，帶領觀眾早起重回故鄉，體味早餐裡的人心激蕩、早餐裡的天長地久。"
          },
          {
            "content_id": "VOD00230770",
            "time_codes": [],
            "timecode_duration": [],
            "length": 294000,
            "asset_id": "vod45210-020013M001",
            "title": "",
            "subtitle": "第2季第13集 浙江杭州《餛飩煎包》",
            "ep_number": 13,
            "rating": 1,
            "content_type": "show",
            "p_start": 1762161300000,
            "vod_channel_description": "每集由一道傳統的早餐、一家有趣的小店組成，帶領觀眾早起重回故鄉，體味早餐裡的人心激蕩、早餐裡的天長地久。"
          },
          {
            "content_id": "VOD00230771",
            "time_codes": [],
            "timecode_duration": [],
            "length": 299000,
            "asset_id": "vod45210-020014M001",
            "title": "",
            "subtitle": "第2季第14集 福建長汀《泡豬腰》",
            "ep_number": 14,
            "rating": 1,
            "content_type": "show",
            "p_start": 1762161900000,
            "vod_channel_description": "每集由一道傳統的早餐、一家有趣的小店組成，帶領觀眾早起重回故鄉，體味早餐裡的人心激蕩、早餐裡的天長地久。"
          },
          {
            "content_id": "VOD00230772",
            "time_codes": [],
            "timecode_duration": [],
            "length": 299000,
            "asset_id": "vod45210-020015M001",
            "title": "",
            "subtitle": "第2季第15集 新疆烏魯木齊《奶茶 包爾薩克》",
            "ep_number": 15,
            "rating": 1,
            "content_type": "show",
            "p_start": 1762162500000,
            "vod_channel_description": "每集由一道傳統的早餐、一家有趣的小店組成，帶領觀眾早起重回故鄉，體味早餐裡的人心激蕩、早餐裡的天長地久。"
          },
          {
            "content_id": "VOD00230773",
            "time_codes": [],
            "timecode_duration": [],
            "length": 299000,
            "asset_id": "vod45210-020016M001",
            "title": "",
            "subtitle": "第2季第16集 四川江油《肥腸》",
            "ep_number": 16,
            "rating": 1,
            "content_type": "show",
            "p_start": 1762163100000,
            "vod_channel_description": "每集由一道傳統的早餐、一家有趣的小店組成，帶領觀眾早起重回故鄉，體味早餐裡的人心激蕩、早餐裡的天長地久。"
          },
          {
            "content_id": "VOD00230774",
            "time_codes": [],
            "timecode_duration": [],
            "length": 299000,
            "asset_id": "vod45210-020017M001",
            "title": "",
            "subtitle": "第2季第17集 福建廈門《麵線糊》",
            "ep_number": 17,
            "rating": 1,
            "content_type": "show",
            "p_start": 1762163700000,
            "vod_channel_description": "每集由一道傳統的早餐、一家有趣的小店組成，帶領觀眾早起重回故鄉，體味早餐裡的人心激蕩、早餐裡的天長地久。"
          },
          {
            "content_id": "VOD00230775",
            "time_codes": [],
            "timecode_duration": [],
            "length": 299000,
            "asset_id": "vod45210-020018M001",
            "title": "",
            "subtitle": "第2季第18集 雲南昆明《小鍋米線》",
            "ep_number": 18,
            "rating": 1,
            "content_type": "show",
            "p_start": 1762164300000,
            "vod_channel_description": "每集由一道傳統的早餐、一家有趣的小店組成，帶領觀眾早起重回故鄉，體味早餐裡的人心激蕩、早餐裡的天長地久。"
          },
          {
            "content_id": "VOD00230776",
            "time_codes": [],
            "timecode_duration": [],
            "length": 299000,
            "asset_id": "vod45210-020019M001",
            "title": "",
            "subtitle": "第2季第19集 山東臨沂《糝湯》",
            "ep_number": 19,
            "rating": 1,
            "content_type": "show",
            "p_start": 1762164900000,
            "vod_channel_description": "每集由一道傳統的早餐、一家有趣的小店組成，帶領觀眾早起重回故鄉，體味早餐裡的人心激蕩、早餐裡的天長地久。"
          },
          {
            "content_id": "VOD00230777",
            "time_codes": [],
            "timecode_duration": [],
            "length": 299000,
            "asset_id": "vod45210-020020M001",
            "title": "",
            "subtitle": "第2季第20集 寧夏中衛《蒿子麵》",
            "ep_number": 20,
            "rating": 1,
            "content_type": "show",
            "p_start": 1762165500000,
            "vod_channel_description": "每集由一道傳統的早餐、一家有趣的小店組成，帶領觀眾早起重回故鄉，體味早餐裡的人心激蕩、早餐裡的天長地久。"
          },
          {
            "content_id": "VOD00230778",
            "time_codes": [],
            "timecode_duration": [],
            "length": 299000,
            "asset_id": "vod45210-020021M001",
            "title": "",
            "subtitle": "第2季第21集 甘肅蘭州《牛肉麵》",
            "ep_number": 21,
            "rating": 1,
            "content_type": "show",
            "p_start": 1762166100000,
            "vod_channel_description": "每集由一道傳統的早餐、一家有趣的小店組成，帶領觀眾早起重回故鄉，體味早餐裡的人心激蕩、早餐裡的天長地久。"
          },
          {
            "content_id": "VOD00230779",
            "time_codes": [],
            "timecode_duration": [],
            "length": 299000,
            "asset_id": "vod45210-020022M001",
            "title": "",
            "subtitle": "第2季第22集 江蘇常州《麻糕》",
            "ep_number": 22,
            "rating": 1,
            "content_type": "show",
            "p_start": 1762166700000,
            "vod_channel_description": "每集由一道傳統的早餐、一家有趣的小店組成，帶領觀眾早起重回故鄉，體味早餐裡的人心激蕩、早餐裡的天長地久。"
          },
          {
            "content_id": "VOD00230780",
            "time_codes": [],
            "timecode_duration": [],
            "length": 299000,
            "asset_id": "vod45210-020023M001",
            "title": "",
            "subtitle": "第2季第23集 山西太原《丸子湯》",
            "ep_number": 23,
            "rating": 1,
            "content_type": "show",
            "p_start": 1762167300000,
            "vod_channel_description": "每集由一道傳統的早餐、一家有趣的小店組成，帶領觀眾早起重回故鄉，體味早餐裡的人心激蕩、早餐裡的天長地久。"
          },
          {
            "content_id": "VOD00230781",
            "time_codes": [],
            "timecode_duration": [],
            "length": 299000,
            "asset_id": "vod45210-020024M001",
            "title": "",
            "subtitle": "第2季第24集 北京《麵茶》",
            "ep_number": 24,
            "rating": 1,
            "content_type": "show",
            "p_start": 1762167900000,
            "vod_channel_description": "每集由一道傳統的早餐、一家有趣的小店組成，帶領觀眾早起重回故鄉，體味早餐裡的人心激蕩、早餐裡的天長地久。"
          },
          {
            "content_id": "VOD00230782",
            "time_codes": [],
            "timecode_duration": [],
            "length": 299000,
            "asset_id": "vod45210-020025M001",
            "title": "",
            "subtitle": "第2季第25集 湖北荊州《早堂麵》",
            "ep_number": 25,
            "rating": 1,
            "content_type": "show",
            "p_start": 1762168500000,
            "vod_channel_description": "每集由一道傳統的早餐、一家有趣的小店組成，帶領觀眾早起重回故鄉，體味早餐裡的人心激蕩、早餐裡的天長地久。"
          },
          {
            "content_id": "VOD00230783",
            "time_codes": [],
            "timecode_duration": [],
            "length": 299000,
            "asset_id": "vod45210-020026M001",
            "title": "",
            "subtitle": "第2季第26集 江蘇南京《蟹黃包子》",
            "ep_number": 26,
            "rating": 1,
            "content_type": "show",
            "p_start": 1762169100000,
            "vod_channel_description": "每集由一道傳統的早餐、一家有趣的小店組成，帶領觀眾早起重回故鄉，體味早餐裡的人心激蕩、早餐裡的天長地久。"
          },
          {
            "content_id": "VOD00230784",
            "time_codes": [],
            "timecode_duration": [],
            "length": 299000,
            "asset_id": "vod45210-020027M001",
            "title": "",
            "subtitle": "第2季第27集 廣西柳州《螺螄粉》",
            "ep_number": 27,
            "rating": 1,
            "content_type": "show",
            "p_start": 1762169700000,
            "vod_channel_description": "每集由一道傳統的早餐、一家有趣的小店組成，帶領觀眾早起重回故鄉，體味早餐裡的人心激蕩、早餐裡的天長地久。"
          },
          {
            "content_id": "VOD00230785",
            "time_codes": [],
            "timecode_duration": [],
            "length": 299000,
            "asset_id": "vod45210-020028M001",
            "title": "",
            "subtitle": "第2季第28集 湖北宜昌《牛筋麵》",
            "ep_number": 28,
            "rating": 1,
            "content_type": "show",
            "p_start": 1762170300000,
            "vod_channel_description": "每集由一道傳統的早餐、一家有趣的小店組成，帶領觀眾早起重回故鄉，體味早餐裡的人心激蕩、早餐裡的天長地久。"
          },
          {
            "content_id": "VOD00230786",
            "time_codes": [],
            "timecode_duration": [],
            "length": 299000,
            "asset_id": "vod45210-020029M001",
            "title": "",
            "subtitle": "第2季第29集 河南焦作《豆腐湯卯麻燙》",
            "ep_number": 29,
            "rating": 1,
            "content_type": "show",
            "p_start": 1762170900000,
            "vod_channel_description": "每集由一道傳統的早餐、一家有趣的小店組成，帶領觀眾早起重回故鄉，體味早餐裡的人心激蕩、早餐裡的天長地久。"
          },
          {
            "content_id": "VOD00230787",
            "time_codes": [],
            "timecode_duration": [],
            "length": 299000,
            "asset_id": "vod45210-020030M001",
            "title": "",
            "subtitle": "第2季第30集 天津《鍋巴菜》",
            "ep_number": 30,
            "rating": 1,
            "content_type": "show",
            "p_start": 1762171500000,
            "vod_channel_description": "每集由一道傳統的早餐、一家有趣的小店組成，帶領觀眾早起重回故鄉，體味早餐裡的人心激蕩、早餐裡的天長地久。"
          },
          {
            "content_id": "VOD00230788",
            "time_codes": [],
            "timecode_duration": [],
            "length": 299000,
            "asset_id": "vod45210-020031M001",
            "title": "",
            "subtitle": "第2季第31集 山西太原《頭腦》",
            "ep_number": 31,
            "rating": 1,
            "content_type": "show",
            "p_start": 1762172100000,
            "vod_channel_description": "每集由一道傳統的早餐、一家有趣的小店組成，帶領觀眾早起重回故鄉，體味早餐裡的人心激蕩、早餐裡的天長地久。"
          },
          {
            "content_id": "VOD00230789",
            "time_codes": [],
            "timecode_duration": [],
            "length": 299000,
            "asset_id": "vod45210-020032M001",
            "title": "",
            "subtitle": "第2季第32集 安徽蕪湖《渣肉蒸飯》",
            "ep_number": 32,
            "rating": 1,
            "content_type": "show",
            "p_start": 1762172700000,
            "vod_channel_description": "每集由一道傳統的早餐、一家有趣的小店組成，帶領觀眾早起重回故鄉，體味早餐裡的人心激蕩、早餐裡的天長地久。"
          },
          {
            "content_id": "VOD00230790",
            "time_codes": [],
            "timecode_duration": [],
            "length": 299000,
            "asset_id": "vod45210-020033M001",
            "title": "",
            "subtitle": "第2季第33集 江蘇無錫《鹹豆漿》",
            "ep_number": 33,
            "rating": 1,
            "content_type": "show",
            "p_start": 1762173300000,
            "vod_channel_description": "每集由一道傳統的早餐、一家有趣的小店組成，帶領觀眾早起重回故鄉，體味早餐裡的人心激蕩、早餐裡的天長地久。"
          },
          {
            "content_id": "VOD00230791",
            "time_codes": [],
            "timecode_duration": [],
            "length": 299000,
            "asset_id": "vod45210-020034M001",
            "title": "",
            "subtitle": "第2季第34集 吉林延邊《醬湯》",
            "ep_number": 34,
            "rating": 1,
            "content_type": "show",
            "p_start": 1762173900000,
            "vod_channel_description": "每集由一道傳統的早餐、一家有趣的小店組成，帶領觀眾早起重回故鄉，體味早餐裡的人心激蕩、早餐裡的天長地久。"
          },
          {
            "content_id": "VOD00230792",
            "time_codes": [],
            "timecode_duration": [],
            "length": 299000,
            "asset_id": "vod45210-020035M001",
            "title": "",
            "subtitle": "第2季第35集 福建福州《鍋邊糊》",
            "ep_number": 35,
            "rating": 1,
            "content_type": "show",
            "p_start": 1762174500000,
            "vod_channel_description": "每集由一道傳統的早餐、一家有趣的小店組成，帶領觀眾早起重回故鄉，體味早餐裡的人心激蕩、早餐裡的天長地久。"
          },
          {
            "content_id": "VOD00251931",
            "time_codes": [],
            "timecode_duration": [],
            "length": 420000,
            "asset_id": "vod45210-030001M001",
            "title": "",
            "subtitle": "第3季第1集 豬湯",
            "ep_number": 1,
            "rating": 1,
            "content_type": "show",
            "p_start": 1762175100000,
            "vod_channel_description": "每集由一道傳統的早餐、一家有趣的小店組成，帶領觀眾早起重回故鄉，體味早餐裡的人心激蕩、早餐裡的天長地久。"
          },
          {
            "content_id": "VOD00251932",
            "time_codes": [],
            "timecode_duration": [],
            "length": 420000,
            "asset_id": "vod45210-030002M001",
            "title": "",
            "subtitle": "第3季第2集 海鮮麵",
            "ep_number": 2,
            "rating": 1,
            "content_type": "show",
            "p_start": 1762175700000,
            "vod_channel_description": "每集由一道傳統的早餐、一家有趣的小店組成，帶領觀眾早起重回故鄉，體味早餐裡的人心激蕩、早餐裡的天長地久。"
          },
          {
            "content_id": "VOD00251933",
            "time_codes": [],
            "timecode_duration": [],
            "length": 420000,
            "asset_id": "vod45210-030003M001",
            "title": "",
            "subtitle": "第3季第3集 驢肉火燒",
            "ep_number": 3,
            "rating": 1,
            "content_type": "show",
            "p_start": 1762176300000,
            "vod_channel_description": "每集由一道傳統的早餐、一家有趣的小店組成，帶領觀眾早起重回故鄉，體味早餐裡的人心激蕩、早餐裡的天長地久。"
          },
          {
            "content_id": "VOD00251934",
            "time_codes": [],
            "timecode_duration": [],
            "length": 420000,
            "asset_id": "vod45210-030004M001",
            "title": "",
            "subtitle": "第3季第4集 豆腐腦",
            "ep_number": 4,
            "rating": 1,
            "content_type": "show",
            "p_start": 1762176900000,
            "vod_channel_description": "每集由一道傳統的早餐、一家有趣的小店組成，帶領觀眾早起重回故鄉，體味早餐裡的人心激蕩、早餐裡的天長地久。"
          },
          {
            "content_id": "VOD00251935",
            "time_codes": [],
            "timecode_duration": [],
            "length": 420000,
            "asset_id": "vod45210-030005M001",
            "title": "",
            "subtitle": "第3季第5集 石子饃涼粉",
            "ep_number": 5,
            "rating": 1,
            "content_type": "show",
            "p_start": 1762177500000,
            "vod_channel_description": "每集由一道傳統的早餐、一家有趣的小店組成，帶領觀眾早起重回故鄉，體味早餐裡的人心激蕩、早餐裡的天長地久。"
          },
          {
            "content_id": "VOD00251936",
            "time_codes": [],
            "timecode_duration": [],
            "length": 420000,
            "asset_id": "vod45210-030006M001",
            "title": "",
            "subtitle": "第3季第6集 牛肉饃",
            "ep_number": 6,
            "rating": 1,
            "content_type": "show",
            "p_start": 1762178100000,
            "vod_channel_description": "每集由一道傳統的早餐、一家有趣的小店組成，帶領觀眾早起重回故鄉，體味早餐裡的人心激蕩、早餐裡的天長地久。"
          },
          {
            "content_id": "VOD00251937",
            "time_codes": [],
            "timecode_duration": [],
            "length": 420000,
            "asset_id": "vod45210-030007M001",
            "title": "",
            "subtitle": "第3季第7集 豆腐泡饃",
            "ep_number": 7,
            "rating": 1,
            "content_type": "show",
            "p_start": 1762178700000,
            "vod_channel_description": "每集由一道傳統的早餐、一家有趣的小店組成，帶領觀眾早起重回故鄉，體味早餐裡的人心激蕩、早餐裡的天長地久。"
          },
          {
            "content_id": "VOD00251938",
            "time_codes": [],
            "timecode_duration": [],
            "length": 420000,
            "asset_id": "vod45210-030008M001",
            "title": "",
            "subtitle": "第3季第8集 牛肉小飯",
            "ep_number": 8,
            "rating": 1,
            "content_type": "show",
            "p_start": 1762179300000,
            "vod_channel_description": "每集由一道傳統的早餐、一家有趣的小店組成，帶領觀眾早起重回故鄉，體味早餐裡的人心激蕩、早餐裡的天長地久。"
          },
          {
            "content_id": "VOD00251939",
            "time_codes": [],
            "timecode_duration": [],
            "length": 420000,
            "asset_id": "vod45210-030009M001",
            "title": "",
            "subtitle": "第3季第9集 豬扒包",
            "ep_number": 9,
            "rating": 1,
            "content_type": "show",
            "p_start": 1762179900000,
            "vod_channel_description": "每集由一道傳統的早餐、一家有趣的小店組成，帶領觀眾早起重回故鄉，體味早餐裡的人心激蕩、早餐裡的天長地久。"
          },
          {
            "content_id": "VOD00251940",
            "time_codes": [],
            "timecode_duration": [],
            "length": 420000,
            "asset_id": "vod45210-030010M001",
            "title": "",
            "subtitle": "第3季第10集 皮肚麵",
            "ep_number": 10,
            "rating": 1,
            "content_type": "show",
            "p_start": 1762180500000,
            "vod_channel_description": "每集由一道傳統的早餐、一家有趣的小店組成，帶領觀眾早起重回故鄉，體味早餐裡的人心激蕩、早餐裡的天長地久。"
          },
          {
            "content_id": "VOD00251941",
            "time_codes": [],
            "timecode_duration": [],
            "length": 420000,
            "asset_id": "vod45210-030011M001",
            "title": "",
            "subtitle": "第3季第11集 鴨子粉",
            "ep_number": 11,
            "rating": 1,
            "content_type": "show",
            "p_start": 1762181100000,
            "vod_channel_description": "每集由一道傳統的早餐、一家有趣的小店組成，帶領觀眾早起重回故鄉，體味早餐裡的人心激蕩、早餐裡的天長地久。"
          },
          {
            "content_id": "VOD00251942",
            "time_codes": [],
            "timecode_duration": [],
            "length": 420000,
            "asset_id": "vod45210-030012M001",
            "title": "",
            "subtitle": "第3季第12集 筲灌腸",
            "ep_number": 12,
            "rating": 1,
            "content_type": "show",
            "p_start": 1762181700000,
            "vod_channel_description": "每集由一道傳統的早餐、一家有趣的小店組成，帶領觀眾早起重回故鄉，體味早餐裡的人心激蕩、早餐裡的天長地久。"
          },
          {
            "content_id": "VOD00251943",
            "time_codes": [],
            "timecode_duration": [],
            "length": 420000,
            "asset_id": "vod45210-030013M001",
            "title": "",
            "subtitle": "第3季第13集 湯包",
            "ep_number": 13,
            "rating": 1,
            "content_type": "show",
            "p_start": 1762182300000,
            "vod_channel_description": "每集由一道傳統的早餐、一家有趣的小店組成，帶領觀眾早起重回故鄉，體味早餐裡的人心激蕩、早餐裡的天長地久。"
          },
          {
            "content_id": "VOD00251944",
            "time_codes": [],
            "timecode_duration": [],
            "length": 420000,
            "asset_id": "vod45210-030014M001",
            "title": "",
            "subtitle": "第3季第14集 驢肉湯",
            "ep_number": 14,
            "rating": 1,
            "content_type": "show",
            "p_start": 1762182900000,
            "vod_channel_description": "每集由一道傳統的早餐、一家有趣的小店組成，帶領觀眾早起重回故鄉，體味早餐裡的人心激蕩、早餐裡的天長地久。"
          },
          {
            "content_id": "VOD00251945",
            "time_codes": [],
            "timecode_duration": [],
            "length": 420000,
            "asset_id": "vod45210-030015M001",
            "title": "",
            "subtitle": "第3季第15集 活肉粿條",
            "ep_number": 15,
            "rating": 1,
            "content_type": "show",
            "p_start": 1762183500000,
            "vod_channel_description": "每集由一道傳統的早餐、一家有趣的小店組成，帶領觀眾早起重回故鄉，體味早餐裡的人心激蕩、早餐裡的天長地久。"
          },
          {
            "content_id": "VOD00251946",
            "time_codes": [],
            "timecode_duration": [],
            "length": 420000,
            "asset_id": "vod45210-030016M001",
            "title": "",
            "subtitle": "第3季第16集 羊肉泡粥",
            "ep_number": 16,
            "rating": 1,
            "content_type": "show",
            "p_start": 1762184100000,
            "vod_channel_description": "每集由一道傳統的早餐、一家有趣的小店組成，帶領觀眾早起重回故鄉，體味早餐裡的人心激蕩、早餐裡的天長地久。"
          },
          {
            "content_id": "VOD00251947",
            "time_codes": [],
            "timecode_duration": [],
            "length": 420000,
            "asset_id": "vod45210-030017M001",
            "title": "",
            "subtitle": "第3季第17集 嵌糕",
            "ep_number": 17,
            "rating": 1,
            "content_type": "show",
            "p_start": 1762184700000,
            "vod_channel_description": "每集由一道傳統的早餐、一家有趣的小店組成，帶領觀眾早起重回故鄉，體味早餐裡的人心激蕩、早餐裡的天長地久。"
          },
          {
            "content_id": "VOD00251948",
            "time_codes": [],
            "timecode_duration": [],
            "length": 420000,
            "asset_id": "vod45210-030018M001",
            "title": "",
            "subtitle": "第3季第18集 刀削麵",
            "ep_number": 18,
            "rating": 1,
            "content_type": "show",
            "p_start": 1762185300000,
            "vod_channel_description": "每集由一道傳統的早餐、一家有趣的小店組成，帶領觀眾早起重回故鄉，體味早餐裡的人心激蕩、早餐裡的天長地久。"
          },
          {
            "content_id": "VOD00251949",
            "time_codes": [],
            "timecode_duration": [],
            "length": 420000,
            "asset_id": "vod45210-030019M001",
            "title": "",
            "subtitle": "第3季第19集 煎盤粿",
            "ep_number": 19,
            "rating": 1,
            "content_type": "show",
            "p_start": 1762185900000,
            "vod_channel_description": "每集由一道傳統的早餐、一家有趣的小店組成，帶領觀眾早起重回故鄉，體味早餐裡的人心激蕩、早餐裡的天長地久。"
          },
          {
            "content_id": "VOD00251950",
            "time_codes": [],
            "timecode_duration": [],
            "length": 420000,
            "asset_id": "vod45210-030020M001",
            "title": "",
            "subtitle": "第3季第20集 米爛",
            "ep_number": 20,
            "rating": 1,
            "content_type": "show",
            "p_start": 1762186500000,
            "vod_channel_description": "每集由一道傳統的早餐、一家有趣的小店組成，帶領觀眾早起重回故鄉，體味早餐裡的人心激蕩、早餐裡的天長地久。"
          },
          {
            "content_id": "VOD00251951",
            "time_codes": [],
            "timecode_duration": [],
            "length": 420000,
            "asset_id": "vod45210-030021M001",
            "title": "",
            "subtitle": "第3季第21集 蛋撻",
            "ep_number": 21,
            "rating": 1,
            "content_type": "show",
            "p_start": 1762187100000,
            "vod_channel_description": "每集由一道傳統的早餐、一家有趣的小店組成，帶領觀眾早起重回故鄉，體味早餐裡的人心激蕩、早餐裡的天長地久。"
          },
          {
            "content_id": "VOD00251952",
            "time_codes": [],
            "timecode_duration": [],
            "length": 420000,
            "asset_id": "vod45210-030022M001",
            "title": "",
            "subtitle": "第3季第22集 豬頭肉煎餅",
            "ep_number": 22,
            "rating": 1,
            "content_type": "show",
            "p_start": 1762187700000,
            "vod_channel_description": "每集由一道傳統的早餐、一家有趣的小店組成，帶領觀眾早起重回故鄉，體味早餐裡的人心激蕩、早餐裡的天長地久。"
          },
          {
            "content_id": "VOD00251953",
            "time_codes": [],
            "timecode_duration": [],
            "length": 450000,
            "asset_id": "vod45210-030023M001",
            "title": "",
            "subtitle": "第3季第23集 酸菜骨架砂鍋",
            "ep_number": 23,
            "rating": 1,
            "content_type": "show",
            "p_start": 1762188300000,
            "vod_channel_description": "每集由一道傳統的早餐、一家有趣的小店組成，帶領觀眾早起重回故鄉，體味早餐裡的人心激蕩、早餐裡的天長地久。"
          },
          {
            "content_id": "VOD00251954",
            "time_codes": [],
            "timecode_duration": [],
            "length": 420000,
            "asset_id": "vod45210-030024M001",
            "title": "",
            "subtitle": "第3季第24集 伊麵",
            "ep_number": 24,
            "rating": 1,
            "content_type": "show",
            "p_start": 1762188900000,
            "vod_channel_description": "每集由一道傳統的早餐、一家有趣的小店組成，帶領觀眾早起重回故鄉，體味早餐裡的人心激蕩、早餐裡的天長地久。"
          },
          {
            "content_id": "VOD00251955",
            "time_codes": [],
            "timecode_duration": [],
            "length": 420000,
            "asset_id": "vod45210-030025M001",
            "title": "",
            "subtitle": "第3季第25集 虱目魚飯",
            "ep_number": 25,
            "rating": 1,
            "content_type": "show",
            "p_start": 1762189500000,
            "vod_channel_description": "每集由一道傳統的早餐、一家有趣的小店組成，帶領觀眾早起重回故鄉，體味早餐裡的人心激蕩、早餐裡的天長地久。"
          },
          {
            "content_id": "VOD00251956",
            "time_codes": [],
            "timecode_duration": [],
            "length": 420000,
            "asset_id": "vod45210-030026M001",
            "title": "",
            "subtitle": "第3季第26集 長魚麵",
            "ep_number": 26,
            "rating": 1,
            "content_type": "show",
            "p_start": 1762190100000,
            "vod_channel_description": "每集由一道傳統的早餐、一家有趣的小店組成，帶領觀眾早起重回故鄉，體味早餐裡的人心激蕩、早餐裡的天長地久。"
          },
          {
            "content_id": "VOD00251957",
            "time_codes": [],
            "timecode_duration": [],
            "length": 420000,
            "asset_id": "vod45210-030027M001",
            "title": "",
            "subtitle": "第3季第27集 牛肉湯",
            "ep_number": 27,
            "rating": 1,
            "content_type": "show",
            "p_start": 1762190700000,
            "vod_channel_description": "每集由一道傳統的早餐、一家有趣的小店組成，帶領觀眾早起重回故鄉，體味早餐裡的人心激蕩、早餐裡的天長地久。"
          },
          {
            "content_id": "VOD00251958",
            "time_codes": [],
            "timecode_duration": [],
            "length": 420000,
            "asset_id": "vod45210-030028M001",
            "title": "",
            "subtitle": "第3季第28集 鵝塊",
            "ep_number": 28,
            "rating": 1,
            "content_type": "show",
            "p_start": 1762191300000,
            "vod_channel_description": "每集由一道傳統的早餐、一家有趣的小店組成，帶領觀眾早起重回故鄉，體味早餐裡的人心激蕩、早餐裡的天長地久。"
          },
          {
            "content_id": "VOD00251959",
            "time_codes": [],
            "timecode_duration": [],
            "length": 420000,
            "asset_id": "vod45210-030029M001",
            "title": "",
            "subtitle": "第3季第29集 豆皮",
            "ep_number": 29,
            "rating": 1,
            "content_type": "show",
            "p_start": 1762191900000,
            "vod_channel_description": "每集由一道傳統的早餐、一家有趣的小店組成，帶領觀眾早起重回故鄉，體味早餐裡的人心激蕩、早餐裡的天長地久。"
          },
          {
            "content_id": "VOD00251960",
            "time_codes": [],
            "timecode_duration": [],
            "length": 420000,
            "asset_id": "vod45210-030030M001",
            "title": "",
            "subtitle": "第3季第30集 牛肉麵",
            "ep_number": 30,
            "rating": 1,
            "content_type": "show",
            "p_start": 1762192500000,
            "vod_channel_description": "每集由一道傳統的早餐、一家有趣的小店組成，帶領觀眾早起重回故鄉，體味早餐裡的人心激蕩、早餐裡的天長地久。"
          },
          {
            "content_id": "VOD00329737",
            "time_codes": [],
            "timecode_duration": [],
            "length": 415000,
            "asset_id": "vod45210-040001M001",
            "title": "",
            "subtitle": "第4季第1集 河南開封·四味燴菜",
            "ep_number": 1,
            "rating": 1,
            "content_type": "show",
            "p_start": 1762193100000,
            "vod_channel_description": "每集由一道傳統的早餐、一家有趣的小店組成，帶領觀眾早起重回故鄉，體味早餐裡的人心激蕩、早餐裡的天長地久。"
          },
          {
            "content_id": "VOD00329738",
            "time_codes": [],
            "timecode_duration": [],
            "length": 415000,
            "asset_id": "vod45210-040002M001",
            "title": "",
            "subtitle": "第4季第2集 雲南西雙版納·七彩糯米飯",
            "ep_number": 2,
            "rating": 1,
            "content_type": "show",
            "p_start": 1762193700000,
            "vod_channel_description": "每集由一道傳統的早餐、一家有趣的小店組成，帶領觀眾早起重回故鄉，體味早餐裡的人心激蕩、早餐裡的天長地久。"
          },
          {
            "content_id": "VOD00329739",
            "time_codes": [],
            "timecode_duration": [],
            "length": 415000,
            "asset_id": "vod45210-040003M001",
            "title": "",
            "subtitle": "第4季第3集 陝西西安·肉夾饃",
            "ep_number": 3,
            "rating": 1,
            "content_type": "show",
            "p_start": 1762194300000,
            "vod_channel_description": "每集由一道傳統的早餐、一家有趣的小店組成，帶領觀眾早起重回故鄉，體味早餐裡的人心激蕩、早餐裡的天長地久。"
          },
          {
            "content_id": "VOD00329740",
            "time_codes": [],
            "timecode_duration": [],
            "length": 415000,
            "asset_id": "vod45210-040004M001",
            "title": "",
            "subtitle": "第4季第4集 河北滄州·羊腸湯",
            "ep_number": 4,
            "rating": 1,
            "content_type": "show",
            "p_start": 1762194900000,
            "vod_channel_description": "每集由一道傳統的早餐、一家有趣的小店組成，帶領觀眾早起重回故鄉，體味早餐裡的人心激蕩、早餐裡的天長地久。"
          },
          {
            "content_id": "VOD00329741",
            "time_codes": [],
            "timecode_duration": [],
            "length": 415000,
            "asset_id": "vod45210-040005M001",
            "title": "",
            "subtitle": "第4季第5集 貴州安順·油炸粑稀飯",
            "ep_number": 5,
            "rating": 1,
            "content_type": "show",
            "p_start": 1762195500000,
            "vod_channel_description": "每集由一道傳統的早餐、一家有趣的小店組成，帶領觀眾早起重回故鄉，體味早餐裡的人心激蕩、早餐裡的天長地久。"
          },
          {
            "content_id": "VOD00329742",
            "time_codes": [],
            "timecode_duration": [],
            "length": 415000,
            "asset_id": "vod45210-040006M001",
            "title": "",
            "subtitle": "第4季第6集 四川大邑·肥腸血旺",
            "ep_number": 6,
            "rating": 1,
            "content_type": "show",
            "p_start": 1762196100000,
            "vod_channel_description": "每集由一道傳統的早餐、一家有趣的小店組成，帶領觀眾早起重回故鄉，體味早餐裡的人心激蕩、早餐裡的天長地久。"
          },
          {
            "content_id": "VOD00329743",
            "time_codes": [],
            "timecode_duration": [],
            "length": 415000,
            "asset_id": "vod45210-040007M001",
            "title": "",
            "subtitle": "第4季第7集 河南鄭州·雞蛋布袋",
            "ep_number": 7,
            "rating": 1,
            "content_type": "show",
            "p_start": 1762196700000,
            "vod_channel_description": "每集由一道傳統的早餐、一家有趣的小店組成，帶領觀眾早起重回故鄉，體味早餐裡的人心激蕩、早餐裡的天長地久。"
          },
          {
            "content_id": "VOD00329744",
            "time_codes": [],
            "timecode_duration": [],
            "length": 415000,
            "asset_id": "vod45210-040008M001",
            "title": "",
            "subtitle": "第4季第8集 江蘇南京·牛肉鍋貼",
            "ep_number": 8,
            "rating": 1,
            "content_type": "show",
            "p_start": 1762197300000,
            "vod_channel_description": "每集由一道傳統的早餐、一家有趣的小店組成，帶領觀眾早起重回故鄉，體味早餐裡的人心激蕩、早餐裡的天長地久。"
          },
          {
            "content_id": "VOD00329745",
            "time_codes": [],
            "timecode_duration": [],
            "length": 415000,
            "asset_id": "vod45210-040009M001",
            "title": "",
            "subtitle": "第4季第9集 廣西北海·蟹仔海鮮粉",
            "ep_number": 9,
            "rating": 1,
            "content_type": "show",
            "p_start": 1762197900000,
            "vod_channel_description": "每集由一道傳統的早餐、一家有趣的小店組成，帶領觀眾早起重回故鄉，體味早餐裡的人心激蕩、早餐裡的天長地久。"
          },
          {
            "content_id": "VOD00329746",
            "time_codes": [],
            "timecode_duration": [],
            "length": 415000,
            "asset_id": "vod45210-040010M001",
            "title": "",
            "subtitle": "第4季第10集 重慶涪陵·豆花飯",
            "ep_number": 10,
            "rating": 1,
            "content_type": "show",
            "p_start": 1762198500000,
            "vod_channel_description": "每集由一道傳統的早餐、一家有趣的小店組成，帶領觀眾早起重回故鄉，體味早餐裡的人心激蕩、早餐裡的天長地久。"
          },
          {
            "content_id": "VOD00329747",
            "time_codes": [],
            "timecode_duration": [],
            "length": 415000,
            "asset_id": "vod45210-040011M001",
            "title": "",
            "subtitle": "第4季第11集 湖北監利·牛肉王早酒",
            "ep_number": 11,
            "rating": 1,
            "content_type": "show",
            "p_start": 1762199100000,
            "vod_channel_description": "每集由一道傳統的早餐、一家有趣的小店組成，帶領觀眾早起重回故鄉，體味早餐裡的人心激蕩、早餐裡的天長地久。"
          },
          {
            "content_id": "VOD00329748",
            "time_codes": [],
            "timecode_duration": [],
            "length": 415000,
            "asset_id": "vod45210-040012M001",
            "title": "",
            "subtitle": "第4季第12集 山東濟南·甏肉乾飯",
            "ep_number": 12,
            "rating": 1,
            "content_type": "show",
            "p_start": 1762199700000,
            "vod_channel_description": "每集由一道傳統的早餐、一家有趣的小店組成，帶領觀眾早起重回故鄉，體味早餐裡的人心激蕩、早餐裡的天長地久。"
          },
          {
            "content_id": "VOD00329749",
            "time_codes": [],
            "timecode_duration": [],
            "length": 415000,
            "asset_id": "vod45210-040013M001",
            "title": "",
            "subtitle": "第4季第13集 雲南西雙版納·牛撒撇米線",
            "ep_number": 13,
            "rating": 1,
            "content_type": "show",
            "p_start": 1762200300000,
            "vod_channel_description": "每集由一道傳統的早餐、一家有趣的小店組成，帶領觀眾早起重回故鄉，體味早餐裡的人心激蕩、早餐裡的天長地久。"
          },
          {
            "content_id": "VOD00329750",
            "time_codes": [],
            "timecode_duration": [],
            "length": 415000,
            "asset_id": "vod45210-040014M001",
            "title": "",
            "subtitle": "第4季第14集 福建邵武·考張提",
            "ep_number": 14,
            "rating": 1,
            "content_type": "show",
            "p_start": 1762200900000,
            "vod_channel_description": "每集由一道傳統的早餐、一家有趣的小店組成，帶領觀眾早起重回故鄉，體味早餐裡的人心激蕩、早餐裡的天長地久。"
          },
          {
            "content_id": "VOD00329751",
            "time_codes": [],
            "timecode_duration": [],
            "length": 415000,
            "asset_id": "vod45210-040015M001",
            "title": "",
            "subtitle": "第4季第15集 江蘇高郵·陽春麵&餛飩",
            "ep_number": 15,
            "rating": 1,
            "content_type": "show",
            "p_start": 1762201500000,
            "vod_channel_description": "每集由一道傳統的早餐、一家有趣的小店組成，帶領觀眾早起重回故鄉，體味早餐裡的人心激蕩、早餐裡的天長地久。"
          },
          {
            "content_id": "VOD00329752",
            "time_codes": [],
            "timecode_duration": [],
            "length": 415000,
            "asset_id": "vod45210-040016M001",
            "title": "",
            "subtitle": "第4季第16集 廣東順德·鮮涮魚片粥",
            "ep_number": 16,
            "rating": 1,
            "content_type": "show",
            "p_start": 1762202100000,
            "vod_channel_description": "每集由一道傳統的早餐、一家有趣的小店組成，帶領觀眾早起重回故鄉，體味早餐裡的人心激蕩、早餐裡的天長地久。"
          },
          {
            "content_id": "VOD00329753",
            "time_codes": [],
            "timecode_duration": [],
            "length": 415000,
            "asset_id": "vod45210-040017M001",
            "title": "",
            "subtitle": "第4季第17集 四川宜賓·燃麵",
            "ep_number": 17,
            "rating": 1,
            "content_type": "show",
            "p_start": 1762202700000,
            "vod_channel_description": "每集由一道傳統的早餐、一家有趣的小店組成，帶領觀眾早起重回故鄉，體味早餐裡的人心激蕩、早餐裡的天長地久。"
          },
          {
            "content_id": "VOD00329754",
            "time_codes": [],
            "timecode_duration": [],
            "length": 415000,
            "asset_id": "vod45210-040018M001",
            "title": "",
            "subtitle": "第4季第18集 廣西南寧·卷筒粉",
            "ep_number": 18,
            "rating": 1,
            "content_type": "show",
            "p_start": 1762203300000,
            "vod_channel_description": "每集由一道傳統的早餐、一家有趣的小店組成，帶領觀眾早起重回故鄉，體味早餐裡的人心激蕩、早餐裡的天長地久。"
          },
          {
            "content_id": "VOD00329755",
            "time_codes": [],
            "timecode_duration": [],
            "length": 415000,
            "asset_id": "vod45210-040019M001",
            "title": "",
            "subtitle": "第4季第19集 福建漳州·豆花粉絲",
            "ep_number": 19,
            "rating": 1,
            "content_type": "show",
            "p_start": 1762203900000,
            "vod_channel_description": "每集由一道傳統的早餐、一家有趣的小店組成，帶領觀眾早起重回故鄉，體味早餐裡的人心激蕩、早餐裡的天長地久。"
          },
          {
            "content_id": "VOD00329756",
            "time_codes": [],
            "timecode_duration": [],
            "length": 415000,
            "asset_id": "vod45210-040020M001",
            "title": "",
            "subtitle": "第4季第20集 重慶榮昌·鋪蓋麵",
            "ep_number": 20,
            "rating": 1,
            "content_type": "show",
            "p_start": 1762204500000,
            "vod_channel_description": "每集由一道傳統的早餐、一家有趣的小店組成，帶領觀眾早起重回故鄉，體味早餐裡的人心激蕩、早餐裡的天長地久。"
          },
          {
            "content_id": "VOD00329757",
            "time_codes": [],
            "timecode_duration": [],
            "length": 415000,
            "asset_id": "vod45210-040021M001",
            "title": "",
            "subtitle": "第4季第21集 江西南豐·現榨水粉",
            "ep_number": 21,
            "rating": 1,
            "content_type": "show",
            "p_start": 1762205100000,
            "vod_channel_description": "每集由一道傳統的早餐、一家有趣的小店組成，帶領觀眾早起重回故鄉，體味早餐裡的人心激蕩、早餐裡的天長地久。"
          },
          {
            "content_id": "VOD00329758",
            "time_codes": [],
            "timecode_duration": [],
            "length": 415000,
            "asset_id": "vod45210-040022M001",
            "title": "",
            "subtitle": "第4季第22集 廣西欽州·豬腳粉",
            "ep_number": 22,
            "rating": 1,
            "content_type": "show",
            "p_start": 1762205700000,
            "vod_channel_description": "每集由一道傳統的早餐、一家有趣的小店組成，帶領觀眾早起重回故鄉，體味早餐裡的人心激蕩、早餐裡的天長地久。"
          },
          {
            "content_id": "VOD00329759",
            "time_codes": [],
            "timecode_duration": [],
            "length": 415000,
            "asset_id": "vod45210-040023M001",
            "title": "",
            "subtitle": "第4季第23集 浙江慈溪·牛羊肉豆漿",
            "ep_number": 23,
            "rating": 1,
            "content_type": "show",
            "p_start": 1762206300000,
            "vod_channel_description": "每集由一道傳統的早餐、一家有趣的小店組成，帶領觀眾早起重回故鄉，體味早餐裡的人心激蕩、早餐裡的天長地久。"
          },
          {
            "content_id": "VOD00329760",
            "time_codes": [],
            "timecode_duration": [],
            "length": 415000,
            "asset_id": "vod45210-040024M001",
            "title": "",
            "subtitle": "第4季第24集 福建廈門·沙茶麵",
            "ep_number": 24,
            "rating": 1,
            "content_type": "show",
            "p_start": 1762206900000,
            "vod_channel_description": "每集由一道傳統的早餐、一家有趣的小店組成，帶領觀眾早起重回故鄉，體味早餐裡的人心激蕩、早餐裡的天長地久。"
          },
          {
            "content_id": "VOD00329761",
            "time_codes": [],
            "timecode_duration": [],
            "length": 415000,
            "asset_id": "vod45210-040025M001",
            "title": "",
            "subtitle": "第4季第25集 安徽績溪·撻粿",
            "ep_number": 25,
            "rating": 1,
            "content_type": "show",
            "p_start": 1762207500000,
            "vod_channel_description": "每集由一道傳統的早餐、一家有趣的小店組成，帶領觀眾早起重回故鄉，體味早餐裡的人心激蕩、早餐裡的天長地久。"
          },
          {
            "content_id": "VOD00329762",
            "time_codes": [],
            "timecode_duration": [],
            "length": 415000,
            "asset_id": "vod45210-040026M001",
            "title": "",
            "subtitle": "第4季第26集 山西臨汾·牛肉丸子麵",
            "ep_number": 26,
            "rating": 1,
            "content_type": "show",
            "p_start": 1762208100000,
            "vod_channel_description": "每集由一道傳統的早餐、一家有趣的小店組成，帶領觀眾早起重回故鄉，體味早餐裡的人心激蕩、早餐裡的天長地久。"
          },
          {
            "content_id": "VOD00329763",
            "time_codes": [],
            "timecode_duration": [],
            "length": 415000,
            "asset_id": "vod45210-040027M001",
            "title": "",
            "subtitle": "第4季第27集 廣東中山·月婆雞瀨粉",
            "ep_number": 27,
            "rating": 1,
            "content_type": "show",
            "p_start": 1762208700000,
            "vod_channel_description": "每集由一道傳統的早餐、一家有趣的小店組成，帶領觀眾早起重回故鄉，體味早餐裡的人心激蕩、早餐裡的天長地久。"
          },
          {
            "content_id": "VOD00329764",
            "time_codes": [],
            "timecode_duration": [],
            "length": 415000,
            "asset_id": "vod45210-040028M001",
            "title": "",
            "subtitle": "第4季第28集 福建尤溪·泥鰍粉乾",
            "ep_number": 28,
            "rating": 1,
            "content_type": "show",
            "p_start": 1762209300000,
            "vod_channel_description": "每集由一道傳統的早餐、一家有趣的小店組成，帶領觀眾早起重回故鄉，體味早餐裡的人心激蕩、早餐裡的天長地久。"
          },
          {
            "content_id": "VOD00329765",
            "time_codes": [],
            "timecode_duration": [],
            "length": 415000,
            "asset_id": "vod45210-040029M001",
            "title": "",
            "subtitle": "第4季第29集 山西陽城·羊雜格",
            "ep_number": 29,
            "rating": 1,
            "content_type": "show",
            "p_start": 1762209900000,
            "vod_channel_description": "每集由一道傳統的早餐、一家有趣的小店組成，帶領觀眾早起重回故鄉，體味早餐裡的人心激蕩、早餐裡的天長地久。"
          },
          {
            "content_id": "VOD00329766",
            "time_codes": [],
            "timecode_duration": [],
            "length": 415000,
            "asset_id": "vod45210-040030M001",
            "title": "",
            "subtitle": "第4季第30集 安徽阜陽·格拉條",
            "ep_number": 30,
            "rating": 1,
            "content_type": "show",
            "p_start": 1762210500000,
            "vod_channel_description": "每集由一道傳統的早餐、一家有趣的小店組成，帶領觀眾早起重回故鄉，體味早餐裡的人心激蕩、早餐裡的天長地久。"
          }
        ],
        "total_length": 35540000,
        "focus_index": 39,
        "next_index": 40,
        "time": 289820,
        "focus_program": {
          "content_id": "VOD00251935",
          "time_codes": [],
          "timecode_duration": [],
          "length": 420000,
          "asset_id": "vod45210-030005M001",
          "title": "",
          "subtitle": "第3季第5集 石子饃涼粉",
          "ep_number": 5,
          "rating": 1,
          "content_type": "show",
          "p_start": 1762177500000,
          "vod_channel_description": "每集由一道傳統的早餐、一家有趣的小店組成，帶領觀眾早起重回故鄉，體味早餐裡的人心激蕩、早餐裡的天長地久。"
        }
      },
      "station_categories": [
        {
          "Name": "綜藝",
          "EngName": "Entertainment",
          "MenuOrder": 8
        }
      ]
    },
    "introduction": null,
    "recommends": null,
    "ua": "Mozilla/5.0 (Windows NT 10.0; Win64; x64) AppleWebKit/537.36 (KHTML, like Gecko) Chrome/91.0.4472.124 Safari/537.36"
  },
  "__N_SSP": true
}