{
  "pageProps": {
    "contentId": "ofiii157",
    "channel": {
      "title": "俗女養成記",
      "no": 157,
      "charge_mode": "F",
      "content_id": "ofiii157",
      "content_type": "vod-channel",
      "epg_categories": [
        4
      ],
      "genres": [
        {
          "id": "",
          "name": "VOD_CHANNEL",
          "logo": ""
        }
      ],
      "liad_id": "VODCHNEWOFIWEB",
      "package_info_id": "VOD_CHANNEL_DELUX",
      "picture": "pics/vod_channel/logo_3358_ofiii157_tv_20250221.png",
      "provider": [
        {
          "id": "",
          "name": "華視",
          "logo": ""
        }
      ],
      "quality": "HD",
      "station_id": "station6292",
      "trial": "",
      "selectable": 1,
      "tr_logo": "pics/vod_channel/tr_logo_1717148511.png",
      "tl_logo": "",
      "br_logo": "",
      "bl_logo": "",
      "menu_type": 1,
      "vod_channel_schedule": {
        "channel_id": 157,
        "cdn_code": "ofiii157",
        "start_time": 1762178646000,
        "programs": [
          {
            "content_id": "VOD00165307",
            "time_codes": [
              752000,
              1481000,
              2234000
            ],
            "timecode_duration": [],
            "length": 2813000,
            "asset_id": "vod39293-000001M001",
            "title": "",
            "subtitle": "第1集",
            "ep_number": 1,
            "rating": 1,
            "content_type": "drama",
            "p_start": 1740123900000,
            "vod_channel_description": "《俗女養成記》台劇線上看。陳嘉玲（謝盈萱），一個不像台北女生的台南女生。年屆39歲的她，沒房沒車也沒有老公沒小孩。當年不惜引發家庭革命也要離開家鄉的她，在台北奮鬥了近二十年，到頭來竟然是一場空？ 過去一直追求「淑女」的夢想，卻在跨入40歲大關的時候，開始認清自己其實是個「俗女」。"
          },
          {
            "content_id": "VOD00165308",
            "time_codes": [
              778000,
              1521000,
              2186000
            ],
            "timecode_duration": [],
            "length": 2824000,
            "asset_id": "vod39293-000002M001",
            "title": "",
            "subtitle": "第2集",
            "ep_number": 2,
            "rating": 1,
            "content_type": "drama",
            "p_start": 1740126900000,
            "vod_channel_description": "陳嘉玲（謝盈萱），一個不像台北女生的台南女生。年屆39歲的她，沒房沒車也沒有老公沒小孩。當年不惜引發家庭革命也要離開家鄉的她，在台北奮鬥了近二十年，到頭來竟然是一場空？ 過去一直追求「淑女」的夢想，卻在跨入40歲大關的時候，開始認清自己其實是個「俗女」。"
          },
          {
            "content_id": "VOD00165309",
            "time_codes": [
              769000,
              1510000,
              2250000
            ],
            "timecode_duration": [],
            "length": 2811000,
            "asset_id": "vod39293-000003M001",
            "title": "",
            "subtitle": "第3集",
            "ep_number": 3,
            "rating": 1,
            "content_type": "drama",
            "p_start": 1740129900000,
            "vod_channel_description": "陳嘉玲（謝盈萱），一個不像台北女生的台南女生。年屆39歲的她，沒房沒車也沒有老公沒小孩。當年不惜引發家庭革命也要離開家鄉的她，在台北奮鬥了近二十年，到頭來竟然是一場空？ 過去一直追求「淑女」的夢想，卻在跨入40歲大關的時候，開始認清自己其實是個「俗女」。"
          },
          {
            "content_id": "VOD00165310",
            "time_codes": [
              765000,
              1461000,
              2195000
            ],
            "timecode_duration": [],
            "length": 2802000,
            "asset_id": "vod39293-000004M001",
            "title": "",
            "subtitle": "第4集",
            "ep_number": 4,
            "rating": 1,
            "content_type": "drama",
            "p_start": 1740132900000,
            "vod_channel_description": "陳嘉玲（謝盈萱），一個不像台北女生的台南女生。年屆39歲的她，沒房沒車也沒有老公沒小孩。當年不惜引發家庭革命也要離開家鄉的她，在台北奮鬥了近二十年，到頭來竟然是一場空？ 過去一直追求「淑女」的夢想，卻在跨入40歲大關的時候，開始認清自己其實是個「俗女」。"
          },
          {
            "content_id": "VOD00165311",
            "time_codes": [
              694000,
              1471000,
              2184000
            ],
            "timecode_duration": [],
            "length": 2830000,
            "asset_id": "vod39293-000005M001",
            "title": "",
            "subtitle": "第5集",
            "ep_number": 5,
            "rating": 1,
            "content_type": "drama",
            "p_start": 1740135900000,
            "vod_channel_description": "陳嘉玲（謝盈萱），一個不像台北女生的台南女生。年屆39歲的她，沒房沒車也沒有老公沒小孩。當年不惜引發家庭革命也要離開家鄉的她，在台北奮鬥了近二十年，到頭來竟然是一場空？ 過去一直追求「淑女」的夢想，卻在跨入40歲大關的時候，開始認清自己其實是個「俗女」。"
          },
          {
            "content_id": "VOD00165312",
            "time_codes": [
              698000,
              1470000,
              2217000
            ],
            "timecode_duration": [],
            "length": 2837000,
            "asset_id": "vod39293-000006M001",
            "title": "",
            "subtitle": "第6集",
            "ep_number": 6,
            "rating": 1,
            "content_type": "drama",
            "p_start": 1740138900000,
            "vod_channel_description": "陳嘉玲（謝盈萱），一個不像台北女生的台南女生。年屆39歲的她，沒房沒車也沒有老公沒小孩。當年不惜引發家庭革命也要離開家鄉的她，在台北奮鬥了近二十年，到頭來竟然是一場空？ 過去一直追求「淑女」的夢想，卻在跨入40歲大關的時候，開始認清自己其實是個「俗女」。"
          },
          {
            "content_id": "VOD00165313",
            "time_codes": [
              664000,
              1384000,
              2126000
            ],
            "timecode_duration": [],
            "length": 2815000,
            "asset_id": "vod39293-000007M001",
            "title": "",
            "subtitle": "第7集",
            "ep_number": 7,
            "rating": 1,
            "content_type": "drama",
            "p_start": 1740141900000,
            "vod_channel_description": "陳嘉玲（謝盈萱），一個不像台北女生的台南女生。年屆39歲的她，沒房沒車也沒有老公沒小孩。當年不惜引發家庭革命也要離開家鄉的她，在台北奮鬥了近二十年，到頭來竟然是一場空？ 過去一直追求「淑女」的夢想，卻在跨入40歲大關的時候，開始認清自己其實是個「俗女」。"
          },
          {
            "content_id": "VOD00165314",
            "time_codes": [
              724000,
              1481000,
              2100000
            ],
            "timecode_duration": [],
            "length": 2834000,
            "asset_id": "vod39293-000008M001",
            "title": "",
            "subtitle": "第8集",
            "ep_number": 8,
            "rating": 1,
            "content_type": "drama",
            "p_start": 1740144900000,
            "vod_channel_description": "陳嘉玲（謝盈萱），一個不像台北女生的台南女生。年屆39歲的她，沒房沒車也沒有老公沒小孩。當年不惜引發家庭革命也要離開家鄉的她，在台北奮鬥了近二十年，到頭來竟然是一場空？ 過去一直追求「淑女」的夢想，卻在跨入40歲大關的時候，開始認清自己其實是個「俗女」。"
          },
          {
            "content_id": "VOD00165315",
            "time_codes": [
              774000,
              1495000,
              2217000
            ],
            "timecode_duration": [],
            "length": 2797000,
            "asset_id": "vod39293-000009M001",
            "title": "",
            "subtitle": "第9集",
            "ep_number": 9,
            "rating": 1,
            "content_type": "drama",
            "p_start": 1740147900000,
            "vod_channel_description": "陳嘉玲（謝盈萱），一個不像台北女生的台南女生。年屆39歲的她，沒房沒車也沒有老公沒小孩。當年不惜引發家庭革命也要離開家鄉的她，在台北奮鬥了近二十年，到頭來竟然是一場空？ 過去一直追求「淑女」的夢想，卻在跨入40歲大關的時候，開始認清自己其實是個「俗女」。"
          },
          {
            "content_id": "VOD00165316",
            "time_codes": [
              670000,
              1425000,
              2147000
            ],
            "timecode_duration": [],
            "length": 2840000,
            "asset_id": "vod39293-000010M001",
            "title": "",
            "subtitle": "第10集",
            "ep_number": 10,
            "rating": 1,
            "content_type": "drama",
            "p_start": 1740150900000,
            "vod_channel_description": "陳嘉玲（謝盈萱），一個不像台北女生的台南女生。年屆39歲的她，沒房沒車也沒有老公沒小孩。當年不惜引發家庭革命也要離開家鄉的她，在台北奮鬥了近二十年，到頭來竟然是一場空？ 過去一直追求「淑女」的夢想，卻在跨入40歲大關的時候，開始認清自己其實是個「俗女」。"
          }
        ],
        "total_length": 28203000,
        "focus_index": 0,
        "next_index": 1,
        "time": 2379447,
        "focus_program": {
          "content_id": "VOD00165307",
          "time_codes": [
            752000,
            1481000,
            2234000
          ],
          "timecode_duration": [],
          "length": 2813000,
          "asset_id": "vod39293-000001M001",
          "title": "",
          "subtitle": "第1集",
          "ep_number": 1,
          "rating": 1,
          "content_type": "drama",
          "p_start": 1740123900000,
          "vod_channel_description": "《俗女養成記》台劇線上看。陳嘉玲（謝盈萱），一個不像台北女生的台南女生。年屆39歲的她，沒房沒車也沒有老公沒小孩。當年不惜引發家庭革命也要離開家鄉的她，在台北奮鬥了近二十年，到頭來竟然是一場空？ 過去一直追求「淑女」的夢想，卻在跨入40歲大關的時候，開始認清自己其實是個「俗女」。"
        }
      },
      "station_categories": [
        {
          "Name": "戲劇",
          "EngName": "Drama",
          "MenuOrder": 7
        }
      ]
    },
    "introduction": {
      "image": "https://p-cdnstatic.svc.litv.tv/pics/vod_channel/logo_3358_ofiii157_mobile_20240531.png",
      "description": "陳嘉玲，一個永遠不像台北女生的台南女生。年屆39歲的她，沒房沒車也沒有老公沒小孩。當年不惜引發家庭革命也要離開家鄉的她，在台北奮鬥了近二十年，到頭來竟然是一場空？ 過去一直追求「淑女」的夢想，卻在跨入40歲大關的時候，開始認清，其實自己是個「俗女」。",
      "href_maps": []
    },
    "recommends": [],
    "ua": "Mozilla/5.0 (Windows NT 10.0; Win64; x64) AppleWebKit/537.36 (KHTML, like Gecko) Chrome/91.0.4472.124 Safari/537.36"
  },
  "__N_SSP": true
}