{
  "pageProps": {
    "contentId": "ofiii159",
    "channel": {
      "title": "雖然等級只有1級但固有技能是最強的",
      "no": 159,
      "charge_mode": "F",
      "content_id": "ofiii159",
      "content_type": "vod-channel",
      "epg_categories": [
        109
      ],
      "genres": [
        {
          "id": "",
          "name": "VOD_CHANNEL",
          "logo": ""
        }
      ],
      "liad_id": "VODCHNEWCHILDOFIWEB",
      "package_info_id": "VOD_CHANNEL_DELUX",
      "picture": "pics/vod_channel/logo_3359_ofiii159_tv_20250221.png",
      "provider": [
        {
          "id": "",
          "name": "木棉花",
          "logo": ""
        }
      ],
      "quality": "HD",
      "station_id": "station6293",
      "trial": "",
      "selectable": 1,
      "tr_logo": "pics/vod_channel/tr_logo_1717148512.png",
      "tl_logo": "",
      "br_logo": "",
      "bl_logo": "",
      "menu_type": 0,
      "vod_channel_schedule": {
        "channel_id": 159,
        "cdn_code": "ofiii159",
        "start_time": 1762182300000,
        "programs": [
          {
            "content_id": "VOD00293139",
            "time_codes": [
              800000
            ],
            "timecode_duration": [],
            "length": 1419000,
            "asset_id": "vod64309-010001M001",
            "title": "",
            "subtitle": "第1季第1集 從史萊姆中掉落的人類",
            "ep_number": 1,
            "rating": 2,
            "content_type": "comic",
            "p_start": 1762182300000,
            "vod_channel_description": "上班族佐藤亮太一睜開眼睛便發現自己來到地下城會掉落各種物品的不可思議的世界。自稱愛蜜莉的少女表示亮太也是從她打倒的史萊姆中掉落出現的。他在愛蜜莉的帶領下測試了自己的能力值，發現自己的等級最大值竟然只有【１】。發現自己能力數值很低的亮太不禁失落，但隨即發現他的掉落值竟然全都是最強的【Ｓ級】……！？"
          },
          {
            "content_id": "VOD00293140",
            "time_codes": [
              679000
            ],
            "timecode_duration": [],
            "length": 1420000,
            "asset_id": "vod64309-010002M001",
            "title": "",
            "subtitle": "第1季第2集 死亡or紅蘿蔔",
            "ep_number": 2,
            "rating": 2,
            "content_type": "comic",
            "p_start": 1762183800000,
            "vod_channel_description": "伊芙突然來到亮太和愛蜜莉的家，仔細一問才知道原來她是喜歡亮太在地下城掉的紅蘿蔔才跑來的。知道伊芙的目的是想要”很讚的紅蘿蔔”後，愛蜜莉便端上親手做的紅蘿蔔料理來招待她。隔天，伊芙又出現在尼霍紐姆地城努力提升能力值的亮太面前。"
          },
          {
            "content_id": "VOD00293141",
            "time_codes": [
              770000
            ],
            "timecode_duration": [],
            "length": 1420000,
            "asset_id": "vod64309-010003M001",
            "title": "",
            "subtitle": "第1季第3集 殺光那些黑黑小小的東西",
            "ep_number": 3,
            "rating": 2,
            "content_type": "comic",
            "p_start": 1762185300000,
            "vod_channel_description": "離群魔物的大猩猩掉落的物品是一套手槍和子彈。看見掉落物品竟出現照理來說這個世界並不存在的武器，讓亮太非常驚訝。因為能力值順利上升的關係，亮太和愛蜜莉決定挑戰會掉落南瓜的泰魯陸地城地下3層。想不到外觀看起來就像”黑黑小小的那個”一樣的小黑史萊姆，竟讓愛蜜莉性情大變……！"
          },
          {
            "content_id": "VOD00293142",
            "time_codes": [
              630000
            ],
            "timecode_duration": [],
            "length": 1420000,
            "asset_id": "vod64309-010004M001",
            "title": "",
            "subtitle": "第1季第4集 搬入新家 在家悠閒度過吧",
            "ep_number": 4,
            "rating": 2,
            "content_type": "comic",
            "p_start": 1762186800000,
            "vod_channel_description": "利用冷凍彈成功討伐宿魔物的亮太打到能使掉落數變成兩倍的項鍊。之後他看愛蜜莉擠在狹窄的廚房裡煮飯，便向愛蜜莉提議搬家。\r\n隔天，亮太來到「燕子的報恩」賣竹筍時，突然被一個人物叫住。"
          },
          {
            "content_id": "VOD00293143",
            "time_codes": [
              815000
            ],
            "timecode_duration": [],
            "length": 1420000,
            "asset_id": "vod64309-010005M001",
            "title": "",
            "subtitle": "第1季第5集 好耶 今天輪我當班",
            "ep_number": 5,
            "rating": 2,
            "content_type": "comic",
            "p_start": 1762188300000,
            "vod_channel_description": "有天亮太在「燕子的報恩」休息時，據說是席庫羅鎮實力第一的尼普頓家族首領．尼普頓突然上前挑戰亮太要求比腕力。在亮太好不容易擊敗他後，對方竟出口挖角亮太，問他要不要加入尼普頓家族。另一方面，席庫羅鎮在這期間預測即將發生使魔法失效的自然現象”魔力風暴”……。\""
          },
          {
            "content_id": "VOD00293144",
            "time_codes": [
              690000
            ],
            "timecode_duration": [],
            "length": 1420000,
            "asset_id": "vod64309-010006M001",
            "title": "",
            "subtitle": "第1季第6集 美女登場",
            "ep_number": 6,
            "rating": 2,
            "content_type": "comic",
            "p_start": 1762189800000,
            "vod_channel_description": "在席庫羅鎮唯一出產米的夕立康地城發生罷工潮！有一群人佔據地下6樓，聲稱若是不提高收購價格就不願意再賣米，於是亮太自告奮勇前去協調。\r\n在事件解決不久後，在一旁看著事情始末的地城長要求與亮太見面，拜託他幫助席庫羅鎮爭取新地城的所有權。"
          },
          {
            "content_id": "VOD00293145",
            "time_codes": [
              700000
            ],
            "timecode_duration": [],
            "length": 1420000,
            "asset_id": "vod64309-010007M001",
            "title": "",
            "subtitle": "第1季第7集 暗潮洶湧的地城爭奪戰",
            "ep_number": 7,
            "rating": 2,
            "content_type": "comic",
            "p_start": 1762191300000,
            "vod_channel_description": "亮太和愛蜜莉在新地城「賽倫地城」的垃圾場遇見一位臉色差得像是隨時會昏倒的美女瑟莉斯德。瑟莉斯德一直獨自使用火炎魔法負責處理垃圾，看著她勉強自己貫徹職責的模樣，讓亮太忍不住想起自己的過去。與此同時，地城爭奪戰揭開序幕，對手竟打一開始就出手妨礙……！"
          },
          {
            "content_id": "VOD00293146",
            "time_codes": [
              733000
            ],
            "timecode_duration": [],
            "length": 1420000,
            "asset_id": "vod64309-010008M001",
            "title": "",
            "subtitle": "第1季第8集 加把勁上吧!給牠好看!瑟莉斯德",
            "ep_number": 8,
            "rating": 2,
            "content_type": "comic",
            "p_start": 1762192800000,
            "vod_channel_description": "賽倫地城因為出現強大危險的地城頭目而封鎖，使得營地的垃圾量倍增。擔心瑟莉斯德這下子又會拼過頭的亮太，連忙前往席庫羅鎮總部帳棚確認地城頭目的討伐狀況。然而組成討伐隊伍和出入地城卻多了非常麻煩的規定……!?"
          },
          {
            "content_id": "VOD00293147",
            "time_codes": [
              840000
            ],
            "timecode_duration": [],
            "length": 1420000,
            "asset_id": "vod64309-010009M001",
            "title": "",
            "subtitle": "第1季第9集 久等了!這次輪到伊芙當主角囉",
            "ep_number": 9,
            "rating": 2,
            "content_type": "comic",
            "p_start": 1762194300000,
            "vod_channel_description": "亮太、愛蜜莉和瑟莉斯德回到席庫羅鎮，碰上艾露莎說想委託有關一年一度的收穫祭的事。想不到沒過多久竟發生了稀有物品變成離群魔物襲擊鎮民的事件。亮太家族雖奮力討伐，但愛蜜莉的巨槌在這場戰鬥中毀損。另一方面，伊芙為了再吃到美味紅蘿蔔到處尋找亮太……。"
          },
          {
            "content_id": "VOD00293148",
            "time_codes": [
              893000
            ],
            "timecode_duration": [],
            "length": 1420000,
            "asset_id": "vod64309-010010M001",
            "title": "",
            "subtitle": "第1季第10集 艾莉絲登場",
            "ep_number": 10,
            "rating": 2,
            "content_type": "comic",
            "p_start": 1762195800000,
            "vod_channel_description": "收穫祭即將到來，亮太家族按照艾露莎提供的高價收購表前去尋找稀有魔物。隔天早上，亮太為了繼續提升能力值來到尼霍紐姆地城地下5樓，因為提升了MP而決定學習魔法。與此同時，一位冒險者少女艾莉絲來到「燕子的報恩」到處尋找願意讓自己加入的隊伍。"
          },
          {
            "content_id": "VOD00293149",
            "time_codes": [
              736000
            ],
            "timecode_duration": [],
            "length": 1420000,
            "asset_id": "vod64309-010011M001",
            "title": "",
            "subtitle": "第1季第11集 收穫祭來囉!",
            "ep_number": 11,
            "rating": 2,
            "content_type": "comic",
            "p_start": 1762197300000,
            "vod_channel_description": "收穫祭終於到來，來逛祭典的亮太、愛蜜莉和艾莉絲發現一間自稱販賣經驗值的稀奇攤販。當三人用此方法幫助愛蜜莉提升等級時，突然聽見街上傳來鎮民的慘叫聲。他們趕到現場發現原來是逃出籠子的魔物在襲擊人……！在亮太一行人陷入苦戰時，尼普頓家族及時現身。\""
          },
          {
            "content_id": "VOD00293150",
            "time_codes": [
              829000
            ],
            "timecode_duration": [],
            "length": 1420000,
            "asset_id": "vod64309-010012M001",
            "title": "",
            "subtitle": "第1季第12集 所有人一起才是一支隊伍(完)",
            "ep_number": 12,
            "rating": 2,
            "content_type": "comic",
            "p_start": 1762198800000,
            "vod_channel_description": "來到尼霍紐姆地城的亮太與地城頭目陷入對峙，所有特殊彈都穿過魔物的身體，攻擊竟全都無效。加上地城頭目的攻勢又快又猛，徹底壓制了亮太。儘管感覺自己一點勝算都沒有，亮太仍不放棄，當他凝神觀察敵人的行動時，突然注意到……！？"
          }
        ],
        "total_length": 17039000,
        "focus_index": 2,
        "next_index": 3,
        "time": 1180670,
        "focus_program": {
          "content_id": "VOD00293141",
          "time_codes": [
            770000
          ],
          "timecode_duration": [],
          "length": 1420000,
          "asset_id": "vod64309-010003M001",
          "title": "",
          "subtitle": "第1季第3集 殺光那些黑黑小小的東西",
          "ep_number": 3,
          "rating": 2,
          "content_type": "comic",
          "p_start": 1762185300000,
          "vod_channel_description": "離群魔物的大猩猩掉落的物品是一套手槍和子彈。看見掉落物品竟出現照理來說這個世界並不存在的武器，讓亮太非常驚訝。因為能力值順利上升的關係，亮太和愛蜜莉決定挑戰會掉落南瓜的泰魯陸地城地下3層。想不到外觀看起來就像”黑黑小小的那個”一樣的小黑史萊姆，竟讓愛蜜莉性情大變……！"
        }
      },
      "station_categories": [
        {
          "Name": "動漫",
          "EngName": "Animate",
          "MenuOrder": 109
        }
      ]
    },
    "introduction": {
      "image": "https://p-cdnstatic.svc.litv.tv/pics/vod_channel/logo_2991_ofiii165_mobile_20230802.png",
      "description": "",
      "href_maps": []
    },
    "recommends": [],
    "ua": "Mozilla/5.0 (Windows NT 10.0; Win64; x64) AppleWebKit/537.36 (KHTML, like Gecko) Chrome/91.0.4472.124 Safari/537.36"
  },
  "__N_SSP": true
}