{
  "pageProps": {
    "contentId": "ofiii112",
    "channel": {
      "title": "鳳囚凰",
      "no": 112,
      "charge_mode": "F",
      "content_id": "ofiii112",
      "content_type": "vod-channel",
      "epg_categories": [
        4
      ],
      "genres": [
        {
          "id": "",
          "name": "VOD_CHANNEL",
          "logo": ""
        }
      ],
      "liad_id": "VODCHNEWOFIWEB",
      "package_info_id": "VOD_CHANNEL_DELUX",
      "picture": "pics/vod_channel/logo_3721_ofiii112_tv_20250506.png",
      "provider": [
        {
          "id": "",
          "name": "龍華",
          "logo": ""
        }
      ],
      "quality": "HD",
      "station_id": "station6655",
      "trial": "",
      "selectable": 1,
      "tr_logo": "pics/vod_channel/tr_logo_1746526044.png",
      "tl_logo": "",
      "br_logo": "",
      "bl_logo": "",
      "menu_type": 1,
      "vod_channel_schedule": {
        "channel_id": 112,
        "cdn_code": "ofiii112",
        "start_time": 1762115250000,
        "programs": [
          {
            "content_id": "VOD00357012",
            "time_codes": [
              779000,
              1473000,
              2114000
            ],
            "timecode_duration": [],
            "length": 2745000,
            "asset_id": "vod76408-000001M001",
            "title": "",
            "subtitle": "第1集",
            "ep_number": 1,
            "rating": 1,
            "content_type": "drama",
            "p_start": 1746481500000,
            "vod_channel_description": "464年，宋孝武帝去世，劉子業即位，改元永光，大赦天下。劉子業的同母姐姐山陰公主劉楚玉愛好鑒賞美人，劉子業賜她門客三十，伴其玩樂。劉楚玉出行遊玩，意外墜河，醒來後性情大變，行為失常，引起門客容止注意。楚玉康復，召開春日宴觀察府中局勢為完成任務而暗自盤算。門客桓遠江淹心藏異心，楚玉察覺翻看門客們的卷宗記錄，心中生計。"
          },
          {
            "content_id": "VOD00357013",
            "time_codes": [
              787000,
              1429000,
              2209000
            ],
            "timecode_duration": [],
            "length": 2734000,
            "asset_id": "vod76408-000002M001",
            "title": "",
            "subtitle": "第2集",
            "ep_number": 2,
            "rating": 1,
            "content_type": "drama",
            "p_start": 1746484500000,
            "vod_channel_description": "楚玉故意弄傷手腕，只能請人代筆處理公務，又巧用離間計，送走江淹，孤立桓遠，並遣散府內門客，只留下容止、桓遠、流桑、柳色、墨香、花錯六人。楚玉的種種異常，令容止非常驚疑，並經過試探進一步驗證。原來此刻的楚玉早已被天機閣的朱雀取代，他們的目的是誅殺荒唐皇帝劉子業，導正社稷，建立新政。而容止心機過人，早已收買公主府眾人的人心，府中眾人更聽從容止的吩咐，朱雀想除掉容止，卻不能硬碰硬，決定讓恒遠制衡容止。"
          },
          {
            "content_id": "VOD00357014",
            "time_codes": [
              744000,
              1482000,
              2174000
            ],
            "timecode_duration": [],
            "length": 2745000,
            "asset_id": "vod76408-000003M001",
            "title": "",
            "subtitle": "第3集",
            "ep_number": 3,
            "rating": 1,
            "content_type": "drama",
            "p_start": 1746487500000,
            "vod_channel_description": "楚玉為與天機閣傳遞消息，決定借遊玩機會出府，遂假扮男子，與越捷飛一同出行。因建康愛慕美男子的風氣，楚玉引起追逐，趁機甩掉越捷飛，與天機閣接觸。楚玉接到拉攏士族的任務，正犯愁時遇到高門子弟裴述，受邀參加曲水流觴詩會。容止向楚玉建議帶桓遠參加，桓遠在詩會上大放光彩，楚玉遇到與山陰公主有素怨的蕭道成與天生風流的王意之，卻因意外受到眾人輕視，拉攏士族的計畫失敗。桓遠派刺客殺死楚玉，卻在墜崖時為其所救，大受震動。容止懷疑楚玉，楚玉受到天機閣埋于公主府的間諜粉黛幫助，成功解除懷疑。容止意外受傷，楚玉借由剝奪他管事特權，交予桓遠。"
          },
          {
            "content_id": "VOD00357015",
            "time_codes": [
              668000,
              1444000,
              2093000
            ],
            "timecode_duration": [],
            "length": 2674000,
            "asset_id": "vod76408-000004M001",
            "title": "",
            "subtitle": "第4集",
            "ep_number": 4,
            "rating": 1,
            "content_type": "drama",
            "p_start": 1746490500000,
            "vod_channel_description": "楚玉啟用桓遠，與他化敵為友。楚玉攜帶容止贈送的香囊入宮，恰逢皇帝劉子業羞辱皇叔湘東王劉彧、建安王劉休仁、山陽王劉休佑等人，楚玉幫助三人解圍，同時發現香囊的香氣可以平復劉子業的暴虐情緒，不由越發懷疑容止。楚玉私下找人查香料成分，容止得知後卻將配方拱手相讓，楚玉震驚之余更加警惕容止用心。劉子業再三羞辱皇叔，楚玉決定將其騙出皇宮予以誅殺。"
          },
          {
            "content_id": "VOD00357016",
            "time_codes": [
              683000,
              1392000,
              2108000
            ],
            "timecode_duration": [],
            "length": 2734000,
            "asset_id": "vod76408-000005M001",
            "title": "",
            "subtitle": "第5集",
            "ep_number": 5,
            "rating": 1,
            "content_type": "drama",
            "p_start": 1746493500000,
            "vod_channel_description": "劉子業對楚玉百般信任，答應與她一同出宮玩樂，卻受到太尉沈慶之的阻撓。劉子業大張旗鼓來到公主府，在楚玉的幫助下逃出公主府，在大街上肆意遊玩。楚玉將劉子業引入丹坊並藉故離開，劉子業遭遇天機樓刺客，幸而皇室暗衛緊急出動，護衛了他的平安。天機樓一擊不中，索性利用丹爐引爆丹坊，意圖炸死劉子業，可惜劉子業躲入丹爐之內，逃過一劫，楚玉深感失望。在容止的幫助下，楚玉成功避開沈慶之的懷疑，順利送劉子業回宮。太后病重，楚玉前去看望，意外發現太后是她的親生母親，而她與山陰竟是孿生姐妹。"
          },
          {
            "content_id": "VOD00357017",
            "time_codes": [
              757000,
              1403000,
              2219000
            ],
            "timecode_duration": [],
            "length": 2759000,
            "asset_id": "vod76408-000006M001",
            "title": "",
            "subtitle": "第6集",
            "ep_number": 6,
            "rating": 1,
            "content_type": "drama",
            "p_start": 1746496500000,
            "vod_channel_description": "楚玉痛苦不堪，她通過天師天如鏡瞭解到當初自己是因天生七煞命格而被流放民間。在容止的開解下，她以山陰身份與太后相處，陪伴其度過了最後一段日子。太后崩逝，劉子業荒誕不堪，楚玉暴怒之下決定殺死這個不孝不賢的皇帝。林木深夜闖入，楚玉刺殺失敗，雷雨之夜劉子業回憶少年時代淒慘經歷，引發楚玉惻隱，楚玉暗中決定，放棄刺殺計畫，引導劉子業向善，成為一個好皇帝。"
          },
          {
            "content_id": "VOD00357018",
            "time_codes": [
              822000,
              1411000,
              2231000
            ],
            "timecode_duration": [],
            "length": 2773000,
            "asset_id": "vod76408-000007M001",
            "title": "",
            "subtitle": "第7集",
            "ep_number": 7,
            "rating": 1,
            "content_type": "drama",
            "p_start": 1746499500000,
            "vod_channel_description": "楚玉搜集歷代帝王興衰史，給劉子業講故事，同時廣邀建康士族，拉攏名流。容止暗中邀來建康第一美人鐘年年，破壞楚玉的宴會，楚玉拉攏建康大族的計畫泡湯大為沮喪，粉黛質問楚玉為何遲遲不進行刺殺計畫，楚玉吐露自己想救劉子業的想法，粉黛大驚之余還是幫楚玉向天機閣主隱瞞。劉子業邀請楚玉出宮遊玩，因孩童傳唱滅國童謠暴怒。親眼見到劉子業誅殺無辜孩童，楚玉驚駭且失望。"
          },
          {
            "content_id": "VOD00357019",
            "time_codes": [
              691000,
              1503000,
              2182000
            ],
            "timecode_duration": [],
            "length": 2759000,
            "asset_id": "vod76408-000008M001",
            "title": "",
            "subtitle": "第8集",
            "ep_number": 8,
            "rating": 1,
            "content_type": "drama",
            "p_start": 1746502500000,
            "vod_channel_description": "墨香為楚玉送來香爐，險些被誤為奸細殺掉，幸而粉黛傾力相救，楚玉向容止訴苦，容止安慰。楚玉懇求劉子業十分相信的天師天如鏡協助自己改變劉子業，卻遭到天如鏡以阻礙天命為由而拒絕。楚玉要求劉子業不再殺人，劉子業表面答應，實則劉子業故意折磨皇叔們，楚玉勸解無果，湘東王放跑義陽王劉昶，將皇帝的目光全都引到對方身上，皇帝一怒之下全城搜索。不知情的楚玉偶然遇到逃跑的劉昶，不忍殺害，故意放他出城。"
          },
          {
            "content_id": "VOD00357020",
            "time_codes": [
              737000,
              1470000,
              2139000
            ],
            "timecode_duration": [],
            "length": 2718000,
            "asset_id": "vod76408-000009M001",
            "title": "",
            "subtitle": "第9集",
            "ep_number": 9,
            "rating": 1,
            "content_type": "drama",
            "p_start": 1746505500000,
            "vod_channel_description": "放走劉昶後楚玉與容止偶遇王意之天如鏡等人，眾人一起度過了難忘的夜晚。王意之覺察到一切均在容止的算計當中有心提醒，卻被王家以莫須有罪名逐出，楚玉前去找王意之，受到了他的提點。劉子業看中新蔡公主而殺死駙馬何邁，令楚玉非常失望，隨後他又將皇叔們關在竹籠裡遊街，楚玉發現根本無法化解兩方怨恨，索性勸說劉子業殺掉二位王爺以絕後患，劉子業因大臣勸阻而猶豫。回府途中，楚玉與容止一同遭遇頂尖殺手鶴絕，二人一同跳下懸崖。"
          },
          {
            "content_id": "VOD00357021",
            "time_codes": [
              714000,
              1447000,
              2167000
            ],
            "timecode_duration": [],
            "length": 2764000,
            "asset_id": "vod76408-000010M001",
            "title": "",
            "subtitle": "第10集",
            "ep_number": 10,
            "rating": 1,
            "content_type": "drama",
            "p_start": 1746508500000,
            "vod_channel_description": "崖下別有洞天，楚玉與容止同甘共苦，互生情愫。而另一邊，劉子業殺人如麻，毫無悔改之心，楚玉百般勸慰無果，終究明白一切努力都是徒勞的。然而，血緣之情讓她沒法下手殺死這個荒唐的皇帝。天機閣問責，粉黛為了幫楚玉遮掩，寧願自己入宮誅殺劉子業，反而被他殺死，與此同時，腐朽的貴族階層處處盤剝百姓，楚玉心生厭惡。她再一次決定執行天機樓的命令，殺掉劉子業。墨香受到容止指示找到湘東王，二人建立合作關係。"
          },
          {
            "content_id": "VOD00357022",
            "time_codes": [
              674000,
              1381000,
              2102000
            ],
            "timecode_duration": [],
            "length": 2771000,
            "asset_id": "vod76408-000011M001",
            "title": "",
            "subtitle": "第11集",
            "ep_number": 11,
            "rating": 1,
            "content_type": "drama",
            "p_start": 1746511500000,
            "vod_channel_description": "與湘東王的合作中，湘東王為了一己之私，不惜聯合墨香殺死無辜的老將軍沈慶之，並嫁禍劉子業。楚玉找劉子業質問，卻意外撞見劉子業將粉黛屍體化為影子戲的骨架，叫楚玉對劉子業徹底死了心。楚玉對新政失望。容止為了安慰楚玉，特意找出會唱歌的石頭討她開心，二人感情進一步升溫。天如鏡研究出楚玉隨身攜帶香囊的秘密，向劉子業告發，楚玉被劉子業懷疑，行為受到駙馬限制。另一邊桓遠準備離開，走前向楚玉詢問是否願意同他一起。"
          },
          {
            "content_id": "VOD00357023",
            "time_codes": [
              725000,
              1417000,
              2208000
            ],
            "timecode_duration": [],
            "length": 2745000,
            "asset_id": "vod76408-000012M001",
            "title": "",
            "subtitle": "第12集",
            "ep_number": 12,
            "rating": 1,
            "content_type": "drama",
            "p_start": 1746514500000,
            "vod_channel_description": "容止重傷需穎川的冰泉水做藥引，楚玉施計取得駙馬身上的權杖，，走前楚玉對容止深情告白。楚玉帶著容止以及桓遠等人欲要離開建康，卻被劉子業召回，想到身上的責任，楚玉毅然決然獨自前往。天機閣與湘東王共同籌備誅殺劉子業，強令楚玉配合，楚玉被迫同意。伏擊劉子業的最後一刻，楚玉想起劉子業的信任依賴，終究下不了手。"
          },
          {
            "content_id": "VOD00357024",
            "time_codes": [
              717000,
              1397000,
              2266000
            ],
            "timecode_duration": [],
            "length": 2780000,
            "asset_id": "vod76408-000013M001",
            "title": "",
            "subtitle": "第13集",
            "ep_number": 13,
            "rating": 1,
            "content_type": "drama",
            "p_start": 1746517500000,
            "vod_channel_description": "姐弟對決，劉子業發現最喜歡的姐姐竟然要殺他，一時大為憤慨。駙馬借宮中動亂，想要趁機殺掉楚玉，楚玉借由太后留下的地道逃亡。湘東王趁亂登基。逃亡途中，楚玉意外發現身邊的容止來歷非凡，他竟然是北魏潛入南朝的間諜，是北魏馮太后的哥哥，他一心想要顛覆南宋王朝，挑起兩國戰端，而她竟然一直被容止欺騙，深深愛上了他。楚玉向容止表達愛意，容止選擇了江山，楚玉傷心離開。容止其實也對楚玉情愫暗生，面對楚玉的毅然離開，他深感後悔，而後的思念，令他察覺自己對楚玉的心意。"
          },
          {
            "content_id": "VOD00357025",
            "time_codes": [
              674000,
              1395000,
              2178000
            ],
            "timecode_duration": [],
            "length": 2776000,
            "asset_id": "vod76408-000014M001",
            "title": "",
            "subtitle": "第14集",
            "ep_number": 14,
            "rating": 1,
            "content_type": "drama",
            "p_start": 1746520500000,
            "vod_channel_description": "朝政並未轉好楚玉與桓遠隱姓埋名，藏于冀州生活。在桓遠的陪伴下，楚玉漸漸忘記失去容止的痛苦。另一邊容止趕赴淮西，巧施手段，奪得淮西七郡，準備向冀州進發。容止暗中潛入冀州探查消息，再次與楚玉相見，楚玉的冷淡令他不悅，用計先後逼走桓遠與流桑。"
          },
          {
            "content_id": "VOD00357026",
            "time_codes": [
              790000,
              1417000,
              2115000
            ],
            "timecode_duration": [],
            "length": 2732000,
            "asset_id": "vod76408-000015M001",
            "title": "",
            "subtitle": "第15集",
            "ep_number": 15,
            "rating": 1,
            "content_type": "drama",
            "p_start": 1746523500000,
            "vod_channel_description": "北魏軍隊大勝，沈攸之虛報戰功，不惜與宗越合謀，殺害無辜百姓，並將血債栽贓于容止身上。天如鏡認定容止的存在會阻礙天道，與北魏馮太后勾結。馮太后忌憚容止勢大，命令宇文雄伺機殺掉容止。容止佯裝戰敗逃亡，沈攸之志得意滿，在冀州城舉辦慶功宴。容止反戈一擊，利用火油焚燒冀州城，一舉奪得城池。婢女幼藍愛慕容止，被天如鏡收買，出賣楚玉，令她落入天如鏡之手，並以此威脅容止做出抉擇。"
          },
          {
            "content_id": "VOD00357027",
            "time_codes": [
              712000,
              1448000,
              2174000
            ],
            "timecode_duration": [],
            "length": 2671000,
            "asset_id": "vod76408-000016M001",
            "title": "",
            "subtitle": "第16集",
            "ep_number": 16,
            "rating": 1,
            "content_type": "drama",
            "p_start": 1746526500000,
            "vod_channel_description": "在江山與美人之間，容止作出了最後的抉擇。天如鏡意識到自己對容止斬盡殺絕並不僅僅是為了天道，而是出自對楚玉的愛慕，他想方設法尋求楚玉原諒不果，最終陷入瘋狂。心灰意冷的楚玉不願接受容止的愛，容止無奈之下只能詐死，楚玉在絕望中洞悉自己從未忘情。楚玉不相信容止已經死去，決心找到他的蹤跡，然而容止機關算盡卻不料最後跌入自己親姐姐的手中，中了噬心毒，從此以後只能聽命于馮太后，為其操控。容止回到了北魏。楚玉則與天如鏡達成協議，為匡扶正義，阻止閣主陰謀，繼續做回公主，解救百姓蒼生。"
          },
          {
            "content_id": "VOD00357028",
            "time_codes": [
              738000,
              1448000,
              2091000
            ],
            "timecode_duration": [],
            "length": 2672000,
            "asset_id": "vod76408-000017M001",
            "title": "",
            "subtitle": "第17集",
            "ep_number": 17,
            "rating": 1,
            "content_type": "drama",
            "p_start": 1746529500000,
            "vod_channel_description": "容止與楚玉從此以後，便永遠分離。說書人將結局說出，才知原來一切都只是說書人杜撰的故事，可誰知，聽客們對結局不太滿意，說書人只好從另一角度，又開始了關於楚玉和容止的新故事。這次，故事的背景設置在了大魏。北魏皇帝選拔攝政王，昌黎王容止與康王拓跋昀為競爭攝政王之位多次較量，容止因與北魏丞相馬中良的獨女馬雪雲結緣，但馬相懷疑容止用心，多番試探，最終容止答應娶馬雪雲為妃，得到馬相支持的他成為了北魏攝政王。另一邊，康王拓跋昀得知容止要娶馬雪雲，卻十分高興，因為容止有一紅顏知己，是女將軍霍璿。霍璿與馬相各有權勢，容止要娶馬雪雲，馮太后為其擔心，而遠在外剿滅叛軍的霍璿得知此事後，快馬加鞭趕回，卻被拓跋昀攔住。拓跋昀心系霍璿，多番挑撥霍璿與容止，但霍璿卻對容止十分信任，竟表示願意繼續為容止守護江山。"
          },
          {
            "content_id": "VOD00357029",
            "time_codes": [
              728000,
              1428000,
              2136000
            ],
            "timecode_duration": [],
            "length": 2711000,
            "asset_id": "vod76408-000018M001",
            "title": "",
            "subtitle": "第18集",
            "ep_number": 18,
            "rating": 1,
            "content_type": "drama",
            "p_start": 1746532500000,
            "vod_channel_description": "宋國使者來到北魏，當眾出難題意圖讓北魏出醜，卻被容止化解。使者提出來意，要北魏履行婚約，遠嫁攝政王容止。容止得知此事，欲攜馬雪雲私奔，卻被馬相以抗旨為由攔住，最終說服容止，在迎娶劉宋公主的當日同時迎娶馬雪雲為側妃。拓跋昀得知此事，為破壞兩國聯姻，不讓容止得到宋國支持，派人刺殺劉宋公主，卻被劉宋公主機智化解，劉宋公主最終與容止成親，成為了攝政王妃。洞房當日，容止沒有去公主房中，而是去了馬雪雲的住處。公主好奇爬到房頂上偷看，卻不小心掉下去把容止砸倒。二人相對不相識，容止十分震怒，認為公主不識禮數，公主卻笑容止是一砸就倒的弱雞，洞房夜二人不歡而散。"
          },
          {
            "content_id": "VOD00357030",
            "time_codes": [
              726000,
              1461000,
              2153000
            ],
            "timecode_duration": [],
            "length": 2658000,
            "asset_id": "vod76408-000019M001",
            "title": "",
            "subtitle": "第19集",
            "ep_number": 19,
            "rating": 1,
            "content_type": "drama",
            "p_start": 1746535500000,
            "vod_channel_description": "朝堂上，因為稅收問題吵得不可開交，容止攬下任務，要在三天內籌出巨額軍餉。宮中宴會，魏國大臣對宋國出言不遜，楚玉巧施計狠狠的教訓了大臣一頓。康王對容止虎視眈眈，多次擾亂容止解決稅收問題的計畫，容止只得傳書霍璿，尋求幫助。霍璿為了幫助容止，抓住涇州幾位富豪和貪官，以武力逼迫他們出錢。"
          },
          {
            "content_id": "VOD00357031",
            "time_codes": [
              667000,
              1384000,
              2130000
            ],
            "timecode_duration": [],
            "length": 2736000,
            "asset_id": "vod76408-000020M001",
            "title": "",
            "subtitle": "第20集",
            "ep_number": 20,
            "rating": 1,
            "content_type": "drama",
            "p_start": 1746538500000,
            "vod_channel_description": "霍璿終於湊齊軍餉，卻被眾人聯名彈劾。而此時，北魏境內有人冒充宋國人殺人，楚玉還認識其中一個名為圖桑的宋國人，楚玉因此被推向風口浪尖，為了調查真相，楚玉決定跟著負責調查此事的容止。楚玉跟著容止到大牢找圖桑，卻發現圖桑已被人殺害，楚玉決定進宮找皇帝當庭申辯，恰巧聽到八皇子拓跋羽與婢女辱駡宋國人，楚玉懲戒了婢女，因此與八皇子結仇。荊州城內，霍璿好不容易籌集的軍餉被天機閣主暗算丟失，天機閣嫁禍給宋人，眾人都以為是宋人所為，霍璿卻不以為然。宮內，八皇子拓跋羽中毒，婢女指出之前八皇子與楚玉有過節，眾人以為是楚玉意圖毒害八皇子。"
          },
          {
            "content_id": "VOD00357032",
            "time_codes": [
              669000,
              1409000,
              2116000
            ],
            "timecode_duration": [],
            "length": 2674000,
            "asset_id": "vod76408-000021M001",
            "title": "",
            "subtitle": "第21集",
            "ep_number": 21,
            "rating": 1,
            "content_type": "drama",
            "p_start": 1746541500000,
            "vod_channel_description": "楚玉以證據證明，這一切都是八皇子自導自演，目的是為了報復楚玉。事蹟敗露的八皇子驚慌求饒，拓跋昀卻為其尋找說辭，把一切推到了在魏國殺人的宋人身上，容止卻站在了楚玉這邊，表示這一切太過巧合，可能是有心人算計。算計這一切的正是天機閣主，不僅如此，他還設計盜走了霍璿的軍餉，霍璿與天機閣主一番鬥智鬥勇，並斬殺了一名貪官污吏，終於找到了軍餉。宮中，獨得容止寵愛的馬雪雲有孕在身，但因為其身體孱弱，被太醫告知無法生下孩子。"
          },
          {
            "content_id": "VOD00357033",
            "time_codes": [
              712000,
              1426000,
              2150000
            ],
            "timecode_duration": [],
            "length": 2702000,
            "asset_id": "vod76408-000022M001",
            "title": "",
            "subtitle": "第22集",
            "ep_number": 22,
            "rating": 1,
            "content_type": "drama",
            "p_start": 1746544500000,
            "vod_channel_description": "容止夜宿楚玉處，馬雪雲知道後十分嫉恨，於是決定流掉這個保不住的孩子，借機陷害了楚玉。楚玉身陷囫圇，馮太后幫其證清白，楚玉找容止理論，容止因看到了馬相，故意做戲痛駡楚玉，馬相滿意離開。而不知道這一切的楚玉卻感到委屈，產生了離開魏國的念頭。馬相因為馬雪雲陷害楚玉一事，與馬雪雲起了爭執，馬相責怪馬雪雲被人發現狠毒用心，讓苦心經營的一切差點毀於一旦，馬雪雲為父親只關心利益而心寒。康王拓跋昀心系霍璿得而不求，偶在街上遇到了與霍璿容貌十分相似的樂蘊。"
          },
          {
            "content_id": "VOD00357034",
            "time_codes": [
              704000,
              1474000,
              2168000
            ],
            "timecode_duration": [],
            "length": 2678000,
            "asset_id": "vod76408-000023M001",
            "title": "",
            "subtitle": "第23集",
            "ep_number": 23,
            "rating": 1,
            "content_type": "drama",
            "p_start": 1746547500000,
            "vod_channel_description": "楚玉心情不好出宮取樂，容止尋找楚玉，卻見楚玉在舞坊驚鴻一舞。喝醉的楚玉還發酒瘋讓容止跳舞，容止被迫只好舞劍，二人第一次靠近彼此。另一邊，霍璿再次被天機閣主算計，被圍困在涇州失去後援，危急時刻容止卻感染風寒，楚玉被逼照顧容止，容止感動，親了楚玉，二人的感情似乎開始變得不一樣。而被圍困的霍璿，為了突破險境，將城內所有囚犯放出，訓練成戰士。囚犯中有一名為顧歡的大夫，為人心善，霍璿對其十分贊許，命他成為軍醫。"
          },
          {
            "content_id": "VOD00357035",
            "time_codes": [
              680000,
              1492000,
              2113000
            ],
            "timecode_duration": [],
            "length": 2749000,
            "asset_id": "vod76408-000024M001",
            "title": "",
            "subtitle": "第24集",
            "ep_number": 24,
            "rating": 1,
            "content_type": "drama",
            "p_start": 1746550500000,
            "vod_channel_description": "拓跋昀把樂蘊帶回了王府，對她十分寵愛。宮中得到不利於霍璿的消息，容止心急要查出真相，卻因病無能為力。楚玉擔心容止又口是心非，想要去找容止查看容止病情。當她抹黑進容止的屋子時，卻沒想到遭遇刺客，楚玉及時擋住容止要喝下去的湯藥，但容止還是病情加重。沈遇追查到康王府卻不敢繼續搜查，後得到皇帝命令可以去搜查。重傷的刺客躲進康王府中，康王小妾樂蘊機敏過人，察覺到異常，將刺客藏起，幫助康王躲過沈遇等人的搜查。"
          },
          {
            "content_id": "VOD00357036",
            "time_codes": [
              764000,
              1424000,
              2186000
            ],
            "timecode_duration": [],
            "length": 2669000,
            "asset_id": "vod76408-000025M001",
            "title": "",
            "subtitle": "第25集",
            "ep_number": 25,
            "rating": 1,
            "content_type": "drama",
            "p_start": 1746553500000,
            "vod_channel_description": "樂蘊向康王坦白有人安排自己接近康王，但因康王一片真心，她決定以誠待之，康王十分感動。楚玉請來馬雪雲照顧容止，馬雪雲傷心暈倒，楚玉只好親自照顧。容止醒來見到楚玉照顧自己，內心震動。馬雪雲前來探望容止，卻被蘭若阻擋，為此震怒，尋求馬相的幫助，卻從馬相處得知，刺殺是容止自己安排的，為了嫁禍了康王。而州成內，霍璿與叛軍作戰，卻被刺客刺傷。容止傷好後，楚玉出府去大雜院找一名叫紅袖的玩雜耍的朋友，聽到紅袖悲慘往事的訴說，楚玉心生憐憫，流下眼淚。"
          },
          {
            "content_id": "VOD00357037",
            "time_codes": [
              779000,
              1431000,
              2160000
            ],
            "timecode_duration": [],
            "length": 2770000,
            "asset_id": "vod76408-000026M001",
            "title": "",
            "subtitle": "第26集",
            "ep_number": 26,
            "rating": 1,
            "content_type": "drama",
            "p_start": 1746556500000,
            "vod_channel_description": "康王早已識破容止的伎倆，並察覺樂蘊幕後的主子就是容止，為了試探樂蘊，他故意將計就計，只因不舍樂蘊相似霍璿的容顏。宮中舉行步打球比賽，容止夫婦與康王樂蘊比賽，楚玉撞傷，容止十分緊張，卻故作不理，康王卻拼命相救同樣摔倒的樂蘊，楚玉為此對容止產生誤會，二人關係恢復到冰點。馬雪雲流產傷了身體，無法再懷孕，馮太后希望楚玉能早日生下容止的孩子，為此故意以楚玉為藉口，哄騙容止前來，將容止和楚玉關到了一起。太后給楚玉下了春藥。"
          },
          {
            "content_id": "VOD00357038",
            "time_codes": [
              685000,
              1388000,
              2146000
            ],
            "timecode_duration": [],
            "length": 2781000,
            "asset_id": "vod76408-000027M001",
            "title": "",
            "subtitle": "第27集",
            "ep_number": 27,
            "rating": 1,
            "content_type": "drama",
            "p_start": 1746559500000,
            "vod_channel_description": "趕來的容止無法忍耐親了楚玉，容止想到楚玉說她喜歡的是自己夢中的一個男人，卻記不清是誰。為了保證楚玉的清白，容止砸傷了自己，楚玉震動。另一邊，霍璿重傷，顧歡為她救治，得知霍璿九死一生的囚犯們開始造反，被霍璿的副將王澤武力鎮壓，然而卻得到霍璿不治身亡的消息，王澤決定護送霍璿的棺木回朝。涇州城官員為求自保，與叛軍勾結，叛軍要截殺霍璿回朝的隊伍，卻沒想到霍璿是假死設套，最終把叛軍全部殲滅，班師回朝的途中卻被叛變的宋軍襲擊，再次陷入陷阱。"
          },
          {
            "content_id": "VOD00357039",
            "time_codes": [
              693000,
              1401000,
              2154000
            ],
            "timecode_duration": [],
            "length": 2774000,
            "asset_id": "vod76408-000028M001",
            "title": "",
            "subtitle": "第28集",
            "ep_number": 28,
            "rating": 1,
            "content_type": "drama",
            "p_start": 1746562500000,
            "vod_channel_description": "楚玉無意間發現用來做藥引的臂膀上的肉其實是馬雪雲從婢女身上所割下來的，並為自己邀功，楚玉為婢女鳴不平拉馬雪雲當容止面對峙，卻正中其懷，楚玉十分氣憤。馬雪雲痛恨楚玉，在典禮當日起火，又傳來宋人在魏國行兇，並且俘虜霍璿的消息，楚玉眾怒難平，大祭師提出殺死楚玉，以平息上天的怒火。容止有心幫助楚玉，卻寡不敵眾，無法說服眾人，眼見著楚玉危在旦夕。"
          },
          {
            "content_id": "VOD00357040",
            "time_codes": [
              703000,
              1421000,
              2221000
            ],
            "timecode_duration": [],
            "length": 2752000,
            "asset_id": "vod76408-000029M001",
            "title": "",
            "subtitle": "第29集",
            "ep_number": 29,
            "rating": 1,
            "content_type": "drama",
            "p_start": 1746565500000,
            "vod_channel_description": "楚玉被皇帝下令收押在大理寺，十日後行刑。清越為救楚玉預備劫獄，卻被容止攔下。容止知道這一切都是康王的陰謀，為了救楚玉，容止多番操勞，引發舊傷昏迷，馬雪雲借機看住容止，不讓沈遇向容止稟告一切楚玉的消息，容止醒來後發現馬雪雲用安神香令自己昏迷更久，二人發生爭吵，容止離去，馬雪雲痛哭，回憶當年與容止初相識。原來容止並非真心寵愛馬雪雲，二人表面結合，實際只是交易關係，容止需要馬相的支援，馬雪雲要成為最尊貴的女人，但馬雪雲在這場交易中真的愛上了容止。"
          },
          {
            "content_id": "VOD00357041",
            "time_codes": [
              758000,
              1410000,
              2191000
            ],
            "timecode_duration": [],
            "length": 2749000,
            "asset_id": "vod76408-000030M001",
            "title": "",
            "subtitle": "第30集",
            "ep_number": 30,
            "rating": 1,
            "content_type": "drama",
            "p_start": 1746568500000,
            "vod_channel_description": "楚玉終於脫離了險境，但也決定要逃離魏國。容止得知楚玉逃離王府，心急如焚，而逃出去的楚玉在街上遇到天如鏡要帶她走，但楚玉不願和他走，此時楚玉被一名小偷誣陷，楚玉力證清白，路過的霍璿初見楚玉，二人互相欣賞，舉杯暢飲，容止也追回了楚玉，楚玉酒後吐露真心。而康王府中，樂蘊終於發現康王心中另有他人，這人與自己的長相一樣。楚玉回到王府，容止這次堅決要跟著楚玉，防止她再次逃跑。"
          },
          {
            "content_id": "VOD00357042",
            "time_codes": [
              758000,
              1496000,
              2139000
            ],
            "timecode_duration": [],
            "length": 2762000,
            "asset_id": "vod76408-000031M001",
            "title": "",
            "subtitle": "第31集",
            "ep_number": 31,
            "rating": 1,
            "content_type": "drama",
            "p_start": 1746571500000,
            "vod_channel_description": "容止四處尋找刺客，康王擔心霍璿傷勢，送上血參，樂蘊從康王表弟齊恒處得知血參是送給霍璿的，樂蘊終於自己所像的人是霍璿。楚玉發現刺客竟是天如鏡，他仍要帶楚玉離開卻被拒絕，天如鏡只好放楚玉回王府面對流言蜚語，希望楚玉能死心。馬雪雲得知楚玉回來，派人四散謠言汙楚玉清白。康王借機向容止挑事，容止卻機智化解了康王的陰謀。"
          },
          {
            "content_id": "VOD00357043",
            "time_codes": [
              686000,
              1399000,
              2168000
            ],
            "timecode_duration": [],
            "length": 2711000,
            "asset_id": "vod76408-000032M001",
            "title": "",
            "subtitle": "第32集",
            "ep_number": 32,
            "rating": 1,
            "content_type": "drama",
            "p_start": 1746574500000,
            "vod_channel_description": "康王向霍璿表白心意遭到拒絕，受到刺激的康王告訴霍璿容止絕對不會愛上她，樂蘊趁機向康王示好表示自己會幫他謀求他想要的一切。楚玉再次離府，容止派人暗中保護，楚玉十分思念建康，容止為了讓楚玉開心，準備了楚玉喜歡的皮影戲，並且偽造了楚玉皇叔來看她的假像，最終被楚玉識破，但楚玉仍舊十分感動。馬雪雲得知容止與馬相並不是真的爭執，而是做戲給康王看，馬雪雲十分高興，去找容止，卻再次看到容止與楚玉親密接觸，妒火攻心的馬雪雲借昭君出塞的典故故意刺激楚玉。"
          },
          {
            "content_id": "VOD00357044",
            "time_codes": [
              745000,
              1414000,
              2114000
            ],
            "timecode_duration": [],
            "length": 2752000,
            "asset_id": "vod76408-000033M001",
            "title": "",
            "subtitle": "第33集",
            "ep_number": 33,
            "rating": 1,
            "content_type": "drama",
            "p_start": 1746577500000,
            "vod_channel_description": "楚玉因被挾持一事，遭到女眷的嘲笑，紅袖幫楚玉說話，楚玉狠狠教訓了造謠的人。宴會結束後，楚玉帶著容止去放河燈，但因馬雪雲生病，容止只得去看望馬雪雲。馬雪雲再次向容止表明心意，卻遭到拒絕，容止失去了放河燈的興致，沒有赴約讓楚玉十分失望。康王也帶著樂蘊去放河燈，康王打撈到一盞河燈上，從中找出宋國奸細的密信，並與楚玉和容止有關。"
          },
          {
            "content_id": "VOD00357045",
            "time_codes": [
              700000,
              1453000,
              2215000
            ],
            "timecode_duration": [],
            "length": 2754000,
            "asset_id": "vod76408-000034M001",
            "title": "",
            "subtitle": "第34集",
            "ep_number": 34,
            "rating": 1,
            "content_type": "drama",
            "p_start": 1746580500000,
            "vod_channel_description": "康王到皇帝面前去指認二人，然而這一切只是容止設下的圈套，康王再次慘敗容止之手，被罰關在王府禁閉。另一邊，楚玉得知真相，容止為了誘使康王上當甚至殺了人，楚玉難以接受，與容止爭吵，二人不歡而散。馬相去王府看望馬雪雲，父女二人再次發生爭吵。"
          },
          {
            "content_id": "VOD00357046",
            "time_codes": [
              748000,
              1428000,
              2113000
            ],
            "timecode_duration": [],
            "length": 2741000,
            "asset_id": "vod76408-000035M001",
            "title": "",
            "subtitle": "第35集",
            "ep_number": 35,
            "rating": 1,
            "content_type": "drama",
            "p_start": 1746583500000,
            "vod_channel_description": "馬相委託容止照顧好馬雪雲，容止也去看望馬雪雲，但態度卻十分堅決，無法接受馬雪雲的心意，馬雪雲更加痛恨楚玉，派人暗中盯緊楚玉，得知楚玉離府去逛廟會的消息，派人給康王傳信。楚玉和清越走失，只能獨自看廟會，失望容止沒陪自己來，而這時廟會發生踩踏事件，得知楚玉離府的容止尋來，從人群中救出楚玉，楚玉十分震動。"
          },
          {
            "content_id": "VOD00357047",
            "time_codes": [
              684000,
              1426000,
              2140000
            ],
            "timecode_duration": [],
            "length": 2740000,
            "asset_id": "vod76408-000036M001",
            "title": "",
            "subtitle": "第36集",
            "ep_number": 36,
            "rating": 1,
            "content_type": "drama",
            "p_start": 1746586500000,
            "vod_channel_description": "馬雪雲為了不讓王府的人知道她的身體狀況，帶著婢女出府找大夫，正是顧歡。看完大夫後的馬雪雲神色奇怪，回到王府後，再次向楚玉示好，並把楚玉約到一個無人的鐘樓，卻是要把楚玉從鐘樓上推下去，正在與皇帝商議正事的容止突然得到出事了的消息。容止等人趕到鐘樓，發現馬雪雲墜樓，死前最後向容止表白心意，容止十分內疚。馬相見到女兒慘死，認為是楚玉把馬雪雲從鐘樓上推下來，楚玉接受眾人的審問，卻無法證明自己的清白，於是被收押大理寺。"
          },
          {
            "content_id": "VOD00357048",
            "time_codes": [
              804000,
              1437000,
              2151000
            ],
            "timecode_duration": [],
            "length": 2760000,
            "asset_id": "vod76408-000037M001",
            "title": "",
            "subtitle": "第37集",
            "ep_number": 37,
            "rating": 1,
            "content_type": "drama",
            "p_start": 1746589500000,
            "vod_channel_description": "容止為此與馬相徹底撕破臉皮，康王借機收買馬相。霍璿找到顧歡，希望顧歡能幫忙查明馬雪雲死亡的真相，顧歡表示需要開棺驗屍。而獄中，楚玉遭到嚴刑拷打，卻拒不供認，清越擔心楚玉，預備劫獄，卻被王澤打昏。在馬雪雲下葬當日，容止攔住送葬隊伍，意欲開棺，馬相痛駡容止，拒絕開棺。"
          },
          {
            "content_id": "VOD00357049",
            "time_codes": [
              790000,
              1569000,
              2142000
            ],
            "timecode_duration": [],
            "length": 2763000,
            "asset_id": "vod76408-000038M001",
            "title": "",
            "subtitle": "第38集",
            "ep_number": 38,
            "rating": 1,
            "content_type": "drama",
            "p_start": 1746592500000,
            "vod_channel_description": "容止強行打開馬雪雲的棺木，讓顧歡驗屍，顧歡果然察覺異常，因為馬雪雲的婢女也在送葬隊伍中，顧歡看到她，想起原來馬雪雲就是當日找自己看病的小姐。婢女被抓，為求自保說出真相——原來馬雪雲早已身患惡疾，時日不多，所以決定用自己的死，讓楚玉為自己陪葬。"
          },
          {
            "content_id": "VOD00357050",
            "time_codes": [
              663000,
              1416000,
              2166000
            ],
            "timecode_duration": [],
            "length": 2753000,
            "asset_id": "vod76408-000039M001",
            "title": "",
            "subtitle": "第39集",
            "ep_number": 39,
            "rating": 1,
            "content_type": "drama",
            "p_start": 1746595500000,
            "vod_channel_description": "因為惹怒馬相，容止被馮太后冷落，皇帝也對容止感到失望，容止表示自己救楚玉絕非為了兒女私情，而是為了兩國邦交，皇帝深感欣慰，康王看在眼裡，下決心要殺死皇帝。適逢皇帝西山涉獵，康王隨行，容止監國。康王臨行前與樂蘊告別，等達到西山，狩獵時康王找准機會對皇帝下手，皇帝墜馬。"
          },
          {
            "content_id": "VOD00357051",
            "time_codes": [
              775000,
              1447000,
              2172000
            ],
            "timecode_duration": [],
            "length": 2765000,
            "asset_id": "vod76408-000040M001",
            "title": "",
            "subtitle": "第40集",
            "ep_number": 40,
            "rating": 1,
            "content_type": "drama",
            "p_start": 1746598500000,
            "vod_channel_description": "容止得到皇帝墜馬的消息，立即前往西山。另一邊，樂蘊想起告別時康王的異常，推測有大事要發生，想辦法找到了楚玉加以提醒，並表示自己真正的主子是容止。楚玉擔心容止安慰，找到龍林軍指揮使希望搬救兵趕去西山，但指揮使陳雍卻是康王的人，楚玉落入了他的手中，隨即又想辦法逃走。"
          },
          {
            "content_id": "VOD00357052",
            "time_codes": [
              697000,
              1381000,
              2116000
            ],
            "timecode_duration": [],
            "length": 2748000,
            "asset_id": "vod76408-000041M001",
            "title": "",
            "subtitle": "第41集",
            "ep_number": 41,
            "rating": 1,
            "content_type": "drama",
            "p_start": 1746601500000,
            "vod_channel_description": "宮中，馮太后幾欲被馬相逼死，卻遭身邊人臨陣倒戈，原來這一切是皇帝早已佈置好的，馬相被抓，康王的計畫也失敗了，皇帝要處置康王。齊太妃多次為康王求情，卻被拒絕，為了保住康王，齊太妃不得已把一切罪責攬到自己身上，以自縊謝罪。"
          },
          {
            "content_id": "VOD00357053",
            "time_codes": [
              733000,
              1462000,
              2269000
            ],
            "timecode_duration": [],
            "length": 2774000,
            "asset_id": "vod76408-000042M001",
            "title": "",
            "subtitle": "第42集",
            "ep_number": 42,
            "rating": 1,
            "content_type": "drama",
            "p_start": 1746604500000,
            "vod_channel_description": "康王見到齊太妃的屍身，大受刺激變成了瘋子，被囚禁在康王府內。失去權勢的康王樹倒猢猻散，但樂蘊卻不離不棄，留下來照顧康王。經此一役，馮太后再次恢復權勢，並感謝楚玉相助容止。楚玉出宮後遇到天如鏡，被天如鏡帶到霍璿府中，看到容止在給霍璿過生日，霍璿向容止表白了心意。楚玉這才意識到，自己只是個幌子，霍璿才是容止真正的戀人。"
          },
          {
            "content_id": "VOD00357054",
            "time_codes": [
              772000,
              1465000,
              2245000
            ],
            "timecode_duration": [],
            "length": 2753000,
            "asset_id": "vod76408-000043M001",
            "title": "",
            "subtitle": "第43集",
            "ep_number": 43,
            "rating": 1,
            "content_type": "drama",
            "p_start": 1746607500000,
            "vod_channel_description": "第一場比賽的主題是鬥富，皇帝給了楚玉和霍璿每人一千兩，需用這些錢去買東西送給百姓，誰的東西最富貴最吸引人，誰就算贏。楚玉把錢變成了銀片打造的小船，在河邊放船，吸引了許多百姓去打撈，霍璿見楚玉的主意有貴氣也有熱鬧，也想到了自己的辦法。原來霍璿把錢換成了金星，從酒樓上灑下來，引得眾人瘋搶，轟動全城，楚玉見狀，大方認輸。"
          },
          {
            "content_id": "VOD00357055",
            "time_codes": [
              766000,
              1476000,
              2125000
            ],
            "timecode_duration": [],
            "length": 2690000,
            "asset_id": "vod76408-000044M001",
            "title": "",
            "subtitle": "第44集",
            "ep_number": 44,
            "rating": 1,
            "content_type": "drama",
            "p_start": 1746610500000,
            "vod_channel_description": "楚玉入流杯殿查探，卻被容止阻攔，容止擔心楚玉安危，楚玉只好背著容止查探，終於想到一個妙計。楚玉制了一尊佛像，裡面是空的，可以從佛像的眼睛看到外面的情況。楚玉把佛像放進流杯殿，預備晚上躲進佛像中查探，但卻被沈遇抓了出來，用死囚替換，第二日死囚卻依然被吸幹血死亡。事情越來越危險，馮太后多次阻撓不讓再調查流杯殿，楚玉和霍璿堅持繼續調查，贏得比賽，而霍璿這時想到了一個辦法。"
          },
          {
            "content_id": "VOD00357056",
            "time_codes": [
              707000,
              1449000,
              2126000
            ],
            "timecode_duration": [],
            "length": 2656000,
            "asset_id": "vod76408-000045M001",
            "title": "",
            "subtitle": "第45集",
            "ep_number": 45,
            "rating": 1,
            "content_type": "drama",
            "p_start": 1746613500000,
            "vod_channel_description": "伴隨吸血蝶真相的揭開，也揭開了流杯殿前主人悅夫人的往事，原來這一切都是曾經跟隨悅夫人的侍女豢養的吸血蝶用來報復馮太后的，悅夫人原來是八皇子的生母，生前得先皇寵愛，馮太后為了爭寵將其害死，而紅袖的父親正是當時的太醫，馮太后將紅袖全家抄斬。馮太后起初拒不承認，但她多次挑撥楚玉和霍璿，為的是遏制容止的勢力，幾番罪證下，馮太后失勢，被皇帝禁足。"
          },
          {
            "content_id": "VOD00357057",
            "time_codes": [
              737000,
              1435000,
              2192000
            ],
            "timecode_duration": [],
            "length": 2747000,
            "asset_id": "vod76408-000046M001",
            "title": "",
            "subtitle": "第46集",
            "ep_number": 46,
            "rating": 1,
            "content_type": "drama",
            "p_start": 1746616500000,
            "vod_channel_description": "康王府中，看著瘋癲的康王，樂蘊不離不棄。天如鏡找到楚玉，詢問她是否愛上了容止，楚玉和天如鏡對話時意外察覺自己和親這件事背後有更大的陰謀，天如鏡向楚玉坦白一切都是容止的陰謀，並給了楚玉一瓶毒藥，告訴她只要殺了容止就能重獲自由。康王府中，樂蘊借著外面大亂，殺死齊恒以其代替康王，放裝瘋的康王離開，自己帶著齊恒的屍體自焚，康王震動，而由於康王府起火，眾人誤以為康王葬身火海。霍璿與容止爭論，為了讓霍璿死心，容止向霍璿說自己只是在利用她，霍璿不相信容止的話，她問容止是否愛楚玉，容止承認。明白了容止對楚玉的心意，霍璿決絕離開。"
          },
          {
            "content_id": "VOD00357058",
            "time_codes": [
              645000,
              1510000,
              2232000
            ],
            "timecode_duration": [],
            "length": 2741000,
            "asset_id": "vod76408-000047M001",
            "title": "",
            "subtitle": "第47集",
            "ep_number": 47,
            "rating": 1,
            "content_type": "drama",
            "p_start": 1746619500000,
            "vod_channel_description": "霍璿明白了容止對楚玉的心意，十分受傷，決定請辭。皇帝勸說不住，他擔心霍璿離開後無法掌控，於是決定殺死霍璿。皇帝在朝堂百官面前上指認霍璿攔截軍餉之事，副將王澤在壓力下承認確有此事，深感被至信之人所傷的霍璿十分受傷，加之受千夫所指，與皇帝與朝廷徹底撕破臉皮。面對皇帝派人想要當眾擊殺的霍璿，帶領忠心的下屬預備殺出重圍。容止多番勸說，卻無法挽回局面，緊要關頭他當眾承認攔截軍餉之事為自己指派霍璿而為。"
          },
          {
            "content_id": "VOD00357059",
            "time_codes": [
              682000,
              1384000,
              2316000
            ],
            "timecode_duration": [],
            "length": 2707000,
            "asset_id": "vod76408-000048M001",
            "title": "",
            "subtitle": "第48集",
            "ep_number": 48,
            "rating": 1,
            "content_type": "drama",
            "p_start": 1746622500000,
            "vod_channel_description": "霍璿與容止決裂離開，皇帝指責容止心慈手軟放了霍璿，心生不滿。容止派人護送霍璿離開，但霍璿仍舊沒有逃脫追殺，受傷昏迷，幸好被顧歡所救，霍璿為了不連累顧歡，趕顧歡離開，但顧歡卻借機表明心意，願與霍璿同生共死，霍璿十分感動，兩人共同離開去了顧歡一處故居，相處過程中霍璿將顧歡為自己的付出都看在眼裡，十分感動。另一邊，容止與楚玉的關係仍然沒有改善，楚玉反復想著天如鏡遞給自己的毒藥，心緒複雜。"
          },
          {
            "content_id": "VOD00357060",
            "time_codes": [
              655000,
              1425000,
              2118000
            ],
            "timecode_duration": [],
            "length": 2713000,
            "asset_id": "vod76408-000049M001",
            "title": "",
            "subtitle": "第49集",
            "ep_number": 49,
            "rating": 1,
            "content_type": "drama",
            "p_start": 1746625500000,
            "vod_channel_description": "宮中，紅袖獻美人給皇帝，皇帝卻把美人月牙賜給了容止，遭到容止拒絕，皇帝震怒，楚玉卻出面把月牙收下。容止責怪楚玉為什麼要把自己推給別人，並向楚玉表明心意，楚玉卻一心只想離開容止，二人互相折磨。另一邊，顧歡一直照顧霍璿，二人過了一段平靜快樂的日子，霍璿也認識到自己的心意，與顧歡成親。"
          },
          {
            "content_id": "VOD00357061",
            "time_codes": [
              678000,
              1408000,
              2298000
            ],
            "timecode_duration": [],
            "length": 2734000,
            "asset_id": "vod76408-000050M001",
            "title": "",
            "subtitle": "第50集",
            "ep_number": 50,
            "rating": 1,
            "content_type": "drama",
            "p_start": 1746628500000,
            "vod_channel_description": "在楚玉和月牙兩人的合力設計下，容止被迷暈了，楚玉趁機逃離王府。容止醒來發現楚玉已經離開。容止違抗皇帝的禁令去追尋楚玉，江山美人的抉擇終於有了答案。而與顧歡過著小日子的霍璿，此時得知皇帝派人接管霍家軍，霍璿放心不下趕回去，卻在皇帝派來的指揮使彭戈營帳中遇刺昏迷，霍家軍震怒，在顧歡的帶領下要造反，替霍璿討回公道。"
          },
          {
            "content_id": "VOD00357062",
            "time_codes": [
              706000,
              1438000,
              2182000
            ],
            "timecode_duration": [],
            "length": 2708000,
            "asset_id": "vod76408-000051M001",
            "title": "",
            "subtitle": "第51集",
            "ep_number": 51,
            "rating": 1,
            "content_type": "drama",
            "p_start": 1746631500000,
            "vod_channel_description": "楚玉質問蕭道成是否一切都是大宋的陰謀，而她只是被利用的一顆棋子。蕭道成默認，楚玉悲痛欲絕。此時，顧歡帶領著霍家軍也攻入城下。霍旋收到了容止了迷信，揭穿了顧歡原來是天機閣主。另一邊，康王卻始終對皇帝下不去手，在關鍵時刻捨命救了皇帝，逼宮行動失敗，紅袖被帶走，康王也被擊殺。霍璿傷心之下殺了顧歡，又自刎而亡。"
          },
          {
            "content_id": "VOD00357063",
            "time_codes": [
              757000,
              1416000,
              2108000
            ],
            "timecode_duration": [],
            "length": 2698000,
            "asset_id": "vod76408-000052M001",
            "title": "",
            "subtitle": "第52集",
            "ep_number": 52,
            "rating": 1,
            "content_type": "drama",
            "p_start": 1746634500000,
            "vod_channel_description": "楚玉帶著容止回到魏國，一路照顧，容止身體恢復得差不多，而後與清越匯合，卻臨時收到要去北郊與皇上匯合的指示。容止等人只好去北郊面見聖上。卻沒料到，說好的慶功宴卻變成了鴻門宴，容止被冠上謀逆的罪行，在馮太后的指示下，容止和楚玉離開。螳螂捕蟬，黃雀在後。皇帝以後自己的計謀得逞，但其實馮太后另有謀算。馮太后道出實情，原來皇帝不是她的親生兒子，而她要輔佐新君。數年後，馮太后輔佐新帝拓跋宏。另一邊，容止和楚玉也過上了閑雲野鶴的日子，從此遠離繁雜，安過一生。"
          }
        ],
        "total_length": 142125000,
        "focus_index": 44,
        "next_index": 45,
        "time": 1642167,
        "focus_program": {
          "content_id": "VOD00357056",
          "time_codes": [
            707000,
            1449000,
            2126000
          ],
          "timecode_duration": [],
          "length": 2656000,
          "asset_id": "vod76408-000045M001",
          "title": "",
          "subtitle": "第45集",
          "ep_number": 45,
          "rating": 1,
          "content_type": "drama",
          "p_start": 1746613500000,
          "vod_channel_description": "伴隨吸血蝶真相的揭開，也揭開了流杯殿前主人悅夫人的往事，原來這一切都是曾經跟隨悅夫人的侍女豢養的吸血蝶用來報復馮太后的，悅夫人原來是八皇子的生母，生前得先皇寵愛，馮太后為了爭寵將其害死，而紅袖的父親正是當時的太醫，馮太后將紅袖全家抄斬。馮太后起初拒不承認，但她多次挑撥楚玉和霍璿，為的是遏制容止的勢力，幾番罪證下，馮太后失勢，被皇帝禁足。"
        }
      },
      "station_categories": [
        {
          "Name": "戲劇",
          "EngName": "Drama",
          "MenuOrder": 7
        }
      ]
    },
    "introduction": {
      "image": "https://p-cdnstatic.svc.litv.tv/pics/vod_channel/logo_3511_ofiii112_mobile_20241104.png",
      "description": "",
      "href_maps": []
    },
    "recommends": [],
    "ua": "Mozilla/5.0 (Windows NT 10.0; Win64; x64) AppleWebKit/537.36 (KHTML, like Gecko) Chrome/91.0.4472.124 Safari/537.36"
  },
  "__N_SSP": true
}