{
  "pageProps": {
    "contentId": "ofiii236",
    "channel": {
      "title": "詹姆士出走料理",
      "no": 236,
      "charge_mode": "F",
      "content_id": "ofiii236",
      "content_type": "vod-channel",
      "epg_categories": [
        18
      ],
      "genres": [
        {
          "id": "",
          "name": "VOD_CHANNEL",
          "logo": ""
        }
      ],
      "liad_id": "VODCHNEWOFIWEB",
      "package_info_id": "VOD_CHANNEL_DELUX",
      "picture": "pics/vod_channel/logo_3566_ofiii236_tv_20250221.png",
      "provider": [
        {
          "id": "",
          "name": "八大2023",
          "logo": ""
        }
      ],
      "quality": "HD",
      "station_id": "station6500",
      "trial": "",
      "selectable": 1,
      "tr_logo": "pics/vod_channel/tr_logo_1733898756.png",
      "tl_logo": "",
      "br_logo": "",
      "bl_logo": "",
      "menu_type": 0,
      "vod_channel_schedule": {
        "channel_id": 236,
        "cdn_code": "ofiii236",
        "start_time": 1762173000000,
        "programs": [
          {
            "content_id": "VOD00288244",
            "time_codes": [
              894000,
              1622000,
              2042000,
              2529000
            ],
            "timecode_duration": [],
            "length": 2685000,
            "asset_id": "vod43670-000210M001",
            "title": "",
            "subtitle": "第210集 產地嚴選 澎湖傳說大揭密",
            "ep_number": 210,
            "rating": 1,
            "content_type": "show",
            "p_start": 1762173000000,
            "vod_channel_description": "這趟來到澎湖，藍瓜子跟黃瓜子不是海瓜子，是正港品質保證、箱網養殖鮮海產-黃瓜石斑，一魚多吃料理美味上桌！到了澎湖老詹創意三連發，第一發-三瓜豆乳鍋，口感比一比！第二發-創意仙貝魚湯，第三發-古法技藝的正宗澎湖麵線變身創意甜品！這究竟會是什麼樣的滋味呢？"
          },
          {
            "content_id": "VOD00291620",
            "time_codes": [
              672000,
              1246000,
              1690000,
              2094000
            ],
            "timecode_duration": [],
            "length": 2699000,
            "asset_id": "vod43670-000211M001",
            "title": "",
            "subtitle": "第211集 澎湖人吃什麼 一日三餐篇",
            "ep_number": 211,
            "rating": 1,
            "content_type": "show",
            "p_start": 1762176000000,
            "vod_channel_description": "跟著出走料理一同踏浪去！不論是旅遊旺季還是淡季，「澎湖」一直是國人必選的離島之一，但在澎湖一日三餐該怎麼吃？在地人都知道的早餐一條街「文康商圈」，最有名的排隊人氣店家、隱身市場神級美食都在這裡。超多好玩、好美的景點，新鮮豐盛的美食攻略，還有老詹私廚開煮特製鮪魚特餐澎派上菜。"
          },
          {
            "content_id": "VOD00291621",
            "time_codes": [
              769000,
              1317000,
              1681000,
              2334000
            ],
            "timecode_duration": [],
            "length": 2700000,
            "asset_id": "vod43670-000212M001",
            "title": "",
            "subtitle": "第212集 菊島限定 獨特古早味",
            "ep_number": 212,
            "rating": 1,
            "content_type": "show",
            "p_start": 1762179000000,
            "vod_channel_description": "今天的開場好驚人！什麼是澎湖在地限定？老詹、Albee牛屎餅初體驗，到底誰的腳上功夫更了得？仙人掌冰吃過，但您看過仙人掌針灸嗎？水晶冰花為什麼令老詹感嘆：貧窮阻礙我們的想像力！海口人到底有多隨性？手作敲魚乾是漁村日常、油糖炒魚乾原汁重現；姆士創意料理出好菜~這次會是什麼好料呢！"
          },
          {
            "content_id": "VOD00291622",
            "time_codes": [
              874000,
              1471000,
              1874000,
              2373000
            ],
            "timecode_duration": [],
            "length": 2699000,
            "asset_id": "vod43670-000213M001",
            "title": "",
            "subtitle": "第213集 海味島嶼 私房深度遊",
            "ep_number": 213,
            "rating": 1,
            "content_type": "show",
            "p_start": 1762182000000,
            "vod_channel_description": "澎湖私房深度遊，跟著船長展開今天的海上行程。釣小卷大家都知道，但不是人人都會釣！包船出海是怎麼玩？去哪玩？映入眼簾是復育有成的海中稀有珍寶、吃在嘴裡是澎派好味的海鮮煲仔飯！無人島探秘上青海味到手，Local才知道秘境，無人島特餐現抓現煮海鮮料理！"
          },
          {
            "content_id": "VOD00291623",
            "time_codes": [
              1101000,
              1872000,
              2250000,
              2496000
            ],
            "timecode_duration": [],
            "length": 2699000,
            "asset_id": "vod43670-000214M001",
            "title": "",
            "subtitle": "第214集 台東山海 長濱生產",
            "ep_number": 214,
            "rating": 1,
            "content_type": "show",
            "p_start": 1762185000000,
            "vod_channel_description": "一起來去台東，體驗長濱古法炒海鹽，韋汝頻頻討救兵！特殊香料調味，海鹽也能入咖啡？這裡的蝸牛吃好住好好幸福~Q勁嚼感媲美鮑魚，田邊隨堂考：蝸牛天敵？眼睛長在哪裡？老詹、韋汝考幾分？九孔原產地達人忙採收，老詹挖現吃，這鮮美滋味讓人欲罷不能！九孔大戶限定！產地私房吃法大公開！"
          },
          {
            "content_id": "VOD00291624",
            "time_codes": [
              1013000,
              1849000,
              2208000,
              2479000
            ],
            "timecode_duration": [],
            "length": 2699000,
            "asset_id": "vod43670-000215M001",
            "title": "",
            "subtitle": "第215集 季節限定 台東撒野去",
            "ep_number": 215,
            "rating": 1,
            "content_type": "show",
            "p_start": 1762188000000,
            "vod_channel_description": "季節限定，來台東到底要怎麼吃？到馬蘭野菜一條街，一眼望盡的mini市場，老詹一直買！韋汝驚嘆樣樣銅板價？一年只有一季的特有魚鮮，阿美族代代相傳古法煙燻，韋汝第一次殺魚就遇到飛魚！老詹煙燻飛魚變身川味？連達人都讚嘆好吃。在地人現撈現烤，海撈河釣，野味燒烤超鮮甜！包山包海，滋味有多鮮？"
          },
          {
            "content_id": "VOD00291625",
            "time_codes": [
              1060000,
              1820000,
              2235000,
              2332000
            ],
            "timecode_duration": [],
            "length": 2700000,
            "asset_id": "vod43670-000216M001",
            "title": "",
            "subtitle": "第216集 台東響叮噹 全村都靠它",
            "ep_number": 216,
            "rating": 1,
            "content_type": "show",
            "p_start": 1762191000000,
            "vod_channel_description": "韋汝現採嚐荖葉，味覺反應超精彩！味蕾行銷部落，荖葉調味入菜，讓老詹好驚艷！雜草化身穀物界紅寶石，細小紅藜要挑要吃都得考眼力，老詹老花現場頻頻喊不行？號稱芒果界LV的夏雪一吃停不了，瞬間清盤是什麼滋味？一片葉子打響原名好滋味，假酸漿葉大翻身，部落美食推向國際。"
          },
          {
            "content_id": "VOD00291626",
            "time_codes": [
              600000,
              1200000,
              1800000,
              2400000
            ],
            "timecode_duration": [],
            "length": 2700000,
            "asset_id": "vod43670-000217M001",
            "title": "",
            "subtitle": "第217集 美濃食農 鄉野小學堂",
            "ep_number": 217,
            "rating": 1,
            "content_type": "show",
            "p_start": 1762194000000,
            "vod_channel_description": "出走料理來到美濃的鄉野小學堂上課囉！首先拜訪這位藝術家，哩哩摳摳堆滿一倉庫，大夥以為進了拾荒老人的家？親近泥土「在地食農趣」，老詹玉米筍現採現吃，小學生各個驚掉下巴？不喜歡油蔥酥的Albee，初嘗客家風味油蔥酥又會有什麼反應呢？"
          },
          {
            "content_id": "VOD00291627",
            "time_codes": [
              974000,
              1527000,
              2084000,
              2515000
            ],
            "timecode_duration": [],
            "length": 2698000,
            "asset_id": "vod43670-000218M001",
            "title": "",
            "subtitle": "第218集 高雄魚羊鮮 產業2.0珍品",
            "ep_number": 218,
            "rating": 1,
            "content_type": "show",
            "p_start": 1762197000000,
            "vod_channel_description": "魚蝦混養分級靠手感，公蝦、母蝦怎麼分？背卵、抱卵品種大不同！炎炎夏日老詹創意料理：在地限定「 山藥魚香涼麵」，口感要好，下麵時機有關係！路竹羊咩咩AI人工受孕，羊隻專家專挑大ㄋㄋ？擠羊奶有撇步，除騷味方法報你知！老詹創意甜品：「夏日義式甜品」，教你在家自製羊奶起司。"
          },
          {
            "content_id": "VOD00291628",
            "time_codes": [
              1015000,
              1590000,
              2280000,
              2490000
            ],
            "timecode_duration": [],
            "length": 2700000,
            "asset_id": "vod43670-000219M001",
            "title": "",
            "subtitle": "第219集 高雄在地美食冷知識",
            "ep_number": 219,
            "rating": 1,
            "content_type": "show",
            "p_start": 1762200000000,
            "vod_channel_description": "天氣這麼炎熱，來碗清涼的雪花冰是再舒爽不過了，但是你知道用手指抓起來也不會化？只融你口雪花冰竟然是高雄人發明的？岡山不產羊肉？這裡出產的豆瓣醬是召喚美味的關鍵，正宗四川豆瓣醬香激起了老詹vs達人的雙魚料理友誼賽，一魚多吃，現場香氣四溢有了家鄉奶奶的味道，讓Albee好想來碗白飯！"
          },
          {
            "content_id": "VOD00291629",
            "time_codes": [
              1045000,
              1897000,
              2226000,
              2345000
            ],
            "timecode_duration": [],
            "length": 2702000,
            "asset_id": "vod43670-000220M001",
            "title": "",
            "subtitle": "第220集 探訪茨城 日本考察團",
            "ep_number": 220,
            "rating": 1,
            "content_type": "show",
            "p_start": 1762203000000,
            "vod_channel_description": "太久沒來日本，老詹竟把地瓜當芋頭？逛伴手禮啥都想要買！茨城栗子多重奏：拉麵、鹹派、冰沙、蒙布朗甜點，甜鹹搭配好絕妙讓你一次滿足。老宅改建工場淺酌百年清酒、品嘗特色下酒菜，韋汝現場臉紅紅！體驗關東最古老陶器–笠間燒，陶藝手作DIY，垂涎三尺的茨城玫瑰豬里肌，多汁豬排原味、蘸醬都對味！"
          },
          {
            "content_id": "VOD00305505",
            "time_codes": [
              1013000,
              1742000,
              2194000,
              2460000
            ],
            "timecode_duration": [],
            "length": 2700000,
            "asset_id": "vod43670-000221M001",
            "title": "",
            "subtitle": "第221集 茨城最夯 吃喝玩樂輕鬆遊",
            "ep_number": 221,
            "rating": 1,
            "content_type": "show",
            "p_start": 1762206000000,
            "vod_channel_description": "來到日本茨城，咱們往神社前進吧！神社門前通小吃，大小美食顛覆傳統吃法，韋汝吃「蕎麥豆皮壽司」竟然「露餡」了？在地人隱藏吃法，收尾必喝蕎麥湯？季節限定老詹意外與拉麵「撞衫」？甜到心坎裡的大王哈密瓜，鮮甜多汁大爆發。「冰淇淋蘇打2.0」告訴你哈密瓜奢侈吃法！"
          },
          {
            "content_id": "VOD00305506",
            "time_codes": [
              1093000,
              1944000,
              2220000,
              2393000
            ],
            "timecode_duration": [],
            "length": 2700000,
            "asset_id": "vod43670-000222M001",
            "title": "",
            "subtitle": "第222集 茨城大洗 海陸美食之旅",
            "ep_number": 222,
            "rating": 1,
            "content_type": "show",
            "p_start": 1762209000000,
            "vod_channel_description": "出走料理將帶您體驗日本茨城．大洗町海之魅力。關東地區最大水族館海洋動物超萌，看老詹與企鵝、海獅近距離接觸。漁市水產直送魚蝦貝類任你烤，隱身漁市的自助燒烤店，老詹現場露一手，在地友人讚嘆功夫了得！你知道日本便當放梅子有其用途？老詹醃漬梅吃播令人口水直流，竟酸到會歡呼？！"
          },
          {
            "content_id": "VOD00305507",
            "time_codes": [
              1050000,
              1901000,
              2200000,
              2434000
            ],
            "timecode_duration": [],
            "length": 2700000,
            "asset_id": "vod43670-000223M001",
            "title": "",
            "subtitle": "第223集 茨城在地遊法 鐵道「吃」漢之旅",
            "ep_number": 223,
            "rating": 1,
            "content_type": "show",
            "p_start": 1762212000000,
            "vod_channel_description": "沿著海濱鐵道吃喝玩樂，告訴你在地遊法怎麼玩？這裡供奉番薯聞名的神社，傳承百年老味道地瓜乾，吃出甜食新創意。這裡漁市一山漁獲任你買，超巨大岩牡蠣，竟跟韋汝臉一樣大！鰹魚生魚片，現切現吃肉質堪稱小鮪魚！還有還有浮誇海鮮丼，特殊吃法，口口滋味豐富的湯泡飯，讓你大快朵頤一次滿足！"
          },
          {
            "content_id": "VOD00305508",
            "time_codes": [
              1073000,
              1795000,
              2318000,
              2451000
            ],
            "timecode_duration": [],
            "length": 2702000,
            "asset_id": "vod43670-000224M001",
            "title": "",
            "subtitle": "第224集 穿越江戶時代 茨城老味道",
            "ep_number": 224,
            "rating": 1,
            "content_type": "show",
            "p_start": 1762215000000,
            "vod_channel_description": "建立近2百年的水戶偕樂園是當時文人武士後花園，老詹帶大家品嘗梅子氣泡飲、體驗日式茶道，感受心靈的洗滌！傳統紙燈籠玩出新花樣，水府燈籠收納別出心裁，小雞造型超可愛，外酥內軟的嫩煎菲力、包裹脆口感的炸牛排、熬製八小時濃郁醬汁的燉牛肉，一道道品嘗茨城之光- A5常陸黑毛和牛！"
          },
          {
            "content_id": "VOD00305509",
            "time_codes": [
              657000,
              1259000,
              1783000,
              2117000
            ],
            "timecode_duration": [],
            "length": 2700000,
            "asset_id": "vod43670-000225M001",
            "title": "",
            "subtitle": "第225集 一日探班！宜蘭好料大集合",
            "ep_number": 225,
            "rating": 1,
            "content_type": "show",
            "p_start": 1762218000000,
            "vod_channel_description": "出走料理「探班」行程來到宜蘭，沿途蒐集食材配料準備給好朋友美味的驚喜！這裡的五星級櫻桃鴨竟被達人變身平價滷味？傳承古味，自製手工風味醬，韋汝飄大嬸味大開殺戒、狂掃貨買醬油！製醬老闆招牌媽媽味道烤全雞，吃法令老詹直呼有健康！曾國城驚喜現身，姆士流拌麵創意開煮！"
          },
          {
            "content_id": "VOD00305510",
            "time_codes": [
              665000,
              1264000,
              1736000,
              2372000
            ],
            "timecode_duration": [],
            "length": 2699000,
            "asset_id": "vod43670-000226M001",
            "title": "",
            "subtitle": "第226集 民間高手藏宜蘭",
            "ep_number": 226,
            "rating": 1,
            "content_type": "show",
            "p_start": 1762221000000,
            "vod_channel_description": "老詹、韋汝出走宜蘭，尋找隱身民間的高手。米其林三星是卓越料理，特等優果是三星上將梨王！奉茶你喝過、但是奉醋你有聽過嗎？手工釀製的純米釀蔬果醋品項多達50幾種？天然發酵，醋膜現身竟有奇妙觸感？冷泉養殖的澳洲國寶鱈魚口感鮮美，姆士流日式作法，老詹出手鱈魚菲力美味再升級！"
          },
          {
            "content_id": "VOD00305511",
            "time_codes": [
              627000,
              1137000,
              1550000,
              2140000
            ],
            "timecode_duration": [],
            "length": 2699000,
            "asset_id": "vod43670-000227M001",
            "title": "",
            "subtitle": "第227集 老詹來探班 射箭選手應援餐",
            "ep_number": 227,
            "rating": 1,
            "content_type": "show",
            "p_start": 1762224000000,
            "vod_channel_description": "老詹來「探班」拜訪台灣之光東澳國小射箭隊；小小選手齊聚校長室冰箱挖寶！究竟什麼是飛魚圓夢計畫？射箭想奪牌不簡單、裝備要價不菲！體驗入門訓練後，老詹賭性堅強揪韋汝大挑戰、教練也想要參一咖，一發命中發掘女力神箭手！是碰巧還是技巧？來喔~營養滿分的老詹愛心應援大餐上菜囉！"
          },
          {
            "content_id": "VOD00305512",
            "time_codes": [
              1110000,
              1982000,
              2418000,
              2589000
            ],
            "timecode_duration": [],
            "length": 2701000,
            "asset_id": "vod43670-000228M001",
            "title": "",
            "subtitle": "第228集 奪牌常勝軍 請叫我貓裏王",
            "ep_number": 228,
            "rating": 1,
            "content_type": "show",
            "p_start": 1762227000000,
            "vod_channel_description": "苗栗出大王？老詹、湘婷採紅棗，超罕見紅棗鮮果，曬不曬太陽甜度有關係？大到爆袋苗栗梨王，顆顆飽滿睡吊床，逆天生長爆甜得獎！苗栗黃牛王大山大草放牧養有夠狂！牛排煎法大公開，一口入魂不愧是優質本土黃牛肉！大珠小珠落玉盤，百變葡萄上桌，三屆冠軍葡萄王稱霸全國，品質不怕大廚驗！"
          },
          {
            "content_id": "VOD00305513",
            "time_codes": [
              1078000,
              1934000,
              2305000,
              2566000
            ],
            "timecode_duration": [],
            "length": 2700000,
            "asset_id": "vod43670-000229M001",
            "title": "",
            "subtitle": "第229集 學會黑吃黑 健康勝力組",
            "ep_number": 229,
            "rating": 1,
            "content_type": "show",
            "p_start": 1762230000000,
            "vod_channel_description": "老詹愛吃也懂吃，所謂食補好過藥補，吃白色的食物養肺、吃黑色的呢？帶您來看看苗栗農友如何種出黑色食材？老詹更要教大家如何「黑吃黑」！黑木耳煎餃、黑木耳香腸創意百變！老詹終極料理「豆腐乳豆瓣醬燉羊肉」，食材黑搭黑，羊肉木耳超美味。"
          },
          {
            "content_id": "VOD00305514",
            "time_codes": [
              1078000,
              1934000,
              2305000,
              2566000
            ],
            "timecode_duration": [],
            "length": 2700000,
            "asset_id": "vod43670-000230M001",
            "title": "",
            "subtitle": "第230集 一心多用 青農務農新型態",
            "ep_number": 230,
            "rating": 1,
            "content_type": "show",
            "p_start": 1762233000000,
            "vod_channel_description": "苗栗的年輕人一心多用，種稻兼編織這位年輕人葫蘆裡賣什麼藥？想接手家業務農需得到媽祖的聖杯才有機會？硬脾氣青農拼出高產值作物，香瓜、西瓜，產地限定嗑瓜大餐上桌。養雞人家經營雞場還同時為石虎保育盡心力！老詹的終極料理現場變湘婷的相親宴？產地限定超夯「香瓜棉漢堡」大廚直接教你做。"
          },
          {
            "content_id": "VOD00310974",
            "time_codes": [
              1018000,
              1901000,
              2182000,
              2485000
            ],
            "timecode_duration": [],
            "length": 2700000,
            "asset_id": "vod43670-000231M001",
            "title": "",
            "subtitle": "第231集 北海岸野味廚房大探索",
            "ep_number": 231,
            "rating": 1,
            "content_type": "show",
            "p_start": 1762236000000,
            "vod_channel_description": "跟著達人北海岸秘境挖寶。石門「石花」天然日光浴你看過嗎？什麼是「猴水仔」？內行最鮮吃法你試過嗎？山澗祕境達人圓籠捉溪流野味，碰運氣大豐收老詹出手炒毛蟹，品嚐秋之味麻油好滋味！八里懷舊神級點心「蘋婆」，又叫鳳眼果。老詹即興創作「蘋婆拿鐵咖啡」，飲品到底會是什麼風味呢？"
          },
          {
            "content_id": "VOD00310975",
            "time_codes": [
              1088000,
              1848000,
              2081000,
              2408000
            ],
            "timecode_duration": [],
            "length": 2699000,
            "asset_id": "vod43670-000232M001",
            "title": "",
            "subtitle": "第232集 都市小農 譜出城市新綠洲",
            "ep_number": 232,
            "rating": 1,
            "content_type": "show",
            "p_start": 1762239000000,
            "vod_channel_description": "你知道大台北有農田？大台北也有雞場嗎？這群都市小農隱身水泥叢林，打造你我生活的新綠洲。呷好「稻」相報，美味的關渡米從洗到煮有撇步，詹主廚做給你看；號稱黑金奇蹟的大屯火山咖啡，咖啡入菜蹦出新滋味！品嘗「牛排咖啡麵」，竟讓烘豆師感動到無法言喻！"
          },
          {
            "content_id": "VOD00310976",
            "time_codes": [
              1154000,
              1825000,
              2315000,
              2484000
            ],
            "timecode_duration": [],
            "length": 2700000,
            "asset_id": "vod43670-000233M001",
            "title": "",
            "subtitle": "第233集 一日東亞 新北異國風街道",
            "ep_number": 233,
            "rating": 1,
            "content_type": "show",
            "p_start": 1762242000000,
            "vod_channel_description": "外景行腳趴趴走十數年，老詹不知中和有條緬甸街？人氣早餐店品嘗道地南洋美食，竟被在地友人點出餐桌上的雷點，到底是什麼食物？巷弄小攤自製神級拌飯好物，老詹、茵芙試吃超驚呼，購物模式超展開。緬式風味甜食糕點、南洋風味香料、油辣辣緬甸咖哩，短短的市集竟讓人彷彿置身異國錯覺！"
          },
          {
            "content_id": "VOD00310977",
            "time_codes": [
              728000,
              1264000,
              1808000,
              2264000
            ],
            "timecode_duration": [],
            "length": 2701000,
            "asset_id": "vod43670-000234M001",
            "title": "",
            "subtitle": "第234集 獨「嘉」專屬 涼食文化",
            "ep_number": 234,
            "rating": 1,
            "content_type": "show",
            "p_start": 1762245000000,
            "vod_channel_description": "品嘗專屬嘉義人的美食；這裡的涼麵加白醋？！這裡的果汁有四味？！韋汝認真挑戰打果汁，竟酸出了表情包。老詹點潤餅老闆問要全糖還是半糖？一口咬下，咦~裡面還有包麵條？綠豆粉糕、冬瓜菜燕、白麻糬、紫米麻糬甜點應有盡有，豆漿Mix豆花，店家自製配料驚呼好好吃，老詹交朋友現場做榨菜豆花！"
          },
          {
            "content_id": "VOD00310978",
            "time_codes": [
              655000,
              1122000,
              1556000,
              2347000
            ],
            "timecode_duration": [],
            "length": 2698000,
            "asset_id": "vod43670-000235M001",
            "title": "",
            "subtitle": "第235集 在嘉圓夢 新住民新事業",
            "ep_number": 235,
            "rating": 1,
            "content_type": "show",
            "p_start": 1762248000000,
            "vod_channel_description": "台灣新住民經營事業有一套，印尼媽媽、台灣爸爸，阿嬤帶大的青農家豪，16歲決定接起阿公的蓮田、翻轉蓮藕產業！田野間一群著越南國服的婦女婆娑起舞，自主組團農忙後練舞的越南姐妹會！老詹種番茄太專心，手機竟掉進泥巴漿！生米煮白粥快速有撇步？越南姐妹報你知。"
          },
          {
            "content_id": "VOD00310979",
            "time_codes": [
              1096000,
              1970000,
              2285000,
              2469000
            ],
            "timecode_duration": [],
            "length": 2699000,
            "asset_id": "vod43670-000236M001",
            "title": "",
            "subtitle": "第236集 復古台南 一日老派露營",
            "ep_number": 236,
            "rating": 1,
            "content_type": "show",
            "p_start": 1762251000000,
            "vod_channel_description": "台南人早餐吃得有夠注重，晨間限定，品嘗一道道海味台式早午餐與新鮮生魚片！造訪養殖達人好友，他養的超巨石斑吃的居然是虱目魚，上青欸象牙鳳螺也是吃魚肉長大？老派露營正式開露，創意料理看老詹中西老味道新煮法，泡麵也能吃出高級感，牛肉蘑菇通心粉、起司控肉燉飯！"
          },
          {
            "content_id": "VOD00310980",
            "time_codes": [
              1054000,
              2024000,
              2332000,
              2505000
            ],
            "timecode_duration": [],
            "length": 2700000,
            "asset_id": "vod43670-000237M001",
            "title": "",
            "subtitle": "第237集 台南好秋 當季海鮮指南",
            "ep_number": 237,
            "rating": 1,
            "content_type": "show",
            "p_start": 1762254000000,
            "vod_channel_description": "秋意正濃~挖掘台南秋季肥美的海鮮好滋味！巴掌大生蠔，現撈現吃，清脆回甘！這裡的養蚵像在養放山雞？老詹挑戰為蚵苗蓋房子，達人竟然只給60分？全台限定，沒吃過的蚵仔碗粿，到底是蝦咪碗粿？參與野釣當季大秋蟹的活動，一缸螃蟹讓你吃到飽，一同感受台南超海派風味，享受在地的風土人情。"
          },
          {
            "content_id": "VOD00310981",
            "time_codes": [
              1008000,
              2038000,
              2364000,
              2536000
            ],
            "timecode_duration": [],
            "length": 2700000,
            "asset_id": "vod43670-000238M001",
            "title": "",
            "subtitle": "第238集 台南挖呀挖 惡地爛泥藏寶圖",
            "ep_number": 238,
            "rating": 1,
            "content_type": "show",
            "p_start": 1762257000000,
            "vod_channel_description": "你聽過古早太白粉嗎？10斤才能做1斤粉的葛鬱金長什麼樣子？又是什麼樣的土地能種出這樣的傳統作物？「適者生存」、「人定勝天」用在台南月世界的種植達人果然貼切，再惡質的土地養地3年，木瓜樹結果累累，顆顆清脆香甜！新鮮現摘農家帥氣新吃法，香蕉式木瓜-老詹、莉紋好喜歡！"
          },
          {
            "content_id": "VOD00310982",
            "time_codes": [
              915000,
              1870000,
              2306000,
              2482000
            ],
            "timecode_duration": [],
            "length": 2700000,
            "asset_id": "vod43670-000239M001",
            "title": "",
            "subtitle": "第239集 高雄最北端 海海人生",
            "ep_number": 239,
            "rating": 1,
            "content_type": "show",
            "p_start": 1762260000000,
            "vod_channel_description": "老詹、韋汝出走到高雄，95公里長的海岸線上，高雄居民海味人生會是什麼？在地人不僅愛吃魚、會吃魚、懂吃魚，還很會抓魚！漁夫出海吃什麼？你知道「漁夫餅」嗎？造型讓老詹現場想收涎？棒球選手轉行養殖，引海水養烏魚，看達人撒網兩人賭性堅強現場PK，老詹竟然撒網抓到自己？"
          },
          {
            "content_id": "VOD00310983",
            "time_codes": [
              1008000,
              1759000,
              2164000,
              2332000
            ],
            "timecode_duration": [],
            "length": 2699000,
            "asset_id": "vod43670-000240M001",
            "title": "",
            "subtitle": "第240集 高雄少年當家 三十而立",
            "ep_number": 240,
            "rating": 1,
            "content_type": "show",
            "p_start": 1762263000000,
            "vod_channel_description": "家傳事業新生代有新做法！來到高雄走訪在地的少年當家。三姐妹同心，多元開發打開羊奶市場，羊奶也能變奶茶？百年歷史，第四代開拓新機「水洗麻油」，麻油新吃法，竟然可以直接喝？！跟爸爸租雞場，每個雞寮都破孔、每隻雞都自由自在？原來少年頭家養了一群衝浪雞！這雞跟普通雞肉有什麼不一樣?"
          },
          {
            "content_id": "VOD00324168",
            "time_codes": [
              926000,
              1835000,
              2264000,
              2468000
            ],
            "timecode_duration": [],
            "length": 2700000,
            "asset_id": "vod43670-000241M001",
            "title": "",
            "subtitle": "第241集 高雄不畏「惡」勢力 翻轉人生",
            "ep_number": 241,
            "rating": 1,
            "content_type": "show",
            "p_start": 1762266000000,
            "vod_channel_description": "台灣世界級特殊自然地景--泥岩惡地，烏山頂泥火山生人勿近。老詹、韋汝近距離接觸，泥火山噴發冒火，兩人驚呆彈跳出鏡去了哪裡？泥漿層層包，烤出獨到雞肉料理；火山泥新契機--高產值火鶴，韋汝坐地起價現場唸起生意經！內門人懂吃？花生糖捲香菜絕妙滋味？！"
          },
          {
            "content_id": "VOD00324169",
            "time_codes": [
              634000,
              1339000,
              1714000,
              2261000
            ],
            "timecode_duration": [],
            "length": 2699000,
            "asset_id": "vod43670-000242M001",
            "title": "",
            "subtitle": "第242集 中彰三金好物大搜查",
            "ep_number": 242,
            "rating": 1,
            "content_type": "show",
            "p_start": 1762269000000,
            "vod_channel_description": "說到三金，你會想到什麼？老詹& Albee出走來找尋黃金、黑金與綠金！？獨特風味--黃金百香果，採收後要蓋棉被，才能品嘗到絕佳果香風味？下海捕撈黑金海寶--日本大和黑蜆，只為鮮甜海味。排毒聖品--綠金西洋芹，大地主現拔西洋芹竟惹怒詹大廚！？隨興煮，老詹凍袂條頻頻默念心平氣和…"
          },
          {
            "content_id": "VOD00324170",
            "time_codes": [
              768000,
              1376000,
              1968000,
              2360000
            ],
            "timecode_duration": [],
            "length": 2700000,
            "asset_id": "vod43670-000243M001",
            "title": "",
            "subtitle": "第243集 隱藏版大彰化 驚艷在地菜",
            "ep_number": 243,
            "rating": 1,
            "content_type": "show",
            "p_start": 1762272000000,
            "vod_channel_description": "來到彰化，除了田尾公路花園、八卦山大佛、鹿港老街。你還知道有什麼在地好滋味呢？全國盛產No.1花椰菜，手工日曬全靠一把刀？品嚐阿嬤家常美味的花椰菜乾農家菜，還見識到一斤要價８萬的神奇生蠔葉！拿手私房料理出菜！頭家娘VS.老詹「山當歸葉炒蛋」，究竟是媽媽味勝出？還是姆士味略勝一籌？"
          },
          {
            "content_id": "VOD00324171",
            "time_codes": [
              675000,
              1222000,
              1615000,
              2048000
            ],
            "timecode_duration": [],
            "length": 2699000,
            "asset_id": "vod43670-000244M001",
            "title": "",
            "subtitle": "第244集 一日探班 海鮮叫賣達人",
            "ep_number": 244,
            "rating": 1,
            "content_type": "show",
            "p_start": 1762275000000,
            "vod_channel_description": "今天要探班，但究竟探誰的班要凌晨3點半摸黑出門？！突擊魚市循線找人，跟著透早開工的少年頭家菜市場擺攤；來到市場必吃好味道-蔥油餅+水煎包，一口咬下老詹直囔囔「會著」？！古早味豆花，這裡呷豆花要尬油條？傳統麵食，頭家特製辣椒醬讓老詹噴嚏打不停？"
          },
          {
            "content_id": "VOD00324172",
            "time_codes": [
              1047000,
              1755000,
              2191000,
              2500000
            ],
            "timecode_duration": [],
            "length": 2699000,
            "asset_id": "vod43670-000245M001",
            "title": "",
            "subtitle": "第245集 全世界都在瘋發酵",
            "ep_number": 245,
            "rating": 1,
            "content_type": "show",
            "p_start": 1762278000000,
            "vod_channel_description": "年菜準備好了沒？臘肉、臘腸有哪些？缺了可就少了年味。老詹、韋汝出發囉，從發酵認識這餐桌上用光陰釀造的美味！什麼肉需要蛋白質發酵？什麼肉需要低溫燻烤3天3夜？店家老闆兄妹私房料理擺上桌，韋汝吃不過癮再加點！發酵迷致敬微生物？國際發酵大師-Sandor E. Katz(山鐸．卡茲)驚喜現身？"
          },
          {
            "content_id": "VOD00324173",
            "time_codes": [
              1090000,
              2160000,
              2353000,
              2580000
            ],
            "timecode_duration": [],
            "length": 2700000,
            "asset_id": "vod43670-000246M001",
            "title": "",
            "subtitle": "第246集 想都想不到 草山處處都是寶",
            "ep_number": 246,
            "rating": 1,
            "content_type": "show",
            "p_start": 1762281000000,
            "vod_channel_description": "出走料理造訪戒備森嚴的藍寶石泉秘境，品嘗產量稀少的藍寶石茭白筍，清燙就很美味。開挖地下橫著長的山藥，現煎就很好吃。這裡的白磺溫泉顏色和牛奶相近，因此也叫牛奶湯，感謝韋汝為節目幫大家泡了湯，期待泡出流量密碼！老詹取在地食材，教你炒出草山鮮甜野味，香噴噴的山藥茭白筍雞湯完成啦！"
          },
          {
            "content_id": "VOD00324174",
            "time_codes": [
              882000,
              2015000,
              2419000,
              2553000
            ],
            "timecode_duration": [],
            "length": 2700000,
            "asset_id": "vod43670-000247M001",
            "title": "",
            "subtitle": "第247集 野草煉金術",
            "ep_number": 247,
            "rating": 1,
            "content_type": "show",
            "p_start": 1762284000000,
            "vod_channel_description": "野草煉金要怎麼煉？踏入百年歷史青草街，琳琅滿目青草可不是中藥！你看到的草，都是達人心中的寶。令老詹吃驚憶兒時。青草變身東南亞辛香料，餐桌上的料理少了它可是欠一味喔！香港大廚重現地道廣東名菜「脆皮雞」、「鹹魚雞粒豆腐煲」，韋汝品嘗結合在地食材的經典粵菜，意外補充記憶力？肌耐力？"
          },
          {
            "content_id": "VOD00324175",
            "time_codes": [
              848000,
              1448000,
              1856000,
              2318000
            ],
            "timecode_duration": [],
            "length": 2699000,
            "asset_id": "vod43670-000248M001",
            "title": "",
            "subtitle": "第248集 一步一腳印 尋找感動美食故事",
            "ep_number": 248,
            "rating": 1,
            "content_type": "show",
            "p_start": 1762287000000,
            "vod_channel_description": "時間焠鍊出美食，而焠煉方式不盡相同，今天老詹、夏語心一同出走南投，尋找感動的美食故事；傳承三代手藝的眷村菜老店，小夏深入廚房重地學顛鍋？濃濃的古早味家鄉菜，經典菜色再現！終極料理-梅干扣肉創意湯泡飯，看老詹將經典眷村菜大變身，滋味超驚豔，小夏現場大喊いらっしゃいませ！"
          },
          {
            "content_id": "VOD00324176",
            "time_codes": [
              744000,
              1283000,
              1766000,
              2157000
            ],
            "timecode_duration": [],
            "length": 2700000,
            "asset_id": "vod43670-000249M001",
            "title": "",
            "subtitle": "第249集 南投好山好水 山珍海味攏總來",
            "ep_number": 249,
            "rating": 1,
            "content_type": "show",
            "p_start": 1762290000000,
            "vod_channel_description": "您知道什麼是飛機菜？竹山產筍平均一斤5、6百，但是產季一到就缺貨。這兒有位達人養吳郭魚，肉質直逼進口鱈魚？鹿谷秘境養殖高冷鮮魚，挑魚要選藍色的？山林老字號在地特色料理，所有食材都要經過達人嚴選。產地直挖珍稀冬筍，要先練練「透速眼」？獨特風味野生山芹菜，採收先噴水潤滑？"
          },
          {
            "content_id": "VOD00324177",
            "time_codes": [
              686000,
              1272000,
              1754000,
              2318000
            ],
            "timecode_duration": [],
            "length": 2700000,
            "asset_id": "vod43670-000250M001",
            "title": "",
            "subtitle": "第250集 南投大搜查 黑嚕嚕食材",
            "ep_number": 250,
            "rating": 1,
            "content_type": "show",
            "p_start": 1762293000000,
            "vod_channel_description": "睽違38年老詹再度踏上南投的溪頭，與夏語心要來找尋黑嚕嚕的食材！首先登場--新鮮開採椴木香菇，媽媽味！家常炒椴木香菇vs.姆士版！家常炒椴木香菇，哪一道會更顯香氣？開挖直擊 --孟宗竹炭窯，傳統窯燒孟宗竹炭可淨化水質？養蜂人暖心計畫--黑皮柳丁，告訴您蜂農與柳丁的血淚故事！"
          },
          {
            "content_id": "VOD00332789",
            "time_codes": [
              1008000,
              1950000,
              2336000,
              2480000
            ],
            "timecode_duration": [],
            "length": 2701000,
            "asset_id": "vod43670-000251M001",
            "title": "",
            "subtitle": "第251集 洄游花蓮 漁村復甦術",
            "ep_number": 251,
            "rating": 1,
            "content_type": "show",
            "p_start": 1762296000000,
            "vod_channel_description": "出走料理探花蓮漁村，「姆汝探險隊」勁裝打扮自詡青蛙、蟾蜍下水去，達人頻頻交代要手牽手？在地人懂吃魚，鰹魚多變化，從頭到尾不浪費！「如果你是一隻魚」食魚教育：老詹、韋汝秒變詹五歲、韋三歲？大讚海洋知識真有趣！漁村變身拍照打卡新據點，當季新鮮漁獲新鮮吃上蓋青！"
          },
          {
            "content_id": "VOD00332790",
            "time_codes": [
              994000,
              1781000,
              2185000,
              2405000
            ],
            "timecode_duration": [],
            "length": 2700000,
            "asset_id": "vod43670-000252M001",
            "title": "",
            "subtitle": "第252集 尋寶去! 一探花蓮山中秘寶",
            "ep_number": 252,
            "rating": 1,
            "content_type": "show",
            "p_start": 1762299000000,
            "vod_channel_description": "「姆汝探險隊」出動尋寶去！上山下海我不怕；好久沒有被當「妹ㄚ」看待，韋汝捕魚樂藏不住的單純，讓達人又好氣又好笑。詹姆士魔咒再次發威，花蓮鱉溪眾人吃癟？！老詹大推香蕉飯，跟著部落青年從零到有體驗香蕉飯製作！太魯閣族餐桌上菜，品嘗費時又費工的煙燻豬肉，每道菜都有獨特的故事。"
          },
          {
            "content_id": "VOD00332791",
            "time_codes": [
              1049000,
              1883000,
              2258000,
              2445000
            ],
            "timecode_duration": [],
            "length": 2701000,
            "asset_id": "vod43670-000253M001",
            "title": "",
            "subtitle": "第253集 記憶中的技藝 傳承老手藝",
            "ep_number": 253,
            "rating": 1,
            "content_type": "show",
            "p_start": 1762302000000,
            "vod_channel_description": "「姆汝探險隊」花蓮第三彈還能挖到什麼寶呢？這裡菸樓不賣菸只賣老味道，達人朗誦式提問，搞得倆人答題小心翼翼，一切都是為了這細緻滑順、可以塗饅頭的豆腐乳？滿滿媽媽味，出爐數量有限的客家粿，老詹現場靈光乍現，來了個創意炸菜包，自製關東煮的小秘密，味噌加XX醬，讓韋汝瞪大雙眼讚嘆不已！"
          },
          {
            "content_id": "VOD00332792",
            "time_codes": [
              653000,
              1366000,
              1773000,
              2202000
            ],
            "timecode_duration": [],
            "length": 2699000,
            "asset_id": "vod43670-000254M001",
            "title": "",
            "subtitle": "第254集 雲林在地餐桌 醬油主題趴",
            "ep_number": 254,
            "rating": 1,
            "content_type": "show",
            "p_start": 1762305000000,
            "vod_channel_description": "出走料理下雲林採購伴手禮，柴燒古早味-純手工醬油，巧遇即將舉行的美食趴踢，主人翁邀請同歡，老詹馬不停蹄蒐集在地食材，究竟會是「錦上添花」？還是「落井下石」呢？體驗採收乾枯黑豆、古法手炒黑豆，但您知道黑豆、黃豆、毛豆竟有著謎樣的三角關係？"
          },
          {
            "content_id": "VOD00332793",
            "time_codes": [
              766000,
              1290000,
              1765000,
              2119000
            ],
            "timecode_duration": [],
            "length": 2701000,
            "asset_id": "vod43670-000255M001",
            "title": "",
            "subtitle": "第255集 糖與蜜之地 雲林找甜頭",
            "ep_number": 255,
            "rating": 1,
            "content_type": "show",
            "p_start": 1762308000000,
            "vod_channel_description": "每年到了甘蔗採收季，雲林虎尾的空氣總會帶著淡淡的蔗糖香，出走料理這回就要來找甜頭。大夥冒著被鵝群攻擊的風險，了解高科技養鵝，品嘗甘蔗煙燻-鵝賞料理，還有老詹創意甜點-鵝蛋舒芙蕾，果然道道好風味。深入百年虎尾糖廠，公差宿舍變身招待所讓人一秒到日本？！"
          },
          {
            "content_id": "VOD00332794",
            "time_codes": [
              678000,
              1188000,
              1664000,
              2073000
            ],
            "timecode_duration": [],
            "length": 2701000,
            "asset_id": "vod43670-000256M001",
            "title": "",
            "subtitle": "第256集 忘憂達娜伊谷 真假苦花大解謎",
            "ep_number": 256,
            "rating": 1,
            "content_type": "show",
            "p_start": 1762311000000,
            "vod_channel_description": "達娜伊谷忘憂的水上餐廳，料理道道獨特、美味，沁涼消暑，季節限定！餵魚賞魚趣，造訪禁止捕獵的溪谷保育區，一賞苦花~高山鯝魚優游美姿，不料山寨的假苦花~高鯓鯝魚竟被照顧的條條肥美。這裡的老人家偏愛苦味從頭嚼到尾不吐骨頭？滋味比一比~肉細、軟鱗，聽得老詹好心急，頻頻問煮好了沒？"
          },
          {
            "content_id": "VOD00332795",
            "time_codes": [
              1112000,
              1866000,
              2218000,
              2407000
            ],
            "timecode_duration": [],
            "length": 2700000,
            "asset_id": "vod43670-000257M001",
            "title": "",
            "subtitle": "第257集 見證屏東黑食力",
            "ep_number": 257,
            "rating": 1,
            "content_type": "show",
            "p_start": 1762314000000,
            "vod_channel_description": "好久不見的卓文萱來啦~這次老詹偕這位多年好夥伴南下，要一同來見證屏東黑「食」力，皮薄肉嫩難養護、嬌貴如珠的黑珍珠，果農如何激發果樹本能，使其逆境中求生呢？什麼是綠能環保高級產房？這裡的黑豬寶寶超幸福，看老詹化身飼養員，復育台灣原生種，再現黑豬美味！哈囉~豬豬食堂開飯啦！"
          },
          {
            "content_id": "VOD00332796",
            "time_codes": [
              934000,
              1608000,
              2066000,
              2415000
            ],
            "timecode_duration": [],
            "length": 2701000,
            "asset_id": "vod43670-000258M001",
            "title": "",
            "subtitle": "第258集 人定勝天 強勢歸來的勇者",
            "ep_number": 258,
            "rating": 1,
            "content_type": "show",
            "p_start": 1762317000000,
            "vod_channel_description": "15年前…被莫拉克颱風KO的受災戶，不僅重建家園，也讓產業回到光榮時刻，老詹與文萱抵達復甦小漁村，兩人捲起褲管下海做起「漁民體驗」，釣沙蟹、耙牛奶貝、就地取材焢沙窯，還品嘗早期漁民簡易餐-牽罟飯？原本新聞學系的大男孩，風災過後返鄉養起了兇猛大石斑，老詹和魚比拔河？文萱釣魚差點被魚釣？"
          },
          {
            "content_id": "VOD00332797",
            "time_codes": [
              1176000,
              2068000,
              2368000,
              2584000
            ],
            "timecode_duration": [],
            "length": 2700000,
            "asset_id": "vod43670-000259M001",
            "title": "",
            "subtitle": "第259集 潮州出品 不為人知的好物",
            "ep_number": 259,
            "rating": 1,
            "content_type": "show",
            "p_start": 1762320000000,
            "vod_channel_description": "在地人帶路！出走料理探訪屏東潮州老街，傳統風景、建築物、小吃、商行，家家都是有故事的老店；來到麻油廠老詹忽然變身三太子？麻油製作滴滴皆辛苦，過程費時又費工，看文萱穿裙子蹲馬步也要體驗！在地食材在地做-澎湃宴席菜，古早味紅麴封肉令文萱想起了阿嬤，老詹卻對主廚提出無理的要求？"
          },
          {
            "content_id": "VOD00332798",
            "time_codes": [
              1054000,
              1892000,
              2313000,
              2467000
            ],
            "timecode_duration": [],
            "length": 2700000,
            "asset_id": "vod43670-000260M001",
            "title": "",
            "subtitle": "第260集 模仿料理賽 完成菲式宴席菜",
            "ep_number": 260,
            "rating": 1,
            "content_type": "show",
            "p_start": 1762323000000,
            "vod_channel_description": "一抵達長灘島老詹的第一餐，在地料理先嚐鮮，Chill在海邊享受美食！但這趟出走料理可是有任務在身，將與韋汝兩人攜手製作《Boodle Fight大餐》，邊吃邊學「菲式宴席菜」！出走越野車尋覓食材，時間緊迫兵分二路蒐集，新鮮椰子汁現場爬樹採給你，水晶島景色絕美有夠Chill，螃蟹船出海現撈海膽超鮮甜！"
          },
          {
            "content_id": "VOD00339461",
            "time_codes": [
              940000,
              1885000,
              2217000,
              2414000
            ],
            "timecode_duration": [],
            "length": 2701000,
            "asset_id": "vod43670-000261M001",
            "title": "",
            "subtitle": "第261集 輕熟大人奢華之旅",
            "ep_number": 261,
            "rating": 1,
            "content_type": "show",
            "p_start": 1762326000000,
            "vod_channel_description": "長灘島任務PART2-《遊艇上製作豪華料理》。尋覓食材期間一系列輕奢華行程，會不會影響老詹與韋汝的任務呢？超奢直升機一覽長灘島全貌，絕美海景搭配鹹甜風味鬆餅下午茶，還品嘗消暑冰品！登遊艇好愜意，克難廚房老詹練功夫，站著腰痠、蹲著腿痠、煮完料理脖子酸？敬請期待船上限定「豪華海鮮燉飯」！"
          },
          {
            "content_id": "VOD00339462",
            "time_codes": [
              1124000,
              1832000,
              2155000,
              2533000
            ],
            "timecode_duration": [],
            "length": 2700000,
            "asset_id": "vod43670-000262M001",
            "title": "",
            "subtitle": "第262集 一日探班系列 冠軍龍舟隊(端午節)",
            "ep_number": 262,
            "rating": 1,
            "content_type": "show",
            "p_start": 1762329000000,
            "vod_channel_description": "出走料理之一日探班系列又來囉，為台灣之光-冠軍龍舟隊驅車來到台東，這群年輕人划船不在水裡？聚集在田裡？想不到多才多藝的老詹竟參加過龍舟隊？用料實在大骨麵店，默默支持參賽隊伍？不僅出錢出力也出人！好山好水好風景，隱身部落的高手急流捕魚，部落風味餐整桌菜餚放滿滿。"
          },
          {
            "content_id": "VOD00339463",
            "time_codes": [
              1002000,
              1811000,
              2152000,
              2352000
            ],
            "timecode_duration": [],
            "length": 2701000,
            "asset_id": "vod43670-000263M001",
            "title": "",
            "subtitle": "第263集 深入島嶼 一探長灘背景故事",
            "ep_number": 263,
            "rating": 1,
            "content_type": "show",
            "p_start": 1762332000000,
            "vod_channel_description": "出走料理長灘島之行，大啖西班牙美食，韋汝竟吃出熟悉的「詹姆士之味」？經典西班牙菜「牛肉牛舌超細嫩，讓老詹捨不得回家！造訪傳統部落，一探長灘島真實樣貌；走逛夜市財大氣粗的韋汝老毛病發作？意外發現便宜到不行的寶藏甜點，CP值超高甜點，鬆軟滑順「蛋黃派」老詹一吃停不了。"
          },
          {
            "content_id": "VOD00339464",
            "time_codes": [
              685000,
              1311000,
              1718000,
              2249000
            ],
            "timecode_duration": [],
            "length": 2700000,
            "asset_id": "vod43670-000264M001",
            "title": "",
            "subtitle": "第264集 高雄新世代 另類農夫大集合",
            "ep_number": 264,
            "rating": 1,
            "content_type": "show",
            "p_start": 1762335000000,
            "vod_channel_description": "什麼樣的受訪者讓茵芙笑顏大開？護理師變身猛男農夫，肝指數上升轉職種出頂級芭樂！怪異變種的招財鳳梨出自才女型農，削皮切肉內行人這樣吃「鳳梨漢堡」，老詹一吃也呵咾！美女農夫挑戰番茄改良，32個數字密碼令眾人頭腦旋風！？老詹要用這群新世代農夫的食材作什麼樣終極料理呢？"
          },
          {
            "content_id": "VOD00339465",
            "time_codes": [
              666000,
              1409000,
              1900000,
              2343000
            ],
            "timecode_duration": [],
            "length": 2700000,
            "asset_id": "vod43670-000265M001",
            "title": "",
            "subtitle": "第265集 老詹出任務 石頭廟料理傳愛",
            "ep_number": 265,
            "rating": 1,
            "content_type": "show",
            "p_start": 1762338000000,
            "vod_channel_description": "老詹來高雄出任務了，探訪奇幻廟宇；一般人眼中的石頭廟，在老詹與茵芙看來卻是一座珠寶廟？什麼樣的灶腳可以一次煮出500人料理？什麼住持會讓信徒無私捐贈，出走料理深入直擊廚房重地！這集的老詹會上哪道菜？全看收集食材後方能完成終極料理，咱們賣個關子先…！感恩開煮，兩人竟為配料吵翻天！？"
          },
          {
            "content_id": "VOD00339466",
            "time_codes": [
              1082000,
              1564000,
              2073000,
              2394000
            ],
            "timecode_duration": [],
            "length": 2700000,
            "asset_id": "vod43670-000266M001",
            "title": "",
            "subtitle": "第266集 旗山有搖滾 蕉農樂團來帶路",
            "ep_number": 266,
            "rating": 1,
            "content_type": "show",
            "p_start": 1762341000000,
            "vod_channel_description": "出走料理走訪高雄旗山，這裡的青年蕉農不只是懂香蕉，還唱歌組band背著吉他種香蕉？看他們如何用音樂銷香蕉！現場香蕉品種大揭密，手把手教學採收訣竅。香蕉全利用能有哪些創意呢？果乾、果釀、蛋糕一吃停不了，古早味香蕉花竟有塌塌米氣味？老詹現場加碼香蕉創意飲品，絲滑好喝又好上手！"
          },
          {
            "content_id": "VOD00339467",
            "time_codes": [
              953000,
              1772000,
              2165000,
              2531000
            ],
            "timecode_duration": [],
            "length": 2701000,
            "asset_id": "vod43670-000267M001",
            "title": "",
            "subtitle": "第267集 NG又如何? B咖走更遠!",
            "ep_number": 267,
            "rating": 1,
            "content_type": "show",
            "p_start": 1762344000000,
            "vod_channel_description": "水果王國-台灣，一年四季都有物美價廉、甜度保證的水果可以吃，但那些不符合上市規格品都去哪了呢？僅長胖、長斜、長歪，口感味道不輸上市品的B果都去哪呢？台東農友如何翻轉B果命運？讓B咖水果們搖身變成主角！NG水果不浪費，要吃枝仔冰自己來，DIY新鮮水果枝仔冰。"
          },
          {
            "content_id": "VOD00339468",
            "time_codes": [
              1199000,
              2061000,
              2206000,
              2571000
            ],
            "timecode_duration": [],
            "length": 2699000,
            "asset_id": "vod43670-000268M001",
            "title": "",
            "subtitle": "第268集 鹿野特有 另類倒吃甘蔗人生",
            "ep_number": 268,
            "rating": 1,
            "content_type": "show",
            "p_start": 1762347000000,
            "vod_channel_description": "來到台東鹿野這裡不只有熱氣球，這趟要去的地方很特別，出入要拿出身分證明，韋汝竟然想靠刷臉？不當大哥很多年，同學大夥挽起袖子養雞、植栽，也煮咖啡…，跟著老詹一窺大哥們「後花園」，遠近馳名的大哥烤雞超驚人！種茶種到出國比賽，鹿野紅烏龍製茶過程工序多，超貴米其林茶葉，給你茶味滿滿。"
          },
          {
            "content_id": "VOD00339469",
            "time_codes": [
              817000,
              1572000,
              2188000,
              2322000
            ],
            "timecode_duration": [],
            "length": 2702000,
            "asset_id": "vod43670-000269M001",
            "title": "",
            "subtitle": "第269集 山海扛霸子 台中先驅者大匯集",
            "ep_number": 269,
            "rating": 1,
            "content_type": "show",
            "p_start": 1762350000000,
            "vod_channel_description": "台中真可說是臥虎藏龍，有一群在地產業先驅，他們敢衝、勇於嘗試，卻隱身在此！今天出走料理將為您一一發掘，到底他們怎麼做？做了什麼？衝這麼快！樣樣衝第一！蜜桃新品種，有機、完熟紅玉桃超顛覆想像，老詹咬一口，雙眼瞪得像牛鈴！超夯保養聖品桃膠大解密，私房甜湯吃免驚好嗨森！"
          },
          {
            "content_id": "VOD00339470",
            "time_codes": [
              827000,
              1481000,
              2161000,
              2306000
            ],
            "timecode_duration": [],
            "length": 2700000,
            "asset_id": "vod43670-000270M001",
            "title": "",
            "subtitle": "第270集 台中攔截量少味美的食材之旅",
            "ep_number": 270,
            "rating": 1,
            "content_type": "show",
            "p_start": 1762353000000,
            "vod_channel_description": "產量極少的銷魂美味，究竟是飢餓行銷？還是為了出產品質呢？鮮採藍莓甜度擋不了，想摘得靠你我手上姻緣線？百變藍莓吃法，創造無限可能，老詹、語心一口嘗，果真巨甜很要緊！深山奇觀—奔跑吧！雞兄們，荒山野地雞瀑布挑戰你的想像！產蛋箱裡面怎麼會有兵乓球？"
          },
          {
            "content_id": "VOD00346165",
            "time_codes": [
              785000,
              1672000,
              2232000,
              2432000
            ],
            "timecode_duration": [],
            "length": 2699000,
            "asset_id": "vod43670-000271M001",
            "title": "",
            "subtitle": "第271集 你沒走錯棚 這真的是台中",
            "ep_number": 271,
            "rating": 1,
            "content_type": "show",
            "p_start": 1762356000000,
            "vod_channel_description": "台中市的大安區，一樣叫大安，這裡「蔥」滿世界級香味，蔥農吃自家種的粉蔥，夫妻倆感動到流淚，粉蔥大解密，跟你想的不一樣！大安限定遛豬散步？傻眼貓咪夏語心發問：這不是美食節目嗎？特殊行程老詹外景也是頭一遭？什麼蘆筍湯隨便煮隨便好吃？蘆筍脆嫩多汁，令人懷念的「三罐王傳奇」 蘆筍大揭秘。"
          },
          {
            "content_id": "VOD00346166",
            "time_codes": [
              754000,
              1241000,
              1769000,
              2277000
            ],
            "timecode_duration": [],
            "length": 2689000,
            "asset_id": "vod43670-000272M001",
            "title": "",
            "subtitle": "第272集 老詹嚴選 馬祖踩點團",
            "ep_number": 272,
            "rating": 1,
            "content_type": "show",
            "p_start": 1762359000000,
            "vod_channel_description": "出走料理登馬祖遇上天氣來攪局，突發狀況班機等候補，賭性堅強的老詹為了「季節限定」賭一把。鬼斧神工坑道美景令凱希讚嘆不已，巨到傻眼的馬祖上青海鮮鍋老饕不容錯過！古宅文青店發現驚人好料？季節限定-追得到藍眼淚、追不到就流眼淚的追淚行動，今年不負眾望地大成功！"
          },
          {
            "content_id": "VOD00346167",
            "time_codes": [
              656000,
              1392000,
              1875000,
              2339000
            ],
            "timecode_duration": [],
            "length": 2739000,
            "asset_id": "vod43670-000273M001",
            "title": "",
            "subtitle": "第273集 卡蹓馬祖 快閃餐車計畫",
            "ep_number": 273,
            "rating": 1,
            "content_type": "show",
            "p_start": 1762362000000,
            "vod_channel_description": "出走料理離島限定快閃餐車計畫正式開始，搜集馬祖在地特色食材好料來入菜。自製傳統大餅VS繼光餅，由來、吃法不一樣！限量珍貴芙蓉酥純手工美味無法擋，老詹現場團購開買？馬祖魚麵鮮美Q彈全靠太陽烘烤，日曬魚麵名不虛傳！南竿人廚房的介壽獅子市場，採買空檔偷閒吃個在地早餐，道道驚奇又開胃！"
          },
          {
            "content_id": "VOD00346168",
            "time_codes": [
              649000,
              1212000,
              1701000,
              2316000
            ],
            "timecode_duration": [],
            "length": 2699000,
            "asset_id": "vod43670-000274M001",
            "title": "",
            "subtitle": "第274集 馬祖人在幹嘛 接地氣日常",
            "ep_number": 274,
            "rating": 1,
            "content_type": "show",
            "p_start": 1762365000000,
            "vod_channel_description": "馬祖人吃菜自己種、嗑海鮮自己撈！探訪在地人日常生活？客家女主遠嫁馬祖，歷經多年的實彈射擊，與先生攜手打造世外小桃源！老詹到府開煮，不料女主的廚房習慣讓老詹直嚷完蛋了，糖醋排骨竟變老抽糖醋排骨？跟著在地人前往大海冰箱、潮間帶挖寶，老詹、凱希挖淡菜大作戰，誰的採「淡」功夫更勝一籌？"
          },
          {
            "content_id": "VOD00346169",
            "time_codes": [
              773000,
              1357000,
              1910000,
              2322000
            ],
            "timecode_duration": [],
            "length": 2700000,
            "asset_id": "vod43670-000275M001",
            "title": "",
            "subtitle": "第275集 離島限量料理分享會",
            "ep_number": 275,
            "rating": 1,
            "content_type": "show",
            "p_start": 1762368000000,
            "vod_channel_description": "出走料理「離島限量料理分享會」來囉~這一人一道菜的交流會不會成功呢？跟著老詹、凱希一起開啟食材蒐集的路線就對了。來馬祖要吃啥？當日現撈淡菜、生蠔，滿滿海味趁鮮吃；遠離塵囂秘境農場的柴燒鼎邊糊，凱希迎來掌廚初體驗，什麼！老詹在海上與船老大交易？沒錯，現流魚貨就是上鮮耶！"
          },
          {
            "content_id": "VOD00346170",
            "time_codes": [
              659000,
              1197000,
              1687000,
              2251000
            ],
            "timecode_duration": [],
            "length": 2700000,
            "asset_id": "vod43670-000276M001",
            "title": "",
            "subtitle": "第276集 傳承專屬味 台南寶藏好料",
            "ep_number": 276,
            "rating": 1,
            "content_type": "show",
            "p_start": 1762371000000,
            "vod_channel_description": "走訪建城400年的台南，堅持傳統老字號餅舖，手工現做、加蛋現煎，吃的是老一輩的懷念。現釣海魚，水仙宮超鮮魚湯，兄弟手足合力接棒，嚐的是新一代的情感。號稱貴婦市場的在地百年菜市場連骨架子都有上百年歷史，挖寶尋好料來東菜市，老饕級傳統美食應有盡有，香腸熟肉、爆料春捲、銷魂油飯…收穫滿滿！"
          },
          {
            "content_id": "VOD00346171",
            "time_codes": [
              597000,
              1191000,
              1695000,
              2291000
            ],
            "timecode_duration": [],
            "length": 2700000,
            "asset_id": "vod43670-000277M001",
            "title": "",
            "subtitle": "第277集 潮高雄之流行美食地圖",
            "ep_number": 277,
            "rating": 1,
            "content_type": "show",
            "p_start": 1762374000000,
            "vod_channel_description": "老詹揪卓文萱探高雄，美食地圖超展開！鹽一市場新貌變身文青風，青春查某囡仔手做草仔粿，傳承老手藝；隱身新崛江商圈的謎樣麵店，理工男頭家下麵秤重求精準？調配師對症調製，在地元素入酒，這是創意琴酒吧。現切秀烤鴨名菜，老詹口口酥脆吃出ASMR，酸菜白肉鍋，卓文萱暖呼呼食鍋好滿足。"
          },
          {
            "content_id": "VOD00346172",
            "time_codes": [
              810000,
              1323000,
              1938000,
              2349000
            ],
            "timecode_duration": [],
            "length": 2700000,
            "asset_id": "vod43670-000278M001",
            "title": "",
            "subtitle": "第278集 眷戀高雄 陸海空三軍眷村",
            "ep_number": 278,
            "rating": 1,
            "content_type": "show",
            "p_start": 1762377000000,
            "vod_channel_description": "大夥可曾聽說「一樣是眷村，陸、海、空，吃、住是大不同」？空軍之鄉-岡山空軍俱樂部-軍官將領指定菜色「紅燒羊肉爐」好好吃；街訪聊沒兩句，炭烤燒餅飄香，老闆苦無人接手傳統古早味，老詹喊話：兒啊，回來接手這會賺！地道老字號炭火酸菜白肉鍋、冰花煎餃好滋味。"
          },
          {
            "content_id": "VOD00346173",
            "time_codes": [
              1068000,
              1964000,
              2371000,
              2558000
            ],
            "timecode_duration": [],
            "length": 2700000,
            "asset_id": "vod43670-000279M001",
            "title": "",
            "subtitle": "第279集 傳承四百年的金門瓊林宴",
            "ep_number": 279,
            "rating": 1,
            "content_type": "show",
            "p_start": 1762380000000,
            "vod_channel_description": "出走料理「姆汝小隊」在瓊林穿街走巷，上山抓雞又下海採蚵，這麼辛苦為什麼？深入這個專出進士、舉人的學霸村，參與流傳4百年的瓊林宴！什麼~這麵線要蒸6小時？蝦毀~瓊林的石蚵竟然有七耳！兩人分頭收集食材，採芋頭、抓雞，剪刀石頭布贏的人先選？金門牛吃酒糟、金門雞也吃酒糟，隻隻頭好壯壯超會跑！"
          },
          {
            "content_id": "VOD00346174",
            "time_codes": [
              850000,
              1649000,
              2080000,
              2470000
            ],
            "timecode_duration": [],
            "length": 2700000,
            "asset_id": "vod43670-000280M001",
            "title": "",
            "subtitle": "第280集 姆士探班 金門令人難忘那一位味",
            "ep_number": 280,
            "rating": 1,
            "content_type": "show",
            "p_start": 1762383000000,
            "vod_channel_description": "姆士探班這位-讓金門高梁名響國際，製酒最後的關鍵人物『勾調師』，這是個什麼樣的職業？他的工作內容又是什麼？是不是跟廚師一樣有著絕對味蕾？隱藏版金門味，豬油爆香不能少，手路菜「蚵乾飯」黯然銷魂好滋味！老詹挑戰金門牛料理新境界，「日式生拌牛肉生牛肉」探訪老友大吃一驚！"
          },
          {
            "content_id": "VOD00350903",
            "time_codes": [
              864000,
              1882000,
              2230000,
              2490000
            ],
            "timecode_duration": [],
            "length": 2701000,
            "asset_id": "vod43670-000281M001",
            "title": "",
            "subtitle": "第281集 跨越海峽 廈門尋老味",
            "ep_number": 281,
            "rating": 1,
            "content_type": "show",
            "p_start": 1762386000000,
            "vod_channel_description": "出走料理跨越海峽，從金門到廈門不為別的，就是去尋找廈門的經典老味道！百年老技藝網路翻紅，早期年節限定的「蛋滿灌」超爽口你可以吃幾顆？老師傅說這功夫還可以修身養性，現場讓老詹露一手，韋汝嚷著：小心別把蛋弄破！飯店招牌閩菜—生煎包、手撕螃蟹、肚包雞，開動兩人停不了口。"
          },
          {
            "content_id": "VOD00350904",
            "time_codes": [
              856000,
              1806000,
              2309000,
              2384000
            ],
            "timecode_duration": [],
            "length": 2700000,
            "asset_id": "vod43670-000282M001",
            "title": "",
            "subtitle": "第282集 平凡事但要不平凡做",
            "ep_number": 282,
            "rating": 1,
            "content_type": "show",
            "p_start": 1762389000000,
            "vod_channel_description": "愛吃木瓜朋友對台農二號不陌生，香甜日昇品種量少不多見，是怕木瓜味老饕的福音。隱藏在林內的家政媽媽個個廚藝精湛！所謂高手在民間，在地人水果入菜，老詹、茵芙品嘗木瓜大餐。清幽室外網美打卡點竟是釣蝦場！現釣現吃新鮮蝦料理上桌，還有特製蝦酥涮嘴吃不停。"
          },
          {
            "content_id": "VOD00350905",
            "time_codes": [
              874000,
              1882000,
              2232000,
              2425000
            ],
            "timecode_duration": [],
            "length": 2701000,
            "asset_id": "vod43670-000283M001",
            "title": "",
            "subtitle": "第283集 女孩當自強 各路女力來報到",
            "ep_number": 283,
            "rating": 1,
            "content_type": "show",
            "p_start": 1762392000000,
            "vod_channel_description": "女孩們務農、養殖、放牧樣樣來，跟著老詹、茵芙出走南台灣，感受他們的活力、努力所展現的台灣女力。活潑母女檔鬥嘴反應超有趣，母女連心蔡靜雯打響魚塭名號。煮魚最怕遇到什麼狀況？茵芙自爆料理小白最怕破掉和出鍋，煮魚非難事看老詹親授簡易烹飪妙招！"
          },
          {
            "content_id": "VOD00350906",
            "time_codes": [
              876000,
              1943000,
              2300000,
              2457000
            ],
            "timecode_duration": [],
            "length": 2700000,
            "asset_id": "vod43670-000284M001",
            "title": "",
            "subtitle": "第284集 創新時代 常見食材玩出新花樣",
            "ep_number": 284,
            "rating": 1,
            "content_type": "show",
            "p_start": 1762395000000,
            "vod_channel_description": "蛤蜊吐沙有撇步，螢幕前的您有試過哪些方法呢？天生愛吃的詹廚VS專業養蛤戶報你知，讓你鮮蛤輕鬆煮，滿滿上桌；小黃瓜不只是生吃，智慧溫室栽種小黃瓜開創各式新料理！張媽媽自家養的鵝好快樂？邊吃玉米邊聽音樂！一整隻鵝最好吃部位是哪裡？久煮，鵝胸不老好吃是關鍵？"
          },
          {
            "content_id": "VOD00350907",
            "time_codes": [
              675000,
              1302000,
              1791000,
              2249000
            ],
            "timecode_duration": [],
            "length": 2701000,
            "asset_id": "vod43670-000285M001",
            "title": "",
            "subtitle": "第285集 日本山形No.1 拉麵芋煮雙重滿足",
            "ep_number": 285,
            "rating": 1,
            "content_type": "show",
            "p_start": 1762398000000,
            "vod_channel_description": "出走料理又出國了，這次選擇日本拉麵聖地的山形縣據說有很重要的目的。沒錯，老詹就是為了拉麵而來，這次推薦必吃精選不同風味拉麵店，深入廚房直擊煮麵過程！顛覆想像透心涼的美味冷湯拉麵！老詹中毒的銷魂山拉，獨家製麵秘方大公開！看老闆為了口感用盡全力揉麵，每天2百碗只營業3小時？"
          },
          {
            "content_id": "VOD00350908",
            "time_codes": [
              665000,
              1356000,
              1888000,
              2345000
            ],
            "timecode_duration": [],
            "length": 2700000,
            "asset_id": "vod43670-000286M001",
            "title": "",
            "subtitle": "第286集 山形限定 專屬在地好料",
            "ep_number": 286,
            "rating": 1,
            "content_type": "show",
            "p_start": 1762401000000,
            "vod_channel_description": "日本山形限定的特別企劃來囉~CHILL單車遊讓愛吃的老詹與萱萱帶我們一同逛巷弄，挖掘其中好吃好買的好物！各式各樣美到萱萱捨不得吃的點心、水果三明治，能量絕景山寺周邊美食，核桃味噌烤丸子、水果葛粉冰棒、柿餅卷、鴨肉火鍋&板蕎麥麵套餐一次網羅。"
          },
          {
            "content_id": "VOD00350909",
            "time_codes": [
              624000,
              1229000,
              1745000,
              2270000
            ],
            "timecode_duration": [],
            "length": 2700000,
            "asset_id": "vod43670-000287M001",
            "title": "",
            "subtitle": "第287集 一多二高 山形之最大推薦",
            "ep_number": 287,
            "rating": 1,
            "content_type": "show",
            "p_start": 1762404000000,
            "vod_channel_description": "日本山形之最「一多二高」，分別指水果多、人氣最高絕世美景，及食材最高級；雪季搭纜車上山可一覽藏王冰原上冬季自然奇景！好吃、好玩、好療癒，溫泉也是來到山形不可錯過的行程之一，老詹、萱萱分別求了以溫泉湯浸出文字的神籤「湯御神籤」，究竟兩人會得到什麼樣的訊息？"
          },
          {
            "content_id": "VOD00350910",
            "time_codes": [
              971000,
              1764000,
              2143000,
              2334000
            ],
            "timecode_duration": [],
            "length": 2699000,
            "asset_id": "vod43670-000288M001",
            "title": "",
            "subtitle": "第288集 一探究竟 女巫的故鄉",
            "ep_number": 288,
            "rating": 1,
            "content_type": "show",
            "p_start": 1762407000000,
            "vod_channel_description": "基隆山裡有女巫？海邊也有女巫！究竟女巫在哪裡？回味七堵古早味礦工便當，下飯少不了這一味-醃胡瓜，又脆又鹹好口感；深入基隆山頭挖山藥，達人豪邁開採，超營養山藥饗宴滿滿一桌。八斗子海上一支釣，到底怎麼釣？魚寮加工廠新鮮小卷，鹽醃就很好吃！吃魚不用挑魚刺，四破魚餛飩把大海包進餃子裡。"
          },
          {
            "content_id": "VOD00350911",
            "time_codes": [
              982000,
              1739000,
              2096000,
              2251000
            ],
            "timecode_duration": [],
            "length": 2700000,
            "asset_id": "vod43670-000289M001",
            "title": "",
            "subtitle": "第289集 靠海吃海 海海人生",
            "ep_number": 289,
            "rating": 1,
            "content_type": "show",
            "p_start": 1762410000000,
            "vod_channel_description": "新竹風、基隆雨，其實基隆港海風也是很驚人的。靠海吃海，跟著老詹、韋汝一起回味基隆碼頭工人專屬碼頭報飯，出發！採購加菜食材，基隆姆汝報飯館開張，吮指回味炸雞翅怎麼做？老詹不藏私教你炸！不畏風雨出航海釣去，眾人暈船、韋汝喊回家，唯老詹獨醒還在船上做漁夫料理超Easy？"
          },
          {
            "content_id": "VOD00350912",
            "time_codes": [
              991000,
              1807000,
              2183000,
              2514000
            ],
            "timecode_duration": [],
            "length": 2701000,
            "asset_id": "vod43670-000290M001",
            "title": "",
            "subtitle": "第290集 放寒假啦! 來去南投「Chill」一下",
            "ep_number": 290,
            "rating": 1,
            "content_type": "show",
            "p_start": 1762413000000,
            "vod_channel_description": "出走料理深入南投山區造訪高山上的雲南幫，自產山當歸整株都能吃，老詹與茵芙首嚐酸木瓜，小小一片入口面部七孔擰成一孔，隔著螢幕都能感覺到酸~！自製醃臘肉又透又香，雲南料理無辣不歡。在地食材無菜單料理，肉質鮮甜筍殼魚、新滋味米糕，讓老詹好驚豔！考驗刀工菊花豆腐，茵芙讚嘆師傅好實力！"
          },
          {
            "content_id": "VOD00358336",
            "time_codes": [
              649000,
              1126000,
              1578000,
              2124000
            ],
            "timecode_duration": [],
            "length": 2696000,
            "asset_id": "vod43670-000291M001",
            "title": "",
            "subtitle": "第291集 秋冬瘋澎湖 詹廚出任務",
            "ep_number": 291,
            "rating": 1,
            "content_type": "show",
            "p_start": 1762416000000,
            "vod_channel_description": "注意！姆汝小隊出任務！是什麼任務讓出走料理不畏強風在這個季節踏上澎湖？受好友所託將與千歲志工團一同料理愛心共餐。老詹、韋汝找食材，見識在地農友智慧，獨特的菜宅、旱地砌石牆為擋強風！礤籤、曬乾，澎湖人主食是番薯？品嘗老宅古早味-黃金地瓜籤、雞母狗捏捏樂。雞母狗是什麼？"
          },
          {
            "content_id": "VOD00358337",
            "time_codes": [
              783000,
              1450000,
              1906000,
              2373000
            ],
            "timecode_duration": [],
            "length": 2700000,
            "asset_id": "vod43670-000292M001",
            "title": "",
            "subtitle": "第292集 探班滬之島 守護百年漁法",
            "ep_number": 292,
            "rating": 1,
            "content_type": "show",
            "p_start": 1762419000000,
            "vod_channel_description": "《姆士來探班》一起飛到澎湖找師傅看石滬？這歷經百年的傳統魚法，在當地石滬工作者維護下，先民智慧得以保存；老詹、韋汝不畏強勁的海風，體驗抱礅捕魚、參與石滬維修。訪老友現撈好滋味高檔魚加菜、全副武裝採收酸甜好味仙人掌，加上剛出爐的干貝XO醬，我們詹廚今天要端出什麼終極料理呢？"
          },
          {
            "content_id": "VOD00358338",
            "time_codes": [
              852000,
              1665000,
              2115000,
              2410000
            ],
            "timecode_duration": [],
            "length": 2702000,
            "asset_id": "vod43670-000293M001",
            "title": "",
            "subtitle": "第293集 台灣NO.1 搜救犬英雄",
            "ep_number": 293,
            "rating": 1,
            "content_type": "show",
            "p_start": 1762422000000,
            "vod_channel_description": "台灣No.1搜救犬好棒棒，聰明的狗英雄平常是如何訓練？牠們又是如何考上證照？今天老詹、茵芙換上勁裝來報到，不僅一探搜救犬日常，還要為救難夥伴們製作美味的餐點。台灣的太空包種出奇妙菇菇！想不到的、沒看過的，神秘藍寶石菇、風味獨特的玫瑰香菇，吃起來會是什麼味道呢！"
          },
          {
            "content_id": "VOD00358339",
            "time_codes": [
              817000,
              1323000,
              1812000,
              2404000
            ],
            "timecode_duration": [],
            "length": 2701000,
            "asset_id": "vod43670-000294M001",
            "title": "",
            "subtitle": "第294集 菊島三金大搜秘",
            "ep_number": 294,
            "rating": 1,
            "content_type": "show",
            "p_start": 1762425000000,
            "vod_channel_description": "人稱菊島的澎湖有三金：綠金、白金和黑金！這三金到底是啥？夏天大家喜歡到澎湖踏浪，秋冬的時候，澎湖人都在做些什麼？跟著姆汝小隊探個明白。海菜也能做出一桌營養百分百大餐，純人工採摘海菜，清洗過濾超費工。人工養殖紫菜，一年只有一個半月的產期，限量鮮採好珍貴。"
          },
          {
            "content_id": "VOD00358340",
            "time_codes": [
              824000,
              1565000,
              2150000,
              2460000
            ],
            "timecode_duration": [],
            "length": 2702000,
            "asset_id": "vod43670-000295M001",
            "title": "",
            "subtitle": "第295集 出走新任務 詹廚到你家",
            "ep_number": 295,
            "rating": 1,
            "content_type": "show",
            "p_start": 1762428000000,
            "vod_channel_description": "《詹廚到你家》第一站-南投，造訪一對實踐夢想的農家夫妻，農忙之餘品嘗簡易農村午餐，冬瓜新吃法老詹教你輕鬆做「糖漬百香果冬瓜」；青農好友來相揪，栽種百香果是又香又甜，邊玩邊工作果實採收有秘訣！照過來~~行腳趴趴走18年的老詹，第一次見到的香料-香草莢，誰說只有馬達加斯加有，台灣也有？"
          },
          {
            "content_id": "VOD00375529",
            "time_codes": [
              999000,
              1718000,
              2093000,
              2541000
            ],
            "timecode_duration": [],
            "length": 2700000,
            "asset_id": "vod43670-000321M001",
            "title": "",
            "subtitle": "第321集 許願圓夢 青銀共創不老生涯",
            "ep_number": 321,
            "rating": 1,
            "content_type": "show",
            "p_start": 1762431000000,
            "vod_channel_description": "出走料理來到高雄出任務，要為開創人生事業第二春的「高年級生」圓夢！什麼樣的早餐，也能吃出元首級的奢華？讓老詹、韋汝帶你一同品嘗！想知道最新鮮的海鮮怎麼挑、怎麼煮嗎？直衝漁港，看「活跳跳」的海產上岸，偷師漁人的「不藏私」手藝，揭開「討海人吃海鮮」的獨門吃法，保證讓你驚呼連連。"
          },
          {
            "content_id": "VOD00375530",
            "time_codes": [
              842000,
              1762000,
              2285000,
              2568000
            ],
            "timecode_duration": [],
            "length": 2699000,
            "asset_id": "vod43670-000322M001",
            "title": "",
            "subtitle": "第322集 一日探班 飛簷走壁女蜘蛛人",
            "ep_number": 322,
            "rating": 1,
            "content_type": "show",
            "p_start": 1762434000000,
            "vod_channel_description": "出走料理深入台中，探訪一群飛簷走壁的「女蜘蛛人」。她們不畏懼高空作業的極限恐懼，在城市中展開驚險刺激的作業。為了慰勞辛苦的女英雄，老詹特別準備了伴手禮—外埔淡雅清香的百合花，更見識到客製化彩色百合的奇妙技術。拜訪在地老友「清水豬肉王」，一探高科技豬舍裡黑豬「爽爽住」的秘密。"
          },
          {
            "content_id": "VOD00375531",
            "time_codes": [
              709000,
              1424000,
              2172000,
              2536000
            ],
            "timecode_duration": [],
            "length": 2701000,
            "asset_id": "vod43670-000323M001",
            "title": "",
            "subtitle": "第323集 大台中食材新知識",
            "ep_number": 323,
            "rating": 1,
            "content_type": "show",
            "p_start": 1762437000000,
            "vod_channel_description": "出走料理挑戰觀眾感官極限，冒險闖入傳聞中「生人勿近」的神秘果園！究竟是什麼樣的獨門心法，能讓平地種出比高山更香甜多汁的極品水蜜桃？獨家揭開這場蔬果界的煉金術。深入養雞大王的「秘密基地」，揭露堅守多年的「換肉率」黑科技，究竟是什麼不外傳的祕辛，讓雞隻從雞舍到餐桌，換肉效率遠超同業？"
          },
          {
            "content_id": "VOD00375532",
            "time_codes": [
              600000,
              1200000,
              1800000,
              2400000
            ],
            "timecode_duration": [],
            "length": 2700000,
            "asset_id": "vod43670-000324M001",
            "title": "",
            "subtitle": "第324集 熱血探班 猛男辣妹消防英雄",
            "ep_number": 324,
            "rating": 1,
            "content_type": "show",
            "p_start": 1762440000000,
            "vod_channel_description": "買鹿茸就可以吃免錢的澎派農家菜究竟有多美味？竟然讓詹姆士和韋汝看了都驚艷，吃了之連連大呼「好吃」！  多種品項的荔枝，風味雖然都不同，卻都令人垂涎三尺！超誇張的龍蝦、螃蟹，讓人吃到吮手指的豪氣海鮮要在哪裡買？ 詹姆士和韋汝化身消防小幫手，熱血探班一群擁有絕佳身材的猛男辣妹消防英雄！"
          },
          {
            "content_id": "VOD00375533",
            "time_codes": [
              799000,
              1830000,
              2228000,
              2558000
            ],
            "timecode_duration": [],
            "length": 2700000,
            "asset_id": "vod43670-000325M001",
            "title": "",
            "subtitle": "第325集 探訪傳統技藝 舞獅真功夫",
            "ep_number": 325,
            "rating": 1,
            "content_type": "show",
            "p_start": 1762443000000,
            "vod_channel_description": "日式手工蛋捲餅又香又脆，而老闆勵志的人生故事也讓詹姆士感動不已！而有故事還有這一味：基隆豆干包，為了讓早年辛苦工作的碼頭工人吃得飽，所以在豆干包裡面包了滿滿的肉和滿滿的愛心。更令人驚豔的是絲綢乳酪，乳酪像絲綢，光聽名字就想吃！"
          },
          {
            "content_id": "VOD00375534",
            "time_codes": [
              903000,
              1958000,
              2309000,
              2579000
            ],
            "timecode_duration": [],
            "length": 2700000,
            "asset_id": "vod43670-000326M001",
            "title": "",
            "subtitle": "第326集 食材的第二生命 煙燻釀的歲月味",
            "ep_number": 326,
            "rating": 1,
            "content_type": "show",
            "p_start": 1762446000000,
            "vod_channel_description": "醃燻釀的歲月味，既好吃又令人無限回味！你知道什麼是台版的「瑞典地獄罐頭」嗎？！怎麼做可以讓它從「地獄味」變成好吃的「天堂味」？你喝過地瓜、香菜、苦瓜釀成的酒嗎？傳統食材大翻身，煙燻臘肉和鱸魚通通好吃！如何讓盛產的食材不掉價，延長保存期限，增加食材的附加價值，讓詹姆士告訴你！"
          },
          {
            "content_id": "VOD00375535",
            "time_codes": [
              837000,
              1441000,
              1936000,
              2444000
            ],
            "timecode_duration": [],
            "length": 2699000,
            "asset_id": "vod43670-000327M001",
            "title": "",
            "subtitle": "第327集 探班模板工地 無名英雄築高樓",
            "ep_number": 327,
            "rating": 1,
            "content_type": "show",
            "p_start": 1762449000000,
            "vod_channel_description": "這麼厲害的剉冰你有吃過嗎？剉冰放冰箱冷凍庫3個月竟然不結塊！製冰廠的神奇黑糖剉冰，讓你在家想吃隨時都可以吃得到。韋汝化身板模工新人，初上工糗事連篇，還要師傅出馬收尾。忠貞市場的東南亞食材多元又美味，吃一口恍如置身國外，越南、印尼、泰國美食通通都道地。"
          },
          {
            "content_id": "VOD00375536",
            "time_codes": [
              1068000,
              1842000,
              2268000,
              2565000
            ],
            "timecode_duration": [],
            "length": 2700000,
            "asset_id": "vod43670-000328M001",
            "title": "",
            "subtitle": "第328集 從零開始！自己餐桌自己做",
            "ep_number": 328,
            "rating": 1,
            "content_type": "show",
            "p_start": 1762452000000,
            "vod_channel_description": "經過時間淬鍊的陳年老醋，到底蘊含著多少的人生故事？！而加入新鮮甜美光彩亮麗的水果之後，不僅可以為厚重的人生故事增加流行時尚的味道，還可以吸引更多年輕人來品嘗？！喝茶，大家都會，但自己動手做茶，做出一包專屬於自己的獨特茶葉，更能體現自己與他人的不同！！"
          },
          {
            "content_id": "VOD00375537",
            "time_codes": [
              683000,
              1573000,
              2093000,
              2547000
            ],
            "timecode_duration": [],
            "length": 2700000,
            "asset_id": "vod43670-000329M001",
            "title": "",
            "subtitle": "第329集 探班工藝大師 銅鑼製造師",
            "ep_number": 329,
            "rating": 1,
            "content_type": "show",
            "p_start": 1762455000000,
            "vod_channel_description": "很多人不知道台灣的手工銅鑼外銷至世界各地，就連在喜馬拉雅山上也可以聽到台灣銅鑼的聲音喔！《詹姆士出走料理》探班純手工的傳統銅鑼製造師，讓更多的觀眾可以感受「台灣好聲音」的魅力！一提到蓮花，大多數人第一個想到就是台南白河，但沒想到吧，宜蘭也有產蓮花？"
          },
          {
            "content_id": "VOD00375538",
            "time_codes": [
              956000,
              1963000,
              2351000,
              2601000
            ],
            "timecode_duration": [],
            "length": 2700000,
            "asset_id": "vod43670-000330M001",
            "title": "",
            "subtitle": "第330集 農夫烏托邦 斜槓人生超級忙",
            "ep_number": 330,
            "rating": 1,
            "content_type": "show",
            "p_start": 1762458000000,
            "vod_channel_description": "一提起 「金三角」，大多數的人想到的是緬甸、泰國、寮國的交界處；但是你知道嗎？宜蘭也有個「金三角」交界處的水稻田中還可以划船喔！宜蘭的好水質，栽種出了許多味美的農產品，厲害的達人也研究出許多特別的栽種方法， 「上種玉米下種長豆」，「玉米長豆共生法」結出來的果實就是不一樣！"
          }
        ],
        "total_length": 259211000,
        "focus_index": 23,
        "next_index": 24,
        "time": 2507725,
        "focus_program": {
          "content_id": "VOD00310976",
          "time_codes": [
            1154000,
            1825000,
            2315000,
            2484000
          ],
          "timecode_duration": [],
          "length": 2700000,
          "asset_id": "vod43670-000233M001",
          "title": "",
          "subtitle": "第233集 一日東亞 新北異國風街道",
          "ep_number": 233,
          "rating": 1,
          "content_type": "show",
          "p_start": 1762242000000,
          "vod_channel_description": "外景行腳趴趴走十數年，老詹不知中和有條緬甸街？人氣早餐店品嘗道地南洋美食，竟被在地友人點出餐桌上的雷點，到底是什麼食物？巷弄小攤自製神級拌飯好物，老詹、茵芙試吃超驚呼，購物模式超展開。緬式風味甜食糕點、南洋風味香料、油辣辣緬甸咖哩，短短的市集竟讓人彷彿置身異國錯覺！"
        }
      },
      "station_categories": [
        {
          "Name": "綜藝",
          "EngName": "Entertainment",
          "MenuOrder": 8
        }
      ]
    },
    "introduction": {
      "image": "https://p-cdnstatic.svc.litv.tv/pics/vod_channel/logo_3566_ofiii236_mobile_20241211.png",
      "description": "",
      "href_maps": []
    },
    "recommends": [],
    "ua": "Mozilla/5.0 (Windows NT 10.0; Win64; x64) AppleWebKit/537.36 (KHTML, like Gecko) Chrome/91.0.4472.124 Safari/537.36"
  },
  "__N_SSP": true
}