{
  "pageProps": {
    "contentId": "ofiii207",
    "channel": {
      "title": "少康戰情室",
      "no": 207,
      "charge_mode": "F",
      "content_id": "ofiii207",
      "content_type": "vod-channel",
      "epg_categories": [
        5
      ],
      "genres": [
        {
          "id": "",
          "name": "VOD_CHANNEL",
          "logo": ""
        }
      ],
      "liad_id": "VODCHNEWOFIWEB",
      "package_info_id": "VOD_CHANNEL_DELUX",
      "picture": "pics/vod_channel/logo_3520_ofiii207_tv_20250221.png",
      "provider": [
        {
          "id": "",
          "name": "TVBS 純拆",
          "logo": ""
        }
      ],
      "quality": "HD",
      "station_id": "station6454",
      "trial": "",
      "selectable": 1,
      "tr_logo": "",
      "tl_logo": "",
      "br_logo": "",
      "bl_logo": "",
      "menu_type": 0,
      "vod_channel_schedule": {
        "channel_id": 207,
        "cdn_code": "ofiii207",
        "start_time": 1762150800000,
        "programs": [
          {
            "content_id": "VOD00378617",
            "time_codes": [
              806000,
              1754000,
              2337000,
              3129000,
              3757000,
              4442000,
              5278000
            ],
            "timecode_duration": [],
            "length": 5787000,
            "asset_id": "vod64269-000819M001",
            "title": "",
            "subtitle": "阿富汗、巴基斯坦邊境交火 傳數百死傷引爆地緣政治火藥庫？趙少康：8頻道、151部影片介入攻擊 國民黨被介選數據曝光？",
            "ep_number": 819,
            "rating": 1,
            "content_type": "show",
            "p_start": 1762150800000,
            "vod_channel_description": "聽新聞關鍵人物，說每日最新關鍵事。獨到的趙少康式觀點，直搗政治時事核心！"
          },
          {
            "content_id": "VOD00378618",
            "time_codes": [
              728000,
              1452000,
              2231000,
              3144000,
              3893000,
              4548000,
              5099000
            ],
            "timecode_duration": [],
            "length": 5792000,
            "asset_id": "vod64269-000820M001",
            "title": "",
            "subtitle": "拜登發文大讚川普：為和平努力 加薩終停火連政敵都稱讚？韓智庫批國軍武器老舊草莓兵 顧立雄稱會採購新式裝備避重就輕？",
            "ep_number": 820,
            "rating": 1,
            "content_type": "show",
            "p_start": 1762156800000,
            "vod_channel_description": "聽新聞關鍵人物，說每日最新關鍵事。獨到的趙少康式觀點，直搗政治時事核心！"
          },
          {
            "content_id": "VOD00379876",
            "time_codes": [
              812000,
              1595000,
              2146000,
              2946000,
              3584000,
              4414000,
              4996000
            ],
            "timecode_duration": [],
            "length": 5778000,
            "asset_id": "vod64269-000821M001",
            "title": "",
            "subtitle": "川普因加薩協議登「時代」封面 沒拍到頭髮川普氣到半夜怒飆？網酸：又不是皇帝出巡 高雄男拍總統車隊挨罵「違法」犯眾怒？",
            "ep_number": 821,
            "rating": 1,
            "content_type": "show",
            "p_start": 1762162800000,
            "vod_channel_description": "聽新聞關鍵人物，說每日最新關鍵事。獨到的趙少康式觀點，直搗政治時事核心！"
          },
          {
            "content_id": "VOD00379877",
            "time_codes": [
              817000,
              1407000,
              2319000,
              3258000,
              3766000,
              4655000,
              5295000
            ],
            "timecode_duration": [],
            "length": 5788000,
            "asset_id": "vod64269-000822M001",
            "title": "",
            "subtitle": "美財長：尋求更廣泛國際支持 G7擬攜手應對稀土戰開打全球震盪？新壽T17、T18突動土 稱是「內部活動」未邀外賓耐人尋味？",
            "ep_number": 822,
            "rating": 1,
            "content_type": "show",
            "p_start": 1762168800000,
            "vod_channel_description": "聽新聞關鍵人物，說每日最新關鍵事。獨到的趙少康式觀點，直搗政治時事核心！"
          },
          {
            "content_id": "VOD00379878",
            "time_codes": [
              892000,
              1576000,
              2227000,
              2941000,
              3664000,
              4363000,
              5143000
            ],
            "timecode_duration": [],
            "length": 5777000,
            "asset_id": "vod64269-000823M001",
            "title": "",
            "subtitle": "郝龍斌全民調大贏破10% 黨員民調被鄭麗文逆襲還有懸念？鄭麗文:國民黨永遠民意為依歸 駁當選是黨意凌駕民意？",
            "ep_number": 823,
            "rating": 1,
            "content_type": "show",
            "p_start": 1762174800000,
            "vod_channel_description": "聽新聞關鍵人物，說每日最新關鍵事。獨到的趙少康式觀點，直搗政治時事核心！"
          },
          {
            "content_id": "VOD00379879",
            "time_codes": [
              755000,
              1497000,
              2226000,
              2994000,
              3724000,
              4428000,
              5194000
            ],
            "timecode_duration": [],
            "length": 5791000,
            "asset_id": "vod64269-000824M001",
            "title": "",
            "subtitle": "國民黨主席兩強激戰 鄭麗文擊敗郝龍斌勝出完成世代交替？黃國昌:盼藍白持續深化交流 賀鄭麗文當選藍黨魁牽動？",
            "ep_number": 824,
            "rating": 1,
            "content_type": "show",
            "p_start": 1762180800000,
            "vod_channel_description": "聽新聞關鍵人物，說每日最新關鍵事。獨到的趙少康式觀點，直搗政治時事核心！"
          },
          {
            "content_id": "VOD00379880",
            "time_codes": [
              791000,
              1479000,
              2372000,
              2942000,
              3749000,
              4485000,
              5159000
            ],
            "timecode_duration": [],
            "length": 5786000,
            "asset_id": "vod64269-000825M001",
            "title": "",
            "subtitle": "習近平:期望兩黨堅持共同政治基礎 電賀鄭麗文當選再提九二共識？國民黨正處百年歷史十字路口 鄭麗文崛起成藍煥發新生命指望？",
            "ep_number": 825,
            "rating": 1,
            "content_type": "show",
            "p_start": 1762186800000,
            "vod_channel_description": "聽新聞關鍵人物，說每日最新關鍵事。獨到的趙少康式觀點，直搗政治時事核心！"
          },
          {
            "content_id": "VOD00379881",
            "time_codes": [
              796000,
              1675000,
              2340000,
              2968000,
              3638000,
              4487000,
              5311000
            ],
            "timecode_duration": [],
            "length": 5792000,
            "asset_id": "vod64269-000826M001",
            "title": "",
            "subtitle": "川普關稅促晶片回流美國 黃仁勳稱「台積電做到」只是剛開始？海鯤號交艦違約每天罰台船19萬 蔡英文、黃曙光丟爛攤子？",
            "ep_number": 826,
            "rating": 1,
            "content_type": "show",
            "p_start": 1762192800000,
            "vod_channel_description": "聽新聞關鍵人物，說每日最新關鍵事。獨到的趙少康式觀點，直搗政治時事核心！"
          },
          {
            "content_id": "VOD00379882",
            "time_codes": [
              791000,
              1575000,
              2316000,
              2979000,
              3705000,
              4827000,
              5338000
            ],
            "timecode_duration": [],
            "length": 5784000,
            "asset_id": "vod64269-000827M001",
            "title": "",
            "subtitle": "川普：台灣是中國「眼中的蘋果」深知北京核心利益的底線？男星涉閃兵案第3波 拘提修杰楷等4人、坤達出國警撲空？",
            "ep_number": 827,
            "rating": 1,
            "content_type": "show",
            "p_start": 1762198800000,
            "vod_channel_description": "聽新聞關鍵人物，說每日最新關鍵事。獨到的趙少康式觀點，直搗政治時事核心！"
          },
          {
            "content_id": "VOD00379883",
            "time_codes": [
              780000,
              1479000,
              2253000,
              3022000,
              3735000,
              4542000,
              5115000
            ],
            "timecode_duration": [],
            "length": 5776000,
            "asset_id": "vod64269-000828M001",
            "title": "",
            "subtitle": "陸外交部：如何解決是大陸的事 川習會談台灣議題先給下馬威？林佳龍：對川習會有沙盤推演 台灣是習近平眼中的蘋果我為魚肉？",
            "ep_number": 828,
            "rating": 1,
            "content_type": "show",
            "p_start": 1762204800000,
            "vod_channel_description": "聽新聞關鍵人物，說每日最新關鍵事。獨到的趙少康式觀點，直搗政治時事核心！"
          }
        ],
        "total_length": 57851000,
        "focus_index": 4,
        "next_index": 5,
        "time": 5747323,
        "focus_program": {
          "content_id": "VOD00379878",
          "time_codes": [
            892000,
            1576000,
            2227000,
            2941000,
            3664000,
            4363000,
            5143000
          ],
          "timecode_duration": [],
          "length": 5777000,
          "asset_id": "vod64269-000823M001",
          "title": "",
          "subtitle": "郝龍斌全民調大贏破10% 黨員民調被鄭麗文逆襲還有懸念？鄭麗文:國民黨永遠民意為依歸 駁當選是黨意凌駕民意？",
          "ep_number": 823,
          "rating": 1,
          "content_type": "show",
          "p_start": 1762174800000,
          "vod_channel_description": "聽新聞關鍵人物，說每日最新關鍵事。獨到的趙少康式觀點，直搗政治時事核心！"
        }
      },
      "station_categories": [
        {
          "Name": "新聞‧財經",
          "EngName": "News & Finance",
          "MenuOrder": 3
        }
      ]
    },
    "introduction": {
      "image": "https://p-cdnstatic.svc.litv.tv/pics/vod_channel/logo_3520_ofiii207_mobile_20241104.png",
      "description": "",
      "href_maps": []
    },
    "recommends": [],
    "ua": "Mozilla/5.0 (Windows NT 10.0; Win64; x64) AppleWebKit/537.36 (KHTML, like Gecko) Chrome/91.0.4472.124 Safari/537.36"
  },
  "__N_SSP": true
}