{
  "pageProps": {
    "contentId": "ofiii103",
    "channel": {
      "title": "三國",
      "no": 103,
      "charge_mode": "F",
      "content_id": "ofiii103",
      "content_type": "vod-channel",
      "epg_categories": [
        4
      ],
      "genres": [
        {
          "id": "",
          "name": "VOD_CHANNEL",
          "logo": ""
        }
      ],
      "liad_id": "VODCHNEWOFIWEB",
      "package_info_id": "VOD_CHANNEL_DELUX",
      "picture": "pics/vod_channel/logo_3383_ofiii103_tv_20250221.png",
      "provider": [
        {
          "id": "",
          "name": "龍華",
          "logo": ""
        }
      ],
      "quality": "HD",
      "station_id": "station6317",
      "trial": "",
      "selectable": 1,
      "tr_logo": "pics/vod_channel/tr_logo_1719370492.png",
      "tl_logo": "",
      "br_logo": "",
      "bl_logo": "",
      "menu_type": 1,
      "vod_channel_schedule": {
        "channel_id": 103,
        "cdn_code": "ofiii103",
        "start_time": 1761987624000,
        "programs": [
          {
            "content_id": "VOD00029040",
            "time_codes": [
              814000,
              1450000,
              2191000
            ],
            "timecode_duration": [],
            "length": 2751000,
            "asset_id": "vod9441-000001M001",
            "title": "",
            "subtitle": "第1集",
            "ep_number": 1,
            "rating": 1,
            "content_type": "drama",
            "p_start": 1739934600000,
            "vod_channel_description": "距今一千八百多年前，漢帝國衰敗積重難返，長安城內董卓荒淫無度、濫殺無辜，引起舉國義憤，而以曹操為首殲滅董卓，造就了群雄割據，至赤壁之戰後三國鼎立，再到司馬氏篡魏，天下歸晉為止，這個英雄輩出、波瀾壯闊的大傳奇時代終於結束。而其中的英雄人物和動人故事，仍被傳頌至今。"
          },
          {
            "content_id": "VOD00029041",
            "time_codes": [
              788000,
              1509000,
              2125000
            ],
            "timecode_duration": [],
            "length": 2779000,
            "asset_id": "vod9441-000002M001",
            "title": "",
            "subtitle": "第2集",
            "ep_number": 2,
            "rating": 1,
            "content_type": "drama",
            "p_start": 1739937600000,
            "vod_channel_description": "距今一千八百多年前，漢帝國衰敗積重難返，長安城內董卓荒淫無度、濫殺無辜，引起舉國義憤，而以曹操為首殲滅董卓，造就了群雄割據，至赤壁之戰後三國鼎立，再到司馬氏篡魏，天下歸晉為止，這個英雄輩出、波瀾壯闊的大傳奇時代終於結束。而其中的英雄人物和動人故事，仍被傳頌至今。"
          },
          {
            "content_id": "VOD00029165",
            "time_codes": [
              740000,
              1412000,
              2203000
            ],
            "timecode_duration": [],
            "length": 2742000,
            "asset_id": "vod9441-000003M001",
            "title": "",
            "subtitle": "第3集",
            "ep_number": 3,
            "rating": 1,
            "content_type": "drama",
            "p_start": 1739940600000,
            "vod_channel_description": "距今一千八百多年前，漢帝國衰敗積重難返，長安城內董卓荒淫無度、濫殺無辜，引起舉國義憤，而以曹操為首殲滅董卓，造就了群雄割據，至赤壁之戰後三國鼎立，再到司馬氏篡魏，天下歸晉為止，這個英雄輩出、波瀾壯闊的大傳奇時代終於結束。而其中的英雄人物和動人故事，仍被傳頌至今。"
          },
          {
            "content_id": "VOD00029166",
            "time_codes": [
              751000,
              1515000,
              2168000
            ],
            "timecode_duration": [],
            "length": 2756000,
            "asset_id": "vod9441-000004M001",
            "title": "",
            "subtitle": "第4集",
            "ep_number": 4,
            "rating": 1,
            "content_type": "drama",
            "p_start": 1739943600000,
            "vod_channel_description": "距今一千八百多年前，漢帝國衰敗積重難返，長安城內董卓荒淫無度、濫殺無辜，引起舉國義憤，而以曹操為首殲滅董卓，造就了群雄割據，至赤壁之戰後三國鼎立，再到司馬氏篡魏，天下歸晉為止，這個英雄輩出、波瀾壯闊的大傳奇時代終於結束。而其中的英雄人物和動人故事，仍被傳頌至今。"
          },
          {
            "content_id": "VOD00029167",
            "time_codes": [
              796000,
              1439000,
              2104000
            ],
            "timecode_duration": [],
            "length": 2784000,
            "asset_id": "vod9441-000005M001",
            "title": "",
            "subtitle": "第5集",
            "ep_number": 5,
            "rating": 1,
            "content_type": "drama",
            "p_start": 1739946600000,
            "vod_channel_description": "距今一千八百多年前，漢帝國衰敗積重難返，長安城內董卓荒淫無度、濫殺無辜，引起舉國義憤，而以曹操為首殲滅董卓，造就了群雄割據，至赤壁之戰後三國鼎立，再到司馬氏篡魏，天下歸晉為止，這個英雄輩出、波瀾壯闊的大傳奇時代終於結束。而其中的英雄人物和動人故事，仍被傳頌至今。"
          },
          {
            "content_id": "VOD00029168",
            "time_codes": [
              686000,
              1443000,
              2185000
            ],
            "timecode_duration": [],
            "length": 2756000,
            "asset_id": "vod9441-000006M001",
            "title": "",
            "subtitle": "第6集",
            "ep_number": 6,
            "rating": 1,
            "content_type": "drama",
            "p_start": 1739949600000,
            "vod_channel_description": "距今一千八百多年前，漢帝國衰敗積重難返，長安城內董卓荒淫無度、濫殺無辜，引起舉國義憤，而以曹操為首殲滅董卓，造就了群雄割據，至赤壁之戰後三國鼎立，再到司馬氏篡魏，天下歸晉為止，這個英雄輩出、波瀾壯闊的大傳奇時代終於結束。而其中的英雄人物和動人故事，仍被傳頌至今。"
          },
          {
            "content_id": "VOD00029169",
            "time_codes": [
              786000,
              1537000,
              2258000
            ],
            "timecode_duration": [],
            "length": 2753000,
            "asset_id": "vod9441-000007M001",
            "title": "",
            "subtitle": "第7集",
            "ep_number": 7,
            "rating": 1,
            "content_type": "drama",
            "p_start": 1739952600000,
            "vod_channel_description": "距今一千八百多年前，漢帝國衰敗積重難返，長安城內董卓荒淫無度、濫殺無辜，引起舉國義憤，而以曹操為首殲滅董卓，造就了群雄割據，至赤壁之戰後三國鼎立，再到司馬氏篡魏，天下歸晉為止，這個英雄輩出、波瀾壯闊的大傳奇時代終於結束。而其中的英雄人物和動人故事，仍被傳頌至今。"
          },
          {
            "content_id": "VOD00029170",
            "time_codes": [
              802000,
              1406000,
              2180000
            ],
            "timecode_duration": [],
            "length": 2785000,
            "asset_id": "vod9441-000008M001",
            "title": "",
            "subtitle": "第8集",
            "ep_number": 8,
            "rating": 1,
            "content_type": "drama",
            "p_start": 1739955600000,
            "vod_channel_description": "距今一千八百多年前，漢帝國衰敗積重難返，長安城內董卓荒淫無度、濫殺無辜，引起舉國義憤，而以曹操為首殲滅董卓，造就了群雄割據，至赤壁之戰後三國鼎立，再到司馬氏篡魏，天下歸晉為止，這個英雄輩出、波瀾壯闊的大傳奇時代終於結束。而其中的英雄人物和動人故事，仍被傳頌至今。"
          },
          {
            "content_id": "VOD00029171",
            "time_codes": [
              775000,
              1531000,
              2187000
            ],
            "timecode_duration": [],
            "length": 2769000,
            "asset_id": "vod9441-000009M001",
            "title": "",
            "subtitle": "第9集",
            "ep_number": 9,
            "rating": 1,
            "content_type": "drama",
            "p_start": 1739958600000,
            "vod_channel_description": "距今一千八百多年前，漢帝國衰敗積重難返，長安城內董卓荒淫無度、濫殺無辜，引起舉國義憤，而以曹操為首殲滅董卓，造就了群雄割據，至赤壁之戰後三國鼎立，再到司馬氏篡魏，天下歸晉為止，這個英雄輩出、波瀾壯闊的大傳奇時代終於結束。而其中的英雄人物和動人故事，仍被傳頌至今。"
          },
          {
            "content_id": "VOD00029172",
            "time_codes": [
              754000,
              1477000,
              2234000
            ],
            "timecode_duration": [],
            "length": 2741000,
            "asset_id": "vod9441-000010M001",
            "title": "",
            "subtitle": "第10集",
            "ep_number": 10,
            "rating": 1,
            "content_type": "drama",
            "p_start": 1739961600000,
            "vod_channel_description": "距今一千八百多年前，漢帝國衰敗積重難返，長安城內董卓荒淫無度、濫殺無辜，引起舉國義憤，而以曹操為首殲滅董卓，造就了群雄割據，至赤壁之戰後三國鼎立，再到司馬氏篡魏，天下歸晉為止，這個英雄輩出、波瀾壯闊的大傳奇時代終於結束。而其中的英雄人物和動人故事，仍被傳頌至今。"
          },
          {
            "content_id": "VOD00029173",
            "time_codes": [
              700000,
              1432000,
              2163000
            ],
            "timecode_duration": [],
            "length": 2785000,
            "asset_id": "vod9441-000011M001",
            "title": "",
            "subtitle": "第11集",
            "ep_number": 11,
            "rating": 1,
            "content_type": "drama",
            "p_start": 1739964600000,
            "vod_channel_description": "距今一千八百多年前，漢帝國衰敗積重難返，長安城內董卓荒淫無度、濫殺無辜，引起舉國義憤，而以曹操為首殲滅董卓，造就了群雄割據，至赤壁之戰後三國鼎立，再到司馬氏篡魏，天下歸晉為止，這個英雄輩出、波瀾壯闊的大傳奇時代終於結束。而其中的英雄人物和動人故事，仍被傳頌至今。"
          },
          {
            "content_id": "VOD00029174",
            "time_codes": [
              715000,
              1435000,
              2268000
            ],
            "timecode_duration": [],
            "length": 2763000,
            "asset_id": "vod9441-000012M001",
            "title": "",
            "subtitle": "第12集",
            "ep_number": 12,
            "rating": 1,
            "content_type": "drama",
            "p_start": 1739967600000,
            "vod_channel_description": "距今一千八百多年前，漢帝國衰敗積重難返，長安城內董卓荒淫無度、濫殺無辜，引起舉國義憤，而以曹操為首殲滅董卓，造就了群雄割據，至赤壁之戰後三國鼎立，再到司馬氏篡魏，天下歸晉為止，這個英雄輩出、波瀾壯闊的大傳奇時代終於結束。而其中的英雄人物和動人故事，仍被傳頌至今。"
          },
          {
            "content_id": "VOD00029175",
            "time_codes": [
              699000,
              1520000,
              2258000
            ],
            "timecode_duration": [],
            "length": 2746000,
            "asset_id": "vod9441-000013M001",
            "title": "",
            "subtitle": "第13集",
            "ep_number": 13,
            "rating": 1,
            "content_type": "drama",
            "p_start": 1739970600000,
            "vod_channel_description": "距今一千八百多年前，漢帝國衰敗積重難返，長安城內董卓荒淫無度、濫殺無辜，引起舉國義憤，而以曹操為首殲滅董卓，造就了群雄割據，至赤壁之戰後三國鼎立，再到司馬氏篡魏，天下歸晉為止，這個英雄輩出、波瀾壯闊的大傳奇時代終於結束。而其中的英雄人物和動人故事，仍被傳頌至今。"
          },
          {
            "content_id": "VOD00029176",
            "time_codes": [
              804000,
              1492000,
              2209000
            ],
            "timecode_duration": [],
            "length": 2782000,
            "asset_id": "vod9441-000014M001",
            "title": "",
            "subtitle": "第14集",
            "ep_number": 14,
            "rating": 1,
            "content_type": "drama",
            "p_start": 1739973600000,
            "vod_channel_description": "距今一千八百多年前，漢帝國衰敗積重難返，長安城內董卓荒淫無度、濫殺無辜，引起舉國義憤，而以曹操為首殲滅董卓，造就了群雄割據，至赤壁之戰後三國鼎立，再到司馬氏篡魏，天下歸晉為止，這個英雄輩出、波瀾壯闊的大傳奇時代終於結束。而其中的英雄人物和動人故事，仍被傳頌至今。"
          },
          {
            "content_id": "VOD00029177",
            "time_codes": [
              763000,
              1542000,
              2265000
            ],
            "timecode_duration": [],
            "length": 2756000,
            "asset_id": "vod9441-000015M001",
            "title": "",
            "subtitle": "第15集",
            "ep_number": 15,
            "rating": 1,
            "content_type": "drama",
            "p_start": 1739976600000,
            "vod_channel_description": "距今一千八百多年前，漢帝國衰敗積重難返，長安城內董卓荒淫無度、濫殺無辜，引起舉國義憤，而以曹操為首殲滅董卓，造就了群雄割據，至赤壁之戰後三國鼎立，再到司馬氏篡魏，天下歸晉為止，這個英雄輩出、波瀾壯闊的大傳奇時代終於結束。而其中的英雄人物和動人故事，仍被傳頌至今。"
          },
          {
            "content_id": "VOD00029180",
            "time_codes": [
              751000,
              1515000,
              2124000
            ],
            "timecode_duration": [],
            "length": 2761000,
            "asset_id": "vod9441-000016M001",
            "title": "",
            "subtitle": "第16集",
            "ep_number": 16,
            "rating": 1,
            "content_type": "drama",
            "p_start": 1739979600000,
            "vod_channel_description": "距今一千八百多年前，漢帝國衰敗積重難返，長安城內董卓荒淫無度、濫殺無辜，引起舉國義憤，而以曹操為首殲滅董卓，造就了群雄割據，至赤壁之戰後三國鼎立，再到司馬氏篡魏，天下歸晉為止，這個英雄輩出、波瀾壯闊的大傳奇時代終於結束。而其中的英雄人物和動人故事，仍被傳頌至今。"
          },
          {
            "content_id": "VOD00029181",
            "time_codes": [
              732000,
              1465000,
              2230000
            ],
            "timecode_duration": [],
            "length": 2744000,
            "asset_id": "vod9441-000017M001",
            "title": "",
            "subtitle": "第17集",
            "ep_number": 17,
            "rating": 1,
            "content_type": "drama",
            "p_start": 1739982600000,
            "vod_channel_description": "距今一千八百多年前，漢帝國衰敗積重難返，長安城內董卓荒淫無度、濫殺無辜，引起舉國義憤，而以曹操為首殲滅董卓，造就了群雄割據，至赤壁之戰後三國鼎立，再到司馬氏篡魏，天下歸晉為止，這個英雄輩出、波瀾壯闊的大傳奇時代終於結束。而其中的英雄人物和動人故事，仍被傳頌至今。"
          },
          {
            "content_id": "VOD00029182",
            "time_codes": [
              750000,
              1457000,
              2135000
            ],
            "timecode_duration": [],
            "length": 2779000,
            "asset_id": "vod9441-000018M001",
            "title": "",
            "subtitle": "第18集",
            "ep_number": 18,
            "rating": 1,
            "content_type": "drama",
            "p_start": 1739985600000,
            "vod_channel_description": "距今一千八百多年前，漢帝國衰敗積重難返，長安城內董卓荒淫無度、濫殺無辜，引起舉國義憤，而以曹操為首殲滅董卓，造就了群雄割據，至赤壁之戰後三國鼎立，再到司馬氏篡魏，天下歸晉為止，這個英雄輩出、波瀾壯闊的大傳奇時代終於結束。而其中的英雄人物和動人故事，仍被傳頌至今。"
          },
          {
            "content_id": "VOD00029183",
            "time_codes": [
              775000,
              1526000,
              2145000
            ],
            "timecode_duration": [],
            "length": 2777000,
            "asset_id": "vod9441-000019M001",
            "title": "",
            "subtitle": "第19集",
            "ep_number": 19,
            "rating": 1,
            "content_type": "drama",
            "p_start": 1739988600000,
            "vod_channel_description": "距今一千八百多年前，漢帝國衰敗積重難返，長安城內董卓荒淫無度、濫殺無辜，引起舉國義憤，而以曹操為首殲滅董卓，造就了群雄割據，至赤壁之戰後三國鼎立，再到司馬氏篡魏，天下歸晉為止，這個英雄輩出、波瀾壯闊的大傳奇時代終於結束。而其中的英雄人物和動人故事，仍被傳頌至今。"
          },
          {
            "content_id": "VOD00029184",
            "time_codes": [
              742000,
              1385000,
              2155000
            ],
            "timecode_duration": [],
            "length": 2747000,
            "asset_id": "vod9441-000020M001",
            "title": "",
            "subtitle": "第20集",
            "ep_number": 20,
            "rating": 1,
            "content_type": "drama",
            "p_start": 1739991600000,
            "vod_channel_description": "距今一千八百多年前，漢帝國衰敗積重難返，長安城內董卓荒淫無度、濫殺無辜，引起舉國義憤，而以曹操為首殲滅董卓，造就了群雄割據，至赤壁之戰後三國鼎立，再到司馬氏篡魏，天下歸晉為止，這個英雄輩出、波瀾壯闊的大傳奇時代終於結束。而其中的英雄人物和動人故事，仍被傳頌至今。"
          },
          {
            "content_id": "VOD00029185",
            "time_codes": [
              725000,
              1448000,
              2230000
            ],
            "timecode_duration": [],
            "length": 2740000,
            "asset_id": "vod9441-000021M001",
            "title": "",
            "subtitle": "第21集",
            "ep_number": 21,
            "rating": 1,
            "content_type": "drama",
            "p_start": 1739994600000,
            "vod_channel_description": "距今一千八百多年前，漢帝國衰敗積重難返，長安城內董卓荒淫無度、濫殺無辜，引起舉國義憤，而以曹操為首殲滅董卓，造就了群雄割據，至赤壁之戰後三國鼎立，再到司馬氏篡魏，天下歸晉為止，這個英雄輩出、波瀾壯闊的大傳奇時代終於結束。而其中的英雄人物和動人故事，仍被傳頌至今。"
          },
          {
            "content_id": "VOD00029186",
            "time_codes": [
              738000,
              1385000,
              2161000
            ],
            "timecode_duration": [],
            "length": 2747000,
            "asset_id": "vod9441-000022M001",
            "title": "",
            "subtitle": "第22集",
            "ep_number": 22,
            "rating": 1,
            "content_type": "drama",
            "p_start": 1739997600000,
            "vod_channel_description": "距今一千八百多年前，漢帝國衰敗積重難返，長安城內董卓荒淫無度、濫殺無辜，引起舉國義憤，而以曹操為首殲滅董卓，造就了群雄割據，至赤壁之戰後三國鼎立，再到司馬氏篡魏，天下歸晉為止，這個英雄輩出、波瀾壯闊的大傳奇時代終於結束。而其中的英雄人物和動人故事，仍被傳頌至今。"
          },
          {
            "content_id": "VOD00029187",
            "time_codes": [
              706000,
              1398000,
              2109000
            ],
            "timecode_duration": [],
            "length": 2786000,
            "asset_id": "vod9441-000023M001",
            "title": "",
            "subtitle": "第23集",
            "ep_number": 23,
            "rating": 1,
            "content_type": "drama",
            "p_start": 1740000600000,
            "vod_channel_description": "距今一千八百多年前，漢帝國衰敗積重難返，長安城內董卓荒淫無度、濫殺無辜，引起舉國義憤，而以曹操為首殲滅董卓，造就了群雄割據，至赤壁之戰後三國鼎立，再到司馬氏篡魏，天下歸晉為止，這個英雄輩出、波瀾壯闊的大傳奇時代終於結束。而其中的英雄人物和動人故事，仍被傳頌至今。"
          },
          {
            "content_id": "VOD00029188",
            "time_codes": [
              733000,
              1537000,
              2147000
            ],
            "timecode_duration": [],
            "length": 2751000,
            "asset_id": "vod9441-000024M001",
            "title": "",
            "subtitle": "第24集",
            "ep_number": 24,
            "rating": 1,
            "content_type": "drama",
            "p_start": 1740003600000,
            "vod_channel_description": "距今一千八百多年前，漢帝國衰敗積重難返，長安城內董卓荒淫無度、濫殺無辜，引起舉國義憤，而以曹操為首殲滅董卓，造就了群雄割據，至赤壁之戰後三國鼎立，再到司馬氏篡魏，天下歸晉為止，這個英雄輩出、波瀾壯闊的大傳奇時代終於結束。而其中的英雄人物和動人故事，仍被傳頌至今。"
          },
          {
            "content_id": "VOD00029189",
            "time_codes": [
              807000,
              1449000,
              2161000
            ],
            "timecode_duration": [],
            "length": 2735000,
            "asset_id": "vod9441-000025M001",
            "title": "",
            "subtitle": "第25集",
            "ep_number": 25,
            "rating": 1,
            "content_type": "drama",
            "p_start": 1740006600000,
            "vod_channel_description": "距今一千八百多年前，漢帝國衰敗積重難返，長安城內董卓荒淫無度、濫殺無辜，引起舉國義憤，而以曹操為首殲滅董卓，造就了群雄割據，至赤壁之戰後三國鼎立，再到司馬氏篡魏，天下歸晉為止，這個英雄輩出、波瀾壯闊的大傳奇時代終於結束。而其中的英雄人物和動人故事，仍被傳頌至今。"
          },
          {
            "content_id": "VOD00029190",
            "time_codes": [
              775000,
              1426000,
              2136000
            ],
            "timecode_duration": [],
            "length": 2760000,
            "asset_id": "vod9441-000026M001",
            "title": "",
            "subtitle": "第26集",
            "ep_number": 26,
            "rating": 1,
            "content_type": "drama",
            "p_start": 1740009600000,
            "vod_channel_description": "距今一千八百多年前，漢帝國衰敗積重難返，長安城內董卓荒淫無度、濫殺無辜，引起舉國義憤，而以曹操為首殲滅董卓，造就了群雄割據，至赤壁之戰後三國鼎立，再到司馬氏篡魏，天下歸晉為止，這個英雄輩出、波瀾壯闊的大傳奇時代終於結束。而其中的英雄人物和動人故事，仍被傳頌至今。"
          },
          {
            "content_id": "VOD00029191",
            "time_codes": [
              676000,
              1408000,
              2244000
            ],
            "timecode_duration": [],
            "length": 2792000,
            "asset_id": "vod9441-000027M001",
            "title": "",
            "subtitle": "第27集",
            "ep_number": 27,
            "rating": 1,
            "content_type": "drama",
            "p_start": 1740012600000,
            "vod_channel_description": "距今一千八百多年前，漢帝國衰敗積重難返，長安城內董卓荒淫無度、濫殺無辜，引起舉國義憤，而以曹操為首殲滅董卓，造就了群雄割據，至赤壁之戰後三國鼎立，再到司馬氏篡魏，天下歸晉為止，這個英雄輩出、波瀾壯闊的大傳奇時代終於結束。而其中的英雄人物和動人故事，仍被傳頌至今。"
          },
          {
            "content_id": "VOD00029192",
            "time_codes": [
              784000,
              1539000,
              2140000
            ],
            "timecode_duration": [],
            "length": 2769000,
            "asset_id": "vod9441-000028M001",
            "title": "",
            "subtitle": "第28集",
            "ep_number": 28,
            "rating": 1,
            "content_type": "drama",
            "p_start": 1740015600000,
            "vod_channel_description": "距今一千八百多年前，漢帝國衰敗積重難返，長安城內董卓荒淫無度、濫殺無辜，引起舉國義憤，而以曹操為首殲滅董卓，造就了群雄割據，至赤壁之戰後三國鼎立，再到司馬氏篡魏，天下歸晉為止，這個英雄輩出、波瀾壯闊的大傳奇時代終於結束。而其中的英雄人物和動人故事，仍被傳頌至今。"
          },
          {
            "content_id": "VOD00029193",
            "time_codes": [
              739000,
              1522000,
              2146000
            ],
            "timecode_duration": [],
            "length": 2788000,
            "asset_id": "vod9441-000029M001",
            "title": "",
            "subtitle": "第29集",
            "ep_number": 29,
            "rating": 1,
            "content_type": "drama",
            "p_start": 1740018600000,
            "vod_channel_description": "距今一千八百多年前，漢帝國衰敗積重難返，長安城內董卓荒淫無度、濫殺無辜，引起舉國義憤，而以曹操為首殲滅董卓，造就了群雄割據，至赤壁之戰後三國鼎立，再到司馬氏篡魏，天下歸晉為止，這個英雄輩出、波瀾壯闊的大傳奇時代終於結束。而其中的英雄人物和動人故事，仍被傳頌至今。"
          },
          {
            "content_id": "VOD00029194",
            "time_codes": [
              812000,
              1464000,
              2260000
            ],
            "timecode_duration": [],
            "length": 2783000,
            "asset_id": "vod9441-000030M001",
            "title": "",
            "subtitle": "第30集",
            "ep_number": 30,
            "rating": 1,
            "content_type": "drama",
            "p_start": 1740021600000,
            "vod_channel_description": "距今一千八百多年前，漢帝國衰敗積重難返，長安城內董卓荒淫無度、濫殺無辜，引起舉國義憤，而以曹操為首殲滅董卓，造就了群雄割據，至赤壁之戰後三國鼎立，再到司馬氏篡魏，天下歸晉為止，這個英雄輩出、波瀾壯闊的大傳奇時代終於結束。而其中的英雄人物和動人故事，仍被傳頌至今。"
          },
          {
            "content_id": "VOD00029195",
            "time_codes": [
              746000,
              1439000,
              2190000
            ],
            "timecode_duration": [],
            "length": 2759000,
            "asset_id": "vod9441-000031M001",
            "title": "",
            "subtitle": "第31集",
            "ep_number": 31,
            "rating": 1,
            "content_type": "drama",
            "p_start": 1740024600000,
            "vod_channel_description": "距今一千八百多年前，漢帝國衰敗積重難返，長安城內董卓荒淫無度、濫殺無辜，引起舉國義憤，而以曹操為首殲滅董卓，造就了群雄割據，至赤壁之戰後三國鼎立，再到司馬氏篡魏，天下歸晉為止，這個英雄輩出、波瀾壯闊的大傳奇時代終於結束。而其中的英雄人物和動人故事，仍被傳頌至今。"
          },
          {
            "content_id": "VOD00029196",
            "time_codes": [
              708000,
              1492000,
              2248000
            ],
            "timecode_duration": [],
            "length": 2781000,
            "asset_id": "vod9441-000032M001",
            "title": "",
            "subtitle": "第32集",
            "ep_number": 32,
            "rating": 1,
            "content_type": "drama",
            "p_start": 1740027600000,
            "vod_channel_description": "距今一千八百多年前，漢帝國衰敗積重難返，長安城內董卓荒淫無度、濫殺無辜，引起舉國義憤，而以曹操為首殲滅董卓，造就了群雄割據，至赤壁之戰後三國鼎立，再到司馬氏篡魏，天下歸晉為止，這個英雄輩出、波瀾壯闊的大傳奇時代終於結束。而其中的英雄人物和動人故事，仍被傳頌至今。"
          },
          {
            "content_id": "VOD00029197",
            "time_codes": [
              802000,
              1411000,
              2208000
            ],
            "timecode_duration": [],
            "length": 2751000,
            "asset_id": "vod9441-000033M001",
            "title": "",
            "subtitle": "第33集",
            "ep_number": 33,
            "rating": 1,
            "content_type": "drama",
            "p_start": 1740030600000,
            "vod_channel_description": "距今一千八百多年前，漢帝國衰敗積重難返，長安城內董卓荒淫無度、濫殺無辜，引起舉國義憤，而以曹操為首殲滅董卓，造就了群雄割據，至赤壁之戰後三國鼎立，再到司馬氏篡魏，天下歸晉為止，這個英雄輩出、波瀾壯闊的大傳奇時代終於結束。而其中的英雄人物和動人故事，仍被傳頌至今。"
          },
          {
            "content_id": "VOD00029198",
            "time_codes": [
              680000,
              1529000,
              2148000
            ],
            "timecode_duration": [],
            "length": 2784000,
            "asset_id": "vod9441-000034M001",
            "title": "",
            "subtitle": "第34集",
            "ep_number": 34,
            "rating": 1,
            "content_type": "drama",
            "p_start": 1740033600000,
            "vod_channel_description": "距今一千八百多年前，漢帝國衰敗積重難返，長安城內董卓荒淫無度、濫殺無辜，引起舉國義憤，而以曹操為首殲滅董卓，造就了群雄割據，至赤壁之戰後三國鼎立，再到司馬氏篡魏，天下歸晉為止，這個英雄輩出、波瀾壯闊的大傳奇時代終於結束。而其中的英雄人物和動人故事，仍被傳頌至今。"
          },
          {
            "content_id": "VOD00029199",
            "time_codes": [
              762000,
              1463000,
              2264000
            ],
            "timecode_duration": [],
            "length": 2727000,
            "asset_id": "vod9441-000035M001",
            "title": "",
            "subtitle": "第35集",
            "ep_number": 35,
            "rating": 1,
            "content_type": "drama",
            "p_start": 1740036600000,
            "vod_channel_description": "距今一千八百多年前，漢帝國衰敗積重難返，長安城內董卓荒淫無度、濫殺無辜，引起舉國義憤，而以曹操為首殲滅董卓，造就了群雄割據，至赤壁之戰後三國鼎立，再到司馬氏篡魏，天下歸晉為止，這個英雄輩出、波瀾壯闊的大傳奇時代終於結束。而其中的英雄人物和動人故事，仍被傳頌至今。"
          },
          {
            "content_id": "VOD00029200",
            "time_codes": [
              761000,
              1530000,
              2259000
            ],
            "timecode_duration": [],
            "length": 2777000,
            "asset_id": "vod9441-000036M001",
            "title": "",
            "subtitle": "第36集",
            "ep_number": 36,
            "rating": 1,
            "content_type": "drama",
            "p_start": 1740039600000,
            "vod_channel_description": "距今一千八百多年前，漢帝國衰敗積重難返，長安城內董卓荒淫無度、濫殺無辜，引起舉國義憤，而以曹操為首殲滅董卓，造就了群雄割據，至赤壁之戰後三國鼎立，再到司馬氏篡魏，天下歸晉為止，這個英雄輩出、波瀾壯闊的大傳奇時代終於結束。而其中的英雄人物和動人故事，仍被傳頌至今。"
          },
          {
            "content_id": "VOD00029201",
            "time_codes": [
              803000,
              1551000,
              2244000
            ],
            "timecode_duration": [],
            "length": 2744000,
            "asset_id": "vod9441-000037M001",
            "title": "",
            "subtitle": "第37集",
            "ep_number": 37,
            "rating": 1,
            "content_type": "drama",
            "p_start": 1740042600000,
            "vod_channel_description": "距今一千八百多年前，漢帝國衰敗積重難返，長安城內董卓荒淫無度、濫殺無辜，引起舉國義憤，而以曹操為首殲滅董卓，造就了群雄割據，至赤壁之戰後三國鼎立，再到司馬氏篡魏，天下歸晉為止，這個英雄輩出、波瀾壯闊的大傳奇時代終於結束。而其中的英雄人物和動人故事，仍被傳頌至今。"
          },
          {
            "content_id": "VOD00029202",
            "time_codes": [
              677000,
              1465000,
              2202000
            ],
            "timecode_duration": [],
            "length": 2785000,
            "asset_id": "vod9441-000038M001",
            "title": "",
            "subtitle": "第38集",
            "ep_number": 38,
            "rating": 1,
            "content_type": "drama",
            "p_start": 1740045600000,
            "vod_channel_description": "距今一千八百多年前，漢帝國衰敗積重難返，長安城內董卓荒淫無度、濫殺無辜，引起舉國義憤，而以曹操為首殲滅董卓，造就了群雄割據，至赤壁之戰後三國鼎立，再到司馬氏篡魏，天下歸晉為止，這個英雄輩出、波瀾壯闊的大傳奇時代終於結束。而其中的英雄人物和動人故事，仍被傳頌至今。"
          },
          {
            "content_id": "VOD00029203",
            "time_codes": [
              732000,
              1507000,
              2144000
            ],
            "timecode_duration": [],
            "length": 2730000,
            "asset_id": "vod9441-000039M001",
            "title": "",
            "subtitle": "第39集",
            "ep_number": 39,
            "rating": 1,
            "content_type": "drama",
            "p_start": 1740048600000,
            "vod_channel_description": "距今一千八百多年前，漢帝國衰敗積重難返，長安城內董卓荒淫無度、濫殺無辜，引起舉國義憤，而以曹操為首殲滅董卓，造就了群雄割據，至赤壁之戰後三國鼎立，再到司馬氏篡魏，天下歸晉為止，這個英雄輩出、波瀾壯闊的大傳奇時代終於結束。而其中的英雄人物和動人故事，仍被傳頌至今。"
          },
          {
            "content_id": "VOD00029204",
            "time_codes": [
              800000,
              1431000,
              2118000
            ],
            "timecode_duration": [],
            "length": 2779000,
            "asset_id": "vod9441-000040M001",
            "title": "",
            "subtitle": "第40集",
            "ep_number": 40,
            "rating": 1,
            "content_type": "drama",
            "p_start": 1740051600000,
            "vod_channel_description": "距今一千八百多年前，漢帝國衰敗積重難返，長安城內董卓荒淫無度、濫殺無辜，引起舉國義憤，而以曹操為首殲滅董卓，造就了群雄割據，至赤壁之戰後三國鼎立，再到司馬氏篡魏，天下歸晉為止，這個英雄輩出、波瀾壯闊的大傳奇時代終於結束。而其中的英雄人物和動人故事，仍被傳頌至今。"
          },
          {
            "content_id": "VOD00029205",
            "time_codes": [
              821000,
              1453000,
              2174000
            ],
            "timecode_duration": [],
            "length": 2768000,
            "asset_id": "vod9441-000041M001",
            "title": "",
            "subtitle": "第41集",
            "ep_number": 41,
            "rating": 1,
            "content_type": "drama",
            "p_start": 1740054600000,
            "vod_channel_description": "距今一千八百多年前，漢帝國衰敗積重難返，長安城內董卓荒淫無度、濫殺無辜，引起舉國義憤，而以曹操為首殲滅董卓，造就了群雄割據，至赤壁之戰後三國鼎立，再到司馬氏篡魏，天下歸晉為止，這個英雄輩出、波瀾壯闊的大傳奇時代終於結束。而其中的英雄人物和動人故事，仍被傳頌至今。"
          },
          {
            "content_id": "VOD00029206",
            "time_codes": [
              774000,
              1539000,
              2244000
            ],
            "timecode_duration": [],
            "length": 2742000,
            "asset_id": "vod9441-000042M001",
            "title": "",
            "subtitle": "第42集",
            "ep_number": 42,
            "rating": 1,
            "content_type": "drama",
            "p_start": 1740057600000,
            "vod_channel_description": "距今一千八百多年前，漢帝國衰敗積重難返，長安城內董卓荒淫無度、濫殺無辜，引起舉國義憤，而以曹操為首殲滅董卓，造就了群雄割據，至赤壁之戰後三國鼎立，再到司馬氏篡魏，天下歸晉為止，這個英雄輩出、波瀾壯闊的大傳奇時代終於結束。而其中的英雄人物和動人故事，仍被傳頌至今。"
          },
          {
            "content_id": "VOD00029207",
            "time_codes": [
              736000,
              1534000,
              2236000
            ],
            "timecode_duration": [],
            "length": 2740000,
            "asset_id": "vod9441-000043M001",
            "title": "",
            "subtitle": "第43集",
            "ep_number": 43,
            "rating": 1,
            "content_type": "drama",
            "p_start": 1740060600000,
            "vod_channel_description": "距今一千八百多年前，漢帝國衰敗積重難返，長安城內董卓荒淫無度、濫殺無辜，引起舉國義憤，而以曹操為首殲滅董卓，造就了群雄割據，至赤壁之戰後三國鼎立，再到司馬氏篡魏，天下歸晉為止，這個英雄輩出、波瀾壯闊的大傳奇時代終於結束。而其中的英雄人物和動人故事，仍被傳頌至今。"
          },
          {
            "content_id": "VOD00029208",
            "time_codes": [
              735000,
              1451000,
              2212000
            ],
            "timecode_duration": [],
            "length": 2759000,
            "asset_id": "vod9441-000044M001",
            "title": "",
            "subtitle": "第44集",
            "ep_number": 44,
            "rating": 1,
            "content_type": "drama",
            "p_start": 1740063600000,
            "vod_channel_description": "距今一千八百多年前，漢帝國衰敗積重難返，長安城內董卓荒淫無度、濫殺無辜，引起舉國義憤，而以曹操為首殲滅董卓，造就了群雄割據，至赤壁之戰後三國鼎立，再到司馬氏篡魏，天下歸晉為止，這個英雄輩出、波瀾壯闊的大傳奇時代終於結束。而其中的英雄人物和動人故事，仍被傳頌至今。"
          },
          {
            "content_id": "VOD00029209",
            "time_codes": [
              779000,
              1399000,
              2217000
            ],
            "timecode_duration": [],
            "length": 2765000,
            "asset_id": "vod9441-000045M001",
            "title": "",
            "subtitle": "第45集",
            "ep_number": 45,
            "rating": 1,
            "content_type": "drama",
            "p_start": 1740066600000,
            "vod_channel_description": "距今一千八百多年前，漢帝國衰敗積重難返，長安城內董卓荒淫無度、濫殺無辜，引起舉國義憤，而以曹操為首殲滅董卓，造就了群雄割據，至赤壁之戰後三國鼎立，再到司馬氏篡魏，天下歸晉為止，這個英雄輩出、波瀾壯闊的大傳奇時代終於結束。而其中的英雄人物和動人故事，仍被傳頌至今。"
          },
          {
            "content_id": "VOD00029210",
            "time_codes": [
              684000,
              1424000,
              2171000
            ],
            "timecode_duration": [],
            "length": 2783000,
            "asset_id": "vod9441-000046M001",
            "title": "",
            "subtitle": "第46集",
            "ep_number": 46,
            "rating": 1,
            "content_type": "drama",
            "p_start": 1740069600000,
            "vod_channel_description": "距今一千八百多年前，漢帝國衰敗積重難返，長安城內董卓荒淫無度、濫殺無辜，引起舉國義憤，而以曹操為首殲滅董卓，造就了群雄割據，至赤壁之戰後三國鼎立，再到司馬氏篡魏，天下歸晉為止，這個英雄輩出、波瀾壯闊的大傳奇時代終於結束。而其中的英雄人物和動人故事，仍被傳頌至今。"
          },
          {
            "content_id": "VOD00029211",
            "time_codes": [
              707000,
              1441000,
              2236000
            ],
            "timecode_duration": [],
            "length": 2789000,
            "asset_id": "vod9441-000047M001",
            "title": "",
            "subtitle": "第47集",
            "ep_number": 47,
            "rating": 1,
            "content_type": "drama",
            "p_start": 1740072600000,
            "vod_channel_description": "距今一千八百多年前，漢帝國衰敗積重難返，長安城內董卓荒淫無度、濫殺無辜，引起舉國義憤，而以曹操為首殲滅董卓，造就了群雄割據，至赤壁之戰後三國鼎立，再到司馬氏篡魏，天下歸晉為止，這個英雄輩出、波瀾壯闊的大傳奇時代終於結束。而其中的英雄人物和動人故事，仍被傳頌至今。"
          },
          {
            "content_id": "VOD00029212",
            "time_codes": [
              687000,
              1442000,
              2102000
            ],
            "timecode_duration": [],
            "length": 2727000,
            "asset_id": "vod9441-000048M001",
            "title": "",
            "subtitle": "第48集",
            "ep_number": 48,
            "rating": 1,
            "content_type": "drama",
            "p_start": 1740075600000,
            "vod_channel_description": "距今一千八百多年前，漢帝國衰敗積重難返，長安城內董卓荒淫無度、濫殺無辜，引起舉國義憤，而以曹操為首殲滅董卓，造就了群雄割據，至赤壁之戰後三國鼎立，再到司馬氏篡魏，天下歸晉為止，這個英雄輩出、波瀾壯闊的大傳奇時代終於結束。而其中的英雄人物和動人故事，仍被傳頌至今。"
          },
          {
            "content_id": "VOD00029213",
            "time_codes": [
              741000,
              1485000,
              2257000
            ],
            "timecode_duration": [],
            "length": 2772000,
            "asset_id": "vod9441-000049M001",
            "title": "",
            "subtitle": "第49集",
            "ep_number": 49,
            "rating": 1,
            "content_type": "drama",
            "p_start": 1740078600000,
            "vod_channel_description": "距今一千八百多年前，漢帝國衰敗積重難返，長安城內董卓荒淫無度、濫殺無辜，引起舉國義憤，而以曹操為首殲滅董卓，造就了群雄割據，至赤壁之戰後三國鼎立，再到司馬氏篡魏，天下歸晉為止，這個英雄輩出、波瀾壯闊的大傳奇時代終於結束。而其中的英雄人物和動人故事，仍被傳頌至今。"
          },
          {
            "content_id": "VOD00029214",
            "time_codes": [
              784000,
              1392000,
              2120000
            ],
            "timecode_duration": [],
            "length": 2769000,
            "asset_id": "vod9441-000050M001",
            "title": "",
            "subtitle": "第50集",
            "ep_number": 50,
            "rating": 1,
            "content_type": "drama",
            "p_start": 1740081600000,
            "vod_channel_description": "距今一千八百多年前，漢帝國衰敗積重難返，長安城內董卓荒淫無度、濫殺無辜，引起舉國義憤，而以曹操為首殲滅董卓，造就了群雄割據，至赤壁之戰後三國鼎立，再到司馬氏篡魏，天下歸晉為止，這個英雄輩出、波瀾壯闊的大傳奇時代終於結束。而其中的英雄人物和動人故事，仍被傳頌至今。"
          },
          {
            "content_id": "VOD00029215",
            "time_codes": [
              801000,
              1540000,
              2264000
            ],
            "timecode_duration": [],
            "length": 2759000,
            "asset_id": "vod9441-000051M001",
            "title": "",
            "subtitle": "第51集",
            "ep_number": 51,
            "rating": 1,
            "content_type": "drama",
            "p_start": 1740084600000,
            "vod_channel_description": "距今一千八百多年前，漢帝國衰敗積重難返，長安城內董卓荒淫無度、濫殺無辜，引起舉國義憤，而以曹操為首殲滅董卓，造就了群雄割據，至赤壁之戰後三國鼎立，再到司馬氏篡魏，天下歸晉為止，這個英雄輩出、波瀾壯闊的大傳奇時代終於結束。而其中的英雄人物和動人故事，仍被傳頌至今。"
          },
          {
            "content_id": "VOD00029216",
            "time_codes": [
              790000,
              1468000,
              2142000
            ],
            "timecode_duration": [],
            "length": 2751000,
            "asset_id": "vod9441-000052M001",
            "title": "",
            "subtitle": "第52集",
            "ep_number": 52,
            "rating": 1,
            "content_type": "drama",
            "p_start": 1740087600000,
            "vod_channel_description": "距今一千八百多年前，漢帝國衰敗積重難返，長安城內董卓荒淫無度、濫殺無辜，引起舉國義憤，而以曹操為首殲滅董卓，造就了群雄割據，至赤壁之戰後三國鼎立，再到司馬氏篡魏，天下歸晉為止，這個英雄輩出、波瀾壯闊的大傳奇時代終於結束。而其中的英雄人物和動人故事，仍被傳頌至今。"
          },
          {
            "content_id": "VOD00029217",
            "time_codes": [
              726000,
              1408000,
              2218000
            ],
            "timecode_duration": [],
            "length": 2785000,
            "asset_id": "vod9441-000053M001",
            "title": "",
            "subtitle": "第53集",
            "ep_number": 53,
            "rating": 1,
            "content_type": "drama",
            "p_start": 1740090600000,
            "vod_channel_description": "距今一千八百多年前，漢帝國衰敗積重難返，長安城內董卓荒淫無度、濫殺無辜，引起舉國義憤，而以曹操為首殲滅董卓，造就了群雄割據，至赤壁之戰後三國鼎立，再到司馬氏篡魏，天下歸晉為止，這個英雄輩出、波瀾壯闊的大傳奇時代終於結束。而其中的英雄人物和動人故事，仍被傳頌至今。"
          },
          {
            "content_id": "VOD00029218",
            "time_codes": [
              718000,
              1396000,
              2233000
            ],
            "timecode_duration": [],
            "length": 2784000,
            "asset_id": "vod9441-000054M001",
            "title": "",
            "subtitle": "第54集",
            "ep_number": 54,
            "rating": 1,
            "content_type": "drama",
            "p_start": 1740093600000,
            "vod_channel_description": "距今一千八百多年前，漢帝國衰敗積重難返，長安城內董卓荒淫無度、濫殺無辜，引起舉國義憤，而以曹操為首殲滅董卓，造就了群雄割據，至赤壁之戰後三國鼎立，再到司馬氏篡魏，天下歸晉為止，這個英雄輩出、波瀾壯闊的大傳奇時代終於結束。而其中的英雄人物和動人故事，仍被傳頌至今。"
          },
          {
            "content_id": "VOD00029219",
            "time_codes": [
              768000,
              1432000,
              2115000
            ],
            "timecode_duration": [],
            "length": 2752000,
            "asset_id": "vod9441-000055M001",
            "title": "",
            "subtitle": "第55集",
            "ep_number": 55,
            "rating": 1,
            "content_type": "drama",
            "p_start": 1740096600000,
            "vod_channel_description": "距今一千八百多年前，漢帝國衰敗積重難返，長安城內董卓荒淫無度、濫殺無辜，引起舉國義憤，而以曹操為首殲滅董卓，造就了群雄割據，至赤壁之戰後三國鼎立，再到司馬氏篡魏，天下歸晉為止，這個英雄輩出、波瀾壯闊的大傳奇時代終於結束。而其中的英雄人物和動人故事，仍被傳頌至今。"
          },
          {
            "content_id": "VOD00029220",
            "time_codes": [
              740000,
              1445000,
              2151000
            ],
            "timecode_duration": [],
            "length": 2758000,
            "asset_id": "vod9441-000056M001",
            "title": "",
            "subtitle": "第56集",
            "ep_number": 56,
            "rating": 1,
            "content_type": "drama",
            "p_start": 1740099600000,
            "vod_channel_description": "距今一千八百多年前，漢帝國衰敗積重難返，長安城內董卓荒淫無度、濫殺無辜，引起舉國義憤，而以曹操為首殲滅董卓，造就了群雄割據，至赤壁之戰後三國鼎立，再到司馬氏篡魏，天下歸晉為止，這個英雄輩出、波瀾壯闊的大傳奇時代終於結束。而其中的英雄人物和動人故事，仍被傳頌至今。"
          },
          {
            "content_id": "VOD00029221",
            "time_codes": [
              714000,
              1505000,
              2169000
            ],
            "timecode_duration": [],
            "length": 2752000,
            "asset_id": "vod9441-000057M001",
            "title": "",
            "subtitle": "第57集",
            "ep_number": 57,
            "rating": 1,
            "content_type": "drama",
            "p_start": 1740102600000,
            "vod_channel_description": "距今一千八百多年前，漢帝國衰敗積重難返，長安城內董卓荒淫無度、濫殺無辜，引起舉國義憤，而以曹操為首殲滅董卓，造就了群雄割據，至赤壁之戰後三國鼎立，再到司馬氏篡魏，天下歸晉為止，這個英雄輩出、波瀾壯闊的大傳奇時代終於結束。而其中的英雄人物和動人故事，仍被傳頌至今。"
          },
          {
            "content_id": "VOD00029222",
            "time_codes": [
              709000,
              1438000,
              2210000
            ],
            "timecode_duration": [],
            "length": 2717000,
            "asset_id": "vod9441-000058M001",
            "title": "",
            "subtitle": "第58集",
            "ep_number": 58,
            "rating": 1,
            "content_type": "drama",
            "p_start": 1740105600000,
            "vod_channel_description": "距今一千八百多年前，漢帝國衰敗積重難返，長安城內董卓荒淫無度、濫殺無辜，引起舉國義憤，而以曹操為首殲滅董卓，造就了群雄割據，至赤壁之戰後三國鼎立，再到司馬氏篡魏，天下歸晉為止，這個英雄輩出、波瀾壯闊的大傳奇時代終於結束。而其中的英雄人物和動人故事，仍被傳頌至今。"
          },
          {
            "content_id": "VOD00029223",
            "time_codes": [
              797000,
              1421000,
              2115000
            ],
            "timecode_duration": [],
            "length": 2740000,
            "asset_id": "vod9441-000059M001",
            "title": "",
            "subtitle": "第59集",
            "ep_number": 59,
            "rating": 1,
            "content_type": "drama",
            "p_start": 1740108600000,
            "vod_channel_description": "距今一千八百多年前，漢帝國衰敗積重難返，長安城內董卓荒淫無度、濫殺無辜，引起舉國義憤，而以曹操為首殲滅董卓，造就了群雄割據，至赤壁之戰後三國鼎立，再到司馬氏篡魏，天下歸晉為止，這個英雄輩出、波瀾壯闊的大傳奇時代終於結束。而其中的英雄人物和動人故事，仍被傳頌至今。"
          },
          {
            "content_id": "VOD00029224",
            "time_codes": [
              733000,
              1487000,
              2131000
            ],
            "timecode_duration": [],
            "length": 2758000,
            "asset_id": "vod9441-000060M001",
            "title": "",
            "subtitle": "第60集",
            "ep_number": 60,
            "rating": 1,
            "content_type": "drama",
            "p_start": 1740111600000,
            "vod_channel_description": "距今一千八百多年前，漢帝國衰敗積重難返，長安城內董卓荒淫無度、濫殺無辜，引起舉國義憤，而以曹操為首殲滅董卓，造就了群雄割據，至赤壁之戰後三國鼎立，再到司馬氏篡魏，天下歸晉為止，這個英雄輩出、波瀾壯闊的大傳奇時代終於結束。而其中的英雄人物和動人故事，仍被傳頌至今。"
          },
          {
            "content_id": "VOD00029225",
            "time_codes": [
              798000,
              1483000,
              2263000
            ],
            "timecode_duration": [],
            "length": 2753000,
            "asset_id": "vod9441-000061M001",
            "title": "",
            "subtitle": "第61集",
            "ep_number": 61,
            "rating": 1,
            "content_type": "drama",
            "p_start": 1740114600000,
            "vod_channel_description": "距今一千八百多年前，漢帝國衰敗積重難返，長安城內董卓荒淫無度、濫殺無辜，引起舉國義憤，而以曹操為首殲滅董卓，造就了群雄割據，至赤壁之戰後三國鼎立，再到司馬氏篡魏，天下歸晉為止，這個英雄輩出、波瀾壯闊的大傳奇時代終於結束。而其中的英雄人物和動人故事，仍被傳頌至今。"
          },
          {
            "content_id": "VOD00029226",
            "time_codes": [
              790000,
              1397000,
              2117000
            ],
            "timecode_duration": [],
            "length": 2765000,
            "asset_id": "vod9441-000062M001",
            "title": "",
            "subtitle": "第62集",
            "ep_number": 62,
            "rating": 1,
            "content_type": "drama",
            "p_start": 1740117600000,
            "vod_channel_description": "距今一千八百多年前，漢帝國衰敗積重難返，長安城內董卓荒淫無度、濫殺無辜，引起舉國義憤，而以曹操為首殲滅董卓，造就了群雄割據，至赤壁之戰後三國鼎立，再到司馬氏篡魏，天下歸晉為止，這個英雄輩出、波瀾壯闊的大傳奇時代終於結束。而其中的英雄人物和動人故事，仍被傳頌至今。"
          },
          {
            "content_id": "VOD00029227",
            "time_codes": [
              806000,
              1487000,
              2188000
            ],
            "timecode_duration": [],
            "length": 2745000,
            "asset_id": "vod9441-000063M001",
            "title": "",
            "subtitle": "第63集",
            "ep_number": 63,
            "rating": 1,
            "content_type": "drama",
            "p_start": 1740120600000,
            "vod_channel_description": "距今一千八百多年前，漢帝國衰敗積重難返，長安城內董卓荒淫無度、濫殺無辜，引起舉國義憤，而以曹操為首殲滅董卓，造就了群雄割據，至赤壁之戰後三國鼎立，再到司馬氏篡魏，天下歸晉為止，這個英雄輩出、波瀾壯闊的大傳奇時代終於結束。而其中的英雄人物和動人故事，仍被傳頌至今。"
          },
          {
            "content_id": "VOD00029228",
            "time_codes": [
              731000,
              1473000,
              2131000
            ],
            "timecode_duration": [],
            "length": 2782000,
            "asset_id": "vod9441-000064M001",
            "title": "",
            "subtitle": "第64集",
            "ep_number": 64,
            "rating": 1,
            "content_type": "drama",
            "p_start": 1740123600000,
            "vod_channel_description": "距今一千八百多年前，漢帝國衰敗積重難返，長安城內董卓荒淫無度、濫殺無辜，引起舉國義憤，而以曹操為首殲滅董卓，造就了群雄割據，至赤壁之戰後三國鼎立，再到司馬氏篡魏，天下歸晉為止，這個英雄輩出、波瀾壯闊的大傳奇時代終於結束。而其中的英雄人物和動人故事，仍被傳頌至今。"
          },
          {
            "content_id": "VOD00029229",
            "time_codes": [
              794000,
              1411000,
              2186000
            ],
            "timecode_duration": [],
            "length": 2783000,
            "asset_id": "vod9441-000065M001",
            "title": "",
            "subtitle": "第65集",
            "ep_number": 65,
            "rating": 1,
            "content_type": "drama",
            "p_start": 1740126600000,
            "vod_channel_description": "距今一千八百多年前，漢帝國衰敗積重難返，長安城內董卓荒淫無度、濫殺無辜，引起舉國義憤，而以曹操為首殲滅董卓，造就了群雄割據，至赤壁之戰後三國鼎立，再到司馬氏篡魏，天下歸晉為止，這個英雄輩出、波瀾壯闊的大傳奇時代終於結束。而其中的英雄人物和動人故事，仍被傳頌至今。"
          },
          {
            "content_id": "VOD00029230",
            "time_codes": [
              778000,
              1460000,
              2151000
            ],
            "timecode_duration": [],
            "length": 2758000,
            "asset_id": "vod9441-000066M001",
            "title": "",
            "subtitle": "第66集",
            "ep_number": 66,
            "rating": 1,
            "content_type": "drama",
            "p_start": 1740129600000,
            "vod_channel_description": "距今一千八百多年前，漢帝國衰敗積重難返，長安城內董卓荒淫無度、濫殺無辜，引起舉國義憤，而以曹操為首殲滅董卓，造就了群雄割據，至赤壁之戰後三國鼎立，再到司馬氏篡魏，天下歸晉為止，這個英雄輩出、波瀾壯闊的大傳奇時代終於結束。而其中的英雄人物和動人故事，仍被傳頌至今。"
          },
          {
            "content_id": "VOD00029231",
            "time_codes": [
              783000,
              1472000,
              2220000
            ],
            "timecode_duration": [],
            "length": 2778000,
            "asset_id": "vod9441-000067M001",
            "title": "",
            "subtitle": "第67集",
            "ep_number": 67,
            "rating": 1,
            "content_type": "drama",
            "p_start": 1740132600000,
            "vod_channel_description": "距今一千八百多年前，漢帝國衰敗積重難返，長安城內董卓荒淫無度、濫殺無辜，引起舉國義憤，而以曹操為首殲滅董卓，造就了群雄割據，至赤壁之戰後三國鼎立，再到司馬氏篡魏，天下歸晉為止，這個英雄輩出、波瀾壯闊的大傳奇時代終於結束。而其中的英雄人物和動人故事，仍被傳頌至今。"
          },
          {
            "content_id": "VOD00029232",
            "time_codes": [
              789000,
              1452000,
              2193000
            ],
            "timecode_duration": [],
            "length": 2786000,
            "asset_id": "vod9441-000068M001",
            "title": "",
            "subtitle": "第68集",
            "ep_number": 68,
            "rating": 1,
            "content_type": "drama",
            "p_start": 1740135600000,
            "vod_channel_description": "距今一千八百多年前，漢帝國衰敗積重難返，長安城內董卓荒淫無度、濫殺無辜，引起舉國義憤，而以曹操為首殲滅董卓，造就了群雄割據，至赤壁之戰後三國鼎立，再到司馬氏篡魏，天下歸晉為止，這個英雄輩出、波瀾壯闊的大傳奇時代終於結束。而其中的英雄人物和動人故事，仍被傳頌至今。"
          },
          {
            "content_id": "VOD00029233",
            "time_codes": [
              771000,
              1443000,
              2165000
            ],
            "timecode_duration": [],
            "length": 2741000,
            "asset_id": "vod9441-000069M001",
            "title": "",
            "subtitle": "第69集",
            "ep_number": 69,
            "rating": 1,
            "content_type": "drama",
            "p_start": 1740138600000,
            "vod_channel_description": "距今一千八百多年前，漢帝國衰敗積重難返，長安城內董卓荒淫無度、濫殺無辜，引起舉國義憤，而以曹操為首殲滅董卓，造就了群雄割據，至赤壁之戰後三國鼎立，再到司馬氏篡魏，天下歸晉為止，這個英雄輩出、波瀾壯闊的大傳奇時代終於結束。而其中的英雄人物和動人故事，仍被傳頌至今。"
          },
          {
            "content_id": "VOD00029234",
            "time_codes": [
              800000,
              1469000,
              2139000
            ],
            "timecode_duration": [],
            "length": 2772000,
            "asset_id": "vod9441-000070M001",
            "title": "",
            "subtitle": "第70集",
            "ep_number": 70,
            "rating": 1,
            "content_type": "drama",
            "p_start": 1740141600000,
            "vod_channel_description": "距今一千八百多年前，漢帝國衰敗積重難返，長安城內董卓荒淫無度、濫殺無辜，引起舉國義憤，而以曹操為首殲滅董卓，造就了群雄割據，至赤壁之戰後三國鼎立，再到司馬氏篡魏，天下歸晉為止，這個英雄輩出、波瀾壯闊的大傳奇時代終於結束。而其中的英雄人物和動人故事，仍被傳頌至今。"
          },
          {
            "content_id": "VOD00029235",
            "time_codes": [
              761000,
              1522000,
              2158000
            ],
            "timecode_duration": [],
            "length": 2754000,
            "asset_id": "vod9441-000071M001",
            "title": "",
            "subtitle": "第71集",
            "ep_number": 71,
            "rating": 1,
            "content_type": "drama",
            "p_start": 1740144600000,
            "vod_channel_description": "距今一千八百多年前，漢帝國衰敗積重難返，長安城內董卓荒淫無度、濫殺無辜，引起舉國義憤，而以曹操為首殲滅董卓，造就了群雄割據，至赤壁之戰後三國鼎立，再到司馬氏篡魏，天下歸晉為止，這個英雄輩出、波瀾壯闊的大傳奇時代終於結束。而其中的英雄人物和動人故事，仍被傳頌至今。"
          },
          {
            "content_id": "VOD00029236",
            "time_codes": [
              771000,
              1509000,
              2212000
            ],
            "timecode_duration": [],
            "length": 2786000,
            "asset_id": "vod9441-000072M001",
            "title": "",
            "subtitle": "第72集",
            "ep_number": 72,
            "rating": 1,
            "content_type": "drama",
            "p_start": 1740147600000,
            "vod_channel_description": "距今一千八百多年前，漢帝國衰敗積重難返，長安城內董卓荒淫無度、濫殺無辜，引起舉國義憤，而以曹操為首殲滅董卓，造就了群雄割據，至赤壁之戰後三國鼎立，再到司馬氏篡魏，天下歸晉為止，這個英雄輩出、波瀾壯闊的大傳奇時代終於結束。而其中的英雄人物和動人故事，仍被傳頌至今。"
          },
          {
            "content_id": "VOD00029237",
            "time_codes": [
              808000,
              1527000,
              2211000
            ],
            "timecode_duration": [],
            "length": 2780000,
            "asset_id": "vod9441-000073M001",
            "title": "",
            "subtitle": "第73集",
            "ep_number": 73,
            "rating": 1,
            "content_type": "drama",
            "p_start": 1740150600000,
            "vod_channel_description": "距今一千八百多年前，漢帝國衰敗積重難返，長安城內董卓荒淫無度、濫殺無辜，引起舉國義憤，而以曹操為首殲滅董卓，造就了群雄割據，至赤壁之戰後三國鼎立，再到司馬氏篡魏，天下歸晉為止，這個英雄輩出、波瀾壯闊的大傳奇時代終於結束。而其中的英雄人物和動人故事，仍被傳頌至今。"
          },
          {
            "content_id": "VOD00029238",
            "time_codes": [
              734000,
              1453000,
              2120000
            ],
            "timecode_duration": [],
            "length": 2733000,
            "asset_id": "vod9441-000074M001",
            "title": "",
            "subtitle": "第74集",
            "ep_number": 74,
            "rating": 1,
            "content_type": "drama",
            "p_start": 1740153600000,
            "vod_channel_description": "距今一千八百多年前，漢帝國衰敗積重難返，長安城內董卓荒淫無度、濫殺無辜，引起舉國義憤，而以曹操為首殲滅董卓，造就了群雄割據，至赤壁之戰後三國鼎立，再到司馬氏篡魏，天下歸晉為止，這個英雄輩出、波瀾壯闊的大傳奇時代終於結束。而其中的英雄人物和動人故事，仍被傳頌至今。"
          },
          {
            "content_id": "VOD00029239",
            "time_codes": [
              756000,
              1497000,
              2179000
            ],
            "timecode_duration": [],
            "length": 2753000,
            "asset_id": "vod9441-000075M001",
            "title": "",
            "subtitle": "第75集",
            "ep_number": 75,
            "rating": 1,
            "content_type": "drama",
            "p_start": 1740156600000,
            "vod_channel_description": "距今一千八百多年前，漢帝國衰敗積重難返，長安城內董卓荒淫無度、濫殺無辜，引起舉國義憤，而以曹操為首殲滅董卓，造就了群雄割據，至赤壁之戰後三國鼎立，再到司馬氏篡魏，天下歸晉為止，這個英雄輩出、波瀾壯闊的大傳奇時代終於結束。而其中的英雄人物和動人故事，仍被傳頌至今。"
          },
          {
            "content_id": "VOD00029240",
            "time_codes": [
              688000,
              1441000,
              2144000
            ],
            "timecode_duration": [],
            "length": 2787000,
            "asset_id": "vod9441-000076M001",
            "title": "",
            "subtitle": "第76集",
            "ep_number": 76,
            "rating": 1,
            "content_type": "drama",
            "p_start": 1740159600000,
            "vod_channel_description": "距今一千八百多年前，漢帝國衰敗積重難返，長安城內董卓荒淫無度、濫殺無辜，引起舉國義憤，而以曹操為首殲滅董卓，造就了群雄割據，至赤壁之戰後三國鼎立，再到司馬氏篡魏，天下歸晉為止，這個英雄輩出、波瀾壯闊的大傳奇時代終於結束。而其中的英雄人物和動人故事，仍被傳頌至今。"
          },
          {
            "content_id": "VOD00029241",
            "time_codes": [
              792000,
              1435000,
              2178000
            ],
            "timecode_duration": [],
            "length": 2773000,
            "asset_id": "vod9441-000077M001",
            "title": "",
            "subtitle": "第77集",
            "ep_number": 77,
            "rating": 1,
            "content_type": "drama",
            "p_start": 1740162600000,
            "vod_channel_description": "距今一千八百多年前，漢帝國衰敗積重難返，長安城內董卓荒淫無度、濫殺無辜，引起舉國義憤，而以曹操為首殲滅董卓，造就了群雄割據，至赤壁之戰後三國鼎立，再到司馬氏篡魏，天下歸晉為止，這個英雄輩出、波瀾壯闊的大傳奇時代終於結束。而其中的英雄人物和動人故事，仍被傳頌至今。"
          },
          {
            "content_id": "VOD00029242",
            "time_codes": [
              740000,
              1414000,
              2193000
            ],
            "timecode_duration": [],
            "length": 2779000,
            "asset_id": "vod9441-000078M001",
            "title": "",
            "subtitle": "第78集",
            "ep_number": 78,
            "rating": 1,
            "content_type": "drama",
            "p_start": 1740165600000,
            "vod_channel_description": "距今一千八百多年前，漢帝國衰敗積重難返，長安城內董卓荒淫無度、濫殺無辜，引起舉國義憤，而以曹操為首殲滅董卓，造就了群雄割據，至赤壁之戰後三國鼎立，再到司馬氏篡魏，天下歸晉為止，這個英雄輩出、波瀾壯闊的大傳奇時代終於結束。而其中的英雄人物和動人故事，仍被傳頌至今。"
          },
          {
            "content_id": "VOD00029243",
            "time_codes": [
              686000,
              1517000,
              2152000
            ],
            "timecode_duration": [],
            "length": 2783000,
            "asset_id": "vod9441-000079M001",
            "title": "",
            "subtitle": "第79集",
            "ep_number": 79,
            "rating": 1,
            "content_type": "drama",
            "p_start": 1740168600000,
            "vod_channel_description": "距今一千八百多年前，漢帝國衰敗積重難返，長安城內董卓荒淫無度、濫殺無辜，引起舉國義憤，而以曹操為首殲滅董卓，造就了群雄割據，至赤壁之戰後三國鼎立，再到司馬氏篡魏，天下歸晉為止，這個英雄輩出、波瀾壯闊的大傳奇時代終於結束。而其中的英雄人物和動人故事，仍被傳頌至今。"
          },
          {
            "content_id": "VOD00029244",
            "time_codes": [
              719000,
              1477000,
              2193000
            ],
            "timecode_duration": [],
            "length": 2759000,
            "asset_id": "vod9441-000080M001",
            "title": "",
            "subtitle": "第80集",
            "ep_number": 80,
            "rating": 1,
            "content_type": "drama",
            "p_start": 1740171600000,
            "vod_channel_description": "距今一千八百多年前，漢帝國衰敗積重難返，長安城內董卓荒淫無度、濫殺無辜，引起舉國義憤，而以曹操為首殲滅董卓，造就了群雄割據，至赤壁之戰後三國鼎立，再到司馬氏篡魏，天下歸晉為止，這個英雄輩出、波瀾壯闊的大傳奇時代終於結束。而其中的英雄人物和動人故事，仍被傳頌至今。"
          },
          {
            "content_id": "VOD00029246",
            "time_codes": [
              688000,
              1435000,
              2158000
            ],
            "timecode_duration": [],
            "length": 2728000,
            "asset_id": "vod9441-000081M001",
            "title": "",
            "subtitle": "第81集",
            "ep_number": 81,
            "rating": 1,
            "content_type": "drama",
            "p_start": 1740174600000,
            "vod_channel_description": "距今一千八百多年前，漢帝國衰敗積重難返，長安城內董卓荒淫無度、濫殺無辜，引起舉國義憤，而以曹操為首殲滅董卓，造就了群雄割據，至赤壁之戰後三國鼎立，再到司馬氏篡魏，天下歸晉為止，這個英雄輩出、波瀾壯闊的大傳奇時代終於結束。而其中的英雄人物和動人故事，仍被傳頌至今。"
          },
          {
            "content_id": "VOD00029247",
            "time_codes": [
              748000,
              1392000,
              2230000
            ],
            "timecode_duration": [],
            "length": 2744000,
            "asset_id": "vod9441-000082M001",
            "title": "",
            "subtitle": "第82集",
            "ep_number": 82,
            "rating": 1,
            "content_type": "drama",
            "p_start": 1740177600000,
            "vod_channel_description": "距今一千八百多年前，漢帝國衰敗積重難返，長安城內董卓荒淫無度、濫殺無辜，引起舉國義憤，而以曹操為首殲滅董卓，造就了群雄割據，至赤壁之戰後三國鼎立，再到司馬氏篡魏，天下歸晉為止，這個英雄輩出、波瀾壯闊的大傳奇時代終於結束。而其中的英雄人物和動人故事，仍被傳頌至今。"
          },
          {
            "content_id": "VOD00029248",
            "time_codes": [
              831000,
              1534000,
              2201000
            ],
            "timecode_duration": [],
            "length": 2775000,
            "asset_id": "vod9441-000083M001",
            "title": "",
            "subtitle": "第83集",
            "ep_number": 83,
            "rating": 1,
            "content_type": "drama",
            "p_start": 1740180600000,
            "vod_channel_description": "距今一千八百多年前，漢帝國衰敗積重難返，長安城內董卓荒淫無度、濫殺無辜，引起舉國義憤，而以曹操為首殲滅董卓，造就了群雄割據，至赤壁之戰後三國鼎立，再到司馬氏篡魏，天下歸晉為止，這個英雄輩出、波瀾壯闊的大傳奇時代終於結束。而其中的英雄人物和動人故事，仍被傳頌至今。"
          },
          {
            "content_id": "VOD00029249",
            "time_codes": [
              805000,
              1539000,
              2167000
            ],
            "timecode_duration": [],
            "length": 2783000,
            "asset_id": "vod9441-000084M001",
            "title": "",
            "subtitle": "第84集",
            "ep_number": 84,
            "rating": 1,
            "content_type": "drama",
            "p_start": 1740183600000,
            "vod_channel_description": "距今一千八百多年前，漢帝國衰敗積重難返，長安城內董卓荒淫無度、濫殺無辜，引起舉國義憤，而以曹操為首殲滅董卓，造就了群雄割據，至赤壁之戰後三國鼎立，再到司馬氏篡魏，天下歸晉為止，這個英雄輩出、波瀾壯闊的大傳奇時代終於結束。而其中的英雄人物和動人故事，仍被傳頌至今。"
          },
          {
            "content_id": "VOD00029250",
            "time_codes": [
              765000,
              1503000,
              2207000
            ],
            "timecode_duration": [],
            "length": 2786000,
            "asset_id": "vod9441-000085M001",
            "title": "",
            "subtitle": "第85集",
            "ep_number": 85,
            "rating": 1,
            "content_type": "drama",
            "p_start": 1740186600000,
            "vod_channel_description": "距今一千八百多年前，漢帝國衰敗積重難返，長安城內董卓荒淫無度、濫殺無辜，引起舉國義憤，而以曹操為首殲滅董卓，造就了群雄割據，至赤壁之戰後三國鼎立，再到司馬氏篡魏，天下歸晉為止，這個英雄輩出、波瀾壯闊的大傳奇時代終於結束。而其中的英雄人物和動人故事，仍被傳頌至今。"
          },
          {
            "content_id": "VOD00029251",
            "time_codes": [
              702000,
              1462000,
              2227000
            ],
            "timecode_duration": [],
            "length": 2742000,
            "asset_id": "vod9441-000086M001",
            "title": "",
            "subtitle": "第86集",
            "ep_number": 86,
            "rating": 1,
            "content_type": "drama",
            "p_start": 1740189600000,
            "vod_channel_description": "距今一千八百多年前，漢帝國衰敗積重難返，長安城內董卓荒淫無度、濫殺無辜，引起舉國義憤，而以曹操為首殲滅董卓，造就了群雄割據，至赤壁之戰後三國鼎立，再到司馬氏篡魏，天下歸晉為止，這個英雄輩出、波瀾壯闊的大傳奇時代終於結束。而其中的英雄人物和動人故事，仍被傳頌至今。"
          },
          {
            "content_id": "VOD00029252",
            "time_codes": [
              705000,
              1519000,
              2186000
            ],
            "timecode_duration": [],
            "length": 2779000,
            "asset_id": "vod9441-000087M001",
            "title": "",
            "subtitle": "第87集",
            "ep_number": 87,
            "rating": 1,
            "content_type": "drama",
            "p_start": 1740192600000,
            "vod_channel_description": "距今一千八百多年前，漢帝國衰敗積重難返，長安城內董卓荒淫無度、濫殺無辜，引起舉國義憤，而以曹操為首殲滅董卓，造就了群雄割據，至赤壁之戰後三國鼎立，再到司馬氏篡魏，天下歸晉為止，這個英雄輩出、波瀾壯闊的大傳奇時代終於結束。而其中的英雄人物和動人故事，仍被傳頌至今。"
          },
          {
            "content_id": "VOD00029253",
            "time_codes": [
              699000,
              1532000,
              2179000
            ],
            "timecode_duration": [],
            "length": 2769000,
            "asset_id": "vod9441-000088M001",
            "title": "",
            "subtitle": "第88集",
            "ep_number": 88,
            "rating": 1,
            "content_type": "drama",
            "p_start": 1740195600000,
            "vod_channel_description": "距今一千八百多年前，漢帝國衰敗積重難返，長安城內董卓荒淫無度、濫殺無辜，引起舉國義憤，而以曹操為首殲滅董卓，造就了群雄割據，至赤壁之戰後三國鼎立，再到司馬氏篡魏，天下歸晉為止，這個英雄輩出、波瀾壯闊的大傳奇時代終於結束。而其中的英雄人物和動人故事，仍被傳頌至今。"
          },
          {
            "content_id": "VOD00029254",
            "time_codes": [
              832000,
              1458000,
              2202000
            ],
            "timecode_duration": [],
            "length": 2754000,
            "asset_id": "vod9441-000089M001",
            "title": "",
            "subtitle": "第89集",
            "ep_number": 89,
            "rating": 1,
            "content_type": "drama",
            "p_start": 1740198600000,
            "vod_channel_description": "距今一千八百多年前，漢帝國衰敗積重難返，長安城內董卓荒淫無度、濫殺無辜，引起舉國義憤，而以曹操為首殲滅董卓，造就了群雄割據，至赤壁之戰後三國鼎立，再到司馬氏篡魏，天下歸晉為止，這個英雄輩出、波瀾壯闊的大傳奇時代終於結束。而其中的英雄人物和動人故事，仍被傳頌至今。"
          },
          {
            "content_id": "VOD00029255",
            "time_codes": [
              744000,
              1397000,
              2224000
            ],
            "timecode_duration": [],
            "length": 2785000,
            "asset_id": "vod9441-000090M001",
            "title": "",
            "subtitle": "第90集",
            "ep_number": 90,
            "rating": 1,
            "content_type": "drama",
            "p_start": 1740201600000,
            "vod_channel_description": "距今一千八百多年前，漢帝國衰敗積重難返，長安城內董卓荒淫無度、濫殺無辜，引起舉國義憤，而以曹操為首殲滅董卓，造就了群雄割據，至赤壁之戰後三國鼎立，再到司馬氏篡魏，天下歸晉為止，這個英雄輩出、波瀾壯闊的大傳奇時代終於結束。而其中的英雄人物和動人故事，仍被傳頌至今。"
          },
          {
            "content_id": "VOD00029256",
            "time_codes": [
              696000,
              1501000,
              2147000
            ],
            "timecode_duration": [],
            "length": 2760000,
            "asset_id": "vod9441-000091M001",
            "title": "",
            "subtitle": "第91集",
            "ep_number": 91,
            "rating": 1,
            "content_type": "drama",
            "p_start": 1740204600000,
            "vod_channel_description": "距今一千八百多年前，漢帝國衰敗積重難返，長安城內董卓荒淫無度、濫殺無辜，引起舉國義憤，而以曹操為首殲滅董卓，造就了群雄割據，至赤壁之戰後三國鼎立，再到司馬氏篡魏，天下歸晉為止，這個英雄輩出、波瀾壯闊的大傳奇時代終於結束。而其中的英雄人物和動人故事，仍被傳頌至今。"
          },
          {
            "content_id": "VOD00029257",
            "time_codes": [
              736000,
              1381000,
              2116000
            ],
            "timecode_duration": [],
            "length": 2769000,
            "asset_id": "vod9441-000092M001",
            "title": "",
            "subtitle": "第92集",
            "ep_number": 92,
            "rating": 1,
            "content_type": "drama",
            "p_start": 1740207600000,
            "vod_channel_description": "距今一千八百多年前，漢帝國衰敗積重難返，長安城內董卓荒淫無度、濫殺無辜，引起舉國義憤，而以曹操為首殲滅董卓，造就了群雄割據，至赤壁之戰後三國鼎立，再到司馬氏篡魏，天下歸晉為止，這個英雄輩出、波瀾壯闊的大傳奇時代終於結束。而其中的英雄人物和動人故事，仍被傳頌至今。"
          },
          {
            "content_id": "VOD00029258",
            "time_codes": [
              781000,
              1430000,
              2209000
            ],
            "timecode_duration": [],
            "length": 2767000,
            "asset_id": "vod9441-000093M001",
            "title": "",
            "subtitle": "第93集",
            "ep_number": 93,
            "rating": 1,
            "content_type": "drama",
            "p_start": 1740210600000,
            "vod_channel_description": "距今一千八百多年前，漢帝國衰敗積重難返，長安城內董卓荒淫無度、濫殺無辜，引起舉國義憤，而以曹操為首殲滅董卓，造就了群雄割據，至赤壁之戰後三國鼎立，再到司馬氏篡魏，天下歸晉為止，這個英雄輩出、波瀾壯闊的大傳奇時代終於結束。而其中的英雄人物和動人故事，仍被傳頌至今。"
          },
          {
            "content_id": "VOD00029259",
            "time_codes": [
              686000,
              1485000,
              2231000
            ],
            "timecode_duration": [],
            "length": 2781000,
            "asset_id": "vod9441-000094M001",
            "title": "",
            "subtitle": "第94集",
            "ep_number": 94,
            "rating": 1,
            "content_type": "drama",
            "p_start": 1740213600000,
            "vod_channel_description": "距今一千八百多年前，漢帝國衰敗積重難返，長安城內董卓荒淫無度、濫殺無辜，引起舉國義憤，而以曹操為首殲滅董卓，造就了群雄割據，至赤壁之戰後三國鼎立，再到司馬氏篡魏，天下歸晉為止，這個英雄輩出、波瀾壯闊的大傳奇時代終於結束。而其中的英雄人物和動人故事，仍被傳頌至今。"
          },
          {
            "content_id": "VOD00029260",
            "time_codes": [
              672000,
              1462000,
              2221000
            ],
            "timecode_duration": [],
            "length": 2770000,
            "asset_id": "vod9441-000095M001",
            "title": "",
            "subtitle": "第95集",
            "ep_number": 95,
            "rating": 1,
            "content_type": "drama",
            "p_start": 1740216600000,
            "vod_channel_description": "距今一千八百多年前，漢帝國衰敗積重難返，長安城內董卓荒淫無度、濫殺無辜，引起舉國義憤，而以曹操為首殲滅董卓，造就了群雄割據，至赤壁之戰後三國鼎立，再到司馬氏篡魏，天下歸晉為止，這個英雄輩出、波瀾壯闊的大傳奇時代終於結束。而其中的英雄人物和動人故事，仍被傳頌至今。"
          }
        ],
        "total_length": 262536000,
        "focus_index": 90,
        "next_index": 91,
        "time": 970183,
        "focus_program": {
          "content_id": "VOD00029256",
          "time_codes": [
            696000,
            1501000,
            2147000
          ],
          "timecode_duration": [],
          "length": 2760000,
          "asset_id": "vod9441-000091M001",
          "title": "",
          "subtitle": "第91集",
          "ep_number": 91,
          "rating": 1,
          "content_type": "drama",
          "p_start": 1740204600000,
          "vod_channel_description": "距今一千八百多年前，漢帝國衰敗積重難返，長安城內董卓荒淫無度、濫殺無辜，引起舉國義憤，而以曹操為首殲滅董卓，造就了群雄割據，至赤壁之戰後三國鼎立，再到司馬氏篡魏，天下歸晉為止，這個英雄輩出、波瀾壯闊的大傳奇時代終於結束。而其中的英雄人物和動人故事，仍被傳頌至今。"
        }
      },
      "station_categories": [
        {
          "Name": "戲劇",
          "EngName": "Drama",
          "MenuOrder": 7
        }
      ]
    },
    "introduction": {
      "image": "https://p-cdnstatic.svc.litv.tv/pics/vod_channel/logo_3383_ofiii103_mobile_20240626.png",
      "description": "《芈月傳》陸劇線上看。改編自蔣勝男的同名小說，內容講述戰國時期楚威王最寵愛的公主芈月（孫儷）的傳奇一生。她經歷楚國宮中危機、遠嫁秦國、諸子爭位等事件，最後扶持兒子嬴稷登基為王，芈月則成為史上第一個太后，史稱秦宣太后。",
      "href_maps": []
    },
    "recommends": [],
    "ua": "Mozilla/5.0 (Windows NT 10.0; Win64; x64) AppleWebKit/537.36 (KHTML, like Gecko) Chrome/91.0.4472.124 Safari/537.36"
  },
  "__N_SSP": true
}