{
  "pageProps": {
    "contentId": "ofiii154",
    "channel": {
      "title": "一把青",
      "no": 154,
      "charge_mode": "F",
      "content_id": "ofiii154",
      "content_type": "vod-channel",
      "epg_categories": [
        4
      ],
      "genres": [
        {
          "id": "",
          "name": "VOD_CHANNEL",
          "logo": ""
        }
      ],
      "liad_id": "VODCHNEWOFIWEB",
      "package_info_id": "VOD_CHANNEL_DELUX",
      "picture": "pics/vod_channel/logo_3077_ofiii154_tv_20250221.png",
      "provider": [
        {
          "id": "",
          "name": "公視 純拆",
          "logo": ""
        }
      ],
      "quality": "HD",
      "station_id": "station6011",
      "trial": "",
      "selectable": 1,
      "tr_logo": "pics/vod_channel/tr_logo_1695205079.png",
      "tl_logo": "",
      "br_logo": "",
      "bl_logo": "",
      "menu_type": 1,
      "vod_channel_schedule": {
        "channel_id": 154,
        "cdn_code": "ofiii154",
        "start_time": 1762167942000,
        "programs": [
          {
            "content_id": "VOD00295482",
            "time_codes": [
              786000,
              1476000,
              2220000,
              2938000
            ],
            "timecode_duration": [],
            "length": 3153000,
            "asset_id": "vod64603-000001M001",
            "title": "",
            "subtitle": "第1集",
            "ep_number": 1,
            "rating": 1,
            "content_type": "drama",
            "p_start": 1740145800000,
            "vod_channel_description": "1945年抗戰勝利，男人們的戰爭結束了，女人們的才開始。朱青，師娘，小周，三個女人，雖然曾相互背叛、傷害，但依然守著對方那臉上淡去的紅妝及滄桑…血灑藍天的男人看不到為之奮戰的王朝，城邑傾滅後的殘恒，女人才能得見，才是見證…"
          },
          {
            "content_id": "VOD00295483",
            "time_codes": [
              730000,
              1385000,
              2172000
            ],
            "timecode_duration": [],
            "length": 3045000,
            "asset_id": "vod64603-000002M001",
            "title": "",
            "subtitle": "第2集",
            "ep_number": 2,
            "rating": 1,
            "content_type": "drama",
            "p_start": 1740149100000,
            "vod_channel_description": "1945年抗戰勝利，男人們的戰爭結束了，女人們的才開始。朱青，師娘，小周，三個女人，雖然曾相互背叛、傷害，但依然守著對方那臉上淡去的紅妝及滄桑…血灑藍天的男人看不到為之奮戰的王朝，城邑傾滅後的殘恒，女人才能得見，才是見證…"
          },
          {
            "content_id": "VOD00295484",
            "time_codes": [
              725000,
              1405000,
              2142000
            ],
            "timecode_duration": [],
            "length": 3025000,
            "asset_id": "vod64603-000003M001",
            "title": "",
            "subtitle": "第3集",
            "ep_number": 3,
            "rating": 1,
            "content_type": "drama",
            "p_start": 1740152400000,
            "vod_channel_description": "1945年抗戰勝利，男人們的戰爭結束了，女人們的才開始。朱青，師娘，小周，三個女人，雖然曾相互背叛、傷害，但依然守著對方那臉上淡去的紅妝及滄桑…血灑藍天的男人看不到為之奮戰的王朝，城邑傾滅後的殘恒，女人才能得見，才是見證…"
          },
          {
            "content_id": "VOD00295485",
            "time_codes": [
              685000,
              1503000,
              2180000,
              2864000
            ],
            "timecode_duration": [],
            "length": 3135000,
            "asset_id": "vod64603-000004M001",
            "title": "",
            "subtitle": "第4集",
            "ep_number": 4,
            "rating": 1,
            "content_type": "drama",
            "p_start": 1740155700000,
            "vod_channel_description": "1945年抗戰勝利，男人們的戰爭結束了，女人們的才開始。朱青，師娘，小周，三個女人，雖然曾相互背叛、傷害，但依然守著對方那臉上淡去的紅妝及滄桑…血灑藍天的男人看不到為之奮戰的王朝，城邑傾滅後的殘恒，女人才能得見，才是見證…"
          },
          {
            "content_id": "VOD00295486",
            "time_codes": [
              672000,
              1477000,
              2175000,
              2919000
            ],
            "timecode_duration": [],
            "length": 3125000,
            "asset_id": "vod64603-000005M001",
            "title": "",
            "subtitle": "第5集",
            "ep_number": 5,
            "rating": 1,
            "content_type": "drama",
            "p_start": 1740159000000,
            "vod_channel_description": "1945年抗戰勝利，男人們的戰爭結束了，女人們的才開始。朱青，師娘，小周，三個女人，雖然曾相互背叛、傷害，但依然守著對方那臉上淡去的紅妝及滄桑…血灑藍天的男人看不到為之奮戰的王朝，城邑傾滅後的殘恒，女人才能得見，才是見證…"
          },
          {
            "content_id": "VOD00295487",
            "time_codes": [
              758000,
              1390000,
              2220000,
              2847000
            ],
            "timecode_duration": [],
            "length": 3154000,
            "asset_id": "vod64603-000006M001",
            "title": "",
            "subtitle": "第6集",
            "ep_number": 6,
            "rating": 1,
            "content_type": "drama",
            "p_start": 1740162300000,
            "vod_channel_description": "1945年抗戰勝利，男人們的戰爭結束了，女人們的才開始。朱青，師娘，小周，三個女人，雖然曾相互背叛、傷害，但依然守著對方那臉上淡去的紅妝及滄桑…血灑藍天的男人看不到為之奮戰的王朝，城邑傾滅後的殘恒，女人才能得見，才是見證…"
          },
          {
            "content_id": "VOD00295488",
            "time_codes": [
              665000,
              1453000,
              2168000
            ],
            "timecode_duration": [],
            "length": 3020000,
            "asset_id": "vod64603-000007M001",
            "title": "",
            "subtitle": "第7集",
            "ep_number": 7,
            "rating": 1,
            "content_type": "drama",
            "p_start": 1740165600000,
            "vod_channel_description": "1945年抗戰勝利，男人們的戰爭結束了，女人們的才開始。朱青，師娘，小周，三個女人，雖然曾相互背叛、傷害，但依然守著對方那臉上淡去的紅妝及滄桑…血灑藍天的男人看不到為之奮戰的王朝，城邑傾滅後的殘恒，女人才能得見，才是見證…"
          },
          {
            "content_id": "VOD00295489",
            "time_codes": [
              658000,
              1390000,
              2112000,
              2898000
            ],
            "timecode_duration": [],
            "length": 3136000,
            "asset_id": "vod64603-000008M001",
            "title": "",
            "subtitle": "第8集",
            "ep_number": 8,
            "rating": 1,
            "content_type": "drama",
            "p_start": 1740168900000,
            "vod_channel_description": "1945年抗戰勝利，男人們的戰爭結束了，女人們的才開始。朱青，師娘，小周，三個女人，雖然曾相互背叛、傷害，但依然守著對方那臉上淡去的紅妝及滄桑…血灑藍天的男人看不到為之奮戰的王朝，城邑傾滅後的殘恒，女人才能得見，才是見證…"
          },
          {
            "content_id": "VOD00295490",
            "time_codes": [
              780000,
              1452000,
              2203000,
              2868000
            ],
            "timecode_duration": [],
            "length": 3115000,
            "asset_id": "vod64603-000009M001",
            "title": "",
            "subtitle": "第9集",
            "ep_number": 9,
            "rating": 1,
            "content_type": "drama",
            "p_start": 1740172200000,
            "vod_channel_description": "1945年抗戰勝利，男人們的戰爭結束了，女人們的才開始。朱青，師娘，小周，三個女人，雖然曾相互背叛、傷害，但依然守著對方那臉上淡去的紅妝及滄桑…血灑藍天的男人看不到為之奮戰的王朝，城邑傾滅後的殘恒，女人才能得見，才是見證…"
          },
          {
            "content_id": "VOD00295491",
            "time_codes": [
              751000,
              1410000,
              2216000
            ],
            "timecode_duration": [],
            "length": 3089000,
            "asset_id": "vod64603-000010M001",
            "title": "",
            "subtitle": "第10集",
            "ep_number": 10,
            "rating": 1,
            "content_type": "drama",
            "p_start": 1740175500000,
            "vod_channel_description": "1945年抗戰勝利，男人們的戰爭結束了，女人們的才開始。朱青，師娘，小周，三個女人，雖然曾相互背叛、傷害，但依然守著對方那臉上淡去的紅妝及滄桑…血灑藍天的男人看不到為之奮戰的王朝，城邑傾滅後的殘恒，女人才能得見，才是見證…"
          },
          {
            "content_id": "VOD00295492",
            "time_codes": [
              715000,
              1525000,
              2218000,
              2854000
            ],
            "timecode_duration": [],
            "length": 3195000,
            "asset_id": "vod64603-000011M001",
            "title": "",
            "subtitle": "第11集",
            "ep_number": 11,
            "rating": 1,
            "content_type": "drama",
            "p_start": 1740178800000,
            "vod_channel_description": "1945年抗戰勝利，男人們的戰爭結束了，女人們的才開始。朱青，師娘，小周，三個女人，雖然曾相互背叛、傷害，但依然守著對方那臉上淡去的紅妝及滄桑…血灑藍天的男人看不到為之奮戰的王朝，城邑傾滅後的殘恒，女人才能得見，才是見證…"
          },
          {
            "content_id": "VOD00295493",
            "time_codes": [
              674000,
              1526000,
              2109000,
              2820000
            ],
            "timecode_duration": [],
            "length": 3145000,
            "asset_id": "vod64603-000012M001",
            "title": "",
            "subtitle": "第12集",
            "ep_number": 12,
            "rating": 1,
            "content_type": "drama",
            "p_start": 1740182100000,
            "vod_channel_description": "1945年抗戰勝利，男人們的戰爭結束了，女人們的才開始。朱青，師娘，小周，三個女人，雖然曾相互背叛、傷害，但依然守著對方那臉上淡去的紅妝及滄桑…血灑藍天的男人看不到為之奮戰的王朝，城邑傾滅後的殘恒，女人才能得見，才是見證…"
          },
          {
            "content_id": "VOD00295494",
            "time_codes": [
              686000,
              1556000,
              2180000,
              2820000
            ],
            "timecode_duration": [],
            "length": 3170000,
            "asset_id": "vod64603-000013M001",
            "title": "",
            "subtitle": "第13集",
            "ep_number": 13,
            "rating": 1,
            "content_type": "drama",
            "p_start": 1740185400000,
            "vod_channel_description": "1945年抗戰勝利，男人們的戰爭結束了，女人們的才開始。朱青，師娘，小周，三個女人，雖然曾相互背叛、傷害，但依然守著對方那臉上淡去的紅妝及滄桑…血灑藍天的男人看不到為之奮戰的王朝，城邑傾滅後的殘恒，女人才能得見，才是見證…"
          },
          {
            "content_id": "VOD00295495",
            "time_codes": [
              810000,
              1441000,
              2127000,
              2833000
            ],
            "timecode_duration": [],
            "length": 3070000,
            "asset_id": "vod64603-000014M001",
            "title": "",
            "subtitle": "第14集",
            "ep_number": 14,
            "rating": 1,
            "content_type": "drama",
            "p_start": 1740188700000,
            "vod_channel_description": "1945年抗戰勝利，男人們的戰爭結束了，女人們的才開始。朱青，師娘，小周，三個女人，雖然曾相互背叛、傷害，但依然守著對方那臉上淡去的紅妝及滄桑…血灑藍天的男人看不到為之奮戰的王朝，城邑傾滅後的殘恒，女人才能得見，才是見證…"
          },
          {
            "content_id": "VOD00295496",
            "time_codes": [
              681000,
              1431000,
              2190000,
              2901000
            ],
            "timecode_duration": [],
            "length": 3120000,
            "asset_id": "vod64603-000015M001",
            "title": "",
            "subtitle": "第15集",
            "ep_number": 15,
            "rating": 1,
            "content_type": "drama",
            "p_start": 1740192000000,
            "vod_channel_description": "1945年抗戰勝利，男人們的戰爭結束了，女人們的才開始。朱青，師娘，小周，三個女人，雖然曾相互背叛、傷害，但依然守著對方那臉上淡去的紅妝及滄桑…血灑藍天的男人看不到為之奮戰的王朝，城邑傾滅後的殘恒，女人才能得見，才是見證…"
          },
          {
            "content_id": "VOD00295497",
            "time_codes": [
              765000,
              1375000,
              2159000,
              2785000
            ],
            "timecode_duration": [],
            "length": 3146000,
            "asset_id": "vod64603-000016M001",
            "title": "",
            "subtitle": "第16集",
            "ep_number": 16,
            "rating": 1,
            "content_type": "drama",
            "p_start": 1740195300000,
            "vod_channel_description": "1945年抗戰勝利，男人們的戰爭結束了，女人們的才開始。朱青，師娘，小周，三個女人，雖然曾相互背叛、傷害，但依然守著對方那臉上淡去的紅妝及滄桑…血灑藍天的男人看不到為之奮戰的王朝，城邑傾滅後的殘恒，女人才能得見，才是見證…"
          },
          {
            "content_id": "VOD00295498",
            "time_codes": [
              786000,
              1489000,
              2177000,
              2251000
            ],
            "timecode_duration": [],
            "length": 3151000,
            "asset_id": "vod64603-000017M001",
            "title": "",
            "subtitle": "第17集",
            "ep_number": 17,
            "rating": 1,
            "content_type": "drama",
            "p_start": 1740198600000,
            "vod_channel_description": "1945年抗戰勝利，男人們的戰爭結束了，女人們的才開始。朱青，師娘，小周，三個女人，雖然曾相互背叛、傷害，但依然守著對方那臉上淡去的紅妝及滄桑…血灑藍天的男人看不到為之奮戰的王朝，城邑傾滅後的殘恒，女人才能得見，才是見證…"
          },
          {
            "content_id": "VOD00295499",
            "time_codes": [
              706000,
              1410000,
              2184000,
              2821000
            ],
            "timecode_duration": [],
            "length": 3120000,
            "asset_id": "vod64603-000018M001",
            "title": "",
            "subtitle": "第18集",
            "ep_number": 18,
            "rating": 1,
            "content_type": "drama",
            "p_start": 1740201900000,
            "vod_channel_description": "1945年抗戰勝利，男人們的戰爭結束了，女人們的才開始。朱青，師娘，小周，三個女人，雖然曾相互背叛、傷害，但依然守著對方那臉上淡去的紅妝及滄桑…血灑藍天的男人看不到為之奮戰的王朝，城邑傾滅後的殘恒，女人才能得見，才是見證…"
          },
          {
            "content_id": "VOD00295500",
            "time_codes": [
              748000,
              1401000,
              2108000,
              2809000
            ],
            "timecode_duration": [],
            "length": 3215000,
            "asset_id": "vod64603-000019M001",
            "title": "",
            "subtitle": "第19集",
            "ep_number": 19,
            "rating": 1,
            "content_type": "drama",
            "p_start": 1740205200000,
            "vod_channel_description": "1945年抗戰勝利，男人們的戰爭結束了，女人們的才開始。朱青，師娘，小周，三個女人，雖然曾相互背叛、傷害，但依然守著對方那臉上淡去的紅妝及滄桑…血灑藍天的男人看不到為之奮戰的王朝，城邑傾滅後的殘恒，女人才能得見，才是見證…"
          },
          {
            "content_id": "VOD00295501",
            "time_codes": [
              752000,
              1502000,
              2176000,
              2860000
            ],
            "timecode_duration": [],
            "length": 3170000,
            "asset_id": "vod64603-000020M001",
            "title": "",
            "subtitle": "第20集",
            "ep_number": 20,
            "rating": 1,
            "content_type": "drama",
            "p_start": 1740208500000,
            "vod_channel_description": "1945年抗戰勝利，男人們的戰爭結束了，女人們的才開始。朱青，師娘，小周，三個女人，雖然曾相互背叛、傷害，但依然守著對方那臉上淡去的紅妝及滄桑…血灑藍天的男人看不到為之奮戰的王朝，城邑傾滅後的殘恒，女人才能得見，才是見證…"
          },
          {
            "content_id": "VOD00295502",
            "time_codes": [
              794000,
              1491000,
              2234000,
              2837000
            ],
            "timecode_duration": [],
            "length": 3075000,
            "asset_id": "vod64603-000021M001",
            "title": "",
            "subtitle": "第21集",
            "ep_number": 21,
            "rating": 1,
            "content_type": "drama",
            "p_start": 1740211800000,
            "vod_channel_description": "1945年抗戰勝利，男人們的戰爭結束了，女人們的才開始。朱青，師娘，小周，三個女人，雖然曾相互背叛、傷害，但依然守著對方那臉上淡去的紅妝及滄桑…血灑藍天的男人看不到為之奮戰的王朝，城邑傾滅後的殘恒，女人才能得見，才是見證…"
          },
          {
            "content_id": "VOD00295503",
            "time_codes": [
              674000,
              1462000,
              2120000
            ],
            "timecode_duration": [],
            "length": 3070000,
            "asset_id": "vod64603-000022M001",
            "title": "",
            "subtitle": "第22集",
            "ep_number": 22,
            "rating": 1,
            "content_type": "drama",
            "p_start": 1740215100000,
            "vod_channel_description": "1945年抗戰勝利，男人們的戰爭結束了，女人們的才開始。朱青，師娘，小周，三個女人，雖然曾相互背叛、傷害，但依然守著對方那臉上淡去的紅妝及滄桑…血灑藍天的男人看不到為之奮戰的王朝，城邑傾滅後的殘恒，女人才能得見，才是見證…"
          },
          {
            "content_id": "VOD00295504",
            "time_codes": [
              817000,
              1470000,
              2167000,
              2861000
            ],
            "timecode_duration": [],
            "length": 3165000,
            "asset_id": "vod64603-000023M001",
            "title": "",
            "subtitle": "第23集",
            "ep_number": 23,
            "rating": 1,
            "content_type": "drama",
            "p_start": 1740218400000,
            "vod_channel_description": "1945年抗戰勝利，男人們的戰爭結束了，女人們的才開始。朱青，師娘，小周，三個女人，雖然曾相互背叛、傷害，但依然守著對方那臉上淡去的紅妝及滄桑…血灑藍天的男人看不到為之奮戰的王朝，城邑傾滅後的殘恒，女人才能得見，才是見證…"
          },
          {
            "content_id": "VOD00295505",
            "time_codes": [
              695000,
              1503000,
              2162000,
              2911000
            ],
            "timecode_duration": [],
            "length": 3201000,
            "asset_id": "vod64603-000024M001",
            "title": "",
            "subtitle": "第24集",
            "ep_number": 24,
            "rating": 1,
            "content_type": "drama",
            "p_start": 1740221700000,
            "vod_channel_description": "1945年抗戰勝利，男人們的戰爭結束了，女人們的才開始。朱青，師娘，小周，三個女人，雖然曾相互背叛、傷害，但依然守著對方那臉上淡去的紅妝及滄桑…血灑藍天的男人看不到為之奮戰的王朝，城邑傾滅後的殘恒，女人才能得見，才是見證…"
          },
          {
            "content_id": "VOD00295506",
            "time_codes": [
              760000,
              1412000,
              2130000,
              2836000
            ],
            "timecode_duration": [],
            "length": 3146000,
            "asset_id": "vod64603-000025M001",
            "title": "",
            "subtitle": "第25集",
            "ep_number": 25,
            "rating": 1,
            "content_type": "drama",
            "p_start": 1740225000000,
            "vod_channel_description": "1945年抗戰勝利，男人們的戰爭結束了，女人們的才開始。朱青，師娘，小周，三個女人，雖然曾相互背叛、傷害，但依然守著對方那臉上淡去的紅妝及滄桑…血灑藍天的男人看不到為之奮戰的王朝，城邑傾滅後的殘恒，女人才能得見，才是見證…"
          },
          {
            "content_id": "VOD00295507",
            "time_codes": [
              800000,
              1535000,
              2248000,
              2850000
            ],
            "timecode_duration": [],
            "length": 3156000,
            "asset_id": "vod64603-000026M001",
            "title": "",
            "subtitle": "第26集",
            "ep_number": 26,
            "rating": 1,
            "content_type": "drama",
            "p_start": 1740228300000,
            "vod_channel_description": "1945年抗戰勝利，男人們的戰爭結束了，女人們的才開始。朱青，師娘，小周，三個女人，雖然曾相互背叛、傷害，但依然守著對方那臉上淡去的紅妝及滄桑…血灑藍天的男人看不到為之奮戰的王朝，城邑傾滅後的殘恒，女人才能得見，才是見證…"
          },
          {
            "content_id": "VOD00295508",
            "time_codes": [
              777000,
              1544000,
              2201000,
              2912000
            ],
            "timecode_duration": [],
            "length": 3136000,
            "asset_id": "vod64603-000027M001",
            "title": "",
            "subtitle": "第27集",
            "ep_number": 27,
            "rating": 1,
            "content_type": "drama",
            "p_start": 1740231600000,
            "vod_channel_description": "1945年抗戰勝利，男人們的戰爭結束了，女人們的才開始。朱青，師娘，小周，三個女人，雖然曾相互背叛、傷害，但依然守著對方那臉上淡去的紅妝及滄桑…血灑藍天的男人看不到為之奮戰的王朝，城邑傾滅後的殘恒，女人才能得見，才是見證…"
          },
          {
            "content_id": "VOD00295509",
            "time_codes": [
              724000,
              1394000,
              2137000,
              2816000
            ],
            "timecode_duration": [],
            "length": 3096000,
            "asset_id": "vod64603-000028M001",
            "title": "",
            "subtitle": "第28集",
            "ep_number": 28,
            "rating": 1,
            "content_type": "drama",
            "p_start": 1740234900000,
            "vod_channel_description": "1945年抗戰勝利，男人們的戰爭結束了，女人們的才開始。朱青，師娘，小周，三個女人，雖然曾相互背叛、傷害，但依然守著對方那臉上淡去的紅妝及滄桑…血灑藍天的男人看不到為之奮戰的王朝，城邑傾滅後的殘恒，女人才能得見，才是見證…"
          },
          {
            "content_id": "VOD00295510",
            "time_codes": [
              731000,
              1424000,
              2200000
            ],
            "timecode_duration": [],
            "length": 2900000,
            "asset_id": "vod64603-000029M001",
            "title": "",
            "subtitle": "第29集",
            "ep_number": 29,
            "rating": 1,
            "content_type": "drama",
            "p_start": 1740238200000,
            "vod_channel_description": "1945年抗戰勝利，男人們的戰爭結束了，女人們的才開始。朱青，師娘，小周，三個女人，雖然曾相互背叛、傷害，但依然守著對方那臉上淡去的紅妝及滄桑…血灑藍天的男人看不到為之奮戰的王朝，城邑傾滅後的殘恒，女人才能得見，才是見證…"
          },
          {
            "content_id": "VOD00295511",
            "time_codes": [
              765000,
              1384000,
              2200000,
              2898000
            ],
            "timecode_duration": [],
            "length": 3200000,
            "asset_id": "vod64603-000030M001",
            "title": "",
            "subtitle": "第30集",
            "ep_number": 30,
            "rating": 1,
            "content_type": "drama",
            "p_start": 1740241200000,
            "vod_channel_description": "1945年抗戰勝利，男人們的戰爭結束了，女人們的才開始。朱青，師娘，小周，三個女人，雖然曾相互背叛、傷害，但依然守著對方那臉上淡去的紅妝及滄桑…血灑藍天的男人看不到為之奮戰的王朝，城邑傾滅後的殘恒，女人才能得見，才是見證…"
          },
          {
            "content_id": "VOD00295512",
            "time_codes": [
              710000,
              1505000,
              2182000,
              2870000,
              3644000,
              4332000
            ],
            "timecode_duration": [],
            "length": 5110000,
            "asset_id": "vod64603-000031M001",
            "title": "",
            "subtitle": "第31集",
            "ep_number": 31,
            "rating": 1,
            "content_type": "drama",
            "p_start": 1740244500000,
            "vod_channel_description": "1945年抗戰勝利，男人們的戰爭結束了，女人們的才開始。朱青，師娘，小周，三個女人，雖然曾相互背叛、傷害，但依然守著對方那臉上淡去的紅妝及滄桑…血灑藍天的男人看不到為之奮戰的王朝，城邑傾滅後的殘恒，女人才能得見，才是見證…"
          }
        ],
        "total_length": 98754000,
        "focus_index": 22,
        "next_index": 23,
        "time": 837202,
        "focus_program": {
          "content_id": "VOD00295504",
          "time_codes": [
            817000,
            1470000,
            2167000,
            2861000
          ],
          "timecode_duration": [],
          "length": 3165000,
          "asset_id": "vod64603-000023M001",
          "title": "",
          "subtitle": "第23集",
          "ep_number": 23,
          "rating": 1,
          "content_type": "drama",
          "p_start": 1740218400000,
          "vod_channel_description": "1945年抗戰勝利，男人們的戰爭結束了，女人們的才開始。朱青，師娘，小周，三個女人，雖然曾相互背叛、傷害，但依然守著對方那臉上淡去的紅妝及滄桑…血灑藍天的男人看不到為之奮戰的王朝，城邑傾滅後的殘恒，女人才能得見，才是見證…"
        }
      },
      "station_categories": [
        {
          "Name": "戲劇",
          "EngName": "Drama",
          "MenuOrder": 7
        }
      ]
    },
    "introduction": {
      "image": "https://p-cdnstatic.svc.litv.tv/pics/vod_channel/logo_3077_ofiii154_mobile_20230920.png",
      "description": "",
      "href_maps": []
    },
    "recommends": [],
    "ua": "Mozilla/5.0 (Windows NT 10.0; Win64; x64) AppleWebKit/537.36 (KHTML, like Gecko) Chrome/91.0.4472.124 Safari/537.36"
  },
  "__N_SSP": true
}