{
  "pageProps": {
    "contentId": "ofiii211",
    "channel": {
      "title": "民視異言堂",
      "no": 211,
      "charge_mode": "F",
      "content_id": "ofiii211",
      "content_type": "vod-channel",
      "epg_categories": [
        5
      ],
      "genres": [
        {
          "id": "",
          "name": "VOD_CHANNEL",
          "logo": ""
        }
      ],
      "liad_id": "VODCHNEWOFIWEB",
      "package_info_id": "VOD_CHANNEL_DELUX",
      "picture": "pics/vod_channel/logo_3884_ofiii211_tv_20250924.png",
      "provider": [
        {
          "id": "",
          "name": "民視",
          "logo": ""
        }
      ],
      "quality": "HD",
      "station_id": "station6818",
      "trial": "",
      "selectable": 1,
      "tr_logo": "pics/vod_channel/tr_logo_1758696683.png",
      "tl_logo": "",
      "br_logo": "",
      "bl_logo": "",
      "menu_type": 0,
      "vod_channel_schedule": {
        "channel_id": 211,
        "cdn_code": "ofiii211",
        "start_time": 1762185000000,
        "programs": [
          {
            "content_id": "VOD00370953",
            "time_codes": [
              948000
            ],
            "timecode_duration": [],
            "length": 1877000,
            "asset_id": "vod79240-000001M001",
            "title": "",
            "subtitle": "金豆詐騙 家破人亡｜大樹殺人事件簿",
            "ep_number": 1,
            "rating": 1,
            "content_type": "show",
            "p_start": 1762185000000,
            "vod_channel_description": "《民視異言堂》是一個時事專題討論節目，內容包括是記者專訪的時事專題或生活話題。"
          },
          {
            "content_id": "VOD00370954",
            "time_codes": [
              926000,
              1847000
            ],
            "timecode_duration": [],
            "length": 2747000,
            "asset_id": "vod79240-000002M001",
            "title": "",
            "subtitle": "英勇殉職的背後｜別搶走我家的風｜手足特留分 存與廢",
            "ep_number": 2,
            "rating": 1,
            "content_type": "show",
            "p_start": 1762187100000,
            "vod_channel_description": "《民視異言堂》是一個時事專題討論節目，內容包括是記者專訪的時事專題或生活話題。"
          },
          {
            "content_id": "VOD00370955",
            "time_codes": [
              926000,
              1821000
            ],
            "timecode_duration": [],
            "length": 2736000,
            "asset_id": "vod79240-000003M001",
            "title": "",
            "subtitle": "風災過後 電力之殤｜租屋蟑螂 我家變你家｜租屋蟑螂 剋蟑部隊",
            "ep_number": 3,
            "rating": 1,
            "content_type": "show",
            "p_start": 1762190100000,
            "vod_channel_description": "《民視異言堂》是一個時事專題討論節目，內容包括是記者專訪的時事專題或生活話題。"
          },
          {
            "content_id": "VOD00370956",
            "time_codes": [
              913000
            ],
            "timecode_duration": [],
            "length": 1831000,
            "asset_id": "vod79240-000004M001",
            "title": "",
            "subtitle": "血的代價：我不是白老鼠｜熟齡網紅 追起來！",
            "ep_number": 4,
            "rating": 1,
            "content_type": "show",
            "p_start": 1762193100000,
            "vod_channel_description": "《民視異言堂》是一個時事專題討論節目，內容包括是記者專訪的時事專題或生活話題。"
          },
          {
            "content_id": "VOD00370957",
            "time_codes": [
              943000,
              1862000
            ],
            "timecode_duration": [],
            "length": 2780000,
            "asset_id": "vod79240-000005M001",
            "title": "",
            "subtitle": "厝尾頂 作風颱｜川普關稅海嘯來了｜找回消失的水圳",
            "ep_number": 5,
            "rating": 1,
            "content_type": "show",
            "p_start": 1762195200000,
            "vod_channel_description": "《民視異言堂》是一個時事專題討論節目，內容包括是記者專訪的時事專題或生活話題。"
          },
          {
            "content_id": "VOD00370958",
            "time_codes": [
              946000
            ],
            "timecode_duration": [],
            "length": 1850000,
            "asset_id": "vod79240-000006M001",
            "title": "",
            "subtitle": "抓內鬼，誰是第五縱隊？｜保衛珊瑚 追「棘」令",
            "ep_number": 6,
            "rating": 1,
            "content_type": "show",
            "p_start": 1762198200000,
            "vod_channel_description": "《民視異言堂》是一個時事專題討論節目，內容包括是記者專訪的時事專題或生活話題。"
          },
          {
            "content_id": "VOD00370959",
            "time_codes": [
              918000
            ],
            "timecode_duration": [],
            "length": 1824000,
            "asset_id": "vod79240-000007M001",
            "title": "",
            "subtitle": "過個馬路 不簡單｜美味鮮蚵 殼以重生",
            "ep_number": 7,
            "rating": 1,
            "content_type": "show",
            "p_start": 1762200300000,
            "vod_channel_description": "《民視異言堂》是一個時事專題討論節目，內容包括是記者專訪的時事專題或生活話題。"
          },
          {
            "content_id": "VOD00370960",
            "time_codes": [
              886000
            ],
            "timecode_duration": [],
            "length": 1818000,
            "asset_id": "vod79240-000008M001",
            "title": "",
            "subtitle": "海纜頻斷 數位孤島危機｜三貂嶺隧道的選擇題",
            "ep_number": 8,
            "rating": 1,
            "content_type": "show",
            "p_start": 1762202400000,
            "vod_channel_description": "《民視異言堂》是一個時事專題討論節目，內容包括是記者專訪的時事專題或生活話題。"
          },
          {
            "content_id": "VOD00370961",
            "time_codes": [
              920000,
              1846000
            ],
            "timecode_duration": [],
            "length": 2763000,
            "asset_id": "vod79240-000009M001",
            "title": "",
            "subtitle": "詐乾高學歷？｜家暴保護令失靈？！｜聽！客語新聲",
            "ep_number": 9,
            "rating": 1,
            "content_type": "show",
            "p_start": 1762204500000,
            "vod_channel_description": "《民視異言堂》是一個時事專題討論節目，內容包括是記者專訪的時事專題或生活話題。"
          },
          {
            "content_id": "VOD00370962",
            "time_codes": [
              1077000,
              1834000
            ],
            "timecode_duration": [],
            "length": 2733000,
            "asset_id": "vod79240-000010M001",
            "title": "",
            "subtitle": "終戰80 解鎖三叉山｜美味桔醬 翻轉客庄｜泥流預警 AI防災考驗",
            "ep_number": 10,
            "rating": 1,
            "content_type": "show",
            "p_start": 1762207500000,
            "vod_channel_description": "《民視異言堂》是一個時事專題討論節目，內容包括是記者專訪的時事專題或生活話題。"
          },
          {
            "content_id": "VOD00375608",
            "time_codes": [
              903000
            ],
            "timecode_duration": [],
            "length": 1847000,
            "asset_id": "vod79240-000011M001",
            "title": "",
            "subtitle": "天災考驗 科技助攻｜超人醫師 南迴告別曲",
            "ep_number": 11,
            "rating": 1,
            "content_type": "show",
            "p_start": 1762210500000,
            "vod_channel_description": "《民視異言堂》是一個時事專題討論節目，內容包括是記者專訪的時事專題或生活話題。"
          },
          {
            "content_id": "VOD00375609",
            "time_codes": [
              466000,
              1010000,
              1801000
            ],
            "timecode_duration": [],
            "length": 2676000,
            "asset_id": "vod79240-000012M001",
            "title": "",
            "subtitle": "堰塞湖—山上來的海嘯｜堰塞湖—明天過後｜先搏鬥 再讓坐？｜護國神山 我來助攻",
            "ep_number": 12,
            "rating": 1,
            "content_type": "show",
            "p_start": 1762212600000,
            "vod_channel_description": "《民視異言堂》是一個時事專題討論節目，內容包括是記者專訪的時事專題或生活話題。"
          },
          {
            "content_id": "VOD00375610",
            "time_codes": [
              882000
            ],
            "timecode_duration": [],
            "length": 1769000,
            "asset_id": "vod79240-000013M001",
            "title": "",
            "subtitle": "噓！請小聲 寧靜上路｜呼喚‧安老家園",
            "ep_number": 13,
            "rating": 1,
            "content_type": "show",
            "p_start": 1762215600000,
            "vod_channel_description": "《民視異言堂》是一個時事專題討論節目，內容包括是記者專訪的時事專題或生活話題。"
          },
          {
            "content_id": "VOD00375611",
            "time_codes": [
              977000,
              1830000,
              16740000
            ],
            "timecode_duration": [],
            "length": 2736000,
            "asset_id": "vod79240-000014M001",
            "title": "",
            "subtitle": "洪災過後 鏟子超人｜洪災過後 復原之路｜走戲 看戲 好戲上場！｜潛進夢想 勇敢的美人魚",
            "ep_number": 14,
            "rating": 1,
            "content_type": "show",
            "p_start": 1762217700000,
            "vod_channel_description": "《民視異言堂》是一個時事專題討論節目，內容包括是記者專訪的時事專題或生活話題。"
          },
          {
            "content_id": "VOD00375612",
            "time_codes": [
              887000,
              1817000
            ],
            "timecode_duration": [],
            "length": 2746000,
            "asset_id": "vod79240-000015M001",
            "title": "",
            "subtitle": "揭密 東南亞詐騙真相｜詐團車手的懺悔｜接住不一樣的天使",
            "ep_number": 15,
            "rating": 1,
            "content_type": "show",
            "p_start": 1762220700000,
            "vod_channel_description": "《民視異言堂》是一個時事專題討論節目，內容包括是記者專訪的時事專題或生活話題。"
          },
          {
            "content_id": "VOD00375613",
            "time_codes": [
              1012000,
              1831000
            ],
            "timecode_duration": [],
            "length": 2727000,
            "asset_id": "vod79240-000016M001",
            "title": "",
            "subtitle": "黑豬產業 關鍵抉擇｜同島一命 非洲豬瘟out｜湧敢前進！無障愛大海",
            "ep_number": 16,
            "rating": 1,
            "content_type": "show",
            "p_start": 1762223700000,
            "vod_channel_description": "《民視異言堂》是一個時事專題討論節目，內容包括是記者專訪的時事專題或生活話題。"
          }
        ],
        "total_length": 37460000,
        "focus_index": 6,
        "next_index": 7,
        "time": 1271589,
        "focus_program": {
          "content_id": "VOD00370959",
          "time_codes": [
            918000
          ],
          "timecode_duration": [],
          "length": 1824000,
          "asset_id": "vod79240-000007M001",
          "title": "",
          "subtitle": "過個馬路 不簡單｜美味鮮蚵 殼以重生",
          "ep_number": 7,
          "rating": 1,
          "content_type": "show",
          "p_start": 1762200300000,
          "vod_channel_description": "《民視異言堂》是一個時事專題討論節目，內容包括是記者專訪的時事專題或生活話題。"
        }
      },
      "station_categories": [
        {
          "Name": "新聞‧財經",
          "EngName": "News & Finance",
          "MenuOrder": 3
        }
      ]
    },
    "introduction": null,
    "recommends": null,
    "ua": "Mozilla/5.0 (Windows NT 10.0; Win64; x64) AppleWebKit/537.36 (KHTML, like Gecko) Chrome/91.0.4472.124 Safari/537.36"
  },
  "__N_SSP": true
}