{
  "pageProps": {
    "contentId": "ofiii133",
    "channel": {
      "title": "台灣啟示錄",
      "no": 133,
      "charge_mode": "F",
      "content_id": "ofiii133",
      "content_type": "vod-channel",
      "epg_categories": [
        18
      ],
      "genres": [
        {
          "id": "",
          "name": "VOD_CHANNEL",
          "logo": ""
        }
      ],
      "liad_id": "VODCHNEWOFIWEB",
      "package_info_id": "VOD_CHANNEL_DELUX",
      "picture": "pics/vod_channel/logo_2595_ofiii133_tv_20250221.png",
      "provider": [
        {
          "id": "",
          "name": "東森娛樂",
          "logo": ""
        }
      ],
      "quality": "HD",
      "station_id": "station5529",
      "trial": "",
      "selectable": 1,
      "tr_logo": "pics/vod_channel/tr_logo_1679019674.png",
      "tl_logo": "",
      "br_logo": "",
      "bl_logo": "",
      "menu_type": 0,
      "vod_channel_schedule": {
        "channel_id": 133,
        "cdn_code": "ofiii133",
        "start_time": 1761902700000,
        "programs": [
          {
            "content_id": "VOD00293400",
            "time_codes": [
              893000,
              1705000,
              2647000
            ],
            "timecode_duration": [],
            "length": 2967000,
            "asset_id": "vod11071-001477M001",
            "title": "",
            "subtitle": "第1477集 為愛痴狂！兩惡煞闖車行挾持9人質！勇警隻身談判！匪：警察敢攻堅就同歸於盡",
            "ep_number": 1477,
            "rating": 1,
            "content_type": "show",
            "p_start": 1761902700000,
            "vod_channel_description": "今天要帶您回顧一起非常驚險的人質挾持事件，整個過程就像是警匪電影，事情發生在2019年的6月，就在桃園市議會旁邊的這一家中古車行傳出槍響。有兩名持槍歹徒，闖進了車行，一口氣挾持了9名人質，跟警方對峙。"
          },
          {
            "content_id": "VOD00293401",
            "time_codes": [
              743000,
              1711000,
              2593000
            ],
            "timecode_duration": [],
            "length": 2969000,
            "asset_id": "vod11071-001478M001",
            "title": "",
            "subtitle": "第1478集 外遇妻揪小王「咖啡下藥」狠殺親夫！「舊爸爸在袋子裡...」竟讓7歲女喊仇人新爸爸",
            "ep_number": 1478,
            "rating": 1,
            "content_type": "show",
            "p_start": 1761906000000,
            "vod_channel_description": "台中這名袁先生，2021年5月中接到大哥阿龍公司同事的電話，急著通知說阿龍好幾天沒去上班，電話沒接、訊息沒讀，袁先生著急開著車到阿龍住家找人，卻無消無息。後來到警察局報案，阿龍失蹤了。"
          },
          {
            "content_id": "VOD00293402",
            "time_codes": [
              879000,
              1727000,
              2699000
            ],
            "timecode_duration": [],
            "length": 2969000,
            "asset_id": "vod11071-001479M001",
            "title": "",
            "subtitle": "第1479集 雇主的陰謀？老公車禍兩次都在場？殺人詐保起手式！死者少妻也是共犯？",
            "ep_number": 1479,
            "rating": 1,
            "content_type": "show",
            "p_start": 1761909300000,
            "vod_channel_description": "2014年9月，高雄澄清湖的環湖路上發生了一起離奇的死亡車禍。為什麼離奇呢？因為根據肇事者的說法，他們當時的車速大約是50-60公里，因為沒看到有人站在護欄邊，所以不小心把人撞飛進了澄清湖。"
          },
          {
            "content_id": "VOD00293403",
            "time_codes": [
              992000,
              1448000,
              2463000
            ],
            "timecode_duration": [],
            "length": 2961000,
            "asset_id": "vod11071-001480M001",
            "title": "",
            "subtitle": "第1480集 張國榮逝世20年",
            "ep_number": 1480,
            "rating": 1,
            "content_type": "show",
            "p_start": 1761912600000,
            "vod_channel_description": "由東森主播洪培翔主持，以客觀的角度帶領觀眾深入探討事件的發展，探討新聞事件背後的艱辛內幕，取材涵蓋層面廣泛，包括人物故事、歷史檔案、社會觀察，以及時事啟發。"
          },
          {
            "content_id": "VOD00313161",
            "time_codes": [
              929000,
              1885000,
              2707000
            ],
            "timecode_duration": [],
            "length": 2970000,
            "asset_id": "vod11071-001481M001",
            "title": "",
            "subtitle": "第1481集 四男裝刑警擄人撕票「鐵桶封屍」！主嫌獄中逃死只因「一顆鐵蛋」？",
            "ep_number": 1481,
            "rating": 1,
            "content_type": "show",
            "p_start": 1761915900000,
            "vod_channel_description": "一名死刑犯改判無期徒刑的理由，竟然是因為他在監獄裡使用哈姆立克法，把一名差點被鐵蛋噎死的獄友救回來。法官就認為這個人尚可教化，於是改判無期徒刑定讞。但警方私下感嘆，這就是台灣的司法，那怕你是罪大惡極，只要犯錯後做了一件好事，就可以免除一死。"
          },
          {
            "content_id": "VOD00313162",
            "time_codes": [
              1031000,
              1987000,
              2693000
            ],
            "timecode_duration": [],
            "length": 2966000,
            "asset_id": "vod11071-001482M001",
            "title": "",
            "subtitle": "第1482集 主播電視Live訪問惡徒陳進興！連線160分鐘全台震驚...獨家曝心聲",
            "ep_number": 1482,
            "rating": 1,
            "content_type": "show",
            "p_start": 1761919200000,
            "vod_channel_description": "最近這部台灣影集《模倣犯》引起了廣大的關注和討論。劇本雖然是改編自日本同名小說，不過劇組在情節改編部分和台灣做了不少連結。比方說，整部戲劇的時空背景設定在90年代的台灣社會，那是台灣治安史上最黑暗的一個年代，重大刑案層出不窮。"
          },
          {
            "content_id": "VOD00313163",
            "time_codes": [
              923000,
              1803000,
              2711000
            ],
            "timecode_duration": [],
            "length": 2969000,
            "asset_id": "vod11071-001483M001",
            "title": "",
            "subtitle": "第1483集 校花儲備女主播遇劫19刀奪命！孤僻男要不到電話就痛下殺手？",
            "ep_number": 1483,
            "rating": 1,
            "content_type": "show",
            "p_start": 1761922500000,
            "vod_channel_description": "2012年6月底，位在苗栗恭敬路上的學生出租套房，不少畢業生忙著搬家。這一天應屆畢業生小芬，正在打包行李。小芬就讀傳播科系，長相甜美，能力很強，是學校的風雲人物，她的夢想是當一個優秀的媒體人，而且她已經錄取了台北市內湖某家電視台的儲備主播，準備要北上追夢。"
          },
          {
            "content_id": "VOD00313164",
            "time_codes": [
              1045000,
              1824000,
              2667000
            ],
            "timecode_duration": [],
            "length": 2970000,
            "asset_id": "vod11071-001484M001",
            "title": "",
            "subtitle": "第1484集 美術館旁警匪兩度駁火連轟19槍！用槍過當？車內嫌犯上膛開槍遭擊斃",
            "ep_number": 1484,
            "rating": 1,
            "content_type": "show",
            "p_start": 1761925800000,
            "vod_channel_description": "由東森主播洪培翔主持，以客觀的角度帶領觀眾深入探討事件的發展，探討新聞事件背後的艱辛內幕，取材涵蓋層面廣泛，包括人物故事、歷史檔案、社會觀察，以及時事啟發。"
          },
          {
            "content_id": "VOD00313165",
            "time_codes": [
              858000,
              1687000,
              2698000
            ],
            "timecode_duration": [],
            "length": 2968000,
            "asset_id": "vod11071-001485M001",
            "title": "",
            "subtitle": "第1485集 前北聯幫主愛上小林青霞！為她金盆洗手慘遭無名角頭雙槍狙殺",
            "ep_number": 1485,
            "rating": 1,
            "content_type": "show",
            "p_start": 1761929100000,
            "vod_channel_description": "台灣在90年代槍枝走私氾濫，因為槍取得容易，幫派之間為了爭奪利益或者互看不順眼，經常發生槍擊，不過，1999年5月27日那天，傍晚在台北市中山區農安街巷弄內的這一場槍擊案，卻格外引起黑白兩道的關注。"
          },
          {
            "content_id": "VOD00313166",
            "time_codes": [
              1155000,
              1834000,
              2719000
            ],
            "timecode_duration": [],
            "length": 2969000,
            "asset_id": "vod11071-001486M001",
            "title": "",
            "subtitle": "第1486集 凶嫌11刀砍銀樓老闆逃7年！1封檢舉信破冷案 老父悲：判重一點",
            "ep_number": 1486,
            "rating": 1,
            "content_type": "show",
            "p_start": 1761932400000,
            "vod_channel_description": "這棟位在台南的透天厝，看起來跟一般住家沒兩樣，但其實它是一家銀樓，這一天，發生了命案，銀樓老闆阿枝，他身中11刀，檢警研判他右側頸部深達15公分的這一刀，是致命傷，而且就是歹徒的第一刀，顯然就是要置他於死，現場還有另外一名死者阿霜是銀樓會計，也被砍了16刀。"
          },
          {
            "content_id": "VOD00313167",
            "time_codes": [
              1442000,
              2148000,
              2721000
            ],
            "timecode_duration": [],
            "length": 2968000,
            "asset_id": "vod11071-001487M001",
            "title": "",
            "subtitle": "第1487集 嘉義豬肉販之子從警！屢破重案破格升職！竹聯神經殺手劉煥榮：長槍對準侯友宜...",
            "ep_number": 1487,
            "rating": 1,
            "content_type": "show",
            "p_start": 1761935700000,
            "vod_channel_description": "人家說時勢造英雄，這句話就是侯友宜崛起的最佳寫照。侯友宜再怎麼會抓賊，也要有賊讓他抓，他才能建功。事實上，侯友宜從23歲開始當警察的那個年代，就是台灣社會治安敗壞的年代。當年剛從警校畢業的侯友宜，年紀輕輕敢拚又敢衝。很多槍擊要犯都是栽在他手上。"
          },
          {
            "content_id": "VOD00313168",
            "time_codes": [
              903000,
              2082000,
              2742000
            ],
            "timecode_duration": [],
            "length": 2948000,
            "asset_id": "vod11071-001488M001",
            "title": "",
            "subtitle": "第1488集 刑事局長親率隊圍捕張錫銘！裝甲車攻堅敢死的去守後門？",
            "ep_number": 1488,
            "rating": 1,
            "content_type": "show",
            "p_start": 1761939000000,
            "vod_channel_description": "人家說時勢造英雄，這句話就是侯友宜崛起的最佳寫照。侯友宜再怎麼會抓賊，也要有賊讓他抓，他才能建功。事實上，侯友宜從23歲開始當警察的那個年代，就是台灣社會治安敗壞的年代。當年剛從警校畢業的侯友宜，年紀輕輕敢拚又敢衝。很多槍擊要犯都是栽在他手上。"
          },
          {
            "content_id": "VOD00313169",
            "time_codes": [
              990000,
              2010000,
              2779000
            ],
            "timecode_duration": [],
            "length": 2974000,
            "asset_id": "vod11071-001489M001",
            "title": "",
            "subtitle": "第1489集 高中生擁五億房產突結婚2小時亡！10樓墜地僅右手肘骨？高大成親驗：疑遭死後拋樓",
            "ep_number": 1489,
            "rating": 1,
            "content_type": "show",
            "p_start": 1761942300000,
            "vod_channel_description": "由東森主播洪培翔主持，以客觀的角度帶領觀眾深入探討事件的發展，探討新聞事件背後的艱辛內幕，取材涵蓋層面廣泛，包括人物故事、歷史檔案、社會觀察，以及時事啟發。"
          },
          {
            "content_id": "VOD00323137",
            "time_codes": [
              1305000,
              2166000,
              2703000
            ],
            "timecode_duration": [],
            "length": 2966000,
            "asset_id": "vod11071-001491M001",
            "title": "",
            "subtitle": "第1491集 開轟149槍「酒店殺手」三槍案奪四命！落網後「皈依佛門懺悔」法官判免死",
            "ep_number": 1491,
            "rating": 1,
            "content_type": "show",
            "p_start": 1761945600000,
            "vod_channel_description": "90年代曾經名列台灣十大槍擊要犯的陳勇志，當年在短短4個月內犯下3起重大槍擊案件，因為都跟酒店KTV等場所有關，道上給他取了個綽號叫做酒店殺手，陳勇志本來只是個遊藝場小弟，因為個性衝動脾氣暴躁，一不開心就開槍，甚至為了打響知名度犯下台中普羅酒店槍擊案，在當年引發極大震撼。"
          },
          {
            "content_id": "VOD00323138",
            "time_codes": [
              906000,
              1735000,
              2328000
            ],
            "timecode_duration": [],
            "length": 2968000,
            "asset_id": "vod11071-001492M001",
            "title": "",
            "subtitle": "第1492集 李泰安「南迴搞軌案」遭判13年今年底提假釋？律師出書「世紀大冤案」新事證拚再審？",
            "ep_number": 1492,
            "rating": 1,
            "content_type": "show",
            "p_start": 1761948900000,
            "vod_channel_description": "今天我們要帶您回顧這起命案，在當年也引起了台灣社會高度的關注和討論。事情發生在2004年到2006年之間，那一段時間，台迴鐵路發生一連串火車出軌翻覆事件，原本以為都只是單純的意外，然而檢警深入調查後，發現短短一年多時間，竟然有6起人為蓄意破壞鐵軌，出現了鐵道怪客了嗎？"
          },
          {
            "content_id": "VOD00323139",
            "time_codes": [
              1062000,
              1836000,
              2622000
            ],
            "timecode_duration": [],
            "length": 2969000,
            "asset_id": "vod11071-001493M001",
            "title": "",
            "subtitle": "第1493集 台中米廠富少三年遭綁兩次！千萬贖金丟垃圾桶竟憑空消失！",
            "ep_number": 1493,
            "rating": 1,
            "content_type": "show",
            "p_start": 1761952200000,
            "vod_channel_description": "由東森主播洪培翔主持，以客觀的角度帶領觀眾深入探討事件的發展，探討新聞事件背後的艱辛內幕，取材涵蓋層面廣泛，包括人物故事、歷史檔案、社會觀察，以及時事啟發。"
          },
          {
            "content_id": "VOD00323140",
            "time_codes": [
              889000,
              1728000,
              2418000
            ],
            "timecode_duration": [],
            "length": 2966000,
            "asset_id": "vod11071-001494M001",
            "title": "",
            "subtitle": "第1494集 渣男勒殺女友反「嫁禍雙親」！法官認定「隔代教養」害他犯罪「僅判18年」逃死刑",
            "ep_number": 1494,
            "rating": 1,
            "content_type": "show",
            "p_start": 1761955500000,
            "vod_channel_description": "2016年8月16號，新北市蘆洲長安街一處公寓四樓的出租套房，發現女租客陳屍在床上。警方接獲報案，進到屋內查看，發現沈姓女子倒臥在床上，而浴室內有燒木炭的炭盆，天花板上有一條童軍繩，書桌上有一張便條紙，寫著遺書在電腦內。"
          },
          {
            "content_id": "VOD00323141",
            "time_codes": [
              1057000,
              1943000,
              2550000
            ],
            "timecode_duration": [],
            "length": 2968000,
            "asset_id": "vod11071-001495M001",
            "title": "",
            "subtitle": "第1495集 富家逆子109刀弑爸媽竟冷回「我要財產」！「近15年遭父親家暴」累積怨恨釀殺機？",
            "ep_number": 1495,
            "rating": 1,
            "content_type": "show",
            "p_start": 1761958800000,
            "vod_channel_description": "位在新北市林口的這間兩層樓透天厝，裡頭住了一對總鋪師夫妻，還有他們19歲的兒子。1998年10月，就在國慶日的隔天，這一天清早，送報生送了報紙來，卻發現透天厝的側門被打開了，送報生喊了半天沒人回應，他探頭一看，才發現，側門口血跡斑斑，一名男子倒在屋內，身上被砍殺了好幾刀，他嚇得趕快報警。"
          },
          {
            "content_id": "VOD00323142",
            "time_codes": [
              996000,
              1774000,
              2611000
            ],
            "timecode_duration": [],
            "length": 2968000,
            "asset_id": "vod11071-001496M001",
            "title": "",
            "subtitle": "第1496集 金曲歌后A-Lin",
            "ep_number": 1496,
            "rating": 1,
            "content_type": "show",
            "p_start": 1761962100000,
            "vod_channel_description": "由東森主播洪培翔主持，以客觀的角度帶領觀眾深入探討事件的發展，探討新聞事件背後的艱辛內幕，取材涵蓋層面廣泛，包括人物故事、歷史檔案、社會觀察，以及時事啟發。"
          },
          {
            "content_id": "VOD00323143",
            "time_codes": [
              993000,
              1799000,
              2644000
            ],
            "timecode_duration": [],
            "length": 2968000,
            "asset_id": "vod11071-001497M001",
            "title": "",
            "subtitle": "第1497集 愛河連續殺手「5天害2流鶯」警抓嘸人！8個月後再下手獨居老婦因「DNA落網」？",
            "ep_number": 1497,
            "rating": 1,
            "content_type": "show",
            "p_start": 1761965400000,
            "vod_channel_description": "2003年，高雄愛河出現了一名「連續殺手」，他在短短一周內，絞殺了兩名性工作者劫走了財務。而且，他膽子很大，他的目標鎖定住在同一棟透天厝裡的性工作者，他敢在同樣的地方連續犯案，等於完全不把警方放在眼裡！"
          },
          {
            "content_id": "VOD00323144",
            "time_codes": [
              885000,
              1619000,
              2434000
            ],
            "timecode_duration": [],
            "length": 2968000,
            "asset_id": "vod11071-001498M001",
            "title": "",
            "subtitle": "第1498集 19歲女教唆男友殺母只因「戀情受阻」！分手相逼男友：下一個換爸爸！",
            "ep_number": 1498,
            "rating": 1,
            "content_type": "show",
            "p_start": 1761968700000,
            "vod_channel_description": "由東森主播洪培翔主持，以客觀的角度帶領觀眾深入探討事件的發展，探討新聞事件背後的艱辛內幕，取材涵蓋層面廣泛，包括人物故事、歷史檔案、社會觀察，以及時事啟發。"
          },
          {
            "content_id": "VOD00323145",
            "time_codes": [
              999000,
              1728000,
              2424000
            ],
            "timecode_duration": [],
            "length": 2971000,
            "asset_id": "vod11071-001499M001",
            "title": "",
            "subtitle": "第1499集 工程師父「長期遭欺負」失手殺妻！女兒替爸爸求情讓法官「感動輕判15年」！",
            "ep_number": 1499,
            "rating": 1,
            "content_type": "show",
            "p_start": 1761972000000,
            "vod_channel_description": "由東森主播洪培翔主持，以客觀的角度帶領觀眾深入探討事件的發展，探討新聞事件背後的艱辛內幕，取材涵蓋層面廣泛，包括人物故事、歷史檔案、社會觀察，以及時事啟發。"
          },
          {
            "content_id": "VOD00323146",
            "time_codes": [
              749000,
              1670000,
              2363000
            ],
            "timecode_duration": [],
            "length": 2970000,
            "asset_id": "vod11071-001500M001",
            "title": "",
            "subtitle": "第1500集 台灣「軍火之王」十大槍擊要犯黑槍都跟他拿！蔣經國欽點三巨頭獵狐「臥底警」冒死滲透成關鍵！？",
            "ep_number": 1500,
            "rating": 1,
            "content_type": "show",
            "p_start": 1761975300000,
            "vod_channel_description": "在台灣治安史上，民國70年代是黑槍最氾濫、治安最敗壞的黑暗期，其中最惡名昭彰的軍火大亨就是許金德，他從菲律賓走私黑槍，一箱又一箱運進台灣。當年黑道大哥都認為，槍枝就是身分地位的象徵，紛紛砸錢大肆購買，造成槍枝氾濫，槍擊案頻傳。警方為了抓他，破天荒執行台灣治安史第一次的臥底警察任務！"
          },
          {
            "content_id": "VOD00323147",
            "time_codes": [
              788000,
              1573000,
              2275000
            ],
            "timecode_duration": [],
            "length": 2968000,
            "asset_id": "vod11071-001501M001",
            "title": "",
            "subtitle": "第1501集 老村長「中千萬頭彩卻失聯」遭滅口！法官喊「綁匪還有人性」刑期一路減氣炸家屬",
            "ep_number": 1501,
            "rating": 1,
            "content_type": "show",
            "p_start": 1761978600000,
            "vod_channel_description": "新竹縣橫山鄉，有位77歲老村長，有一天騎車出門後，就再也沒回家，有目擊民眾說，看到老村長的摩托車倒在土地公廟前，當時還有一台白色轎車急駛離開，原本還以為的老村長出了車禍被人帶走送醫，但家屬找遍了桃園的所有大大小小的醫院，就是找不到人，這時所有人才意識到這恐怕不是一起單純的意外！"
          },
          {
            "content_id": "VOD00323148",
            "time_codes": [
              961000,
              1812000,
              2416000
            ],
            "timecode_duration": [],
            "length": 2970000,
            "asset_id": "vod11071-001502M001",
            "title": "",
            "subtitle": "第1502集 恐怖員工為偷7千將「老闆母子溺浴缸、吊衣櫥」！入監18年還聲請釋憲想逃死？警：他養得白胖！",
            "ep_number": 1502,
            "rating": 1,
            "content_type": "show",
            "p_start": 1761981900000,
            "vod_channel_description": "2003年8月12日，正值中元節，這一晚位在台南新化鎮的市場，舉辦了中元普渡。卻沒想到，普渡剛結束，隔天一早，家住市場裡的阿美，被家人發現趴臥浴缸裡，她雙手被反綁，脖子上還有勒痕。而她6歲的兒子小哲，則被歹徒吊掛在衣櫥裡，歹徒下手凶殘，一口氣要了2條命！震驚社會的新化母子雙屍命案！"
          },
          {
            "content_id": "VOD00323149",
            "time_codes": [
              1009000,
              1869000,
              2515000
            ],
            "timecode_duration": [],
            "length": 2969000,
            "asset_id": "vod11071-001503M001",
            "title": "",
            "subtitle": "第1503集 誰把女童屍塞在冰櫃裡？三兄弟互咬「誰在搞鬼」真相驚逆轉！",
            "ep_number": 1503,
            "rating": 1,
            "content_type": "show",
            "p_start": 1761985200000,
            "vod_channel_description": "位在基隆復興路上的這間資源回收廠，老闆花了150元收了一個二手冰櫃，沒想到卻收到了一具屍體。這是當時的監視器畫面，可以看到回收廠老闆打開了冰櫃的瞬間，他愣了一下，因為裡面竟然躺了一具身材瘦小的腐屍，身上只穿著一件疑似女用內褲，看起來像是一個小女童！回收場老闆嚇得趕快報警！"
          },
          {
            "content_id": "VOD00323150",
            "time_codes": [
              926000,
              1967000,
              2529000
            ],
            "timecode_duration": [],
            "length": 2968000,
            "asset_id": "vod11071-001504M001",
            "title": "",
            "subtitle": "第1504集 野溪裡的死亡秘密！師生烤肉「驚見水中母子浮屍」...驗屍過程異象不斷「警喊死者有冤」？",
            "ep_number": 1504,
            "rating": 1,
            "content_type": "show",
            "p_start": 1761988500000,
            "vod_channel_description": "2009年，在新北市汐止水源路旁邊的這一個水潭，有人發現了一具10歲男童的屍體！警方感到奇怪的是，一個10歲的小男童怎麼有辦法，一個人走到荒山野嶺的野溪呢 ？他的家人呢？沒想到，就擴大搜索後，就在另一處水潭裡，又發現了另一具成年女姓屍體！她是誰？和這個小男孩有關係嗎？"
          },
          {
            "content_id": "VOD00323151",
            "time_codes": [
              948000,
              1838000,
              2421000
            ],
            "timecode_duration": [],
            "length": 2969000,
            "asset_id": "vod11071-001505M001",
            "title": "",
            "subtitle": "第1505集 李嘉誠長子遭「香港三大賊王」綁票！他「炸彈綁全身」衝豪宅要82億贖金會得逞嗎？",
            "ep_number": 1505,
            "rating": 1,
            "content_type": "show",
            "p_start": 1761991800000,
            "vod_channel_description": "在台灣治安史上，曾經出現過十大槍擊要犯的排行榜。在當年那個黑槍氾濫的年代，這些榜上有名的槍擊要犯各個火力強大，甚至彼此之間合作串聯。其中最讓警方頭疼的是這三個人，他們分別是當年名列十大槍擊要犯前三名的綽號鬼見愁的林來福、黑牛黃鴻寓，以及小馬哥楊瑞和。"
          },
          {
            "content_id": "VOD00323153",
            "time_codes": [
              887000,
              1740000,
              2446000
            ],
            "timecode_duration": [],
            "length": 2969000,
            "asset_id": "vod11071-001507M001",
            "title": "",
            "subtitle": "第1507集 金孫搜尋「絞肉機、氰化物」80歲嬤離奇失蹤！警懷疑殺嬤盜存款、詐保？連親妹都險遇害：「他要殺了我」",
            "ep_number": 1507,
            "rating": 1,
            "content_type": "show",
            "p_start": 1761995100000,
            "vod_channel_description": "陳年冷案要偵破相當不容易，兩起冷案之間有關係嗎？第一起是一名嘉義中正大學的女大生小穎她在2007年失蹤了，第二起是2015年台中一名郭老太太也失蹤了，兩起案件一個在嘉義，一個在台中，看似沒有關聯，但是卻在2020年彰化警方重啟調查後串連起來了，因為這兩起失蹤案都和一個人阿哲有關係。"
          },
          {
            "content_id": "VOD00323154",
            "time_codes": [
              799000,
              1710000,
              2339000
            ],
            "timecode_duration": [],
            "length": 2968000,
            "asset_id": "vod11071-001508M001",
            "title": "",
            "subtitle": "第1508集 台中角頭學霸兒淪詐欺犯「竟弒兄換身分」重生！母幫忙辦假證件...家屬要葬儀社「趕快火化滅證」全家都知情？！",
            "ep_number": 1508,
            "rating": 1,
            "content_type": "show",
            "p_start": 1761998400000,
            "vod_channel_description": "2017年6月，台中西屯重劃區的大馬路上出現一具男性焦屍！身上衣服都被燒光了，面容也已經無法辨識，法醫相驗後發現死者頭部遭到重擊還被割喉，兩隻手掌也被切下來！歹徒下手十分凶殘，如果他的目的就是要讓死者身分無法辨認 ，為何又要把屍體丟在大馬路上被發現呢？"
          },
          {
            "content_id": "VOD00323155",
            "time_codes": [
              765000,
              1755000,
              2349000
            ],
            "timecode_duration": [],
            "length": 2967000,
            "asset_id": "vod11071-001509M001",
            "title": "",
            "subtitle": "第1509集 穿牆大盜「搬金庫三千萬不留指紋」三道保全都失靈！賊王獄中見「犯案手法」求假釋寫檢舉信：我徒弟偷的！",
            "ep_number": 1509,
            "rating": 1,
            "content_type": "show",
            "p_start": 1762001700000,
            "vod_channel_description": "2003年位在台北市的華南銀行萬華分行，星期一上班日，員工開門營業時卻發現，銀行的金庫外牆被鑿破了一個洞，金庫裡的保險櫃也被鋸開了，算一算裡頭的台幣、美金加起來，總共3200萬全部被偷走了！這是華南銀行第二次被歹徒鑿牆穿洞洗劫金庫。"
          },
          {
            "content_id": "VOD00323156",
            "time_codes": [
              819000,
              1819000,
              2394000
            ],
            "timecode_duration": [],
            "length": 2970000,
            "asset_id": "vod11071-001510M001",
            "title": "",
            "subtitle": "第1510集 單純女會計遇害成「甘蔗園女焦屍」緊追狠嫌索命！？冤魂現身「連法警書記官都目擊」！？凶手回現場求饒「死者不要再來找我」",
            "ep_number": 1510,
            "rating": 1,
            "content_type": "show",
            "p_start": 1762005000000,
            "vod_channel_description": "警察辦案講究科學證據，不過在許多案件偵辦過程中，也的確出現了許多不可思議的巧合。如果不是冥冥之中，某種力量的指引，真相恐怕不會水落石出。今天要帶您回顧的這起案件發生在2007年。當年承辦員警說他辦了30多年的案子，沒有遇過這麼多無法解釋的靈異現象。"
          },
          {
            "content_id": "VOD00323157",
            "time_codes": [
              935000,
              1830000,
              2446000
            ],
            "timecode_duration": [],
            "length": 2970000,
            "asset_id": "vod11071-001511M001",
            "title": "",
            "subtitle": "第1511集 棄醫參選的掙扎！礦工之子總統路 賴清德：打造台灣經濟日不落國",
            "ep_number": 1511,
            "rating": 1,
            "content_type": "show",
            "p_start": 1762008300000,
            "vod_channel_description": "由東森主播洪培翔主持，以客觀的角度帶領觀眾深入探討事件的發展，探討新聞事件背後的艱辛內幕，取材涵蓋層面廣泛，包括人物故事、歷史檔案、社會觀察，以及時事啟發。"
          },
          {
            "content_id": "VOD00323158",
            "time_codes": [
              900000,
              1769000,
              2413000
            ],
            "timecode_duration": [],
            "length": 2967000,
            "asset_id": "vod11071-001512M001",
            "title": "",
            "subtitle": "第1512集 夜市爆槍戰「通緝犯持半拉手榴彈」揚言同歸於盡！霹靂小組封鎖現場「警匪互轟五十槍」驚險對峙3小時！",
            "ep_number": 1512,
            "rating": 1,
            "content_type": "show",
            "p_start": 1762011600000,
            "vod_channel_description": "新北市中和的興南夜市，是一個知名的觀光景點，不過在2017年的這天上午10點多，卻突然傳出槍響！開槍的是一名通緝犯，他為了躲避警方的追捕，逃進了興南夜市裡，躲起來了！警方立刻拉上了三層封鎖線，全副武裝的霹靂小組也立刻抵達現場，一場驚心動魄的警匪對峙即將展開！"
          },
          {
            "content_id": "VOD00323159",
            "time_codes": [
              787000,
              1809000,
              2445000
            ],
            "timecode_duration": [],
            "length": 2971000,
            "asset_id": "vod11071-001513M001",
            "title": "",
            "subtitle": "第1513集 清秀女「榨光乾爹積蓄」狠斷掌棄屍！落網「辯稱男友殺人」檢察官嘆她不知悔改...法官：手段凶殘無期定讞！",
            "ep_number": 1513,
            "rating": 1,
            "content_type": "show",
            "p_start": 1762014900000,
            "vod_channel_description": "2008年的6月，有一個司機開車經過北宜公路的這一條產業道路，他因為尿急，就臨時停在路邊想找地方上廁所。突然看到，路邊有一堆隆起的樹葉堆，上頭飛滿了蒼蠅，而且還發出陣陣腐臭味。他以為可能是貓狗的屍體，沒想到，一撥開樹葉，看到底下竟然是一具男屍，而且雙掌都被砍斷了！"
          },
          {
            "content_id": "VOD00323160",
            "time_codes": [
              916000,
              1851000,
              2461000
            ],
            "timecode_duration": [],
            "length": 2969000,
            "asset_id": "vod11071-001514M001",
            "title": "",
            "subtitle": "第1514集 蛇蠍女「不爽老公外遇」教唆小王聯手殺夫！？警方前演戲「哭喊嫌犯下手狠」不認罪遭法官證據打臉！她案發前上網「搜溺水死亡証明」早有預謀？！",
            "ep_number": 1514,
            "rating": 1,
            "content_type": "show",
            "p_start": 1762018200000,
            "vod_channel_description": "2014年1月24日，高雄鳳山的這一家樂器行，不幸發生一起命案，被害人是這家樂器行的老闆叫做阿衡，報案人是樂器行的員工， 這名員工告訴警方，是老闆娘打電話跟她說有歹徒闖入了樂器行，趕快報警來救她，等到警方趕到現場，發現老闆娘小綾就坐在一樓 ，全身不停顫抖支支吾吾地告訴警方，先生在5樓..."
          },
          {
            "content_id": "VOD00323161",
            "time_codes": [
              963000,
              1812000,
              2401000
            ],
            "timecode_duration": [],
            "length": 2969000,
            "asset_id": "vod11071-001515M001",
            "title": "",
            "subtitle": "第1515集 雜貨店老闆擁上億遭綁走「監視器線路全被剪」！家屬「開天眼」見擄人三歹徒「主謀竟是警察好友」？！",
            "ep_number": 1515,
            "rating": 1,
            "content_type": "show",
            "p_start": 1762021500000,
            "vod_channel_description": "由東森主播洪培翔主持，以客觀的角度帶領觀眾深入探討事件的發展，探討新聞事件背後的艱辛內幕，取材涵蓋層面廣泛，包括人物故事、歷史檔案、社會觀察，以及時事啟發。"
          },
          {
            "content_id": "VOD00323162",
            "time_codes": [
              950000,
              1785000,
              2378000
            ],
            "timecode_duration": [],
            "length": 2968000,
            "asset_id": "vod11071-001516M001",
            "title": "",
            "subtitle": "第1516集 憨厚公務員18年殺6人「2妻3兒全亡」詐保！遭判5死刑「要求籌400萬」企圖買通警逃跑？/酒店女「媽媽、婆婆、老公」離奇猝逝案恐怖反轉！",
            "ep_number": 1516,
            "rating": 1,
            "content_type": "show",
            "p_start": 1762024800000,
            "vod_channel_description": "今天要告訴您，兩起殺害至親的詐保案 ，其中陳瑞欽他在18年內「殺害了六個人」，其中包括兩任妻子、三名兒子還有一個女朋友，他在2013年已經槍決伏法，不過因為沒有家屬認屍，現在他的遺體還躺在殯儀館的冰櫃裡。"
          },
          {
            "content_id": "VOD00323163",
            "time_codes": [
              876000,
              1744000,
              2445000
            ],
            "timecode_duration": [],
            "length": 2969000,
            "asset_id": "vod11071-001517M001",
            "title": "",
            "subtitle": "第1517集 賴清德勝選揭「台海危機怎處理」引全球關注？！彭博社：仍有836萬選民未投給你",
            "ep_number": 1517,
            "rating": 1,
            "content_type": "show",
            "p_start": 1762028100000,
            "vod_channel_description": "2024台灣總統大選，是全世界高度關注的一場民主選舉。因為它的結果，將會牽動整個世界局勢的變化。而經過這一場藍白綠競爭非常激烈而且詭譎的三腳督選戰後，代表民進黨參選正副總統的賴清德、蕭美琴，拿下558萬6千零19票，贏得選舉。首先，我們來聽賴清德在國際記者會上的重要談話。"
          },
          {
            "content_id": "VOD00323164",
            "time_codes": [
              838000,
              1840000,
              2401000
            ],
            "timecode_duration": [],
            "length": 2970000,
            "asset_id": "vod11071-001518M001",
            "title": "",
            "subtitle": "第1518集 鄉長不爽「美魔女前妻」與警察兄弟互傳私密照！砸200萬「買兇殺警」霰彈槍10秒轟3槍斃命",
            "ep_number": 1518,
            "rating": 1,
            "content_type": "show",
            "p_start": 1762031400000,
            "vod_channel_description": "2016年1月29號，嘉義市區這一間藝品店發生了一起槍擊命案，死者是一名叫做阿忠的男子，這家藝品店是他太太經營，那天晚上阿忠一如往常到店裡要陪太太一起關店回家，沒想到才踏出門外就傳來槍響。阿忠從警15年，已經是嘉義市保安隊的霹靂小組的小隊長，為什麼會在太太經營的藝品店門口慘遭開槍狙殺呢？"
          },
          {
            "content_id": "VOD00323165",
            "time_codes": [
              795000,
              1780000,
              2460000
            ],
            "timecode_duration": [],
            "length": 2969000,
            "asset_id": "vod11071-001519M001",
            "title": "",
            "subtitle": "第1519集 富二代騙酒店女多人運動「監禁30天餵毒控制」？！自製電擊椅把「浴室變刑房」還錄影成破案鐵證？！",
            "ep_number": 1519,
            "rating": 1,
            "content_type": "show",
            "p_start": 1762034700000,
            "vod_channel_description": "一名年輕女孩，頭髮被剪得亂七八糟，渾身是傷，被抬上救護車。不過在送到醫院之前，已經沒有了生命跡象。送她來醫院的男子叫做阿宏，他說這個女孩在吸毒，他好心收容她，要幫她戒毒。沒有想到，這個女孩還是跑出去跟前男友見面。每次回來，就帶著一身傷，這些傷可能是前男友毆打的。"
          },
          {
            "content_id": "VOD00323166",
            "time_codes": [
              818000,
              1829000,
              2443000
            ],
            "timecode_duration": [],
            "length": 2969000,
            "asset_id": "vod11071-001520M001",
            "title": "",
            "subtitle": "第1520集 酒店妹全家分工「殺害51歲富男友」笑著下藥棄屍！法官判「高度復歸社會可能」再逃死刑",
            "ep_number": 1520,
            "rating": 1,
            "content_type": "show",
            "p_start": 1762038000000,
            "vod_channel_description": "一個人犯罪殺了人，全家人都變成了共犯。台北市一家五星級飯店的主廚，他在失手殺死一名茶室小姐之後，打電話跟家人求救。家人一開始也勸他趕緊出面投案，但他不想坐牢。哥哥姊姊因為疼愛這個最小的弟弟，最後竟然都淪為共犯。曾經當過警察的二哥，甚至，還協助租車，幫忙棄屍。"
          },
          {
            "content_id": "VOD00343028",
            "time_codes": [
              817000,
              1769000,
              2568000
            ],
            "timecode_duration": [],
            "length": 2968000,
            "asset_id": "vod11071-001521M001",
            "title": "",
            "subtitle": "第1521集 前幫主「為愛金盆洗手」卻遭當街狙殺！外甥財路遭擋「竟買兇殺親舅」！？",
            "ep_number": 1521,
            "rating": 1,
            "content_type": "show",
            "p_start": 1762041300000,
            "vod_channel_description": "這位是當年台北市萬華地區知名角頭，綽號「加蚋慶」的楊慶順，2006年在新北市板橋街頭，被開槍打死，是誰敢在光天化日之下，當街開槍狙殺他呢？由於被開槍地點，正好是楊慶順情婦的住處，據傳正宮一直知道情婦的存在，兩個女人鬧得水火不容，難道楊慶順的死跟這兩個女人有關係嗎？"
          },
          {
            "content_id": "VOD00343029",
            "time_codes": [
              823000,
              1830000,
              2406000
            ],
            "timecode_duration": [],
            "length": 2969000,
            "asset_id": "vod11071-001522M001",
            "title": "",
            "subtitle": "第1522集 討債男過年失蹤...託夢姑姑喊「我在水裡好冷」尋獲遺體 ！欠債兄弟上吊前喊「不是我殺的」揭麻將詐賭駭人真相...",
            "ep_number": 1522,
            "rating": 1,
            "content_type": "show",
            "p_start": 1762044600000,
            "vod_channel_description": "在電影裡，透過顯影劑詐賭的手法，在台灣這一起社會案件中真實上演，離奇的是，最後設局詐賭的以及被詐賭的這兩個人，雙雙死於非命，真相到底是甚麼呢？這起案件發生在2010年的農曆春節大年初五，到新北市一名父親焦急地跑到警察局報案，他說他兒子，臭弟仔失蹤了，已經整整一天沒有回家！"
          },
          {
            "content_id": "VOD00343030",
            "time_codes": [
              818000,
              1757000,
              2481000
            ],
            "timecode_duration": [],
            "length": 2968000,
            "asset_id": "vod11071-001523M001",
            "title": "",
            "subtitle": "第1523集 狠嫌開槍五人頭部嗆「我是報仇殺人的啦」！大屠殺計畫八年「二審再判死刑」事後痛哭喊很後悔？！",
            "ep_number": 1523,
            "rating": 1,
            "content_type": "show",
            "p_start": 1762047900000,
            "vod_channel_description": "位在南投縣草屯鎮的生物科技公司發生了震驚社會的槍擊案，包括了有牛樟芝教父之稱的創辦人賴敏男以及他的女兒、他的弟弟、劉姓課長，一共5個人遭到槍擊，都是頭部中彈，其中除了賴敏男之外的4個人都是當場死亡，行凶手法相當冷血殘忍。5名被害者究竟歹徒是針對誰呢？是個人恩怨還是買凶殺人呢？"
          },
          {
            "content_id": "VOD00343031",
            "time_codes": [
              862000,
              1862000,
              2357000
            ],
            "timecode_duration": [],
            "length": 2938000,
            "asset_id": "vod11071-001524M001",
            "title": "",
            "subtitle": "第1524集 軟飯男不爽「被譏是小狼狗」殺女友灌水泥棄屍！白骨尋獲瞬間顯靈颳風雨「嫌下跪磕頭」？！目擊警發麻：跟通靈老師畫的一樣",
            "ep_number": 1524,
            "rating": 1,
            "content_type": "show",
            "p_start": 1762051200000,
            "vod_channel_description": "2009年10月26日，這一天，在台中后里這一間宮廟舉辦了一場盛大的廟會慶典。原本應該是寧靜祥和的氣氛，沒有想到，現場卻突然出現了5名凶神惡煞。其中2個人，竟然還帶了2把長槍。很快地，他們在人群中找到了鎖定的對象，一名年紀大約30多歲的女子。就這樣，在眾目睽睽之下，這名女子被強押上車了。"
          },
          {
            "content_id": "VOD00343032",
            "time_codes": [
              743000,
              1792000,
              2472000
            ],
            "timecode_duration": [],
            "length": 2939000,
            "asset_id": "vod11071-001525M001",
            "title": "",
            "subtitle": "第1525集 《周處除三害》中國爆紅「三天創6億票房」原型是他！竹聯殺手劉煥榮「專殺大哥」遭黑白兩道通緝...「淡定走進刑場」伏法前高喊：對不起國家社會",
            "ep_number": 1525,
            "rating": 1,
            "content_type": "show",
            "p_start": 1762054200000,
            "vod_channel_description": "電影周處除三害在2023年的金馬獎，風光入圍了七項大獎，其中阮經天最後雖然跟最佳男主角失之交臂，但是他在電影裡瘋魔演出，令人印象深刻，也被視為是個人演技的一大突破。電影中阮經天飾演的黑道殺手陳桂林所參考的原型人物，竟然就是台灣治安史上十大槍擊要犯之一的劉煥榮？"
          },
          {
            "content_id": "VOD00343033",
            "time_codes": [
              734000,
              1919000,
              2469000
            ],
            "timecode_duration": [],
            "length": 2937000,
            "asset_id": "vod11071-001526M001",
            "title": "",
            "subtitle": "第1526集 萬國幫頭號戰將「被人吃人」連開槍3道上兄弟洩恨！？獨家曝秘錄器「駁火第一視角」勇警當人肉盾牌飛撲護人質！",
            "ep_number": 1526,
            "rating": 1,
            "content_type": "show",
            "p_start": 1762057200000,
            "vod_channel_description": "2022年10月19日，這一天，在台北市發生了重大治安事件。短短半小時內，在萬華地區連續發生了2起槍擊案件，一共造成3個人中彈送醫，其中包括了萬國幫的大哥以及青山宮的副主委。就在警方還在調查這兩起槍擊案件有沒有關聯，開槍的會是同一名歹徒嗎？就在青山宮的這個槍擊現場，再度傳出了槍聲。"
          },
          {
            "content_id": "VOD00343034",
            "time_codes": [
              734000,
              1858000,
              2481000
            ],
            "timecode_duration": [],
            "length": 2939000,
            "asset_id": "vod11071-001527M001",
            "title": "",
            "subtitle": "第1527集 逆子為10萬「喊殺父母」卻淪白骨險成懸案？！邢府千歲顯靈「連給九聖筊」指示兇手揭人倫悲劇！",
            "ep_number": 1527,
            "rating": 1,
            "content_type": "show",
            "p_start": 1762060200000,
            "vod_channel_description": "一名獵人，因為肚子痛走到路邊的樹林裡去上廁所。結果發現一個黑色垃圾袋。他還好奇翻開一看，看到了骨頭。因為當時已經接近傍晚，天色昏暗看不太清楚，他以為是動物的骨頭，就回家了。但回家之後越想越不安。萬一是人骨怎麼辦？於是，隔天天一亮，他就跟朋友一起重回現場去查看。"
          },
          {
            "content_id": "VOD00343035",
            "time_codes": [
              739000,
              1799000,
              2461000
            ],
            "timecode_duration": [],
            "length": 2968000,
            "asset_id": "vod11071-001528M001",
            "title": "",
            "subtitle": "第1528集 白沙屯媽祖吸50萬香燈腳齊喊「進喔」！遇信眾擋轎「360度連三次大迴轉」超有個性不讓鑽轎底？！轎班大哥揭媽祖親指路線來自轎桿神秘力量？",
            "ep_number": 1528,
            "rating": 1,
            "content_type": "show",
            "p_start": 1762063200000,
            "vod_channel_description": "3月瘋媽祖是台灣宗教界一年一度的盛事。其中，白沙屯媽祖的進香活動一年比一年還要盛大。親臨現場的民眾說，你聽過嗎？50萬人一起開口喊「進喔、進喔」，然後三進三退的衝進朝天宮。那種氣氛，那種感動真的難以形容，眼淚就不自覺一直掉下來。"
          },
          {
            "content_id": "VOD00343036",
            "time_codes": [
              812000,
              1832000,
              2492000
            ],
            "timecode_duration": [],
            "length": 2940000,
            "asset_id": "vod11071-001529M001",
            "title": "",
            "subtitle": "第1529集 大甲媽鑾轎曾遭綁去「八卦山藏一天一夜」引爆彰化搶轎名聲？！今年三千警力嚴陣以待「顏清標親扛轎下民生地下道」5分鐘快速通過！",
            "ep_number": 1529,
            "rating": 1,
            "content_type": "show",
            "p_start": 1762066500000,
            "vod_channel_description": "今天我們要繼續帶您一起3月瘋媽祖。號稱是台灣地表上最大遷徙的大甲媽祖繞境活動。每年都有數10萬甚至上百人的信眾跟隨參與，已經被discovery探索頻道列為世界三大宗教盛事，和天主教的梵諦岡聖誕彌薩以及回教的麥加朝聖同樣齊名。參加繞境的年輕面孔越來越多，也有很多來自國外的YouTuber慕名而來。"
          },
          {
            "content_id": "VOD00343037",
            "time_codes": [
              876000,
              1789000,
              2469000
            ],
            "timecode_duration": [],
            "length": 2968000,
            "asset_id": "vod11071-001530M001",
            "title": "",
            "subtitle": "第1530集 惡徒陳進興心臟還在跳「器捐換三個新生命」！殺死白曉燕逃亡「超過50人受害」近千警力圍捕...主播連線160分「聽見人質哭聲」機智問話破他心防？",
            "ep_number": 1530,
            "rating": 1,
            "content_type": "show",
            "p_start": 1762069500000,
            "vod_channel_description": "由東森主播洪培翔主持，以客觀的角度帶領觀眾深入探討事件的發展，探討新聞事件背後的艱辛內幕，取材涵蓋層面廣泛，包括人物故事、歷史檔案、社會觀察，以及時事啟發。"
          },
          {
            "content_id": "VOD00351303",
            "time_codes": [
              742000,
              1773000,
              2436000
            ],
            "timecode_duration": [],
            "length": 2969000,
            "asset_id": "vod11071-001531M001",
            "title": "",
            "subtitle": "第1531集 準新郎缺錢結婚「在4地放炸彈勒索600萬」驚炸死防暴警察！現場留紙條「炸彈勿動」法官判免死：歹徒無殺人意圖",
            "ep_number": 1531,
            "rating": 1,
            "content_type": "show",
            "p_start": 1762072800000,
            "vod_channel_description": "今天要告訴您兩起炸彈危機，一件是震驚社會的麥當勞爆炸案，另外一個驚爆現場則是這名男子在自己身上綁了一個炸彈，他和警方對峙，揚言隨時都會引爆，現場有大批的媒體記者，警方要如何化解這場危機呢？"
          },
          {
            "content_id": "VOD00351304",
            "time_codes": [
              863000,
              1851000,
              2476000
            ],
            "timecode_duration": [],
            "length": 2971000,
            "asset_id": "vod11071-001532M001",
            "title": "",
            "subtitle": "第1532集 國中生遭綁157天「囚禁三坪黑密室五個多月」！惡徒勒贖2500萬「寄狗頭+斷指」家屬嚇到癱軟椅子...警察竟是幕後藏鏡人？",
            "ep_number": 1532,
            "rating": 1,
            "content_type": "show",
            "p_start": 1762076100000,
            "vod_channel_description": "台灣治安史上，歷時最久的綁架案。從案發到人質平安獲釋長達157天，被害人是這名國中生阿堅。因為國中生正在發育期，被關在不見天日的密室內長達五個多月，整天除了吃飯，就是睡覺。結果五個多月過去，長高也長胖了，還好人都平安，看起來也沒有遭到綁匪凌虐。不過，到底是誰綁走了阿堅呢？"
          },
          {
            "content_id": "VOD00351305",
            "time_codes": [
              759000,
              1811000,
              2503000
            ],
            "timecode_duration": [],
            "length": 2969000,
            "asset_id": "vod11071-001533M001",
            "title": "",
            "subtitle": "第1533集 高雄監獄最長的一夜！六囚奪長槍開火怒喊「典獄長在我手上」與警僵持14小時... 舉槍自戕「梅花陣」驚傳陰謀論！？",
            "ep_number": 1533,
            "rating": 1,
            "content_type": "show",
            "p_start": 1762079400000,
            "vod_channel_description": "高雄監獄法定收容人數2280人，不過實際收容人數往往超過這個數字。加上這座監獄關押的大部分都是重型累犯，所以在管理上的壓力非常大。但是全監的員額編制卻只有256人。就算大家都不休假，一起來上班，一個人也要管上十個收容人。萬一發生狀況，能夠應付嗎？這個壓力就在2015年2月11日爆開了。"
          },
          {
            "content_id": "VOD00351306",
            "time_codes": [
              836000,
              1805000,
              2542000
            ],
            "timecode_duration": [],
            "length": 2970000,
            "asset_id": "vod11071-001534M001",
            "title": "",
            "subtitle": "第1534集 台灣首位女中醫師！莊淑旂的傳奇人生！三救日本皇后美智子！七顆紅棗救醒教宗",
            "ep_number": 1534,
            "rating": 1,
            "content_type": "show",
            "p_start": 1762082700000,
            "vod_channel_description": "莊淑旂博士，她是台灣史上第一位女中醫師，她的一生可以說是充滿了傳奇的色彩；其中包括了莊淑旂當年在日本期間曾經受邀進入皇室，為當年的太子妃美智子調養身體。當時所有皇室御醫都找不出美智子爆瘦的原因，沒有想到這一位來自台灣的中醫師，用一條毛巾，配合本草入膳，就讓太子妃恢復了健康。"
          },
          {
            "content_id": "VOD00351307",
            "time_codes": [
              752000,
              1808000,
              2359000
            ],
            "timecode_duration": [],
            "length": 2970000,
            "asset_id": "vod11071-001535M001",
            "title": "",
            "subtitle": "第1535集 十大槍擊要犯之首「攜20槍千發子彈」橫行江湖！？鬼見愁兩年奪25命落網遭判死「獄中結婚」四槍伏法！",
            "ep_number": 1535,
            "rating": 1,
            "content_type": "show",
            "p_start": 1762086000000,
            "vod_channel_description": "80~90年代是台灣治安史上的黑暗期，當年黑槍氾濫，出現了許多擁槍自重、到處犯案的槍擊要犯，為了追緝這些重大罪犯，警政署公布了十大槍擊要犯的查緝專刊，希望民眾可以提供舉報線索。其中，在1989年公布的這份十大槍擊要犯中，排在第一位的就是綽號鬼見愁的林來福，懸賞獎金1千萬。"
          },
          {
            "content_id": "VOD00351308",
            "time_codes": [
              809000,
              1781000,
              2405000
            ],
            "timecode_duration": [],
            "length": 2969000,
            "asset_id": "vod11071-001536M001",
            "title": "",
            "subtitle": "第1536集 【‪三重滅門案】軟爛女婿「狠奪祖孫三命」冷血伴屍五天？！「逃亡不忘帶狗美容」被逮無悔意：重來再殺一次！",
            "ep_number": 1536,
            "rating": 1,
            "content_type": "show",
            "p_start": 1762089300000,
            "vod_channel_description": "就在母親節的前夕，新北市三重區發生了一起駭人聽聞的滅門慘案。三名死者分別是69歲的媽媽、30歲的女兒以及3歲的孫子，被發現陳屍在臥房床上，三個人沒有明顯外傷，死亡時間估計恐怕超過一個星期。除了這三名死者之外，還有一個女婿也住在這裡，不過在命案發生後，人卻不見了。"
          },
          {
            "content_id": "VOD00351309",
            "time_codes": [
              750000,
              1762000,
              2402000
            ],
            "timecode_duration": [],
            "length": 2969000,
            "asset_id": "vod11071-001537M001",
            "title": "",
            "subtitle": "第1537集 舞廳惡狼勒斃2熟女埋屍「女友驚接死者來電」！？ 失蹤女「入夢申冤」泣訴：被壓得辛苦！",
            "ep_number": 1537,
            "rating": 1,
            "content_type": "show",
            "p_start": 1762092600000,
            "vod_channel_description": "由東森主播洪培翔主持，以客觀的角度帶領觀眾深入探討事件的發展，探討新聞事件背後的艱辛內幕，取材涵蓋層面廣泛，包括人物故事、歷史檔案、社會觀察，以及時事啟發。"
          },
          {
            "content_id": "VOD00351310",
            "time_codes": [
              785000,
              1893000,
              2500000
            ],
            "timecode_duration": [],
            "length": 2968000,
            "asset_id": "vod11071-001538M001",
            "title": "",
            "subtitle": "第1538集 台南囝仔黃仁勳「從洗碗工到AI教父」締造傳奇！ 忘年之交張忠謀出手相助 黃仁勳：沒有台積電就沒有輝達！",
            "ep_number": 1538,
            "rating": 1,
            "content_type": "show",
            "p_start": 1762095900000,
            "vod_channel_description": "今天封面人物是他，AI教父黃仁勳。黃仁勳所創辦的輝達，在公布了2024年Q1財報之後，股價再創奇蹟，突破了1千美元大關，成為全球市值第三大的公司。黃仁勳的身價也從1兆新台幣突破3兆新台幣了。在這個關鍵時刻，我們看到了台灣扮演絕對關鍵的角色。今天，我們要告訴您黃仁勳的故事。"
          },
          {
            "content_id": "VOD00351311",
            "time_codes": [
              776000,
              1795000,
              2459000
            ],
            "timecode_duration": [],
            "length": 2968000,
            "asset_id": "vod11071-001539M001",
            "title": "",
            "subtitle": "第1539集 霹靂小組驚呼「10年來第一次感到害怕」！？ 退役士官長「反社會人格」四小時連殺兩仇人！？ 海軍陸戰隊背景「特殊殺人手法」刀刀致命！",
            "ep_number": 1539,
            "rating": 1,
            "content_type": "show",
            "p_start": 1762099200000,
            "vod_channel_description": "台灣治安史上有不少殺人犯都曾經受過國家特種部隊的訓練。當他們在面對警方追捕的時候，所具備的反偵蒐能力，以及攻擊手段，都比一般罪犯危險太多。首先來看2001年，在台北市延吉街發生了一起凶殺命案，死者是一名房仲業者。因為當時有目擊證人，就是命案現場的屋主，所以警方很快就掌握了嫌犯的身分。"
          },
          {
            "content_id": "VOD00351312",
            "time_codes": [
              802000,
              1760000,
              2370000
            ],
            "timecode_duration": [],
            "length": 2973000,
            "asset_id": "vod11071-001540M001",
            "title": "",
            "subtitle": "第1540集 前解放軍艇長駕快艇「闖淡水河」投奔自由？ 小船直闖「天下第一關」51分海巡誤判沒人理？",
            "ep_number": 1540,
            "rating": 1,
            "content_type": "show",
            "p_start": 1762102500000,
            "vod_channel_description": "端午連續假期，正當大家都在放假過節的時候，有一艘大陸快艇竟然悄悄開進了淡水河，沒被發現。就是這名大陸男子，他從福建寧德港出發，一個人開著這一艘快艇，竟然直接穿越了台灣海峽，開進了淡水河口，最後還在漁人碼頭上了岸。新聞曝光後，大家都覺得不可思議。"
          },
          {
            "content_id": "VOD00351313",
            "time_codes": [
              978000,
              1605000,
              2190000
            ],
            "timecode_duration": [],
            "length": 2969000,
            "asset_id": "vod11071-001541M001",
            "title": "",
            "subtitle": "第1541集 最狂怪醫喊「AI是我最佳助手」！ 行醫30年「一年開千台刀」破世界紀錄！？ 攜杜式刀法「飛全球」各國名醫全聽他的？！",
            "ep_number": 1541,
            "rating": 1,
            "content_type": "show",
            "p_start": 1762105800000,
            "vod_channel_description": "AI正在改變人類的世界。有人說，當AI越來越強大，人類很多工作在不久的未來恐怕都會被取代。不過，黃仁勳並不這麼認為。而且他相信，人類有很好的判斷力，有些情況是機器無法理解的。這個觀點和我們今天的封面人物杜元坤院長是不謀而合的。杜元坤也認為，AI不會取代醫護人員，不過可以成為醫生的最佳助手。"
          },
          {
            "content_id": "VOD00351314",
            "time_codes": [
              776000,
              1709000,
              2365000
            ],
            "timecode_duration": [],
            "length": 2968000,
            "asset_id": "vod11071-001542M001",
            "title": "",
            "subtitle": "第1542集 槍決第3槍仍喊「我沒殺人」！盧正從喊冤到認罪「看不見的31小時」遭警屈打成招！？指紋、血跡、兇器全非鐵證「靈媒稱死者託夢」就定罪死刑！？",
            "ep_number": 1542,
            "rating": 1,
            "content_type": "show",
            "p_start": 1762109100000,
            "vod_channel_description": "來關注這一起疑點重重的重大刑案——盧正案。他在1997年因為涉嫌綁架殺害了一名廣告公司老闆娘，遭到判處死刑，並且在2000年的6月29日遭到槍決。儘管20多年過去了，但是他的兩個姐姐始終沒有放棄，要幫弟弟討回清白和公道。義務辯護律師團整理出了三大新證據，呼籲最高檢察署開啟非常救濟的程序。"
          },
          {
            "content_id": "VOD00351315",
            "time_codes": [
              781000,
              1754000,
              2434000
            ],
            "timecode_duration": [],
            "length": 2969000,
            "asset_id": "vod11071-001543M001",
            "title": "",
            "subtitle": "第1543集 亡命綁匪貼身藏「劇毒檳榔」被逮就自我了斷！勇警搶救人質緊急100分鐘...破2兇徒心防：你們的命我也要救",
            "ep_number": 1543,
            "rating": 1,
            "content_type": "show",
            "p_start": 1762112400000,
            "vod_channel_description": "以槍擊要犯林明樺為首的犯罪集團當年犯下了耕讀園槍擊案，造3死2重傷，他們在光天化日之下，明目張的開槍殺人。逃亡期間繼續犯案甚至還綁架了大甲鎮瀾宮的副董事長鄭銘坤獅子大開口要求贖金天價一億元。警方在追捕的過程中，聽說林明樺在他的脖子上面會掛一個平安符，除了保平安之外裡頭還裝了氫化鉀？"
          },
          {
            "content_id": "VOD00351316",
            "time_codes": [
              759000,
              1804000,
              2529000
            ],
            "timecode_duration": [],
            "length": 2964000,
            "asset_id": "vod11071-001544M001",
            "title": "",
            "subtitle": "第1544集 多金已婚男戀上「小23歲檳榔西施」砸千萬養她全家！前女友花光錢就變心「嫁給別人」他卻遇害「遭棄屍山林」？！",
            "ep_number": 1544,
            "rating": 1,
            "content_type": "show",
            "p_start": 1762115700000,
            "vod_channel_description": "台灣社會的這起真實的案例，被害人叫做阿成，他認識了一個比他小23歲的女孩小欣。為了小欣，阿成放棄了他原本幸福美滿的家庭。對於小欣在金錢物質方面的要求幾乎是有求必應。而且，愛屋及烏，包括小欣的哥哥和弟弟，阿成也都一併照顧了。他把自己的房子賣掉了，還為了他們開了一家塑膠工廠。"
          },
          {
            "content_id": "VOD00351317",
            "time_codes": [
              817000,
              1854000,
              2475000
            ],
            "timecode_duration": [],
            "length": 2970000,
            "asset_id": "vod11071-001545M001",
            "title": "",
            "subtitle": "第1545集 史上最慘烈警匪槍戰！惡龍陳新發「冷血連殺兩警」黑白兩道都追殺！特勤隊攻堅「用光2千發子彈 引爆瓦斯」陳新發同夥葬身火窟？！",
            "ep_number": 1545,
            "rating": 1,
            "content_type": "show",
            "p_start": 1762119000000,
            "vod_channel_description": "十大槍擊要犯陳新發，他是宜蘭人，國中還沒畢業就一人跑來台北討生活，剛開始在酒店當泊車小弟，但在酒店裡待久了，陳新發看到那些大哥級的人物每天紙醉金迷的生活，他看著看著自己也想當老大，恐嚇、取財、綁架、勒贖，這案子越做越大，甚至還接連槍殺兩名刑警，而其中一位就是曾相當照顧他的李富興。"
          },
          {
            "content_id": "VOD00351318",
            "time_codes": [
              760000,
              1774000,
              2400000
            ],
            "timecode_duration": [],
            "length": 2966000,
            "asset_id": "vod11071-001546M001",
            "title": "",
            "subtitle": "第1546集 三毛渴望再見亡夫一面「意外看見生死簿」！？呂金虎大師「左眼皮貼白布天眼通」成台灣觀落陰傳奇？",
            "ep_number": 1546,
            "rating": 1,
            "content_type": "show",
            "p_start": 1762122300000,
            "vod_channel_description": "因為太想知道過世的親人在另外一個世界過得好嗎，所以早在三千年前，大約是在周朝的時候，就有一種儀式，透過道教的法術，可以帶領陽間的人去到陰曹地府見到想見的親人。甚至，我們也聽說，當警方辦案碰到瓶頸的時候，也曾經試圖透過觀落陰的方式尋找破案的靈感。"
          },
          {
            "content_id": "VOD00351319",
            "time_codes": [
              817000,
              1809000,
              2404000
            ],
            "timecode_duration": [],
            "length": 2970000,
            "asset_id": "vod11071-001547M001",
            "title": "",
            "subtitle": "第1547集 殺手槍殺林士傑「狂設斷點」背後恐有高人指點！？「南北槍擊案挑戰公權力」全台警察向黑道宣戰？！",
            "ep_number": 1547,
            "rating": 1,
            "content_type": "show",
            "p_start": 1762125600000,
            "vod_channel_description": "為了展現政府掃黑肅貪、維護治安的決心，警政署展開了全國大掃黑。我們分別針對黑金、槍、毒、詐進行深度報導，包括了直擊警方荷槍實彈直搗幫派堂口、驚險的攻堅現場，以及追蹤不法偷拍非法網站的最新偵辦進度。其中兩名涉案人，竟然都在檢警約談搜索後墜樓身亡。有人懷疑，難道是畏罪輕生嗎？"
          },
          {
            "content_id": "VOD00351320",
            "time_codes": [
              774000,
              1749000,
              2411000
            ],
            "timecode_duration": [],
            "length": 2969000,
            "asset_id": "vod11071-001548M001",
            "title": "",
            "subtitle": "第1548集 蛇蠍人妻色誘乾弟「上床三回合」愛我就殺了我老公！出殯一滴淚都沒流「公婆怒斥潘金蓮再世」靈堂還飲酒作樂？！",
            "ep_number": 1548,
            "rating": 1,
            "content_type": "show",
            "p_start": 1762128900000,
            "vod_channel_description": "由東森主播洪培翔主持，以客觀的角度帶領觀眾深入探討事件的發展，探討新聞事件背後的艱辛內幕，取材涵蓋層面廣泛，包括人物故事、歷史檔案、社會觀察，以及時事啟發。"
          },
          {
            "content_id": "VOD00351321",
            "time_codes": [
              804000,
              1660000,
              2422000
            ],
            "timecode_duration": [],
            "length": 2970000,
            "asset_id": "vod11071-001549M001",
            "title": "",
            "subtitle": "第1549集 三兄弟一起搶運鈔車「朝保全狂轟四槍」刑期加起來超過30年！母親痛心哭「想不到兒子會這樣」：曾想過放棄生命",
            "ep_number": 1549,
            "rating": 1,
            "content_type": "show",
            "p_start": 1762132200000,
            "vod_channel_description": "民風純樸，治安狀況一向良好的台東市，在2006年發生了台東史上第一起運鈔車搶案。搶匪不是外地人，都是土生土長的台東人。特別是5名搶匪中，其中有3個人竟然還是一家三兄弟。其中二哥黃榮港，當年他才24歲。整起運鈔車搶案的主謀就是他。他花了半年的時間規劃，結果犯案10天後就被抓。"
          },
          {
            "content_id": "VOD00362867",
            "time_codes": [
              820000,
              1712000,
              2435000
            ],
            "timecode_duration": [],
            "length": 2968000,
            "asset_id": "vod11071-001550M001",
            "title": "",
            "subtitle": "第1550集 百億鐵砂大亨離奇遭「水泥桶封屍沉大排」！？狡詐主謀受訪「我發誓沒殺他」冤魂頭七促家人追兇...颱風天讓真相浮出水面！？",
            "ep_number": 1550,
            "rating": 1,
            "content_type": "show",
            "p_start": 1762135500000,
            "vod_channel_description": "2008年一名男子阿德跟警方報案，說他的爸爸失蹤了，大家都叫他爸爸張董，早年到菲律賓發展採礦事業，是當地最大礦商，被外界封為鐵砂大亨，那一年4月，張董回台灣掃墓後，跟兒子說要南下高雄去談一起合作案，沒想到一星期過後，菲律賓那邊的傭人，打電話到張家，說老爺沒回來..."
          },
          {
            "content_id": "VOD00362868",
            "time_codes": [
              832000,
              1872000,
              2482000
            ],
            "timecode_duration": [],
            "length": 2968000,
            "asset_id": "vod11071-001551M001",
            "title": "",
            "subtitle": "第1551集 柯文哲從政十年路！金權魔戒啟示錄",
            "ep_number": 1551,
            "rating": 1,
            "content_type": "show",
            "p_start": 1762138800000,
            "vod_channel_description": "柯文哲因為京華城弊案，涉嫌圖利遭到收押禁見，這個畫面不但震撼台北政壇，也引起國際媒體高度重視及報導。柯文哲最後遭到收押的關鍵是甚麼，對柯文哲來說，這恐怕只是一連串噩夢的開始，後頭等著他還有，包括了北市科、台智光、魚果市場還有政治獻金一筆爛帳。"
          },
          {
            "content_id": "VOD00362869",
            "time_codes": [
              881000,
              1810000,
              2389000
            ],
            "timecode_duration": [],
            "length": 2966000,
            "asset_id": "vod11071-001552M001",
            "title": "",
            "subtitle": "第1552集 用生命唱歌的台灣查某人 江蕙復出 特別報導",
            "ep_number": 1552,
            "rating": 1,
            "content_type": "show",
            "p_start": 1762142100000,
            "vod_channel_description": "由東森主播洪培翔主持，以客觀的角度帶領觀眾深入探討事件的發展，探討新聞事件背後的艱辛內幕，取材涵蓋層面廣泛，包括人物故事、歷史檔案、社會觀察，以及時事啟發。"
          },
          {
            "content_id": "VOD00362870",
            "time_codes": [
              866000,
              1858000,
              2559000
            ],
            "timecode_duration": [],
            "length": 2969000,
            "asset_id": "vod11071-001553M001",
            "title": "",
            "subtitle": "第1553集 驚世媳婦暫緩槍決「智商57」成逃死關鍵？ 最年輕待決死囚「由愛生恨絞殺母女」聲請大法官釋憲！ 被害家屬崩潰：不判他死刑就是判我全家死刑",
            "ep_number": 1553,
            "rating": 1,
            "content_type": "show",
            "p_start": 1762145400000,
            "vod_channel_description": "台灣是不是正在走向實質廢死的路上呢？37名死囚針對死刑侵害人民受憲法保障的生命權，提出大法官釋憲。憲法法庭宣判死刑並沒有違憲，但限縮了適用範圍。大法官強調，故意殺人是侵害生命權最嚴重的犯罪，應比照兩公約的「情節最嚴重之罪」規定，只有在犯罪最嚴重的情形才可判死。"
          },
          {
            "content_id": "VOD00362871",
            "time_codes": [
              832000,
              1655000,
              2455000
            ],
            "timecode_duration": [],
            "length": 2965000,
            "asset_id": "vod11071-001554M001",
            "title": "",
            "subtitle": "第1554集 劈腿男「分屍三母女」將內臟切碎沖馬桶？！手法凶殘「肢解21塊放水流」兇手遭逮竟喊：沒想到頭顱會漂起？！",
            "ep_number": 1554,
            "rating": 1,
            "content_type": "show",
            "p_start": 1762148700000,
            "vod_channel_description": "台灣治安史上，分屍人數最多的連續殺人犯是他，他叫做吳應弘，是一名計程車司機，他不滿同居人拿走了他跑車所賺的錢，竟然就將她殺害分屍，甚至連同居人的兩個女兒，他都不放過。不到一個月的時間，他連續殺害分屍母女三人。"
          },
          {
            "content_id": "VOD00362872",
            "time_codes": [
              821000,
              1580000,
              2438000
            ],
            "timecode_duration": [],
            "length": 2969000,
            "asset_id": "vod11071-001555M001",
            "title": "",
            "subtitle": "第1555集 歌友社老闆娘「失蹤六年成桶屍」兩根手指成破案關鍵？！ 凶嫌詭辯「幫死者做CPR想減刑」終逃死？！",
            "ep_number": 1555,
            "rating": 1,
            "content_type": "show",
            "p_start": 1762152000000,
            "vod_channel_description": "高雄橋頭糖廠捷運站的一號出口，正對面的有一處空地，2020那一年，有工人開著怪手在這裡整地，挖到了一個橘色的塑膠桶，等到工人定睛一看，他嚇壞了！因為塑膠桶裡頭竟然有具女屍。警方發現死者是被被浸泡在鹽酸裡，桶子又被加上水泥塊密封，這起震驚社會的橋頭桶屍案，埋藏了一個6年前的秘密！"
          },
          {
            "content_id": "VOD00362873",
            "time_codes": [
              925000,
              1856000,
              2351000
            ],
            "timecode_duration": [],
            "length": 2968000,
            "asset_id": "vod11071-001556M001",
            "title": "",
            "subtitle": "第1556集 留美女碩士啃老「要不到錢就殺父」辯是憂鬱症導致！釋憲後「確定逃死」被害家屬嘆：喪盡天良竟只判無期！",
            "ep_number": 1556,
            "rating": 1,
            "content_type": "show",
            "p_start": 1762155300000,
            "vod_channel_description": "這起命案的被害家屬，同時也是加害家屬，因為凶手就是自己女兒。她因為爸爸不願意繼續提供經濟的支助，竟然夥同男友，殺害了自己的親生父親，甚至連媽媽也都想一起殺害滅口。傷心欲絕的媽媽，請求法官判處她女兒死刑，沒有想到，一二審法官卻認定，兩人有在教化的可能性，判處無期徒刑。"
          },
          {
            "content_id": "VOD00362874",
            "time_codes": [
              824000,
              1800000,
              2433000
            ],
            "timecode_duration": [],
            "length": 2969000,
            "asset_id": "vod11071-001557M001",
            "title": "",
            "subtitle": "第1557集 曾誓言掃光毒蟲「警察殺人遭判死」一度說謊想逃刑責？！ 已婚績優緝毒警官「愛上女線民」畸戀埋殺機！",
            "ep_number": 1557,
            "rating": 1,
            "content_type": "show",
            "p_start": 1762158600000,
            "vod_channel_description": "由東森主播洪培翔主持，以客觀的角度帶領觀眾深入探討事件的發展，探討新聞事件背後的艱辛內幕，取材涵蓋層面廣泛，包括人物故事、歷史檔案、社會觀察，以及時事啟發。"
          },
          {
            "content_id": "VOD00362875",
            "time_codes": [
              970000,
              1861000,
              2518000
            ],
            "timecode_duration": [],
            "length": 2967000,
            "asset_id": "vod11071-001558M001",
            "title": "",
            "subtitle": "第1558集 一度以電線走火結案！化工男狠心殺害孕妻「延遲點火裝置」製造不在場證明？！ 堅持不認罪「用保險金利誘岳母助脫罪」更二審改判無期徒刑！",
            "ep_number": 1558,
            "rating": 1,
            "content_type": "show",
            "p_start": 1762161900000,
            "vod_channel_description": "今天我們要告訴您這一起駭人聽聞的詐保殺妻案。一名具有化工背景的男子，叫做阿志，為了詐領高達三千多萬的保險金，竟然用蚊香、拖鞋、牛皮紙袋、鞭炮，還有三個裝滿汽油的機油罐，親手布置了一個延遲點火的裝置。警方說，過去從來沒有看過這種縱火的手法，目的就是要製造自己不在場的證明。"
          },
          {
            "content_id": "VOD00362876",
            "time_codes": [
              848000,
              1839000,
              2424000
            ],
            "timecode_duration": [],
            "length": 2969000,
            "asset_id": "vod11071-001559M001",
            "title": "",
            "subtitle": "第1559集 服刑最久的無期徒刑受刑人！ 惡嫌求愛日本女大生「井口真理子」遭拒...竟用十字弓殺人分屍？！ 家人反對假釋「要求關到底」誰放出來誰負責！",
            "ep_number": 1559,
            "rating": 1,
            "content_type": "show",
            "p_start": 1762165200000,
            "vod_channel_description": "由東森主播洪培翔主持，以客觀的角度帶領觀眾深入探討事件的發展，探討新聞事件背後的艱辛內幕，取材涵蓋層面廣泛，包括人物故事、歷史檔案、社會觀察，以及時事啟發。"
          },
          {
            "content_id": "VOD00362877",
            "time_codes": [
              690000,
              1686000,
              2611000
            ],
            "timecode_duration": [],
            "length": 2969000,
            "asset_id": "vod11071-001560M001",
            "title": "",
            "subtitle": "第1560集 退役軍官恐嚇「報警就撕票」人質被綁還有麥當勞吃！？ 完美綁架計畫「栽在機智小五男童身上」記憶拼圖成警方破案關鍵！",
            "ep_number": 1560,
            "rating": 1,
            "content_type": "show",
            "p_start": 1762168500000,
            "vod_channel_description": "這一起，發生在1995年的學童綁架案。我們從來沒有聽過哪個綁匪會買麥當勞給人質吃，甚至晚上睡覺前，還會說床邊故事，像是《三國演義》或是《包青天》這些忠孝節義的故事給人質聽。因為他們綁架的人質是一名就讀小學五年級的男童。這些情節、這些畫面，光是想像就很衝突、很不真實，但它的確發生了。"
          },
          {
            "content_id": "VOD00370900",
            "time_codes": [
              764000,
              1604000,
              2452000
            ],
            "timecode_duration": [],
            "length": 2966000,
            "asset_id": "vod11071-001563M001",
            "title": "",
            "subtitle": "第1563集 新婚街友淪「人頭老公」被撞成重傷...出院三天就噎死？！ 蛇蠍情侶殺人詐保「密謀一年」主謀遭判無期徒刑",
            "ep_number": 1563,
            "rating": 1,
            "content_type": "show",
            "p_start": 1762171800000,
            "vod_channel_description": "2014年，在桃園楊梅的這一條產業道路，發生了一起車禍。一名男子被撞成了重傷，肇事的車輛跑掉了。還好附近有住戶及時發現，趕緊將他送醫，搶救回了一條命。不過，由於案發時間在凌晨，現場沒有人車經過，沒有任何目擊者。而且這個路段偏僻，別說監視器，就連盞路燈都沒有。"
          },
          {
            "content_id": "VOD00370901",
            "time_codes": [
              756000,
              1789000,
              2465000
            ],
            "timecode_duration": [],
            "length": 2970000,
            "asset_id": "vod11071-001564M001",
            "title": "",
            "subtitle": "第1564集 把熱氣球搬到大巨蛋的辣個女人！天后張惠妹「接棒周杰倫」嗨跳三天三夜超寵粉",
            "ep_number": 1564,
            "rating": 1,
            "content_type": "show",
            "p_start": 1762175100000,
            "vod_channel_description": "12月，台北大巨蛋很熱鬧，先後迎來了周杰倫和張惠妹。周杰倫是第一個在大巨蛋舉辦個人演唱會的歌手，張惠妹則是第一個在大巨蛋唱跨年的歌手。特別對張惠妹來說，這個12月也是出道28年的紀念日。你還記得1996年12月，張惠妹推出了第一張專輯《姊妹》嗎？在她的歌聲裡，住了很多人的青春。"
          },
          {
            "content_id": "VOD00370902",
            "time_codes": [
              701000,
              1654000,
              2500000
            ],
            "timecode_duration": [],
            "length": 2968000,
            "asset_id": "vod11071-001565M001",
            "title": "",
            "subtitle": "第1565集 柯文哲10年政治路「戴電子腳鐐7千萬交保」反商人設破滅？！「四大罪遭求刑28.5年」哽咽：相信自己不是貪汙的人！",
            "ep_number": 1565,
            "rating": 1,
            "content_type": "show",
            "p_start": 1762178400000,
            "vod_channel_description": "※報導本於目前偵辦進度與披露資訊，任何人在依法被判決有罪確定前，均應推定為無罪※\r\n儘管柯文哲否認收到沈慶京的1500萬，檢方連時間地點都不知道，不過最後還是以涉嫌收賄、圖利、公益侵占以及背信等四大罪名，具體求刑28年6個月。"
          },
          {
            "content_id": "VOD00370903",
            "time_codes": [
              607000,
              1519000,
              2208000
            ],
            "timecode_duration": [],
            "length": 2969000,
            "asset_id": "vod11071-001566M001",
            "title": "",
            "subtitle": "第1566集 為了一萬塊「殺人棄屍公墓」判無期徒刑！？ 派報生離奇失蹤「手機訊號」成破案關鍵！？",
            "ep_number": 1566,
            "rating": 1,
            "content_type": "show",
            "p_start": 1762181700000,
            "vod_channel_description": "2002年，台北市一名派報商阿英失蹤了。他的先生著急向警方報案。警方初步調查，夫妻倆經營一個派報站，有三個孩子要養，也有房貸壓力。平常阿英在派報工作結束，還會去自助餐店打工貼補家計，但這一天該回家的時候，人卻不見了。如果不是出了什麼意外，難道會是被綁架嗎？"
          },
          {
            "content_id": "VOD00370904",
            "time_codes": [
              830000,
              1903000,
              2450000
            ],
            "timecode_duration": [],
            "length": 2969000,
            "asset_id": "vod11071-001567M001",
            "title": "",
            "subtitle": "第1567集 包小柏走不出喪女痛「閉門鑽研AI復活她」！ AI女兒透過螢幕暖喊想念爸媽「一句話」讓他當場感動泛淚",
            "ep_number": 1567,
            "rating": 1,
            "content_type": "show",
            "p_start": 1762185000000,
            "vod_channel_description": "爸爸好想你！包小柏在虛擬世界重生女兒 永遠美麗！一起完成父女未完成的夢想。"
          },
          {
            "content_id": "VOD00370905",
            "time_codes": [
              798000,
              1746000,
              2407000
            ],
            "timecode_duration": [],
            "length": 2939000,
            "asset_id": "vod11071-001568M001",
            "title": "",
            "subtitle": "第1568集 道盟角頭為了350萬溺殺母子！？ 警急追關鍵「0917」通聯...一句話讓共犯失禁秒下跪認罪！",
            "ep_number": 1568,
            "rating": 1,
            "content_type": "show",
            "p_start": 1762188300000,
            "vod_channel_description": "2009年，在新北市汐止水源路旁邊的這一個水潭，有人發現了一具10歲男童的屍體！警方感到奇怪的是，一個10歲的小男童怎麼有辦法，一個人走到荒山野嶺的野溪呢 ？他的家人呢？沒想到，就擴大搜索後，就在另一處水潭裡，又發現了另一具成年女姓屍體！ 她是誰？和這個小男孩有關係嗎？"
          },
          {
            "content_id": "VOD00370906",
            "time_codes": [
              747000,
              1780000,
              2543000
            ],
            "timecode_duration": [],
            "length": 2943000,
            "asset_id": "vod11071-001569M001",
            "title": "",
            "subtitle": "第1569集 台灣輪機長捕魚「遭海盜囚禁5年」靠吃老鼠活命！兩岸籌200萬美金贖回「痛哭感謝」：以為會死在異鄉！",
            "ep_number": 1569,
            "rating": 1,
            "content_type": "show",
            "p_start": 1762191300000,
            "vod_channel_description": "已經銷聲匿跡長達十年的索馬利亞海盜，今年年初，因為紅海危機趁亂再度崛起。聯合國也發出警告，提醒改道不走紅海的商船，千萬要提高警覺，小心在索馬利亞外海遭遇海盜。今天，我們要帶您回顧，發生在2012年的這一起海盜挾持事件。雖然遭到挾持的漁船，註冊國家是阿曼，但是船長和輪機長都是台灣人。"
          },
          {
            "content_id": "VOD00370907",
            "time_codes": [
              760000,
              1511000,
              2347000
            ],
            "timecode_duration": [],
            "length": 2944000,
            "asset_id": "vod11071-001570M001",
            "title": "",
            "subtitle": "第1570集 走私20億海洛因「遭行刑式槍擊」丟海！抓藏鏡人是「線民毒梟聯手黑吃黑」屍體懸疑巧合成破案關鍵？！",
            "ep_number": 1570,
            "rating": 1,
            "content_type": "show",
            "p_start": 1762194600000,
            "vod_channel_description": "命案如果發生在汪洋大海，破案的難度相當高，因為沒有監視器，也很難剛好會有目擊者，真相恐怕就此石沉大海。這一起2002年發生在彭佳嶼附近海域的火燒船事件，背後竟然是一起毒品走私的黑吃黑命案。發生火燒船意外的是這艘福生三號漁船，它從基隆八斗子漁港出發，計畫前往彭佳嶼附近海域捕魚。"
          },
          {
            "content_id": "VOD00370908",
            "time_codes": [
              811000,
              1645000,
              2294000
            ],
            "timecode_duration": [],
            "length": 2940000,
            "asset_id": "vod11071-001571M001",
            "title": "",
            "subtitle": "第1571集 大S人生最幸福的3年「具俊曄痴等20年」淚崩：以為她會恨我！ 小S拍哭戲一定找姊姊：她是我世上最愛的人！",
            "ep_number": 1571,
            "rating": 1,
            "content_type": "show",
            "p_start": 1762197900000,
            "vod_channel_description": "2025的農曆春節，從日本傳來不幸消息，藝人大S因為流感併發肺炎，不幸病逝。很多人也許到現在都還無法相信，無法接受這個事實。  大S還那麼年輕，才48歲，歷經一場10年婚姻的傷痕累累，好不容易才找到生命中的真愛，怎麼會就這樣猝然離世呢？"
          },
          {
            "content_id": "VOD00370909",
            "time_codes": [
              862000,
              1849000,
              2591000
            ],
            "timecode_duration": [],
            "length": 2938000,
            "asset_id": "vod11071-001572M001",
            "title": "",
            "subtitle": "第1572集 七旬碎屍魔張介宗「50年前硬上女乘客」三審逃死！出獄後再分屍3婦「深夜傳剁骨聲」囂張嗆警：你槍斃我啊！",
            "ep_number": 1572,
            "rating": 1,
            "content_type": "show",
            "p_start": 1762200900000,
            "vod_channel_description": "高雄發生了連環殺人分屍案，這起驚悚的殺人分屍案之所以曝光，是因為 一名71歲婦人離奇失蹤，警方調查發現 73歲的張姓男子涉有重嫌，在他的住處進行蒐證，竟然意外採集到三名不同女性的血跡，另外兩位分別是張姓男子的前女友以及大嫂，才揭發了這起恐怖的連環殺人案 。"
          },
          {
            "content_id": "VOD00370910",
            "time_codes": [
              700000,
              1621000,
              2406000
            ],
            "timecode_duration": [],
            "length": 2938000,
            "asset_id": "vod11071-001573M001",
            "title": "",
            "subtitle": "第1573集 食人魔「分屍女保險員」刮骨割肉丟化糞池？！凌遲手法如「滿清十大酷刑」還自爆：人肉不好吃？！",
            "ep_number": 1573,
            "rating": 1,
            "content_type": "show",
            "p_start": 1762203900000,
            "vod_channel_description": "台灣治安史上最駭人聽聞的殺人分屍案，是發生在2003年的台中龍井分屍案，凶嫌陳金火和廣德強，不但殺害了一名施姓女保險員，甚至在分屍之後還把人肉烹煮來吃，陳金火一直到槍決伏法之前，對自己的犯行不但否認到底，甚至一點罪惡感都沒有，而且這恐怕不是他所犯下的唯一起命案。"
          },
          {
            "content_id": "VOD00370912",
            "time_codes": [
              731000,
              1742000,
              2421000
            ],
            "timecode_duration": [],
            "length": 2970000,
            "asset_id": "vod11071-001575M001",
            "title": "",
            "subtitle": "第1575集 女研究生狠殺姊妹淘「王水溶屍」冷眼看她被解剖？！ 與閨密「陷三角戀」為渣男下海狂砸錢？！",
            "ep_number": 1575,
            "rating": 1,
            "content_type": "show",
            "p_start": 1762206900000,
            "vod_channel_description": "【台灣首起強酸溶屍情殺】1998年清華大學，發生了一起情殺命案震驚社會，因為命案的三位當事人都是清大研究所的高材生，命案的地點就發生在清華大學校園內，而且毀屍滅跡的手法，竟然是使用腐蝕性極強的王水，這是台灣治安史上第一起溶屍案。"
          },
          {
            "content_id": "VOD00370913",
            "time_codes": [
              809000,
              1733000,
              2411000
            ],
            "timecode_duration": [],
            "length": 2970000,
            "asset_id": "vod11071-001576M001",
            "title": "",
            "subtitle": "第1576集 當街開槍角頭老大「黑幫叛徒逃亡8年」竟敗在人質手稿？！ 餐廳老闆遭擄13天「聽戰鬥機聲辨位」意外揪出槍擊要犯？！",
            "ep_number": 1576,
            "rating": 1,
            "content_type": "show",
            "p_start": 1762210200000,
            "vod_channel_description": "【黑白兩道追緝黑幫叛徒】發生在2006年8月的這一天，地點是新北市中和區的這處公寓。清晨五點多，大批警力集結，包括了公寓的出入口，附近的制高點都已經做好了部署。這一次的目標是刑事局已經追捕八年的槍擊要犯，綽號「黑幫叛徒」的小金。這個小金前科累累，犯下許多槍擊案，火力相當驚人。"
          },
          {
            "content_id": "VOD00370914",
            "time_codes": [
              788000,
              1717000,
              2411000
            ],
            "timecode_duration": [],
            "length": 2970000,
            "asset_id": "vod11071-001577M001",
            "title": "",
            "subtitle": "第1577集 情報員蔣仁曦「中國坐牢8年」獲釋返台卻慘死？！ 800萬埋殺機「遭綑40kg磚」丟淡水河…嫌犯竟是「老戰友」？！",
            "ep_number": 1577,
            "rating": 1,
            "content_type": "show",
            "p_start": 1762213500000,
            "vod_channel_description": "由東森主播洪培翔主持，以客觀的角度帶領觀眾深入探討事件的發展，探討新聞事件背後的艱辛內幕，取材涵蓋層面廣泛，包括人物故事、歷史檔案、社會觀察，以及時事啟發。"
          }
        ],
        "total_length": 284645000,
        "focus_index": 16,
        "next_index": 17,
        "time": 2182435,
        "focus_program": {
          "content_id": "VOD00323140",
          "time_codes": [
            889000,
            1728000,
            2418000
          ],
          "timecode_duration": [],
          "length": 2966000,
          "asset_id": "vod11071-001494M001",
          "title": "",
          "subtitle": "第1494集 渣男勒殺女友反「嫁禍雙親」！法官認定「隔代教養」害他犯罪「僅判18年」逃死刑",
          "ep_number": 1494,
          "rating": 1,
          "content_type": "show",
          "p_start": 1761955500000,
          "vod_channel_description": "2016年8月16號，新北市蘆洲長安街一處公寓四樓的出租套房，發現女租客陳屍在床上。警方接獲報案，進到屋內查看，發現沈姓女子倒臥在床上，而浴室內有燒木炭的炭盆，天花板上有一條童軍繩，書桌上有一張便條紙，寫著遺書在電腦內。"
        }
      },
      "station_categories": [
        {
          "Name": "綜藝",
          "EngName": "Entertainment",
          "MenuOrder": 8
        }
      ]
    },
    "introduction": {
      "image": "https://p-cdnstatic.svc.litv.tv/pics/vod_channel/logo_ofiii133_mobile_20230329.png",
      "description": "由東森主播洪培翔主持，以客觀的角度帶領觀眾深入探討事件的發展，探討新聞事件背後的艱辛內幕，取材涵蓋層面廣泛，包括人物故事、歷史檔案、社會觀察，以及時事啟發。",
      "href_maps": []
    },
    "recommends": [],
    "ua": "Mozilla/5.0 (Windows NT 10.0; Win64; x64) AppleWebKit/537.36 (KHTML, like Gecko) Chrome/141.0.0.0 Safari/537.36"
  },
  "__N_SSP": true
}