{
  "pageProps": {
    "contentId": "ofiii147",
    "channel": {
      "title": "好搭檔",
      "no": 147,
      "charge_mode": "F",
      "content_id": "ofiii147",
      "content_type": "vod-channel",
      "epg_categories": [
        4
      ],
      "genres": [
        {
          "id": "",
          "name": "VOD_CHANNEL",
          "logo": ""
        }
      ],
      "liad_id": "VODCHNEWOFIWEB",
      "package_info_id": "VOD_CHANNEL_DELUX",
      "picture": "pics/vod_channel/logo_3516_ofiii147_tv_20250225.png",
      "provider": [
        {
          "id": "",
          "name": "世詮多媒體",
          "logo": ""
        }
      ],
      "quality": "HD",
      "station_id": "station6450",
      "trial": "",
      "selectable": 1,
      "tr_logo": "pics/vod_channel/tr_logo_1730699929.png",
      "tl_logo": "",
      "br_logo": "",
      "bl_logo": "",
      "menu_type": 1,
      "vod_channel_schedule": {
        "channel_id": 147,
        "cdn_code": "ofiii147",
        "start_time": 1762150566000,
        "programs": [
          {
            "content_id": "VOD00345640",
            "time_codes": [
              664000,
              1466000,
              2154000,
              2890000
            ],
            "timecode_duration": [],
            "length": 4054000,
            "asset_id": "vod73902-000001M001",
            "title": "",
            "subtitle": "第1集",
            "ep_number": 1,
            "rating": 1,
            "content_type": "drama",
            "p_start": 1740457800000,
            "vod_channel_description": "大正律師事務所人氣離婚律師車恩京與新人律師韓宥利，兩人初見面就互不對盤，更經常因為對案件的看法不同產生激烈衝突，直到韓宥利意外撞見車恩京的秘密，她才發現原來兩人有許多共通點，從此兩人漸漸了解彼此..."
          },
          {
            "content_id": "VOD00345641",
            "time_codes": [
              711000,
              1398000,
              2120000,
              2894000
            ],
            "timecode_duration": [],
            "length": 3718000,
            "asset_id": "vod73902-000002M001",
            "title": "",
            "subtitle": "第2集",
            "ep_number": 2,
            "rating": 1,
            "content_type": "drama",
            "p_start": 1740462000000,
            "vod_channel_description": "大正律師事務所人氣離婚律師車恩京與新人律師韓宥利，兩人初見面就互不對盤，更經常因為對案件的看法不同產生激烈衝突，直到韓宥利意外撞見車恩京的秘密，她才發現原來兩人有許多共通點，從此兩人漸漸了解彼此..."
          },
          {
            "content_id": "VOD00345642",
            "time_codes": [
              744000,
              1396000,
              2106000,
              2914000
            ],
            "timecode_duration": [],
            "length": 4128000,
            "asset_id": "vod73902-000003M001",
            "title": "",
            "subtitle": "第3集",
            "ep_number": 3,
            "rating": 1,
            "content_type": "drama",
            "p_start": 1740465900000,
            "vod_channel_description": "大正律師事務所人氣離婚律師車恩京與新人律師韓宥利，兩人初見面就互不對盤，更經常因為對案件的看法不同產生激烈衝突，直到韓宥利意外撞見車恩京的秘密，她才發現原來兩人有許多共通點，從此兩人漸漸了解彼此..."
          },
          {
            "content_id": "VOD00345643",
            "time_codes": [
              671000,
              1411000,
              2111000,
              2831000
            ],
            "timecode_duration": [],
            "length": 3668000,
            "asset_id": "vod73902-000004M001",
            "title": "",
            "subtitle": "第4集",
            "ep_number": 4,
            "rating": 1,
            "content_type": "drama",
            "p_start": 1740470100000,
            "vod_channel_description": "大正律師事務所人氣離婚律師車恩京與新人律師韓宥利，兩人初見面就互不對盤，更經常因為對案件的看法不同產生激烈衝突，直到韓宥利意外撞見車恩京的秘密，她才發現原來兩人有許多共通點，從此兩人漸漸了解彼此..."
          },
          {
            "content_id": "VOD00345644",
            "time_codes": [
              749000,
              1425000,
              2153000,
              2920000
            ],
            "timecode_duration": [],
            "length": 3949000,
            "asset_id": "vod73902-000005M001",
            "title": "",
            "subtitle": "第5集",
            "ep_number": 5,
            "rating": 1,
            "content_type": "drama",
            "p_start": 1740474000000,
            "vod_channel_description": "大正律師事務所人氣離婚律師車恩京與新人律師韓宥利，兩人初見面就互不對盤，更經常因為對案件的看法不同產生激烈衝突，直到韓宥利意外撞見車恩京的秘密，她才發現原來兩人有許多共通點，從此兩人漸漸了解彼此..."
          },
          {
            "content_id": "VOD00345645",
            "time_codes": [
              710000,
              1466000,
              2118000,
              2870000
            ],
            "timecode_duration": [],
            "length": 3854000,
            "asset_id": "vod73902-000006M001",
            "title": "",
            "subtitle": "第6集",
            "ep_number": 6,
            "rating": 1,
            "content_type": "drama",
            "p_start": 1740478200000,
            "vod_channel_description": "大正律師事務所人氣離婚律師車恩京與新人律師韓宥利，兩人初見面就互不對盤，更經常因為對案件的看法不同產生激烈衝突，直到韓宥利意外撞見車恩京的秘密，她才發現原來兩人有許多共通點，從此兩人漸漸了解彼此..."
          },
          {
            "content_id": "VOD00345646",
            "time_codes": [
              730000,
              1381000,
              2164000,
              2936000
            ],
            "timecode_duration": [],
            "length": 3729000,
            "asset_id": "vod73902-000007M001",
            "title": "",
            "subtitle": "第7集",
            "ep_number": 7,
            "rating": 1,
            "content_type": "drama",
            "p_start": 1740482400000,
            "vod_channel_description": "大正律師事務所人氣離婚律師車恩京與新人律師韓宥利，兩人初見面就互不對盤，更經常因為對案件的看法不同產生激烈衝突，直到韓宥利意外撞見車恩京的秘密，她才發現原來兩人有許多共通點，從此兩人漸漸了解彼此..."
          },
          {
            "content_id": "VOD00345647",
            "time_codes": [
              787000,
              1477000,
              2186000,
              2934000
            ],
            "timecode_duration": [],
            "length": 3710000,
            "asset_id": "vod73902-000008M001",
            "title": "",
            "subtitle": "第8集",
            "ep_number": 8,
            "rating": 1,
            "content_type": "drama",
            "p_start": 1740486300000,
            "vod_channel_description": "大正律師事務所人氣離婚律師車恩京與新人律師韓宥利，兩人初見面就互不對盤，更經常因為對案件的看法不同產生激烈衝突，直到韓宥利意外撞見車恩京的秘密，她才發現原來兩人有許多共通點，從此兩人漸漸了解彼此..."
          },
          {
            "content_id": "VOD00345648",
            "time_codes": [
              702000,
              1434000,
              2231000,
              2897000
            ],
            "timecode_duration": [],
            "length": 3638000,
            "asset_id": "vod73902-000009M001",
            "title": "",
            "subtitle": "第9集",
            "ep_number": 9,
            "rating": 1,
            "content_type": "drama",
            "p_start": 1740490200000,
            "vod_channel_description": "大正律師事務所人氣離婚律師車恩京與新人律師韓宥利，兩人初見面就互不對盤，更經常因為對案件的看法不同產生激烈衝突，直到韓宥利意外撞見車恩京的秘密，她才發現原來兩人有許多共通點，從此兩人漸漸了解彼此..."
          },
          {
            "content_id": "VOD00345649",
            "time_codes": [
              771000,
              1436000,
              2202000,
              2888000
            ],
            "timecode_duration": [],
            "length": 4020000,
            "asset_id": "vod73902-000010M001",
            "title": "",
            "subtitle": "第10集",
            "ep_number": 10,
            "rating": 1,
            "content_type": "drama",
            "p_start": 1740494100000,
            "vod_channel_description": "大正律師事務所人氣離婚律師車恩京與新人律師韓宥利，兩人初見面就互不對盤，更經常因為對案件的看法不同產生激烈衝突，直到韓宥利意外撞見車恩京的秘密，她才發現原來兩人有許多共通點，從此兩人漸漸了解彼此..."
          },
          {
            "content_id": "VOD00345650",
            "time_codes": [
              716000,
              1439000,
              2104000,
              2900000
            ],
            "timecode_duration": [],
            "length": 3641000,
            "asset_id": "vod73902-000011M001",
            "title": "",
            "subtitle": "第11集",
            "ep_number": 11,
            "rating": 1,
            "content_type": "drama",
            "p_start": 1740498300000,
            "vod_channel_description": "大正律師事務所人氣離婚律師車恩京與新人律師韓宥利，兩人初見面就互不對盤，更經常因為對案件的看法不同產生激烈衝突，直到韓宥利意外撞見車恩京的秘密，她才發現原來兩人有許多共通點，從此兩人漸漸了解彼此..."
          },
          {
            "content_id": "VOD00345651",
            "time_codes": [
              765000,
              1471000,
              2145000,
              2876000,
              3638000
            ],
            "timecode_duration": [],
            "length": 4094000,
            "asset_id": "vod73902-000012M001",
            "title": "",
            "subtitle": "第12集",
            "ep_number": 12,
            "rating": 1,
            "content_type": "drama",
            "p_start": 1740502200000,
            "vod_channel_description": "大正律師事務所人氣離婚律師車恩京與新人律師韓宥利，兩人初見面就互不對盤，更經常因為對案件的看法不同產生激烈衝突，直到韓宥利意外撞見車恩京的秘密，她才發現原來兩人有許多共通點，從此兩人漸漸了解彼此..."
          },
          {
            "content_id": "VOD00345652",
            "time_codes": [
              682000,
              1464000,
              2156000,
              2886000
            ],
            "timecode_duration": [],
            "length": 3644000,
            "asset_id": "vod73902-000013M001",
            "title": "",
            "subtitle": "第13集",
            "ep_number": 13,
            "rating": 1,
            "content_type": "drama",
            "p_start": 1740506400000,
            "vod_channel_description": "大正律師事務所人氣離婚律師車恩京與新人律師韓宥利，兩人初見面就互不對盤，更經常因為對案件的看法不同產生激烈衝突，直到韓宥利意外撞見車恩京的秘密，她才發現原來兩人有許多共通點，從此兩人漸漸了解彼此..."
          },
          {
            "content_id": "VOD00345653",
            "time_codes": [
              247000,
              727000,
              1413000,
              2170000
            ],
            "timecode_duration": [],
            "length": 3840000,
            "asset_id": "vod73902-000014M001",
            "title": "",
            "subtitle": "第14集",
            "ep_number": 14,
            "rating": 1,
            "content_type": "drama",
            "p_start": 1740510300000,
            "vod_channel_description": "大正律師事務所人氣離婚律師車恩京與新人律師韓宥利，兩人初見面就互不對盤，更經常因為對案件的看法不同產生激烈衝突，直到韓宥利意外撞見車恩京的秘密，她才發現原來兩人有許多共通點，從此兩人漸漸了解彼此..."
          },
          {
            "content_id": "VOD00345654",
            "time_codes": [
              717000,
              1467000,
              2169000,
              2862000
            ],
            "timecode_duration": [],
            "length": 3647000,
            "asset_id": "vod73902-000015M001",
            "title": "",
            "subtitle": "第15集",
            "ep_number": 15,
            "rating": 1,
            "content_type": "drama",
            "p_start": 1740514200000,
            "vod_channel_description": "大正律師事務所人氣離婚律師車恩京與新人律師韓宥利，兩人初見面就互不對盤，更經常因為對案件的看法不同產生激烈衝突，直到韓宥利意外撞見車恩京的秘密，她才發現原來兩人有許多共通點，從此兩人漸漸了解彼此..."
          },
          {
            "content_id": "VOD00345655",
            "time_codes": [
              731000,
              1393000,
              2166000,
              2965000
            ],
            "timecode_duration": [],
            "length": 3945000,
            "asset_id": "vod73902-000016M001",
            "title": "",
            "subtitle": "第16集",
            "ep_number": 16,
            "rating": 1,
            "content_type": "drama",
            "p_start": 1740518100000,
            "vod_channel_description": "大正律師事務所人氣離婚律師車恩京與新人律師韓宥利，兩人初見面就互不對盤，更經常因為對案件的看法不同產生激烈衝突，直到韓宥利意外撞見車恩京的秘密，她才發現原來兩人有許多共通點，從此兩人漸漸了解彼此..."
          }
        ],
        "total_length": 61279000,
        "focus_index": 6,
        "next_index": 7,
        "time": 2189734,
        "focus_program": {
          "content_id": "VOD00345646",
          "time_codes": [
            730000,
            1381000,
            2164000,
            2936000
          ],
          "timecode_duration": [],
          "length": 3729000,
          "asset_id": "vod73902-000007M001",
          "title": "",
          "subtitle": "第7集",
          "ep_number": 7,
          "rating": 1,
          "content_type": "drama",
          "p_start": 1740482400000,
          "vod_channel_description": "大正律師事務所人氣離婚律師車恩京與新人律師韓宥利，兩人初見面就互不對盤，更經常因為對案件的看法不同產生激烈衝突，直到韓宥利意外撞見車恩京的秘密，她才發現原來兩人有許多共通點，從此兩人漸漸了解彼此..."
        }
      },
      "station_categories": [
        {
          "Name": "戲劇",
          "EngName": "Drama",
          "MenuOrder": 7
        }
      ]
    },
    "introduction": {
      "image": "https://p-cdnstatic.svc.litv.tv/pics/vod_channel/logo_3516_ofiii147_mobile_20241104.png",
      "description": "",
      "href_maps": []
    },
    "recommends": [],
    "ua": "Mozilla/5.0 (Windows NT 10.0; Win64; x64) AppleWebKit/537.36 (KHTML, like Gecko) Chrome/91.0.4472.124 Safari/537.36"
  },
  "__N_SSP": true
}