{
  "pageProps": {
    "contentId": "ofiii215",
    "channel": {
      "title": "電動車時代",
      "no": 215,
      "charge_mode": "F",
      "content_id": "ofiii215",
      "content_type": "vod-channel",
      "epg_categories": [
        1
      ],
      "genres": [
        {
          "id": "",
          "name": "VOD_CHANNEL",
          "logo": ""
        }
      ],
      "liad_id": "VODCHNEWOFIWEB",
      "package_info_id": "VOD_CHANNEL_DELUX",
      "picture": "pics/vod_channel/logo_3475_ofiii215_tv_20240930.png",
      "provider": [
        {
          "id": "",
          "name": "",
          "logo": ""
        }
      ],
      "quality": "HD",
      "station_id": "station6409",
      "trial": "",
      "selectable": 1,
      "tr_logo": "",
      "tl_logo": "",
      "br_logo": "",
      "bl_logo": "",
      "menu_type": 0,
      "vod_channel_schedule": {
        "channel_id": 215,
        "cdn_code": "ofiii215",
        "start_time": 1762035300000,
        "programs": [
          {
            "content_id": "VOD00379987",
            "time_codes": [
              600000
            ],
            "timecode_duration": [],
            "length": 890000,
            "asset_id": "vod62278-000263M001",
            "title": "Super Snow Show",
            "subtitle": "【LUXGEN n7將開放第二波接單啦！】納智捷n⁷首波交車車主車聚：後照鏡跟電池有疑慮？裕隆股東會展示決心：n⁷與MG4第二季在山頭會合？上集",
            "ep_number": 263,
            "rating": 1,
            "content_type": "show",
            "p_start": 1762035300000,
            "vod_channel_description": "上集首波交車大會師，還有下集喔！車主開箱試駕n7唷！"
          },
          {
            "content_id": "VOD00379988",
            "time_codes": [
              600000
            ],
            "timecode_duration": [],
            "length": 1164000,
            "asset_id": "vod62278-000264M001",
            "title": "Super Snow Show",
            "subtitle": "【LUXGEN n7 與MG4兄弟山頂見？】人生第一台電動車就選它：納智捷 n⁷在地化服務讓神秘車主讚嘆｜下集",
            "ep_number": 264,
            "rating": 1,
            "content_type": "show",
            "p_start": 1762036500000,
            "vod_channel_description": "帶起台灣汽車節目風潮，前TVBS《地球黃金線》與東森《夢想街57號》主持人，「車界女神」廖盈婷，自製談話性節目《Super Snow Show》，持續以熱情和風趣的主持風格，打造出高人氣試車頻道，介紹車與生活。"
          },
          {
            "content_id": "VOD00379986",
            "time_codes": [
              1157000
            ],
            "timecode_duration": [],
            "length": 1664000,
            "asset_id": "vod62278-000262M001",
            "title": "Super Snow Show",
            "subtitle": "Kia EV9 來了！新車卯起來測試：電耗、空間赤裸裸公布！四張床墊全上 竟然都過關！超狂車主賣掉Model X 等EV9交車！？",
            "ep_number": 262,
            "rating": 1,
            "content_type": "show",
            "p_start": 1762038000000,
            "vod_channel_description": "帶起台灣汽車節目風潮，前TVBS《地球黃金線》與東森《夢想街57號》主持人，「車界女神」廖盈婷，自製談話性節目《Super Snow Show》，持續以熱情和風趣的主持風格，打造出高人氣試車頻道，介紹車與生活。"
          },
          {
            "content_id": "VOD00376060",
            "time_codes": [
              600000,
              1200000
            ],
            "timecode_duration": [],
            "length": 1345000,
            "asset_id": "vod62279-000166M001",
            "title": "狂人日誌",
            "subtitle": "百改？為先，原來 LUXGEN n7 跑山可以這麼快！只要你...",
            "ep_number": 166,
            "rating": 1,
            "content_type": "show",
            "p_start": 1762039800000,
            "vod_channel_description": "環島之後，縱使我們對於 LUXGEN n7 的舒適性與續航能力是讚譽有佳，卻也對她那天生就偏向溫柔的懸吊避震感到遺憾。顯而易見的，在24耐環島中已經鋪梗要改車的 Vnz，果不其然的已經準備好多項部品，準備好來替 n7 升級。唯一的問題是，這是又要改什麼呢？"
          },
          {
            "content_id": "VOD00374406",
            "time_codes": [
              938000
            ],
            "timecode_duration": [],
            "length": 1795000,
            "asset_id": "vod62277-000149M001",
            "title": "DR. IF fACTORY 硬核車媒",
            "subtitle": "開奧迪電車免焦慮？Audi A6 e-tron Performance 100度大電池、超強三電，是否真能省電？Audi A6 e-tron 電耗測試、科技全詳解！",
            "ep_number": 149,
            "rating": 1,
            "content_type": "show",
            "p_start": 1762041600000,
            "vod_channel_description": "Audi A6 e-tron 這部 Audi 基於 Q6 e-tron 而來，首部 Audi 轎式電車，A6 e-tron 將 Q6 e-tron 所有的三電系統、大電池、PPE電車平台等科技全數搭載，甚至 A6 e-tron 也因低風阻，創造 A6 e-tron 有著 WLTP 突破700公里以上的表現！為了驗證 A6 e-tron 有那麼強大，DR.IF 開著電耗最出色的 A6 e-tron Performance 進行150公里的綜合高低速電耗測試，驗證 A6 e-tron 真實電耗表現，也在測試 A6 e-tron 電耗時，跟大家分享 A6 e-tron 三電、PPE電車平台的黑科技。"
          },
          {
            "content_id": "VOD00374834",
            "time_codes": [
              600000
            ],
            "timecode_duration": [],
            "length": 1191000,
            "asset_id": "vod62278-000248M001",
            "title": "Super Snow Show",
            "subtitle": "【破1600台訂單！電動車佔八成！】BMW iX2 純電豪華跑旅,實車質感讓人驚嘆：全景玻璃車頂、懸浮曲面螢幕、OS 9最新科技集大成！價差12萬該買X2或是iX2？",
            "ep_number": 248,
            "rating": 1,
            "content_type": "show",
            "p_start": 1762043700000,
            "vod_channel_description": "帶起台灣汽車節目風潮，前TVBS《地球黃金線》與東森《夢想街57號》主持人，「車界女神」廖盈婷，自製談話性節目《Super Snow Show》，持續以熱情和風趣的主持風格，打造出高人氣試車頻道，介紹車與生活。"
          },
          {
            "content_id": "VOD00372561",
            "time_codes": [
              986000,
              1833000,
              2836000
            ],
            "timecode_duration": [],
            "length": 2902000,
            "asset_id": "vod53540-001525M001",
            "title": "夢想街57號 預約你的夢想",
            "subtitle": "第1525集 新能源發展刻不容緩 大油電時代來臨！",
            "ep_number": 1525,
            "rating": 1,
            "content_type": "show",
            "p_start": 1762045200000,
            "vod_channel_description": "新能源發展刻不容緩，大油電時代來臨！油電車只是過渡產品？銷量增長數字會說話！油電系統百百種好難懂？專家教你一次分清楚！渦輪+油電更香！Tucson L馬兒會跑又不「吃草」！省油+操控的絕佳平衡！Civic人車一體超有樂趣！"
          },
          {
            "content_id": "VOD00374404",
            "time_codes": [
              600000
            ],
            "timecode_duration": [],
            "length": 674000,
            "asset_id": "vod62277-000147M001",
            "title": "DR. IF fACTORY 硬核車媒",
            "subtitle": "電動 Octavia 要來了？Skoda Vision O 一窺未來 Skoda 旅行車樣貌！Vision O 外內詳解！",
            "ep_number": 147,
            "rating": 1,
            "content_type": "show",
            "p_start": 1762048200000,
            "vod_channel_description": "Octavia、Superb Combi 甚至 Scala，都是 Skoda 熱賣的旅行車，Octavia Combi 全球銷量更達 300萬部，說 Skoda 是旅行車專家不為過，Skoda 為了預告未來 Octavia Combi 甚至 Superb Combi 樣貌，此次 IAA車展前曝光了 Skoda 未來旅行車的概念車 Vision O，而DR.IF也應 Skoda 之邀，在 Skoda 工程師團隊的解說下，近距離瞭解 Vision O 設計概念，深度探究未來 Octavia Combi 甚至 Superb Combi 樣貌，以及 Octavia Combi 甚至 Superb Comb 未來能源與設計方向，就讓 DR.IF 以10分多鐘時間，帶大家近距離體驗 Vision O 吧！"
          },
          {
            "content_id": "VOD00376046",
            "time_codes": [
              600000,
              1200000
            ],
            "timecode_duration": [],
            "length": 1225000,
            "asset_id": "vod59793-000182M001",
            "title": "Auto-Online 汽車線上情報誌",
            "subtitle": "Audi A6 Sportback e tron｜純電續航無焦慮，駕馭豪華新體驗｜performance S line",
            "ep_number": 182,
            "rating": 1,
            "content_type": "show",
            "p_start": 1762049100000,
            "vod_channel_description": "承襲A6車系優雅動感的經典身段，A6 Sportback e-tron performance以純電之姿全面進化。流線跑格結合先進電能科技，展現零排放卻充滿駕馭激情的風範。搭載最新世代電驅動力與智慧座艙，帶來長續航、高效率與豪華舒適的全方位體驗，重新定義高級純電轎跑的標竿。"
          },
          {
            "content_id": "VOD00365028",
            "time_codes": [
              1275000,
              2036000,
              2751000
            ],
            "timecode_duration": [],
            "length": 2934000,
            "asset_id": "vod53540-001497M001",
            "title": "夢想街57號 預約你的夢想",
            "subtitle": "第1497集 進入減碳新生活 愛地球又能幫你省荷包！",
            "ep_number": 1497,
            "rating": 1,
            "content_type": "show",
            "p_start": 1762050600000,
            "vod_channel_description": "進入減碳新生活，愛地球又能幫你省荷包！抵銷過往10年的努力？去年休旅車碳排量創新高。各種風格新能源CUV，不同油電科技該怎麼選？聰明用車六大心法，不僅減碳還能降低油耗！全球電車需求放緩，高端純電超跑也乏人問津？"
          },
          {
            "content_id": "VOD00371358",
            "time_codes": [
              600000
            ],
            "timecode_duration": [],
            "length": 705000,
            "asset_id": "vod70202-000104M001",
            "title": "脖子解說 Mr. Neck",
            "subtitle": "車友來交車14│為何放棄福特!?「KUGA」車友換「特斯拉 Model Y」...完整交車實錄+福特5年使用優缺點真實分享!!",
            "ep_number": 104,
            "rating": 1,
            "content_type": "show",
            "p_start": 1762053600000,
            "vod_channel_description": "你是否曾想過D.I.Y自己的愛車卻尋求不到協助？你是否考慮特定車款卻不知風評如何？你是否想跟廣大的車友們交流、交心、交朋友？分享「說車、玩車、聊車」的大小事！不管你懂車、不懂車、甚至是想買車的朋友，我們會把最新的車市資訊，以及養車的小知識分享給大家！"
          },
          {
            "content_id": "VOD00374831",
            "time_codes": [
              600000,
              1200000
            ],
            "timecode_duration": [],
            "length": 1300000,
            "asset_id": "vod62278-000245M001",
            "title": "Super Snow Show",
            "subtitle": "【福斯集團電車大軍！】ID.5 GTX 全景玻璃車頂超通透~與 Q4 e-tron差很大?? Enyaq全車系將來台~怎麼選? ID. Buzz 正七人座 挑戰電動露營車VanLife",
            "ep_number": 245,
            "rating": 1,
            "content_type": "show",
            "p_start": 1762054500000,
            "vod_channel_description": "Audi Q4 e-tron/Q4 Sportback e-tron、Volkswagen ID.4/ID.5/GTX 、Škoda Enyaq/Enyaq Coupé、福斯商旅ID.Buzz陸續登台，你怎麼選？"
          },
          {
            "content_id": "VOD00365792",
            "time_codes": [
              600000,
              1200000
            ],
            "timecode_duration": [],
            "length": 1299000,
            "asset_id": "vod62277-000137M001",
            "title": "DR. IF fACTORY 硬核車媒",
            "subtitle": "油電Fit車主詳解HR-V e:HEV！Honda HR-V e:HEV 電油結構、電控科技詳解！",
            "ep_number": 137,
            "rating": 1,
            "content_type": "show",
            "p_start": 1762056000000,
            "vod_channel_description": "HR-V e:HEV 終於來了！HR-V e:HEV是Honda第三款電油車，HR-V e:HEV看似架構與Fit e:HEV相同，但身為Fit e:HEV車主的DR.IF，深入研究HR-V e:HEV後，發現HR-V e:HEV與Fit e:HEV仍有頗多不同，而且HR-V e:HEV也多了動能回收，駕駛HR-V e:HEV更像純電車，DR.IF除了解說HR-V e:HEV與Fit e:HEV差異之處，也從一年多跑近3萬公里的Fit e:HEV使用經驗，跟大家分享HR-V e:HEV獨特的電油用車心得！"
          },
          {
            "content_id": "VOD00369530",
            "time_codes": [
              600000
            ],
            "timecode_duration": [],
            "length": 744000,
            "asset_id": "vod59793-000176M001",
            "title": "Auto-Online 汽車線上情報誌",
            "subtitle": "Honda HR-V e:HEV｜不演了，本集就是來推坑的！",
            "ep_number": 176,
            "rating": 1,
            "content_type": "show",
            "p_start": 1762057500000,
            "vod_channel_description": "近期製作人收到朋友的尋車委託，想尋找一台中小型休旅且必須具備省油、安全與大空間等特色。思來想去就是本集的主角Honda HR-V e:HEV，於是本集的推坑企劃就此展開！究竟這台電油車能否滿足他們的需求呢？"
          },
          {
            "content_id": "VOD00370498",
            "time_codes": [
              600000
            ],
            "timecode_duration": [],
            "length": 755000,
            "asset_id": "vod59791-000208M001",
            "title": "SiCAR愛車酷",
            "subtitle": "【Andy老爹試駕】 小改款馬力增加82hp 續航再多167km！ | 2025 BMW iX xDrive45 M Sport",
            "ep_number": 208,
            "rating": 1,
            "content_type": "show",
            "p_start": 1762058400000,
            "vod_channel_description": "小改款的BMW iX 在車型編成、動力、配備等方面都做了調整，入門款 iX xDrive45 Excellence 售價為338萬，中階款xDrive45 M Sport售價為368萬，頂規xDrive60 M Sport售價為488萬。這次試駕的xDrive45 M Sport 加入M Sport空力套件、Ｍ款藍色卡鉗、Ｍ款方向盤及跑車座椅等多樣配備，動力及電池容量比起改款前增加不少，最大馬力來到408hp(+82hp)，最大扭力700Nm(+70Nm)，零百加速成績為5.1秒，比小改前少了1秒．電池容量也從76.6kWh增加到100.6kWh．最高續航里程為602km(+167km)．小改款後還有哪些亮點以及操控感受如何，讓我們繼續看下去....."
          },
          {
            "content_id": "VOD00368261",
            "time_codes": [
              600000
            ],
            "timecode_duration": [],
            "length": 714000,
            "asset_id": "vod62279-000156M001",
            "title": "狂人日誌",
            "subtitle": "還是日本車嗎？「電油」才是完全體：HONDA HR-V e:HEV",
            "ep_number": 156,
            "rating": 1,
            "content_type": "show",
            "p_start": 1762059300000,
            "vod_channel_description": "事實上，面對市場上常見、由日系品牌所推出的「日本車」，卻多數都非為了日本市場而生，而是為東南亞戰略車、亞太規格等。不過，仍有一款車，堅持了日本思維、融入了諸多日式設計，讓人眼睛一亮，就是 HONDA HR-V。而在其 e:HEV 嶄新動力的注入之下，似乎更有說服力與魅力。"
          },
          {
            "content_id": "VOD00364631",
            "time_codes": [
              600000
            ],
            "timecode_duration": [],
            "length": 724000,
            "asset_id": "vod70202-000100M001",
            "title": "脖子解說 Mr. Neck",
            "subtitle": "LUXGEN N5│為什麼大家都在等這台納智捷N5? 國產純電掀背CP值炸裂? 網友論點詳細分析...",
            "ep_number": 100,
            "rating": 1,
            "content_type": "show",
            "p_start": 1762060200000,
            "vod_channel_description": "你是否曾想過D.I.Y自己的愛車卻尋求不到協助？你是否考慮特定車款卻不知風評如何？你是否想跟廣大的車友們交流、交心、交朋友？分享「說車、玩車、聊車」的大小事！不管你懂車、不懂車、甚至是想買車的朋友，我們會把最新的車市資訊，以及養車的小知識分享給大家！"
          },
          {
            "content_id": "VOD00366307",
            "time_codes": [
              600000
            ],
            "timecode_duration": [],
            "length": 648000,
            "asset_id": "vod59792-000155M001",
            "title": "統哥 嗜駕Pit63",
            "subtitle": "真正 e:HEV 車主告訴你 HR-V e:HEV 省油怎開、運動怎麼開：2025 Honda HR-V e:HEV 試駕",
            "ep_number": 155,
            "rating": 1,
            "content_type": "show",
            "p_start": 1762061100000,
            "vod_channel_description": "專注提供 - 性能、操控、改裝、樂趣、實用 的汽車頻道。"
          },
          {
            "content_id": "VOD00365006",
            "time_codes": [
              1434000,
              2002000,
              2811000
            ],
            "timecode_duration": [],
            "length": 2945000,
            "asset_id": "vod53540-001475M001",
            "title": "夢想街57號 預約你的夢想",
            "subtitle": "第1475集 車壇聊八卦！車廠之間亦敵亦友的競爭關係？",
            "ep_number": 1475,
            "rating": 1,
            "content_type": "show",
            "p_start": 1762062000000,
            "vod_channel_description": "車壇聊八卦！車廠之間亦敵亦友的競爭關係？美國急了？一口氣將中國電動車關稅拉到100%！傷敵一千自損八百？雙B逆風反對築「抗中關稅壁壘」。打不贏就加入！日廠的作法似乎比歐美都更和平。電車市場不景氣，賣一台賠10萬美金也太誇張！"
          },
          {
            "content_id": "VOD00356702",
            "time_codes": [],
            "timecode_duration": [],
            "length": 475000,
            "asset_id": "vod59791-000177M001",
            "title": "SiCAR愛車酷",
            "subtitle": "【新車試駕】VOLVO史上最快純電休旅！打破以往外觀造型！全新世代的設計風格搶佔年輕市場！？｜VOLVO EX30 Twin Motor Performance Ultra｜",
            "ep_number": 177,
            "rating": 1,
            "content_type": "show",
            "p_start": 1762065300000,
            "vod_channel_description": "這次久違的試駕到VOLVO的車款，一試駕就試到他們史上最快且全新的純電車款EX30 Performance Ultra，目前預售價格、全新新世代的外觀設計、充滿北歐風情的內裝質感、新增的科技和主安配備，以及誰會是最需要它的客群！一次通通告訴你！"
          },
          {
            "content_id": "VOD00370477",
            "time_codes": [
              600000,
              1200000
            ],
            "timecode_duration": [],
            "length": 1263000,
            "asset_id": "vod59791-000187M001",
            "title": "SiCAR愛車酷",
            "subtitle": "【Andy老爹試駕】睽違已久的大改款！！全新世代純電休旅！全新外觀內裝 標配三個超大螢幕科技感拉滿！看Youtube 車上唱歌全部都行！｜AUDI Q6 e-tron quattro S line｜",
            "ep_number": 187,
            "rating": 1,
            "content_type": "show",
            "p_start": 1762065900000,
            "vod_channel_description": "自電動車崛起後，打破了以往油車的造車邏輯，各家車廠也不斷的嘗試新的風格、推陳出新，而Audi在這方面好像一直都比較沒有動靜，不鳴則已，一鳴驚人，此次的改款不但是全新的電動車平台、全新的充電系統，駕駛艙樣式更是全新的設計語彙及介面！內建三個大尺寸的螢幕，看Youtube、唱歌通通難不倒！"
          },
          {
            "content_id": "VOD00370480",
            "time_codes": [],
            "timecode_duration": [],
            "length": 351000,
            "asset_id": "vod59791-000190M001",
            "title": "SiCAR愛車酷",
            "subtitle": "【特別企劃】超激稀有！！！路上真沒看過幾台...百萬內可以買小型純電休旅！？沒開過這牌子的車？那就開開看！買車跟買菜一樣的男人又出手了！｜OPEL MOKKA Electric｜",
            "ep_number": 190,
            "rating": 1,
            "content_type": "show",
            "p_start": 1762067400000,
            "vod_channel_description": "各位沒有錯！辣個男人又買了一台車了！不要說你不相信，如果小編我不在旁邊的話連我都快不相信了...這一次買的OPEL MOKKA Electric可謂是超極稀有！全台路上真的沒看過幾台...稀有程度堪比藍寶堅尼！？老爹先幫大家試開看看！後續覺得不錯有望幫大家爭取香香價格！？"
          },
          {
            "content_id": "VOD00370483",
            "time_codes": [
              600000,
              1200000
            ],
            "timecode_duration": [],
            "length": 1255000,
            "asset_id": "vod59791-000193M001",
            "title": "SiCAR愛車酷",
            "subtitle": "【特別企劃】25年式bZ4X大降31萬！市場競爭力直線上升！車子優不優？問車主最準！他還親測了網路找不到答案的實測！？常遇到這情況，原廠輪胎就要注意了！｜TOYOTA bZ4X｜",
            "ep_number": 193,
            "rating": 1,
            "content_type": "show",
            "p_start": 1762068000000,
            "vod_channel_description": "25年式的TOYOTA bZ4X是真的香！從先前的167萬直接大降31萬，現在只需要136萬就能入手！因此非常多人私訊老爹問bZ4X能不能買，老爹特別請來開了2年，行駛6萬公里的實際車主來分享他的心得！車主還自己實測了網路找不到答案的實驗！也分享了他實際用車的優缺點、充電狀況以及實際電耗！想了解的車友們快來，這集含金量絕對高！"
          },
          {
            "content_id": "VOD00370488",
            "time_codes": [
              600000
            ],
            "timecode_duration": [],
            "length": 839000,
            "asset_id": "vod59791-000198M001",
            "title": "SiCAR愛車酷",
            "subtitle": "【特別企劃】11年油電車心得分享 油電車款佔比越來越高? 來一趟 LEXUS 深度試乘體驗吧",
            "ep_number": 198,
            "rating": 1,
            "content_type": "show",
            "p_start": 1762069500000,
            "vod_channel_description": "今天老爹邀請到的來賓，除了是LEXUS的銷售顧問，同時也是一位開了11年LEXUS油電車車主，跟大家分享11年來的油電車用車心得，也來聊聊最近消費者對於油電車的詢問度越來越高，各種混合動力之間的該如何挑選適合自己的車款喔。"
          },
          {
            "content_id": "VOD00370491",
            "time_codes": [
              600000
            ],
            "timecode_duration": [],
            "length": 880000,
            "asset_id": "vod59791-000201M001",
            "title": "SiCAR愛車酷",
            "subtitle": "【新車試駕】寧靜舒適空間 互動情緒價值點滿 | 2025 MINI COUNTRYMAN E",
            "ep_number": 201,
            "rating": 1,
            "content_type": "show",
            "p_start": 1762070700000,
            "vod_channel_description": "全新MINI Countryman E搭載前置電動馬達，最大馬力達204hp，從靜止加速至100公里僅需8.6秒，其電池容量為66.5kWh，續航里程達462公里(WLTP)，滿足日常通勤和長途旅行的需求。MINI Countryman E支援最高130kW的直流快速充電，僅需30分鐘即可將電量從10% 提升至80%，大幅縮短充電時間，搭配專屬MINI APP功能，車主可輕鬆設定目標充電百分比、排程充電時間，並即時查看充電狀態，讓生活與車輛實現無縫銜接。"
          },
          {
            "content_id": "VOD00370493",
            "time_codes": [
              600000
            ],
            "timecode_duration": [],
            "length": 635000,
            "asset_id": "vod59791-000203M001",
            "title": "SiCAR愛車酷",
            "subtitle": "【Andy老爹試駕】600KM電耗測試 顏值小改 電池加大 售價不變! | 2025 Kia EV6 GT-line",
            "ep_number": 203,
            "rating": 1,
            "content_type": "show",
            "p_start": 1762071900000,
            "vod_channel_description": "Kia EV6小改後在外觀換上全新設計的 Star Map LED星圖日行燈與尾燈組，頂規車型GT-Line增程版還加入Dawnlight LED貫穿式中央定位燈，造型更吸睛！這次除了Light標準版的電池容量為63kWh，其餘版本電量增加到84kWh，搭載800V高壓快充系統，最高充電功率提升至260kW，10~80%充電僅需18分鐘。Andy老爹大約開了600km，並針對高速、市區的行駛環境進行測試，NEDC 667KM的最高續航里程，真的有可能嗎？"
          },
          {
            "content_id": "VOD00370497",
            "time_codes": [
              600000
            ],
            "timecode_duration": [],
            "length": 1138000,
            "asset_id": "vod59791-000207M001",
            "title": "SiCAR愛車酷",
            "subtitle": "【Andy老爹試駕】期待已久的e:HEV終於來了！油耗對標Corolla Cross動力還更優！ULTRA Seat空間實用性超乎你想像！？｜HONDA HR-V e:HEV｜",
            "ep_number": 207,
            "rating": 1,
            "content_type": "show",
            "p_start": 1762072800000,
            "vod_channel_description": "這一次的HONDA HR-V改款主要是導入大家期待已久的e:HEV電驅雙動能，讓它的油耗表現來到非常優秀的23.5km/L，而且售價也是比大家預期的還要更漂亮！空間表現更是沒話說，ULTRA Seat的實用性絕對超乎你的想像！還有什麼改動？就讓老爹好好為你介紹吧！"
          },
          {
            "content_id": "VOD00369527",
            "time_codes": [
              600000,
              1200000
            ],
            "timecode_duration": [],
            "length": 1224000,
            "asset_id": "vod59793-000173M001",
            "title": "Auto-Online 汽車線上情報誌",
            "subtitle": "BMW iX｜不只變帥，而且還開得更遠！｜xDrive45 M Sport",
            "ep_number": 173,
            "rating": 1,
            "content_type": "show",
            "p_start": 1762074300000,
            "vod_channel_description": "在純電豪華SUV市場，BMW iX xDrive45 M Sport 以極具未來感的設計語彙，結合品牌經典駕馭精神，重新詮釋「性能 × 科技」的可能。配備專屬 M Sport 空力套件、飾光水箱護罩、智慧光型變化 LED 頭燈與全車同色烤漆，外型更具運動氣息。其內在同樣強悍：搭載雙馬達智慧四驅系統、豪華數位座艙，最高續航達 602km，無聲中爆發的加速力道，為駕駛者帶來前所未有的純電駕馭體驗。"
          },
          {
            "content_id": "VOD00366305",
            "time_codes": [],
            "timecode_duration": [],
            "length": 315000,
            "asset_id": "vod59792-000153M001",
            "title": "統哥 嗜駕Pit63",
            "subtitle": "操控性能不輸兄弟車 Macan EV 而且性價比高了100萬！Audi Q6 SQ6 e-tron 試駕",
            "ep_number": 153,
            "rating": 1,
            "content_type": "show",
            "p_start": 1762075800000,
            "vod_channel_description": "專注提供 - 性能、操控、改裝、樂趣、實用 的汽車頻道。"
          },
          {
            "content_id": "VOD00364627",
            "time_codes": [
              600000
            ],
            "timecode_duration": [],
            "length": 862000,
            "asset_id": "vod70202-000096M001",
            "title": "脖子解說 Mr. Neck",
            "subtitle": "MODEL Y│2025 Tesla Model Y Long Range值得入手嗎 完整試駕體驗!!一次看懂改款配備及自動駕駛實測",
            "ep_number": 96,
            "rating": 1,
            "content_type": "show",
            "p_start": 1762076400000,
            "vod_channel_description": "你是否曾想過D.I.Y自己的愛車卻尋求不到協助？你是否考慮特定車款卻不知風評如何？你是否想跟廣大的車友們交流、交心、交朋友？分享「說車、玩車、聊車」的大小事！不管你懂車、不懂車、甚至是想買車的朋友，我們會把最新的車市資訊，以及養車的小知識分享給大家！"
          },
          {
            "content_id": "VOD00361857",
            "time_codes": [
              600000,
              1200000
            ],
            "timecode_duration": [],
            "length": 1375000,
            "asset_id": "vod59793-000169M001",
            "title": "Auto-Online 汽車線上情報誌",
            "subtitle": "Honda HR-V｜23.5km/L電油小休旅｜e:HEV",
            "ep_number": 169,
            "rating": 1,
            "content_type": "show",
            "p_start": 1762077600000,
            "vod_channel_description": "全新HR-V e:HEV Prestige，搭載Honda智慧雙馬達電油系統，油耗表現高達23.5km/L，兼顧節能與駕馭樂趣。以更親民的價格，提供都會通勤、日常出遊的完美選擇。無論是穿梭市區還是短途旅行，都是可靠又輕鬆的好夥伴。"
          },
          {
            "content_id": "VOD00361700",
            "time_codes": [],
            "timecode_duration": [],
            "length": 510000,
            "asset_id": "vod59794-000078M001",
            "title": "CARLINK鏈車網",
            "subtitle": "Honda HR-V e:HEV",
            "ep_number": 78,
            "rating": 1,
            "content_type": "show",
            "p_start": 1762079400000,
            "vod_channel_description": "這一代HR-V堪稱完美，造型、質感、空間、機能、舒適、寧靜...堪稱面面俱到，售價也相對合理，低坐姿與低重心對女性車主、孩童、老年人也相對友善，但之前僅有1.5升自然進氣引擎，動力稍嫌不足，因此今日的HR-V e:HEV油電動力就是這最後一塊拼圖，絕對不讓本田迷失望。"
          },
          {
            "content_id": "VOD00361699",
            "time_codes": [],
            "timecode_duration": [],
            "length": 488000,
            "asset_id": "vod59794-000077M001",
            "title": "CARLINK鏈車網",
            "subtitle": "Kia The new EV6 電耗特別挑戰企劃",
            "ep_number": 77,
            "rating": 1,
            "content_type": "show",
            "p_start": 1762080000000,
            "vod_channel_description": "開宗明義，The new EV6最省電的行車狀態就是在市區走走停停、半加速半滑行最省電！市區測試最佳能耗可達每度電 9 公里的境界，預估不充電可以跑700km甚至更遠，平均車速大約只有50km/h，但您不可能以這種方式走省道一路慢慢開到墾丁，除非您願意開12個鐘頭！所以這次的The new EV6能耗測試主要是以艱難的國道高速行駛為主，包含白天的正常行車狀態，以及夜間的最佳能耗「黃金右腳」大挑戰，精彩測試過程與內容盡收錄在影片當中。"
          },
          {
            "content_id": "VOD00364641",
            "time_codes": [
              600000
            ],
            "timecode_duration": [],
            "length": 1080000,
            "asset_id": "vod62279-000150M001",
            "title": "狂人日誌",
            "subtitle": "本田的信仰，又來了：小改款HONDA CIVIC e:HEV",
            "ep_number": 150,
            "rating": 1,
            "content_type": "show",
            "p_start": 1762080600000,
            "vod_channel_description": "今天沒有要跟大家分享十件事，而是要告訴大家，在數年前試駕完 HONDA CIVIC e:HEV 之後，我的分享遭受到網友的無情攻擊，造成我諸多的心理創傷。而當小改款 HONDA CIVIC e:HEV 再次地發出試駕邀請，我心中滿是沈重與掙扎，畢竟我不知道自己能不能再次撐過一次創傷。"
          },
          {
            "content_id": "VOD00364981",
            "time_codes": [
              1343000,
              2124000,
              2814000
            ],
            "timecode_duration": [],
            "length": 2950000,
            "asset_id": "vod53540-001451M001",
            "title": "夢想街57號 預約你的夢想",
            "subtitle": "第1451集 迎接新能源新生活 別錯過今晚夢想街！",
            "ep_number": 1451,
            "rating": 1,
            "content_type": "show",
            "p_start": 1762081800000,
            "vod_channel_description": "迎接新能源新生活，別錯過今晚夢想街！Honda全新純電子品牌「燁」，跟比亞迪直球對決！台灣本田註冊新廠徽商標，Honda電車來台有譜？Hyundai純電新車被捕獲！越野版、七人座通通有！MG純電概念車EXE181，超強性能劍指Nevera？"
          },
          {
            "content_id": "VOD00364990",
            "time_codes": [
              1021000,
              1750000,
              2744000
            ],
            "timecode_duration": [],
            "length": 2939000,
            "asset_id": "vod53540-001460M001",
            "title": "夢想街57號 預約你的夢想",
            "subtitle": "第1460集 純電化的詮釋！電車能創造油車般百變姿態嗎",
            "ep_number": 1460,
            "rating": 1,
            "content_type": "show",
            "p_start": 1762085100000,
            "vod_channel_description": "純電化的詮釋！電車能創造油車般百變姿態嗎。百年前的預言，純電車才是汽車發展終極目標？電車馬達到底怎麼運作，原理其實跟玩具一樣？內燃機引擎發展的精華，油車動力調校的奧妙。動力調校是內燃機發展精華，電動車也通用嗎？"
          },
          {
            "content_id": "VOD00364638",
            "time_codes": [
              867000,
              1535000
            ],
            "timecode_duration": [],
            "length": 2143000,
            "asset_id": "vod62279-000147M001",
            "title": "狂人日誌",
            "subtitle": "電動車也要磨合？為了「訓車」，五年後我們再度挑戰電車環台24耐…",
            "ep_number": 147,
            "rating": 1,
            "content_type": "show",
            "p_start": 1762088100000,
            "vod_channel_description": "五年前，我們與JAGUAR I-PACE共同挑戰24小時環島，結果卻遇上了各種「不測」，不但沒能順利完成，甚至還經歷了諸多慘烈過程，讓人不勝唏噓。如今，考慮到LUXGEN交車時對我們許下的「訓車建議」，我們決定將再次「重溫舊夢」，用一趟扎實的環台24耐來完成兩個心願，究竟，電車24小時環島，能夠成功嗎？"
          },
          {
            "content_id": "VOD00365799",
            "time_codes": [
              937000,
              1763000
            ],
            "timecode_duration": [],
            "length": 2085000,
            "asset_id": "vod62278-000224M001",
            "title": "Super Snow Show",
            "subtitle": "Kia EV9試車啦！靠指紋就能開車！徹底開箱六人座、七人座 選轉座椅好方便！滿足家庭需求！原廠最棒的配備...台灣都有引進？",
            "ep_number": 224,
            "rating": 1,
            "content_type": "show",
            "p_start": 1762090500000,
            "vod_channel_description": "帶起台灣汽車節目風潮，前TVBS《地球黃金線》與東森《夢想街57號》主持人，「車界女神」廖盈婷，自製談話性節目《Super Snow Show》，持續以熱情和風趣的主持風格，打造出高人氣試車頻道，介紹車與生活。"
          },
          {
            "content_id": "VOD00361853",
            "time_codes": [
              600000
            ],
            "timecode_duration": [],
            "length": 701000,
            "asset_id": "vod59793-000165M001",
            "title": "Auto-Online 汽車線上情報誌",
            "subtitle": "Honda CIVIC e:HEV｜新售價127.9萬，12萬價差給你直上無限MUGEN！",
            "ep_number": 165,
            "rating": 1,
            "content_type": "show",
            "p_start": 1762092900000,
            "vod_channel_description": "隨著Honda Taiwan新任社長齊藤真的上任，帶來了新年式Honda CIVIC e:HEV，除了內外觀些微改動、價格調整至127.9萬外，同時推出價值5萬的SPORTS LINE以及價值12萬元的無限MUGEN兩種套件提供消費者選配。讓新年式的Honda CICIV e:HEV不僅價格更為親民，也能擁有更多的個人特色。"
          },
          {
            "content_id": "VOD00361852",
            "time_codes": [
              600000
            ],
            "timecode_duration": [],
            "length": 1089000,
            "asset_id": "vod59793-000164M001",
            "title": "Auto-Online 汽車線上情報誌",
            "subtitle": "Audi Q6 e-tron｜充電大探查，國一服務區南北向充電樁夠完善嗎？｜quattro S line",
            "ep_number": 164,
            "rating": 1,
            "content_type": "show",
            "p_start": 1762093800000,
            "vod_channel_description": "純電車在台灣能見度日漸提升，充電站的需求相對也會提高。藉著全新上市的Audi Q6 e-tron，我們決定來場服務區充電站探查，究竟國道一號南北向充電樁是否夠用，搭載PPE平台的Audi Q6 e-tron的滿電里程與800V系統的快充效率表現如何？"
          },
          {
            "content_id": "VOD00358761",
            "time_codes": [
              1024000
            ],
            "timecode_duration": [],
            "length": 1732000,
            "asset_id": "vod62277-000130M001",
            "title": "DR. IF fACTORY 硬核車媒",
            "subtitle": "Audi SQ6 e-tron 等於換殼 Macan EV？SQ6、Q6 e-tron 三電、底盤科技全詳解！",
            "ep_number": 130,
            "rating": 1,
            "content_type": "show",
            "p_start": 1762095300000,
            "vod_channel_description": "Audi SQ6 e-tron 這部 Q6 e-tron 最強版本，有著 Audi 最新電車科技，讓Q6或SQ6 e-tron三電系統的等級拉高最高，由於先前DR.IF沒能參加Q6 e-tron公辦，解說 Q6 e-ron 科技，趁著Q6 e-tron最強版 SQ6 e-tron 釋出，DR.IF就以 SQ6 e-tron 解說 Q6 與 SQ6 e-tron 科技，另外也來看 Q6、SQ6 e-tron 採用與 Macan EV 相同的 PPE 底盤， 但兩者到底有那些差異？絕對是最詳盡 Audi Q6、SQ6 e-tron 科技解說影片！"
          },
          {
            "content_id": "VOD00362943",
            "time_codes": [
              1175000
            ],
            "timecode_duration": [],
            "length": 1671000,
            "asset_id": "vod62278-000219M001",
            "title": "Super Snow Show",
            "subtitle": "BMW將會有i5 touring：電動i5售價329萬元起 兩規格續航里程皆破500公里 年底前燃油動力520i加入戰局 530與520該怎麼選？",
            "ep_number": 219,
            "rating": 1,
            "content_type": "show",
            "p_start": 1762097100000,
            "vod_channel_description": "帶起台灣汽車節目風潮，前TVBS《地球黃金線》與東森《夢想街57號》主持人，「車界女神」廖盈婷，自製談話性節目《Super Snow Show》，持續以熱情和風趣的主持風格，打造出高人氣試車頻道，介紹車與生活。"
          },
          {
            "content_id": "VOD00359184",
            "time_codes": [
              1295000,
              1975000,
              2836000
            ],
            "timecode_duration": [],
            "length": 2945000,
            "asset_id": "vod53540-001445M001",
            "title": "夢想街57號 預約你的夢想",
            "subtitle": "第1445集 電氣化車款越來越多 電動車、油電車該選哪個？",
            "ep_number": 1445,
            "rating": 1,
            "content_type": "show",
            "p_start": 1762098900000,
            "vod_channel_description": "你的車帶「電」嗎？電能科技加入讓愛車更好開！電氣化車款越來越多，電動車、油電車該選哪個？eTSI電能科技導入！新世代VW Golf厲害在哪裡？擴大電氣化車型！Opel Astra輕油電科技上身！國產唯一PHEV休旅！MG HS PHEV性能、節能兼備！"
          },
          {
            "content_id": "VOD00359397",
            "time_codes": [
              600000,
              1200000
            ],
            "timecode_duration": [],
            "length": 1302000,
            "asset_id": "vod62279-000140M001",
            "title": "狂人日誌",
            "subtitle": "又破防了！成為 LUXGEN n7 車主之後才知道的事",
            "ep_number": 140,
            "rating": 1,
            "content_type": "show",
            "p_start": 1762102200000,
            "vod_channel_description": "相信狂人粉絲們都已經在之前的社群以及短影音上，知曉了我們入手LUXGEN n7 LR作為全新的公務夥伴。很多人說，這是個有點詫異、甚至是不解的決定，畢竟狂人日誌一直以來都以熱愛著內燃機、捍衛傳統價值自居。我們明白、我們懂。所以，這支影片，我們就說清楚、講明白，告訴你來龍去脈。"
          },
          {
            "content_id": "VOD00358297",
            "time_codes": [],
            "timecode_duration": [],
            "length": 500000,
            "asset_id": "vod59792-000148M001",
            "title": "統哥 嗜駕Pit63",
            "subtitle": "329萬就可以有匹敵 M3、M4 的兇猛動力，而且還是四輪傳動！BMW i4 M50 xDrive 電動車試駕",
            "ep_number": 148,
            "rating": 1,
            "content_type": "show",
            "p_start": 1762103700000,
            "vod_channel_description": "專注提供 - 性能、操控、改裝、樂趣、實用 的汽車頻道。"
          },
          {
            "content_id": "VOD00361696",
            "time_codes": [
              600000
            ],
            "timecode_duration": [],
            "length": 619000,
            "asset_id": "vod59794-000074M001",
            "title": "CARLINK鏈車網",
            "subtitle": "BMW i4 M50 xDrive",
            "ep_number": 74,
            "rating": 1,
            "content_type": "show",
            "p_start": 1762104300000,
            "vod_channel_description": "如果您想要從「燃油動力」尋得這般動力與加速度，那麼必須是4.4升V8雙渦輪引擎才有此能耐！但這樣的燃油性能車款售價一點都不親民，而且引擎體積大、重量高、轉向一點都不靈活，但iX4 M50完全沒有這樣的累贅，意思就是重心低、扭力大、轉向狠、瞬間加速極猛！除非是Porsche 911 Turbo，否則在此討不到便宜，但二者價差三倍左右根本無法比..."
          },
          {
            "content_id": "VOD00362938",
            "time_codes": [
              1118000
            ],
            "timecode_duration": [],
            "length": 1809000,
            "asset_id": "vod62278-000214M001",
            "title": "Super Snow Show",
            "subtitle": "【改寫國產休旅新標準?!】Nissan X-Trail 輕油電三大新科技：1.5T VC-TURBO可變壓縮比引擎、12V輕油電動力系統、ProPILOT系統，行駛輕巧，但動力?油耗?可以秒殺同級?!",
            "ep_number": 214,
            "rating": 1,
            "content_type": "show",
            "p_start": 1762105200000,
            "vod_channel_description": "帶起台灣汽車節目風潮，前TVBS《地球黃金線》與東森《夢想街57號》主持人，「車界女神」廖盈婷，自製談話性節目《Super Snow Show》，持續以熱情和風趣的主持風格，打造出高人氣試車頻道，介紹車與生活。"
          },
          {
            "content_id": "VOD00362939",
            "time_codes": [
              600000
            ],
            "timecode_duration": [],
            "length": 708000,
            "asset_id": "vod62278-000215M001",
            "title": "Super Snow Show",
            "subtitle": "【試駕過 ID.Buzz就回不去了？】福斯商旅2024導入ID.Buzz 露友敲碗：給我純電露營車！有駐暖就下訂單？七人座更讚？達人預測售價、套件 沒辦法掀頂?原因公開",
            "ep_number": 215,
            "rating": 1,
            "content_type": "show",
            "p_start": 1762107300000,
            "vod_channel_description": "帶起台灣汽車節目風潮，前TVBS《地球黃金線》與東森《夢想街57號》主持人，「車界女神」廖盈婷，自製談話性節目《Super Snow Show》，持續以熱情和風趣的主持風格，打造出高人氣試車頻道，介紹車與生活。"
          },
          {
            "content_id": "VOD00361849",
            "time_codes": [
              600000
            ],
            "timecode_duration": [],
            "length": 1057000,
            "asset_id": "vod59793-000161M001",
            "title": "Auto-Online 汽車線上情報誌",
            "subtitle": "Hyundai Tucson L｜改款有感，汽油渦輪、Turbo Hybrid誰更值得入手？｜GLT-B/GLTH-C",
            "ep_number": 161,
            "rating": 1,
            "content_type": "show",
            "p_start": 1762108200000,
            "vod_channel_description": "Hyundai Tucson L迎來中期改款，除了車頭有明顯改變，內裝加入曲面螢幕與新世代的設計風格，在視覺上它更有純電車的氛圍感。動力同樣搭載1.6L汽油渦輪增壓與Turbo Hybrid兩種選擇，雖然數據與改款前相同，但在Turbo Hybrid版本上增加了動能回充與更舒適的Baby模式，讓它更適合家庭環境使用。"
          },
          {
            "content_id": "VOD00362936",
            "time_codes": [
              600000,
              1200000
            ],
            "timecode_duration": [],
            "length": 1498000,
            "asset_id": "vod62278-000212M001",
            "title": "Super Snow Show",
            "subtitle": "【免充電的電動車?!這台有貨？】Nissan KICKS e-POWER試車：1.2升直列3缸NA引擎+電動馬達+2.13kWh電池組～免外部充電就可行駛 136匹馬力能輕快又給力？",
            "ep_number": 212,
            "rating": 1,
            "content_type": "show",
            "p_start": 1762109400000,
            "vod_channel_description": "帶起台灣汽車節目風潮，前TVBS《地球黃金線》與東森《夢想街57號》主持人，「車界女神」廖盈婷，自製談話性節目《Super Snow Show》，持續以熱情和風趣的主持風格，打造出高人氣試車頻道，介紹車與生活。"
          },
          {
            "content_id": "VOD00362935",
            "time_codes": [
              1208000,
              1770000
            ],
            "timecode_duration": [],
            "length": 1840000,
            "asset_id": "vod62278-000211M001",
            "title": "Super Snow Show",
            "subtitle": "【鴻海科技日┃一兆男黃仁勳現身】：MODEL B適合年輕情侶？MODEL N物流車從客戶需求出發、LUXGEN n⁷銷量開紅盤 未來AI加入 用車更人性? 但台股是否AI變BI !? 趨勢報你知~",
            "ep_number": 211,
            "rating": 1,
            "content_type": "show",
            "p_start": 1762111200000,
            "vod_channel_description": "帶起台灣汽車節目風潮，前TVBS《地球黃金線》與東森《夢想街57號》主持人，「車界女神」廖盈婷，自製談話性節目《Super Snow Show》，持續以熱情和風趣的主持風格，打造出高人氣試車頻道，介紹車與生活。"
          },
          {
            "content_id": "VOD00359169",
            "time_codes": [
              1458000,
              2273000,
              2797000
            ],
            "timecode_duration": [],
            "length": 2941000,
            "asset_id": "vod53540-001430M001",
            "title": "夢想街57號 預約你的夢想",
            "subtitle": "第1430集 電動車面臨銷售衰退潮 油電混合車卻逆勢成長？",
            "ep_number": 1430,
            "rating": 1,
            "content_type": "show",
            "p_start": 1762113300000,
            "vod_channel_description": "電動車面臨銷售衰退期，混合動力車卻逆勢成長。質感與科技新結合，時尚外型X-Trail e-Power。無須充電的電動車，X-Trail e-Power告別里程焦慮。龍年電動車大戰！日、歐、韓系新車全都有！"
          },
          {
            "content_id": "VOD00361693",
            "time_codes": [
              600000,
              1200000
            ],
            "timecode_duration": [],
            "length": 1200000,
            "asset_id": "vod59794-000071M001",
            "title": "CARLINK鏈車網",
            "subtitle": "Audi Q6 e-tron quattro S line",
            "ep_number": 71,
            "rating": 1,
            "content_type": "show",
            "p_start": 1762116600000,
            "vod_channel_description": "不只是800伏特的電力系統，還有續航力的全面提升，全新高質感內裝值得關注，帶給消費者全新體驗。"
          },
          {
            "content_id": "VOD00358746",
            "time_codes": [
              600000
            ],
            "timecode_duration": [],
            "length": 860000,
            "asset_id": "vod70202-000085M001",
            "title": "脖子解說 Mr. Neck",
            "subtitle": "2025 Luxgen n⁷大會師│「納智捷強勢回歸?」330台n⁷齊聚一堂...原廠代表竟共同參與傾聽車主心聲...首波交車LR車主們有好多話想說~",
            "ep_number": 85,
            "rating": 1,
            "content_type": "show",
            "p_start": 1762118100000,
            "vod_channel_description": "你是否曾想過D.I.Y自己的愛車卻尋求不到協助？你是否考慮特定車款卻不知風評如何？你是否想跟廣大的車友們交流、交心、交朋友？分享「說車、玩車、聊車」的大小事！不管你懂車、不懂車、甚至是想買車的朋友，我們會把最新的車市資訊，以及養車的小知識分享給大家！"
          },
          {
            "content_id": "VOD00359264",
            "time_codes": [
              600000
            ],
            "timecode_duration": [],
            "length": 968000,
            "asset_id": "vod62278-000208M001",
            "title": "Super Snow Show",
            "subtitle": "【搶!接單破400台?】BMW 第八代5系列電動車：i5 eDrive40 M Sport、i5 M60 xDrive盤點：續航里程破500公里怎麼選? 標配2.5度後輪轉向 七系列車主自駕最佳選擇?",
            "ep_number": 208,
            "rating": 1,
            "content_type": "show",
            "p_start": 1762119300000,
            "vod_channel_description": "帶起台灣汽車節目風潮，前TVBS《地球黃金線》與東森《夢想街57號》主持人，「車界女神」廖盈婷，自製談話性節目《Super Snow Show》，持續以熱情和風趣的主持風格，打造出高人氣試車頻道，介紹車與生活。"
          },
          {
            "content_id": "VOD00358745",
            "time_codes": [
              600000
            ],
            "timecode_duration": [],
            "length": 674000,
            "asset_id": "vod70202-000084M001",
            "title": "脖子解說 Mr. Neck",
            "subtitle": "美女業代系列18│不用200萬!! 美女業代介紹25年式BMW iX1 eDrive20/30大滿配亮點...原廠OS9主機隱藏功能分享~",
            "ep_number": 84,
            "rating": 1,
            "content_type": "show",
            "p_start": 1762120500000,
            "vod_channel_description": "你是否曾想過D.I.Y自己的愛車卻尋求不到協助？你是否考慮特定車款卻不知風評如何？你是否想跟廣大的車友們交流、交心、交朋友？分享「說車、玩車、聊車」的大小事！不管你懂車、不懂車、甚至是想買車的朋友，我們會把最新的車市資訊，以及養車的小知識分享給大家！"
          },
          {
            "content_id": "VOD00356476",
            "time_codes": [
              600000,
              1200000
            ],
            "timecode_duration": [],
            "length": 1287000,
            "asset_id": "vod59793-000160M001",
            "title": "Auto-Online 汽車線上情報誌",
            "subtitle": "Audi Q6 e-tron｜800V系統導入，邁入純電新紀元｜quattro S line",
            "ep_number": 160,
            "rating": 1,
            "content_type": "show",
            "p_start": 1762121400000,
            "vod_channel_description": "Audi首款採用PPE平台的純電車款Q6 e-tron來了。這次Audi Taiwan導入後驅單馬達的Q6 e-tron、前後雙馬達的Q6 e-tron quattro S line與馬力高達489PS的SQ6 e-tron，共計三款車型售價分別為265萬、315萬、369萬。"
          },
          {
            "content_id": "VOD00356475",
            "time_codes": [
              600000,
              1200000
            ],
            "timecode_duration": [],
            "length": 1352000,
            "asset_id": "vod59793-000159M001",
            "title": "Auto-Online 汽車線上情報誌",
            "subtitle": "Mercedes-Benz G580｜G-TURN、G-STEERING，電G真的不會讓你失望！",
            "ep_number": 159,
            "rating": 1,
            "content_type": "show",
            "p_start": 1762122900000,
            "vod_channel_description": "Mercedes-Benz G580來了！這部結合純電技術的G Car，不僅擁有487hp馬力與高達1164Nm的扭力輸出，配合獨特的LOW RANGE變速箱，讓它能輕鬆應付陡坡、深水區與具有挑戰性的斜坡。四輪獨立馬達的設計，更是創造出獨特的G-TURN、G-STEERING駕駛功能，對於G-Class有興趣的玩家，Mercedes-Benz  G580真的值得你考慮！"
          },
          {
            "content_id": "VOD00359260",
            "time_codes": [
              1436000
            ],
            "timecode_duration": [],
            "length": 1984000,
            "asset_id": "vod62278-000204M001",
            "title": "Super Snow Show",
            "subtitle": "【美式電動肌肉車 挑戰特斯拉？】電動野馬Ford Mustang Mach-E試車上路啦：GT好?還是Premium好？年度配額增加？賽道靈魂加持 一台車多種面向！",
            "ep_number": 204,
            "rating": 1,
            "content_type": "show",
            "p_start": 1762124700000,
            "vod_channel_description": "帶起台灣汽車節目風潮，前TVBS《地球黃金線》與東森《夢想街57號》主持人，「車界女神」廖盈婷，自製談話性節目《Super Snow Show》，持續以熱情和風趣的主持風格，打造出高人氣試車頻道，介紹車與生活。"
          },
          {
            "content_id": "VOD00354581",
            "time_codes": [
              1507000,
              1967000,
              2446000
            ],
            "timecode_duration": [],
            "length": 2934000,
            "asset_id": "vod53540-001407M001",
            "title": "夢想街57號 預約你的夢想",
            "subtitle": "第1407集 輕鬆掌控浮誇扭力！豪華旗艦成最適合純電動力車種",
            "ep_number": 1407,
            "rating": 1,
            "content_type": "show",
            "p_start": 1762126800000,
            "vod_channel_description": "輕鬆掌控浮誇扭力！豪華旗艦成最適合純電動力車種。編成稍作調整，BMW i7 eDrive50 Excellence現身棚內。豪宅般的層峰旗艦座艙，BMW i7宛如汽車科技小展場。韓系純電天花板！Kia EV9媲美豪華後座買家旗艦！"
          },
          {
            "content_id": "VOD00354583",
            "time_codes": [
              1234000,
              1849000,
              2791000
            ],
            "timecode_duration": [],
            "length": 2922000,
            "asset_id": "vod53540-001409M001",
            "title": "夢想街57號 預約你的夢想",
            "subtitle": "第1409集 電動車市場持續看好 各式新訊一次看",
            "ep_number": 1409,
            "rating": 1,
            "content_type": "show",
            "p_start": 1762129800000,
            "vod_channel_description": "電動車市場持續看好，各式新訊一次看。2023電動車狂賣近千萬輛，歐成第二大市場。福斯首款純電旅行車，ID.7 Tourer 正式發表。BMW新跑旅X2能耗數據曝，iX2同步抵台開售。電動車奪拉力賽冠軍！Audi寫賽事新紀錄！"
          },
          {
            "content_id": "VOD00354587",
            "time_codes": [
              1442000,
              2176000,
              2758000
            ],
            "timecode_duration": [],
            "length": 2954000,
            "asset_id": "vod53540-001413M001",
            "title": "夢想街57號 預約你的夢想",
            "subtitle": "第1413集 油門=第二方向盤？變速箱=第二煞車？何謂「駕駛樂趣」？",
            "ep_number": 1413,
            "rating": 1,
            "content_type": "show",
            "p_start": 1762132800000,
            "vod_channel_description": "油門=第二方向盤？變速箱=第二煞車？何謂「駕駛樂趣」？氣派、沉穩、好開！BMW i5各項綜合表現讓專家超驚豔。油車、電車開起來哪裡不一樣？專家分析其中差異。EV6 GT大馬力超熱血！專家卻獨鍾Air增程版的原因是？"
          },
          {
            "content_id": "VOD00354588",
            "time_codes": [
              1267000,
              2124000,
              2834000
            ],
            "timecode_duration": [],
            "length": 2947000,
            "asset_id": "vod53540-001414M001",
            "title": "夢想街57號 預約你的夢想",
            "subtitle": "第1414集 想了解汽車市場趨勢？別錯過今晚夢想街",
            "ep_number": 1414,
            "rating": 1,
            "content_type": "show",
            "p_start": 1762136100000,
            "vod_channel_description": "全球擁車率最高的國家，台灣在亞洲排行第6。去年中古車大降價，今年會持續下跌嗎？純電與PHEV車款銷售下滑，之後會持續走下坡？技術遇瓶頸、中國車來勢洶洶！歐洲車廠嚴陣以待！\n"
          },
          {
            "content_id": "VOD00354591",
            "time_codes": [
              1523000,
              2230000,
              2804000
            ],
            "timecode_duration": [],
            "length": 2949000,
            "asset_id": "vod53540-001417M001",
            "title": "夢想街57號 預約你的夢想",
            "subtitle": "第1417集 同品牌動力差異 夢想街解決你的選擇障礙",
            "ep_number": 1417,
            "rating": 1,
            "content_type": "show",
            "p_start": 1762139400000,
            "vod_channel_description": "同品牌動力差異，夢想街解決你的選擇障礙。同級車價格差四成，電動車價嚇壞消費者？硬需求才是真道理，看看你適合哪種動力？加碼30萬升級電動車？還是固守燃油樂趣？不用充電的電動車，e-Power以油發電新體驗！"
          },
          {
            "content_id": "VOD00356474",
            "time_codes": [
              600000
            ],
            "timecode_duration": [],
            "length": 815000,
            "asset_id": "vod59793-000158M001",
            "title": "Auto-Online 汽車線上情報誌",
            "subtitle": "BMW i4 M50 xDrive｜329萬買544hp馬力，能不心動嗎？",
            "ep_number": 158,
            "rating": 1,
            "content_type": "show",
            "p_start": 1762142700000,
            "vod_channel_description": "BMW純電車的銷售模式一直以來有一個特色：多加一點，就能夠從油車升級到更大動力的純電車！本集試駕的這台i4 M50 xDrive就是最好的範例，對比4系列Gran Coupe汽油動力車型，最頂規的430i M Sport售價是316萬，而i4 M50 xDrive呢？544hp，售價329萬。這樣的差異，怎能不心動！"
          },
          {
            "content_id": "VOD00359258",
            "time_codes": [
              894000
            ],
            "timecode_duration": [],
            "length": 1608000,
            "asset_id": "vod62278-000202M001",
            "title": "Super Snow Show",
            "subtitle": "【Nissan X-Trail】 市區、山路一次拚！X-Trail 輕油電版，1.5T VC-TURBO 可變壓縮比引擎加上12V輕油電， 同級最舒適的中型SUV？安全超越 level 2 !?",
            "ep_number": 202,
            "rating": 1,
            "content_type": "show",
            "p_start": 1762143900000,
            "vod_channel_description": "帶起台灣汽車節目風潮，前TVBS《地球黃金線》與東森《夢想街57號》主持人，「車界女神」廖盈婷，自製談話性節目《Super Snow Show》，持續以熱情和風趣的主持風格，打造出高人氣試車頻道，介紹車與生活。"
          },
          {
            "content_id": "VOD00352896",
            "time_codes": [
              600000
            ],
            "timecode_duration": [],
            "length": 730000,
            "asset_id": "vod62279-000130M001",
            "title": "狂人日誌",
            "subtitle": "瑞典自駕：至今最喜歡的 VOLVO純電動車：EX30",
            "ep_number": 130,
            "rating": 1,
            "content_type": "show",
            "p_start": 1762145700000,
            "vod_channel_description": "VOLVO在純電動車這條路上，不至於走的遲緩，但也顯然沒有走得太過超強。但還好，他們帶來了專門為了純電生活所打造的EX30。而這相對來講還屬於入門級距的她，依舊秉持著VOLVO那以人為本的風格，在第一眼就讓我們備受好感，嶄新的內裝更把溫馨與科幻結合，再次展現了VOLVO強大的設計功力。"
          },
          {
            "content_id": "VOD00358290",
            "time_codes": [],
            "timecode_duration": [],
            "length": 443000,
            "asset_id": "vod59792-000141M001",
            "title": "統哥 嗜駕Pit63",
            "subtitle": "改進後的長程版駕駛體驗如何？Luxgen n7 LR長程亮點版五人座試駕",
            "ep_number": 141,
            "rating": 1,
            "content_type": "show",
            "p_start": 1762146600000,
            "vod_channel_description": "專注提供 - 性能、操控、改裝、樂趣、實用 的汽車頻道。"
          },
          {
            "content_id": "VOD00358291",
            "time_codes": [
              600000
            ],
            "timecode_duration": [],
            "length": 613000,
            "asset_id": "vod59792-000142M001",
            "title": "統哥 嗜駕Pit63",
            "subtitle": "大降31萬，售價136萬元！前驅電車與前驅油車開起來有什麼差別？機械式車門有重大優點！TOYOTA bZ4X 試駕",
            "ep_number": 142,
            "rating": 1,
            "content_type": "show",
            "p_start": 1762147200000,
            "vod_channel_description": "專注提供 - 性能、操控、改裝、樂趣、實用 的汽車頻道。"
          },
          {
            "content_id": "VOD00356471",
            "time_codes": [
              600000
            ],
            "timecode_duration": [],
            "length": 1081000,
            "asset_id": "vod59793-000155M001",
            "title": "Auto-Online 汽車線上情報誌",
            "subtitle": "福斯商旅 ID. Buzz Pro S｜踩下電門，創造屬於你的好時光！",
            "ep_number": 155,
            "rating": 1,
            "content_type": "show",
            "p_start": 1762148100000,
            "vod_channel_description": "想像一下，一輛車既能帶你回到復古的美好時光，又能開啟未來的駕馭樂趣！這就是福斯商旅ID. Buzz Pro S，一款融合經典設計與電動動力的夢幻之作。具備286PS的馬力以及487km的續航，無論是載著家人出遊，或是獨自追逐遠方的風景，這部純電七人MPV都能讓每一刻成為你的美好時光。"
          },
          {
            "content_id": "VOD00354517",
            "time_codes": [
              600000
            ],
            "timecode_duration": [],
            "length": 1090000,
            "asset_id": "vod65368-000096M001",
            "title": "玩車大麥克",
            "subtitle": "車壇最有樂趣的電動車試駕！ VW ID.Buzz空間超級大 機能好豐富 讓人好想開著它去旅行",
            "ep_number": 96,
            "rating": 1,
            "content_type": "show",
            "p_start": 1762149600000,
            "vod_channel_description": "福斯ID.Buzz應該是國內車市中，最有趣的一款電動車！它是以VW集團旗下的MEB純電底盤所打造，且軸距超過3,200mm，放眼國內電動車產品，就屬它的空間最大大、機能與空間變化最豐富；在ID.Buzz PRO S七人座車型上，保證三排座椅乘客都能享有超寬敞又舒適的乘坐品質，也不再有人因坐在第三排而發出怨言了。"
          },
          {
            "content_id": "VOD00354516",
            "time_codes": [
              600000
            ],
            "timecode_duration": [],
            "length": 1150000,
            "asset_id": "vod65368-000095M001",
            "title": "玩車大麥克",
            "subtitle": "Peugeot 2008 Hybrid混動小獅王試駕 新油電動力輸出更活潑省油 超有感降價想要硬剛國產休旅市場！",
            "ep_number": 95,
            "rating": 1,
            "content_type": "show",
            "p_start": 1762151100000,
            "vod_channel_description": "Peugeot在今年2月正式發表了2008 Hybrid與408 Hybrid兩款搭載全新P2油電動力系統的新車型。重點是，新2008 Hybrid與408 Hybrid全車系售價，比去年沒有Hybrid動力的車型更便宜，兩車系的入門款價格都壓在120萬元內，而且配備一樣齊全。這到底是什麼狀況？2008 Hybrid使用的感覺如何？快來看麥克怎麼說！"
          },
          {
            "content_id": "VOD00354070",
            "time_codes": [
              600000,
              1200000
            ],
            "timecode_duration": [],
            "length": 1412000,
            "asset_id": "vod62277-000119M001",
            "title": "DR. IF fACTORY 硬核車媒",
            "subtitle": "48V可以純電行駛？Peugeot 2008 Hybrid，P2 Hybrid超詳解，2008 Hybrid法國小休旅底盤探究！",
            "ep_number": 119,
            "rating": 1,
            "content_type": "show",
            "p_start": 1762152600000,
            "vod_channel_description": "2008 Hybrid 這部 Peugeot 法國小休旅，引擎換上最新 P2 Hybrid，出力和油耗就像幾週前上架 408 Hybrid，2008 Hybrid 具備可純電行駛的 48V輕油電，上隻 408 Hybrid 影片 DR.IF 說會講解 408 Hybrid 和 2008 Hybrid 這套 P2 Hybrid，DR.IF 為此開著 2008 Hybrid 跑趟彰化 Peugeot 經銷商，解說 2008 Hybrid 和 408 Hybrid 的 P2 Hybrid系統，也把 2008 Hybrid 開上頂高機，詳細解說 2008 Hybrid 這部法國小休旅的底盤，順便也測試 2008 Hybrid 油耗，看這套 P2 Hbrid 到底有多神？"
          },
          {
            "content_id": "VOD00354069",
            "time_codes": [
              600000,
              1200000
            ],
            "timecode_duration": [],
            "length": 1478000,
            "asset_id": "vod62277-000118M001",
            "title": "DR. IF fACTORY 硬核車媒",
            "subtitle": "EX30有什麼料？Volvo EX30 三電系統、純電平台 超詳解！DR.IF 深挖 EX30 Ultra 電車科技！",
            "ep_number": 118,
            "rating": 1,
            "content_type": "show",
            "p_start": 1762154400000,
            "vod_channel_description": "Volvo EX30 這部 Volvo 小電車終於來了！EX30 是 Volvo 第一部使用純電平台的電車，EX30三電系統、底盤架構也與母集團息息相關，為了檢視 Volvo EX30 硬底子，DR.IF 仍利用 EX30 公辦時間，把 EX30 Ultra 頂起來，詳細檢視 EX30 Ultra 三電系統，還有 EX30 使用的 SEA純電平台，到底有什麼特別？跟現行 EX40 電車有何差異？"
          },
          {
            "content_id": "VOD00350244",
            "time_codes": [
              1314000
            ],
            "timecode_duration": [],
            "length": 1677000,
            "asset_id": "vod59794-000067M001",
            "title": "CARLINK鏈車網",
            "subtitle": "Volvo EX30 Ultra",
            "ep_number": 67,
            "rating": 1,
            "content_type": "show",
            "p_start": 1762156200000,
            "vod_channel_description": "Volvo希望透過這部更為親民售價的全新世代純電小跨界EX30，能讓更多人擁有Volvo的車子、更多的人可以體驗北歐的特殊文化，同時也希望藉由EX30帶給使用者有更方便、更安全且更愉快的一個使用體驗，Volvo的這些願望都能成真嗎？"
          },
          {
            "content_id": "VOD00354515",
            "time_codes": [
              600000,
              1200000
            ],
            "timecode_duration": [],
            "length": 1261000,
            "asset_id": "vod65368-000094M001",
            "title": "玩車大麥克",
            "subtitle": "Volvo EX30頂級性能款試駕 都會純電小休旅動力好驚人！ 設計感配備都滿點 入門車型可能壓到140萬內！",
            "ep_number": 94,
            "rating": 1,
            "content_type": "show",
            "p_start": 1762158000000,
            "vod_channel_description": "久沒推出全新車款的Volvo，即將在臺發表全新電動產品－EX30，麥可也應邀到台中搶先試駕了這款北歐純電小精靈！EX30的內外造型可說承先啟後；帶點Volvo家族風與XC40的味道，卻又透過新設計概念展現出更前衛、更有質感的氣息。"
          },
          {
            "content_id": "VOD00351253",
            "time_codes": [
              600000
            ],
            "timecode_duration": [],
            "length": 646000,
            "asset_id": "vod59792-000140M001",
            "title": "統哥 嗜駕Pit63",
            "subtitle": "終於試駕到蠻牛，這是超過1000匹馬力的油電大牛 ！ Lamborghini Revuelto V12 Hybrid feat.老高推車",
            "ep_number": 140,
            "rating": 1,
            "content_type": "show",
            "p_start": 1762159500000,
            "vod_channel_description": "專注提供 - 性能、操控、改裝、樂趣、實用 的汽車頻道。"
          },
          {
            "content_id": "VOD00356469",
            "time_codes": [
              600000,
              1200000
            ],
            "timecode_duration": [],
            "length": 1248000,
            "asset_id": "vod59793-000153M001",
            "title": "Auto-Online 汽車線上情報誌",
            "subtitle": "Mercedes-AMG E 53 HYBRID 4MATIC＋｜插電式混動，讓性能與綠能完美結合！",
            "ep_number": 153,
            "rating": 1,
            "content_type": "show",
            "p_start": 1762160400000,
            "vod_channel_description": "Mercedes-AMG E 53 HYBRID 4MATIC＋，一款將豪華性能與綠能融為一體的豪華轎車。將3.0L引擎與PHEV結合，不僅能以電動模式享受接近100公里的純電駕駛，更能油電結合釋放585hp的強悍動力，讓它能完美應對各種駕馭需求。如果你正在尋找能動能靜的性能車，Mercedes-AMG E 53 絕對值得你考慮。"
          },
          {
            "content_id": "VOD00354068",
            "time_codes": [
              600000
            ],
            "timecode_duration": [],
            "length": 1090000,
            "asset_id": "vod62277-000117M001",
            "title": "DR. IF fACTORY 硬核車媒",
            "subtitle": "挑戰油電油耗！Peugeot 408 Hybrid，純電行駛的48V有多強？408 Hybrid 科技探究、126KM綜合油耗測試！",
            "ep_number": 117,
            "rating": 1,
            "content_type": "show",
            "p_start": 1762161900000,
            "vod_channel_description": "Peugeot 408 Hybrid 看似基於 408 換顆多了48V輕油電引擎，但為什麼 408 Hybrid 不只動力贏Peugoet 408，就連 408 Hybrid 油耗也比 Peugeot 408 出色那麼多？DR.IF利用參加 408 Hybrid 公辦試駕的緊湊時間，駕著 408 Hybrid 來趟 126km 綜合高低速油耗測試，除了測試 408 Hybrid 說 48V可純電行駛的特色，DR.IF 也在測試 408 Hybrid 油耗同時解說這套 P2 Hybrid 架構，最後 408 Hybrid 不負眾望跑出 19.06km/L 油耗，而下隻影片，DR.IF 則會實際解說 408 Hybrid 引擎本體與 P2 Hybrid 科技，看法國人是怎麼把 408 Hybrid 的 48V 發揮到如此境地？"
          },
          {
            "content_id": "VOD00356467",
            "time_codes": [
              600000
            ],
            "timecode_duration": [],
            "length": 1158000,
            "asset_id": "vod59793-000151M001",
            "title": "Auto-Online 汽車線上情報誌",
            "subtitle": "Peugeot 408｜P2 Hybrid混合油電全解析",
            "ep_number": 151,
            "rating": 1,
            "content_type": "show",
            "p_start": 1762163400000,
            "vod_channel_description": "Peugeot全新混動系統在台灣上市了。首次在408&2008以第三代1.2L PureTech缸內直噴渦輪增壓汽油引擎，結合P2混動馬達，搭配整合電動馬達的eDCS6濕式雙離合器6速自手排變速系統的高效運作，平均油耗408 HYBRID 21km/L、2008 HYBRID 21.5km/L。"
          },
          {
            "content_id": "VOD00356459",
            "time_codes": [
              600000
            ],
            "timecode_duration": [],
            "length": 1167000,
            "asset_id": "vod62278-000193M001",
            "title": "Super Snow Show",
            "subtitle": "【玩命關頭韓哥有簽名！】鐵粉體驗Honda CIVIC e:HEV：11 代油電喜美還有本田魂嗎？外型像豪華車？從引擎室到 懸吊、底盤、配備、音響 鐵粉認真開箱後.....給幾分？配備是否超值？",
            "ep_number": 193,
            "rating": 1,
            "content_type": "show",
            "p_start": 1762164900000,
            "vod_channel_description": "帶起台灣汽車節目風潮，前TVBS《地球黃金線》與東森《夢想街57號》主持人，「車界女神」廖盈婷，自製談話性節目《Super Snow Show》，持續以熱情和風趣的主持風格，打造出高人氣試車頻道，介紹車與生活。"
          },
          {
            "content_id": "VOD00352892",
            "time_codes": [
              600000,
              1200000
            ],
            "timecode_duration": [],
            "length": 1383000,
            "asset_id": "vod62279-000126M001",
            "title": "狂人日誌",
            "subtitle": "月光族不用怕！花兩百萬就能擁有輕奢小宅？HYUNDAI Santa Fe",
            "ep_number": 126,
            "rating": 1,
            "content_type": "show",
            "p_start": 1762166400000,
            "vod_channel_description": "事實是要能尋得一個「避風港」著實不易，在家面對家人、在公司面對同事、在外面對朋友，何處才能真正的「獨處」？真正的遠離塵囂？真正的審視自我？好在，我們發現了一個經過精心設計、可以利用任何零碎時間、不在乎地點環境、隨時都能開張營業的「林中小屋」。"
          },
          {
            "content_id": "VOD00354514",
            "time_codes": [
              600000
            ],
            "timecode_duration": [],
            "length": 1186000,
            "asset_id": "vod65368-000093M001",
            "title": "玩車大麥克",
            "subtitle": "大改款Santa Fe七人座休旅方得更有型！ 配備科技豐富空間大 適合家庭更能玩露營",
            "ep_number": 93,
            "rating": 1,
            "content_type": "show",
            "p_start": 1762168200000,
            "vod_channel_description": "當Hyundai全新大改款Santa Fe七人座休旅車亮相時，可說讓車界媒體和車迷一片讚賞，因為超方正的外型讓這款車變得好有型，放大後的車體，同時賦予新Santa Fe更出色的後座、行李廂空間機能，以及玩露營的能耐，加上車內具備豐富科技、豪華與安全配備設定，乘坐其中是種享受。"
          },
          {
            "content_id": "VOD00352364",
            "time_codes": [
              600000
            ],
            "timecode_duration": [],
            "length": 657000,
            "asset_id": "vod59791-000170M001",
            "title": "SiCAR愛車酷",
            "subtitle": "【特別企劃】電動車課稅制度合理嗎?！過年將至 國道充電樁資訊一次整理！　Hyundai KONA EV電耗測試分享！",
            "ep_number": 170,
            "rating": 1,
            "content_type": "show",
            "p_start": 1762169700000,
            "vod_channel_description": "該來的終究還是要來的，今年結束即將開始實施馬力課稅，目前採取的課稅標準你覺得如何？我們實際採訪了4位不同車型的電動車車主的想法！過年也快到了，也在這邊跟各位分享目前國道上充電樁的數量及分布，影片最後也有Hyundai KONA EV的電耗測試分享唷！一起來看看吧！"
          },
          {
            "content_id": "VOD00352359",
            "time_codes": [],
            "timecode_duration": [],
            "length": 277000,
            "asset_id": "vod59791-000165M001",
            "title": "SiCAR愛車酷",
            "subtitle": "【電耗測試】KIA EV9 GT-Line 近100kWh的電池 開了370km還剩下多少電!?",
            "ep_number": 165,
            "rating": 1,
            "content_type": "show",
            "p_start": 1762170600000,
            "vod_channel_description": "Andy老爹開著KIA EV9從台北去台中做公益，順便實測滿電從台北出發開到台中再回台北，開了370km之後，電量還剩下多少？"
          },
          {
            "content_id": "VOD00352903",
            "time_codes": [
              600000
            ],
            "timecode_duration": [],
            "length": 706000,
            "asset_id": "vod70202-000077M001",
            "title": "脖子解說 Mr. Neck",
            "subtitle": "美女業代系列17│夜間試駕!! 堪稱300萬的「歐爸電動車」? 科技配備大滿配...OLED電子後照鏡/第二排旋轉座椅/V2L/標配英國Merdian音響",
            "ep_number": 77,
            "rating": 1,
            "content_type": "show",
            "p_start": 1762171200000,
            "vod_channel_description": "你是否曾想過D.I.Y自己的愛車卻尋求不到協助？你是否考慮特定車款卻不知風評如何？你是否想跟廣大的車友們交流、交心、交朋友？分享「說車、玩車、聊車」的大小事！不管你懂車、不懂車、甚至是想買車的朋友，我們會把最新的車市資訊，以及養車的小知識分享給大家！"
          },
          {
            "content_id": "VOD00352357",
            "time_codes": [],
            "timecode_duration": [],
            "length": 278000,
            "asset_id": "vod59791-000163M001",
            "title": "SiCAR愛車酷",
            "subtitle": "【新車試駕】全台唯一純電旅行車！媲美休旅車的大空間以及豪華內裝質感一次擁有！！｜BMW i5 Touring eDrive40 M Sport｜",
            "ep_number": 163,
            "rating": 1,
            "content_type": "show",
            "p_start": 1762172100000,
            "vod_channel_description": "這次試駕的車款BMW i5 Touring eDrive40 M Sport，可謂是目前台灣市面上唯一一台的純電豪華旅行車，擁有著媲美休旅車的大空間以及頂級的車內質感外，動力方面也絲毫沒有落下，還有什麼細節之處？一起來看看吧！"
          },
          {
            "content_id": "VOD00353801",
            "time_codes": [
              600000
            ],
            "timecode_duration": [],
            "length": 1091000,
            "asset_id": "vod62278-000187M001",
            "title": "Super Snow Show",
            "subtitle": "【太狂！】Audi House of Progress Taipei在台灣！沉浸式開箱：品牌概念店有Q8 Sportback e-tron首發！urbansphere concept 現身 目不暇給！",
            "ep_number": 187,
            "rating": 1,
            "content_type": "show",
            "p_start": 1762172700000,
            "vod_channel_description": "帶起台灣汽車節目風潮，前TVBS《地球黃金線》與東森《夢想街57號》主持人，「車界女神」廖盈婷，自製談話性節目《Super Snow Show》，持續以熱情和風趣的主持風格，打造出高人氣試車頻道，介紹車與生活。"
          },
          {
            "content_id": "VOD00353804",
            "time_codes": [
              846000,
              1497000
            ],
            "timecode_duration": [],
            "length": 2330000,
            "asset_id": "vod62278-000190M001",
            "title": "Super Snow Show",
            "subtitle": "【電動野馬來了！】直播開箱Ford Mustang Mach E 跑旅：三規格上市！208萬起 電動野馬配備超有誠意？592匹馬力 零百3.8秒 GT版超殺？續航里程？CCS2充電方便嗎？",
            "ep_number": 190,
            "rating": 1,
            "content_type": "show",
            "p_start": 1762174200000,
            "vod_channel_description": "帶起台灣汽車節目風潮，前TVBS《地球黃金線》與東森《夢想街57號》主持人，「車界女神」廖盈婷，自製談話性節目《Super Snow Show》，持續以熱情和風趣的主持風格，打造出高人氣試車頻道，介紹車與生活。"
          },
          {
            "content_id": "VOD00354064",
            "time_codes": [
              600000
            ],
            "timecode_duration": [],
            "length": 835000,
            "asset_id": "vod62277-000113M001",
            "title": "DR. IF fACTORY 硬核車媒",
            "subtitle": "有性能但電耗如何？VW ID.4 GTX 高低速電耗實測，ID.4 GTX 三電科技詳解！",
            "ep_number": 113,
            "rating": 1,
            "content_type": "show",
            "p_start": 1762176600000,
            "vod_channel_description": "VW ID.4 是福斯電動車，ID.4 GTX 則是福斯性能電動車，ID.4 GTX 三電系統與先前 DR.IF 試過 ID.5 GTX 系出同源，這次試駕 ID.4 GTX 就不頂底盤，DR.IF 改來測試 ID.4 GTX 電耗，檢視 ID.4 GTX 採用APP550馬達、新款逆變器之後，除了讓 ID.4 GTX 帶來亮眼的動力性能，在綜合高低速162KM電耗測試又可以跑出怎樣成績？"
          },
          {
            "content_id": "VOD00354062",
            "time_codes": [
              982000
            ],
            "timecode_duration": [],
            "length": 1643000,
            "asset_id": "vod62277-000111M001",
            "title": "DR. IF fACTORY 硬核車媒",
            "subtitle": "一日雙塔 Skoda Enyaq Coupe 極限電耗測試！Enyaq 600俱樂部里程挑戰！Skoda Enyaq Coupe 省電撇步分享！",
            "ep_number": 111,
            "rating": 1,
            "content_type": "show",
            "p_start": 1762177800000,
            "vod_channel_description": "Skoda Enyaq 是 Skoda 電車，Enyaq Coupe 更是 Enyaq 最省電的電車，先前 Skoda Enyaq Coupe 公佈 WTLC 609km里程，榮登600俱樂部，Skoda Enyaq Coupe 也是這級距電車，少數以WLTC而非數據漂亮的NEDC，突破600公里的電車，為了驗證Enyaq真的省電，DR.IF 以嚴苛的一日雙塔測試 Enyaq 電耗是否如此，也在測試 Enyaq 電耗的路途跟大家分享 Enyaq Coupe 省電的秘密！"
          },
          {
            "content_id": "VOD00353799",
            "time_codes": [
              600000,
              1200000
            ],
            "timecode_duration": [],
            "length": 1348000,
            "asset_id": "vod62278-000185M001",
            "title": "Super Snow Show",
            "subtitle": "【賓士電動休旅來了！】 EQE SUV、EQS SUV上市！358萬及603萬滿足不同需求：超過3米軸距空間超大！EQS SUV雙色超豪華內裝 音響是大亮點？直播賞車",
            "ep_number": 185,
            "rating": 1,
            "content_type": "show",
            "p_start": 1762179600000,
            "vod_channel_description": "帶起台灣汽車節目風潮，前TVBS《地球黃金線》與東森《夢想街57號》主持人，「車界女神」廖盈婷，自製談話性節目《Super Snow Show》，持續以熱情和風趣的主持風格，打造出高人氣試車頻道，介紹車與生活。"
          },
          {
            "content_id": "VOD00353800",
            "time_codes": [
              968000
            ],
            "timecode_duration": [],
            "length": 1536000,
            "asset_id": "vod62278-000186M001",
            "title": "Super Snow Show",
            "subtitle": "【本田魂依舊在？】Honda Civic e:HEV開起來像Accord？盤點細節 德哥最滿意的地方是⋯？台本產品主任自首：我買了一台！正式售價139.9萬 你買單嗎？",
            "ep_number": 186,
            "rating": 1,
            "content_type": "show",
            "p_start": 1762181400000,
            "vod_channel_description": "帶起台灣汽車節目風潮，前TVBS《地球黃金線》與東森《夢想街57號》主持人，「車界女神」廖盈婷，自製談話性節目《Super Snow Show》，持續以熱情和風趣的主持風格，打造出高人氣試車頻道，介紹車與生活。"
          },
          {
            "content_id": "VOD00352889",
            "time_codes": [
              600000
            ],
            "timecode_duration": [],
            "length": 1175000,
            "asset_id": "vod62279-000123M001",
            "title": "狂人日誌",
            "subtitle": "秒上三百？2025 BMW M5，決戰無限速！",
            "ep_number": 123,
            "rating": 1,
            "content_type": "show",
            "p_start": 1762183200000,
            "vod_channel_description": "很多人說，新的M5已不再純粹：讓人有些驚嚇的車重也好，案情並不單純的PHEV、電控系統，甚至是首見於M5上的後輪轉向，種種跡象似乎都暗示著這架曾以手腳協調和平衡的動態聞名的Autobahn內線王者早已和以往的M Power走上了截然不同的路線，違背了基本教義派的期待——然而，事實真的是如此嗎？"
          },
          {
            "content_id": "VOD00353797",
            "time_codes": [
              1025000
            ],
            "timecode_duration": [],
            "length": 1583000,
            "asset_id": "vod62278-000183M001",
            "title": "Super Snow Show",
            "subtitle": "挑戰不吃油、不吃電？LEXUS ELECTRIFIED多元動力任選：實測RX450h+ 郊區輕旅行 PHEV可當電動車用？油電車超沒壓力？電動車可以直接上手？",
            "ep_number": 183,
            "rating": 1,
            "content_type": "show",
            "p_start": 1762184700000,
            "vod_channel_description": "帶起台灣汽車節目風潮，前TVBS《地球黃金線》與東森《夢想街57號》主持人，「車界女神」廖盈婷，自製談話性節目《Super Snow Show》，持續以熱情和風趣的主持風格，打造出高人氣試車頻道，介紹車與生活。"
          },
          {
            "content_id": "VOD00348564",
            "time_codes": [
              600000
            ],
            "timecode_duration": [],
            "length": 848000,
            "asset_id": "vod65368-000090M001",
            "title": "玩車大麥克",
            "subtitle": "國產電車銷售王Luxgen n7 LR長程版試駕 大電池開得更長久 質感配備比首發版再升級！",
            "ep_number": 90,
            "rating": 1,
            "content_type": "show",
            "p_start": 1762186500000,
            "vod_channel_description": "Luxgen與鴻海合作推出n7電動跨界休旅車之後，以國產平價策略大獲市場歡迎，去年收近萬訂單，銷售成績亮眼從路上能見度可見一斑。去年底，Luxgen再推出「n7 Long Range」長程版，也就是搭載更大容量電池的車型，同時針對內外配備與質感進行升級，從上市至今已接2千餘張訂單，相信還會持續穩定成長。"
          },
          {
            "content_id": "VOD00352897",
            "time_codes": [
              600000
            ],
            "timecode_duration": [],
            "length": 738000,
            "asset_id": "vod70202-000071M001",
            "title": "脖子解說 Mr. Neck",
            "subtitle": "LUXGEN N7│一路上支持納智捷? 頭批N7車主-10個月使用心得分享!! 究竟缺點有哪些...?",
            "ep_number": 71,
            "rating": 1,
            "content_type": "show",
            "p_start": 1762187700000,
            "vod_channel_description": "你是否曾想過D.I.Y自己的愛車卻尋求不到協助？你是否考慮特定車款卻不知風評如何？你是否想跟廣大的車友們交流、交心、交朋友？分享「說車、玩車、聊車」的大小事！不管你懂車、不懂車、甚至是想買車的朋友，我們會把最新的車市資訊，以及養車的小知識分享給大家！"
          },
          {
            "content_id": "VOD00353796",
            "time_codes": [
              600000
            ],
            "timecode_duration": [],
            "length": 904000,
            "asset_id": "vod62278-000182M001",
            "title": "Super Snow Show",
            "subtitle": "Lamborghini Revuelto破千匹馬力登台：大牛也進入油電世代 保留V12引擎 還可純電行駛！科技滿滿！",
            "ep_number": 182,
            "rating": 1,
            "content_type": "show",
            "p_start": 1762188600000,
            "vod_channel_description": "帶起台灣汽車節目風潮，前TVBS《地球黃金線》與東森《夢想街57號》主持人，「車界女神」廖盈婷，自製談話性節目《Super Snow Show》，持續以熱情和風趣的主持風格，打造出高人氣試車頻道，介紹車與生活。"
          },
          {
            "content_id": "VOD00352336",
            "time_codes": [
              600000
            ],
            "timecode_duration": [],
            "length": 922000,
            "asset_id": "vod59791-000142M001",
            "title": "SiCAR愛車酷",
            "subtitle": "【Andy老爹試駕】頂規配備下放 直接變成全車系標配！iX車主最喜歡的實用功能是哪些！？｜BMW iX xDrive40 旗艦版｜",
            "ep_number": 142,
            "rating": 1,
            "content_type": "show",
            "p_start": 1762189800000,
            "vod_channel_description": "今天試駕的是BMW iX xDrive40 旗艦版，新年式最主要的改變就是原本兩個頂規才有的超實用配備「氣壓懸吊系統」、「後軸轉向系統」，現在變成全車系標配！這兩個功能具體的作用是什麼？iX車主們最喜歡的功能又有哪些？快來聽老爹說說吧！"
          },
          {
            "content_id": "VOD00352338",
            "time_codes": [
              600000
            ],
            "timecode_duration": [],
            "length": 1196000,
            "asset_id": "vod59791-000144M001",
            "title": "SiCAR愛車酷",
            "subtitle": "【Andy老爹試駕】連續五年銷售冠軍！？7人座大棕熊質感再躍進！安全再進化！｜SKODA KODIAQ 1.5 TSI e-TEC｜",
            "ep_number": 144,
            "rating": 1,
            "content_type": "show",
            "p_start": 1762191000000,
            "vod_channel_description": "這一次改款的SKODA KODIAQ，雖然引擎、變速箱、底盤等等皆沒有什麼變化，但是在車內外的質感，以及主安方面有著顯著的提升！還有著其他車款非常少有的超大行李廂空間！究竟這次大棕熊還有改了什麼東西呢？讓老爹來為你介紹介紹吧！"
          }
        ],
        "total_length": 131171000,
        "focus_index": 54,
        "next_index": 55,
        "time": 191548,
        "focus_program": {
          "content_id": "VOD00359264",
          "time_codes": [
            600000
          ],
          "timecode_duration": [],
          "length": 968000,
          "asset_id": "vod62278-000208M001",
          "title": "Super Snow Show",
          "subtitle": "【搶!接單破400台?】BMW 第八代5系列電動車：i5 eDrive40 M Sport、i5 M60 xDrive盤點：續航里程破500公里怎麼選? 標配2.5度後輪轉向 七系列車主自駕最佳選擇?",
          "ep_number": 208,
          "rating": 1,
          "content_type": "show",
          "p_start": 1762119300000,
          "vod_channel_description": "帶起台灣汽車節目風潮，前TVBS《地球黃金線》與東森《夢想街57號》主持人，「車界女神」廖盈婷，自製談話性節目《Super Snow Show》，持續以熱情和風趣的主持風格，打造出高人氣試車頻道，介紹車與生活。"
        }
      },
      "station_categories": [
        {
          "Name": "綜合",
          "EngName": "Variety",
          "MenuOrder": 4
        }
      ]
    },
    "introduction": {
      "image": "https://p-cdnstatic.svc.litv.tv/pics/vod_channel/logo_3475_ofiii215_mobile_20240930.png",
      "description": "",
      "href_maps": []
    },
    "recommends": [],
    "ua": "Mozilla/5.0 (Windows NT 10.0; Win64; x64) AppleWebKit/537.36 (KHTML, like Gecko) Chrome/91.0.4472.124 Safari/537.36"
  },
  "__N_SSP": true
}