{
  "pageProps": {
    "contentId": "ofiii127",
    "channel": {
      "title": "鬼話連篇",
      "no": 127,
      "charge_mode": "F",
      "content_id": "ofiii127",
      "content_type": "vod-channel",
      "epg_categories": [
        18
      ],
      "genres": [
        {
          "id": "",
          "name": "VOD_CHANNEL",
          "logo": ""
        }
      ],
      "liad_id": "VODCHNEWOFIWEB",
      "package_info_id": "VOD_CHANNEL_DELUX",
      "picture": "pics/vod_channel/logo_3782_ofiii127_tv_20250626.png",
      "provider": [
        {
          "id": "",
          "name": "東森娛樂",
          "logo": ""
        }
      ],
      "quality": "HD",
      "station_id": "station6716",
      "trial": "",
      "selectable": 1,
      "tr_logo": "pics/vod_channel/tr_logo_1750908967.png",
      "tl_logo": "",
      "br_logo": "",
      "bl_logo": "",
      "menu_type": 0,
      "vod_channel_schedule": {
        "channel_id": 127,
        "cdn_code": "ofiii127",
        "start_time": 1762161600000,
        "programs": [
          {
            "content_id": "VOD00218428",
            "time_codes": [
              931000,
              1899000,
              2632000,
              3862000,
              4792000,
              5610000
            ],
            "timecode_duration": [],
            "length": 5792000,
            "asset_id": "vod48560-000056M001",
            "title": "",
            "subtitle": "第56集 大園空難之劫後餘生",
            "ep_number": 56,
            "rating": 3,
            "content_type": "show",
            "p_start": 1762161600000,
            "vod_channel_description": "《鬼話連篇》是臺灣靈異節目之一，其節目靈感來自《聊齋志異》，而節目名稱取自清代諷刺小說《何典》。最早是臺灣電視公司綜藝節目《玫瑰之夜》的個別單元，具有非常高的收視率，也是現在靈異節目的始祖，標語是「鬼魂飄搖在人間，話通陰陽兩界邊，連接三度空間情，篇篇彩霓化成仙」。"
          },
          {
            "content_id": "VOD00218429",
            "time_codes": [
              981000,
              1632000,
              2777000,
              3549000,
              4845000,
              5581000
            ],
            "timecode_duration": [],
            "length": 5766000,
            "asset_id": "vod48560-000057M001",
            "title": "",
            "subtitle": "第57集 宿舍有鬼！房間傳來哭泣聲！",
            "ep_number": 57,
            "rating": 3,
            "content_type": "show",
            "p_start": 1762167600000,
            "vod_channel_description": "《鬼話連篇》是臺灣靈異節目之一，其節目靈感來自《聊齋志異》，而節目名稱取自清代諷刺小說《何典》。最早是臺灣電視公司綜藝節目《玫瑰之夜》的個別單元，具有非常高的收視率，也是現在靈異節目的始祖，標語是「鬼魂飄搖在人間，話通陰陽兩界邊，連接三度空間情，篇篇彩霓化成仙」。"
          },
          {
            "content_id": "VOD00218430",
            "time_codes": [
              1104000,
              2233000,
              3166000,
              3921000,
              4285000,
              4876000
            ],
            "timecode_duration": [],
            "length": 5741000,
            "asset_id": "vod48560-000058M001",
            "title": "",
            "subtitle": "第58集 鬼之棲家！房間門怎麼打也打不開！",
            "ep_number": 58,
            "rating": 3,
            "content_type": "show",
            "p_start": 1762173600000,
            "vod_channel_description": "《鬼話連篇》是臺灣靈異節目之一，其節目靈感來自《聊齋志異》，而節目名稱取自清代諷刺小說《何典》。最早是臺灣電視公司綜藝節目《玫瑰之夜》的個別單元，具有非常高的收視率，也是現在靈異節目的始祖，標語是「鬼魂飄搖在人間，話通陰陽兩界邊，連接三度空間情，篇篇彩霓化成仙」。"
          },
          {
            "content_id": "VOD00218431",
            "time_codes": [
              854000,
              1761000,
              2802000,
              3334000,
              4637000,
              5409000
            ],
            "timecode_duration": [],
            "length": 5747000,
            "asset_id": "vod48560-000059M001",
            "title": "",
            "subtitle": "第59集 鬼大宅",
            "ep_number": 59,
            "rating": 3,
            "content_type": "show",
            "p_start": 1762179600000,
            "vod_channel_description": "《鬼話連篇》是臺灣靈異節目之一，其節目靈感來自《聊齋志異》，而節目名稱取自清代諷刺小說《何典》。最早是臺灣電視公司綜藝節目《玫瑰之夜》的個別單元，具有非常高的收視率，也是現在靈異節目的始祖，標語是「鬼魂飄搖在人間，話通陰陽兩界邊，連接三度空間情，篇篇彩霓化成仙」。"
          },
          {
            "content_id": "VOD00218432",
            "time_codes": [
              831000,
              1591000,
              2625000,
              3434000,
              4387000,
              4817000
            ],
            "timecode_duration": [],
            "length": 5752000,
            "asset_id": "vod48560-000060M001",
            "title": "",
            "subtitle": "第60集 頭七驚魂夜",
            "ep_number": 60,
            "rating": 3,
            "content_type": "show",
            "p_start": 1762185600000,
            "vod_channel_description": "《鬼話連篇》是臺灣靈異節目之一，其節目靈感來自《聊齋志異》，而節目名稱取自清代諷刺小說《何典》。最早是臺灣電視公司綜藝節目《玫瑰之夜》的個別單元，具有非常高的收視率，也是現在靈異節目的始祖，標語是「鬼魂飄搖在人間，話通陰陽兩界邊，連接三度空間情，篇篇彩霓化成仙」。"
          },
          {
            "content_id": "VOD00218433",
            "time_codes": [
              1188000,
              1902000,
              2916000,
              3891000,
              4766000,
              5236000
            ],
            "timecode_duration": [],
            "length": 5770000,
            "asset_id": "vod48560-000061M001",
            "title": "",
            "subtitle": "第61集 廢棄官邸！恐怖的主僕命案！",
            "ep_number": 61,
            "rating": 3,
            "content_type": "show",
            "p_start": 1762191600000,
            "vod_channel_description": "《鬼話連篇》是臺灣靈異節目之一，其節目靈感來自《聊齋志異》，而節目名稱取自清代諷刺小說《何典》。最早是臺灣電視公司綜藝節目《玫瑰之夜》的個別單元，具有非常高的收視率，也是現在靈異節目的始祖，標語是「鬼魂飄搖在人間，話通陰陽兩界邊，連接三度空間情，篇篇彩霓化成仙」。"
          },
          {
            "content_id": "VOD00218434",
            "time_codes": [
              1103000,
              1995000,
              2947000,
              3974000,
              4814000,
              5296000
            ],
            "timecode_duration": [],
            "length": 5729000,
            "asset_id": "vod48560-000062M001",
            "title": "",
            "subtitle": "第62集 驚爆死亡角",
            "ep_number": 62,
            "rating": 3,
            "content_type": "show",
            "p_start": 1762197600000,
            "vod_channel_description": "《鬼話連篇》是臺灣靈異節目之一，其節目靈感來自《聊齋志異》，而節目名稱取自清代諷刺小說《何典》。最早是臺灣電視公司綜藝節目《玫瑰之夜》的個別單元，具有非常高的收視率，也是現在靈異節目的始祖，標語是「鬼魂飄搖在人間，話通陰陽兩界邊，連接三度空間情，篇篇彩霓化成仙」。"
          },
          {
            "content_id": "VOD00218435",
            "time_codes": [
              981000,
              2133000,
              2703000,
              3875000,
              4914000,
              5327000
            ],
            "timecode_duration": [],
            "length": 5769000,
            "asset_id": "vod48560-000063M001",
            "title": "",
            "subtitle": "第63集 民雄鬼屋！全台最驚悚的鬼屋！",
            "ep_number": 63,
            "rating": 3,
            "content_type": "show",
            "p_start": 1762203600000,
            "vod_channel_description": "《鬼話連篇》是臺灣靈異節目之一，其節目靈感來自《聊齋志異》，而節目名稱取自清代諷刺小說《何典》。最早是臺灣電視公司綜藝節目《玫瑰之夜》的個別單元，具有非常高的收視率，也是現在靈異節目的始祖，標語是「鬼魂飄搖在人間，話通陰陽兩界邊，連接三度空間情，篇篇彩霓化成仙」。"
          },
          {
            "content_id": "VOD00218436",
            "time_codes": [
              1001000,
              2021000,
              2691000,
              3539000,
              4615000,
              5329000
            ],
            "timecode_duration": [],
            "length": 5786000,
            "asset_id": "vod48560-000064M001",
            "title": "",
            "subtitle": "第64集 陰陽姊妹花",
            "ep_number": 64,
            "rating": 3,
            "content_type": "show",
            "p_start": 1762209600000,
            "vod_channel_description": "《鬼話連篇》是臺灣靈異節目之一，其節目靈感來自《聊齋志異》，而節目名稱取自清代諷刺小說《何典》。最早是臺灣電視公司綜藝節目《玫瑰之夜》的個別單元，具有非常高的收視率，也是現在靈異節目的始祖，標語是「鬼魂飄搖在人間，話通陰陽兩界邊，連接三度空間情，篇篇彩霓化成仙」。"
          },
          {
            "content_id": "VOD00218437",
            "time_codes": [
              1087000,
              2082000,
              2704000,
              3791000,
              4637000,
              5409000
            ],
            "timecode_duration": [],
            "length": 5774000,
            "asset_id": "vod48560-000065M001",
            "title": "",
            "subtitle": "第65集 糞屍命案",
            "ep_number": 65,
            "rating": 3,
            "content_type": "show",
            "p_start": 1762215600000,
            "vod_channel_description": "《鬼話連篇》是臺灣靈異節目之一，其節目靈感來自《聊齋志異》，而節目名稱取自清代諷刺小說《何典》。最早是臺灣電視公司綜藝節目《玫瑰之夜》的個別單元，具有非常高的收視率，也是現在靈異節目的始祖，標語是「鬼魂飄搖在人間，話通陰陽兩界邊，連接三度空間情，篇篇彩霓化成仙」。"
          },
          {
            "content_id": "VOD00222990",
            "time_codes": [
              985000,
              1508000,
              2029000,
              2934000,
              4024000,
              5391000
            ],
            "timecode_duration": [],
            "length": 5825000,
            "asset_id": "vod48560-000066M001",
            "title": "",
            "subtitle": "第66集 猛鬼出閘",
            "ep_number": 66,
            "rating": 3,
            "content_type": "show",
            "p_start": 1762221600000,
            "vod_channel_description": "《鬼話連篇》是臺灣靈異節目之一，其節目靈感來自《聊齋志異》，而節目名稱取自清代諷刺小說《何典》。最早是臺灣電視公司綜藝節目《玫瑰之夜》的個別單元，具有非常高的收視率，也是現在靈異節目的始祖，標語是「鬼魂飄搖在人間，話通陰陽兩界邊，連接三度空間情，篇篇彩霓化成仙」。"
          },
          {
            "content_id": "VOD00222991",
            "time_codes": [
              944000,
              1432000,
              2451000,
              3060000,
              4182000,
              5233000
            ],
            "timecode_duration": [],
            "length": 5771000,
            "asset_id": "vod48560-000067M001",
            "title": "",
            "subtitle": "第67集 火燒醫院",
            "ep_number": 67,
            "rating": 3,
            "content_type": "show",
            "p_start": 1762227600000,
            "vod_channel_description": "《鬼話連篇》是臺灣靈異節目之一，其節目靈感來自《聊齋志異》，而節目名稱取自清代諷刺小說《何典》。最早是臺灣電視公司綜藝節目《玫瑰之夜》的個別單元，具有非常高的收視率，也是現在靈異節目的始祖，標語是「鬼魂飄搖在人間，話通陰陽兩界邊，連接三度空間情，篇篇彩霓化成仙」。"
          },
          {
            "content_id": "VOD00222992",
            "time_codes": [
              916000,
              1377000,
              2142000,
              3099000,
              4025000,
              4978000
            ],
            "timecode_duration": [],
            "length": 5815000,
            "asset_id": "vod48560-000068M001",
            "title": "",
            "subtitle": "第68集 猛鬼大飯店",
            "ep_number": 68,
            "rating": 3,
            "content_type": "show",
            "p_start": 1762233600000,
            "vod_channel_description": "《鬼話連篇》是臺灣靈異節目之一，其節目靈感來自《聊齋志異》，而節目名稱取自清代諷刺小說《何典》。最早是臺灣電視公司綜藝節目《玫瑰之夜》的個別單元，具有非常高的收視率，也是現在靈異節目的始祖，標語是「鬼魂飄搖在人間，話通陰陽兩界邊，連接三度空間情，篇篇彩霓化成仙」。"
          },
          {
            "content_id": "VOD00222993",
            "time_codes": [
              975000,
              1519000,
              2223000,
              3156000,
              4345000,
              5207000
            ],
            "timecode_duration": [],
            "length": 5787000,
            "asset_id": "vod48560-000069M001",
            "title": "",
            "subtitle": "第69集 香港撞鬼團",
            "ep_number": 69,
            "rating": 3,
            "content_type": "show",
            "p_start": 1762239600000,
            "vod_channel_description": "《鬼話連篇》是臺灣靈異節目之一，其節目靈感來自《聊齋志異》，而節目名稱取自清代諷刺小說《何典》。最早是臺灣電視公司綜藝節目《玫瑰之夜》的個別單元，具有非常高的收視率，也是現在靈異節目的始祖，標語是「鬼魂飄搖在人間，話通陰陽兩界邊，連接三度空間情，篇篇彩霓化成仙」。"
          },
          {
            "content_id": "VOD00222994",
            "time_codes": [
              1180000,
              1767000,
              2798000,
              3555000,
              4303000,
              5394000,
              5927000,
              7211000
            ],
            "timecode_duration": [],
            "length": 7785000,
            "asset_id": "vod48560-000070M001",
            "title": "",
            "subtitle": "第70集 香港撞鬼團 特別企劃",
            "ep_number": 70,
            "rating": 3,
            "content_type": "show",
            "p_start": 1762245600000,
            "vod_channel_description": "《鬼話連篇》是臺灣靈異節目之一，其節目靈感來自《聊齋志異》，而節目名稱取自清代諷刺小說《何典》。最早是臺灣電視公司綜藝節目《玫瑰之夜》的個別單元，具有非常高的收視率，也是現在靈異節目的始祖，標語是「鬼魂飄搖在人間，話通陰陽兩界邊，連接三度空間情，篇篇彩霓化成仙」。"
          },
          {
            "content_id": "VOD00222995",
            "time_codes": [
              990000,
              1025000,
              1991000,
              2944000,
              4071000,
              5091000
            ],
            "timecode_duration": [],
            "length": 5842000,
            "asset_id": "vod48560-000071M001",
            "title": "",
            "subtitle": "第71集 楊柳公寓",
            "ep_number": 71,
            "rating": 3,
            "content_type": "show",
            "p_start": 1762253700000,
            "vod_channel_description": "《鬼話連篇》是臺灣靈異節目之一，其節目靈感來自《聊齋志異》，而節目名稱取自清代諷刺小說《何典》。最早是臺灣電視公司綜藝節目《玫瑰之夜》的個別單元，具有非常高的收視率，也是現在靈異節目的始祖，標語是「鬼魂飄搖在人間，話通陰陽兩界邊，連接三度空間情，篇篇彩霓化成仙」。"
          },
          {
            "content_id": "VOD00222996",
            "time_codes": [
              954000,
              1733000,
              2576000,
              3185000,
              4337000,
              5037000
            ],
            "timecode_duration": [],
            "length": 5765000,
            "asset_id": "vod48560-000072M001",
            "title": "",
            "subtitle": "第72集 新華喜大樓",
            "ep_number": 72,
            "rating": 3,
            "content_type": "show",
            "p_start": 1762259700000,
            "vod_channel_description": "《鬼話連篇》是臺灣靈異節目之一，其節目靈感來自《聊齋志異》，而節目名稱取自清代諷刺小說《何典》。最早是臺灣電視公司綜藝節目《玫瑰之夜》的個別單元，具有非常高的收視率，也是現在靈異節目的始祖，標語是「鬼魂飄搖在人間，話通陰陽兩界邊，連接三度空間情，篇篇彩霓化成仙」。"
          },
          {
            "content_id": "VOD00222997",
            "time_codes": [
              1087000,
              1593000,
              2020000,
              2997000,
              3800000,
              4861000
            ],
            "timecode_duration": [],
            "length": 5751000,
            "asset_id": "vod48560-000073M001",
            "title": "",
            "subtitle": "第73集 奪命將軍府",
            "ep_number": 73,
            "rating": 3,
            "content_type": "show",
            "p_start": 1762265700000,
            "vod_channel_description": "《鬼話連篇》是臺灣靈異節目之一，其節目靈感來自《聊齋志異》，而節目名稱取自清代諷刺小說《何典》。最早是臺灣電視公司綜藝節目《玫瑰之夜》的個別單元，具有非常高的收視率，也是現在靈異節目的始祖，標語是「鬼魂飄搖在人間，話通陰陽兩界邊，連接三度空間情，篇篇彩霓化成仙」。"
          },
          {
            "content_id": "VOD00222998",
            "time_codes": [
              1096000,
              1870000,
              2720000,
              3690000,
              4607000,
              5202000
            ],
            "timecode_duration": [],
            "length": 5715000,
            "asset_id": "vod48560-000074M001",
            "title": "",
            "subtitle": "第74集 夜闖八里堆",
            "ep_number": 74,
            "rating": 3,
            "content_type": "show",
            "p_start": 1762271700000,
            "vod_channel_description": "《鬼話連篇》是臺灣靈異節目之一，其節目靈感來自《聊齋志異》，而節目名稱取自清代諷刺小說《何典》。最早是臺灣電視公司綜藝節目《玫瑰之夜》的個別單元，具有非常高的收視率，也是現在靈異節目的始祖，標語是「鬼魂飄搖在人間，話通陰陽兩界邊，連接三度空間情，篇篇彩霓化成仙」。"
          },
          {
            "content_id": "VOD00222999",
            "time_codes": [
              1065000,
              2094000,
              2817000,
              3399000,
              3967000,
              5168000
            ],
            "timecode_duration": [],
            "length": 5799000,
            "asset_id": "vod48560-000075M001",
            "title": "",
            "subtitle": "第75集 電影公司鬧鬼",
            "ep_number": 75,
            "rating": 3,
            "content_type": "show",
            "p_start": 1762277700000,
            "vod_channel_description": "《鬼話連篇》是臺灣靈異節目之一，其節目靈感來自《聊齋志異》，而節目名稱取自清代諷刺小說《何典》。最早是臺灣電視公司綜藝節目《玫瑰之夜》的個別單元，具有非常高的收視率，也是現在靈異節目的始祖，標語是「鬼魂飄搖在人間，話通陰陽兩界邊，連接三度空間情，篇篇彩霓化成仙」。"
          },
          {
            "content_id": "VOD00226971",
            "time_codes": [
              1002000,
              1794000,
              2648000,
              3497000,
              4683000,
              5046000
            ],
            "timecode_duration": [],
            "length": 5772000,
            "asset_id": "vod48560-000076M001",
            "title": "",
            "subtitle": "第76集 泣血鳳梨山",
            "ep_number": 76,
            "rating": 3,
            "content_type": "show",
            "p_start": 1762283700000,
            "vod_channel_description": "《鬼話連篇》是臺灣靈異節目之一，其節目靈感來自《聊齋志異》，而節目名稱取自清代諷刺小說《何典》。最早是臺灣電視公司綜藝節目《玫瑰之夜》的個別單元，具有非常高的收視率，也是現在靈異節目的始祖，標語是「鬼魂飄搖在人間，話通陰陽兩界邊，連接三度空間情，篇篇彩霓化成仙」。"
          },
          {
            "content_id": "VOD00226972",
            "time_codes": [
              1132000,
              1851000,
              3041000,
              3510000,
              4079000,
              4894000
            ],
            "timecode_duration": [],
            "length": 5642000,
            "asset_id": "vod48560-000077M001",
            "title": "",
            "subtitle": "第77集 長生醫院",
            "ep_number": 77,
            "rating": 3,
            "content_type": "show",
            "p_start": 1762289700000,
            "vod_channel_description": "《鬼話連篇》是臺灣靈異節目之一，其節目靈感來自《聊齋志異》，而節目名稱取自清代諷刺小說《何典》。最早是臺灣電視公司綜藝節目《玫瑰之夜》的個別單元，具有非常高的收視率，也是現在靈異節目的始祖，標語是「鬼魂飄搖在人間，話通陰陽兩界邊，連接三度空間情，篇篇彩霓化成仙」。"
          },
          {
            "content_id": "VOD00226973",
            "time_codes": [
              1195000,
              2305000,
              3097000,
              3748000,
              4701000,
              5417000
            ],
            "timecode_duration": [],
            "length": 5789000,
            "asset_id": "vod48560-000078M001",
            "title": "",
            "subtitle": "第78集 再探長生醫院",
            "ep_number": 78,
            "rating": 3,
            "content_type": "show",
            "p_start": 1762295700000,
            "vod_channel_description": "《鬼話連篇》是臺灣靈異節目之一，其節目靈感來自《聊齋志異》，而節目名稱取自清代諷刺小說《何典》。最早是臺灣電視公司綜藝節目《玫瑰之夜》的個別單元，具有非常高的收視率，也是現在靈異節目的始祖，標語是「鬼魂飄搖在人間，話通陰陽兩界邊，連接三度空間情，篇篇彩霓化成仙」。"
          },
          {
            "content_id": "VOD00226974",
            "time_codes": [
              1185000,
              2312000,
              3049000,
              3876000,
              4702000,
              5457000
            ],
            "timecode_duration": [],
            "length": 5796000,
            "asset_id": "vod48560-000079M001",
            "title": "",
            "subtitle": "第79集 龜山八豆宮",
            "ep_number": 79,
            "rating": 3,
            "content_type": "show",
            "p_start": 1762301700000,
            "vod_channel_description": "《鬼話連篇》是臺灣靈異節目之一，其節目靈感來自《聊齋志異》，而節目名稱取自清代諷刺小說《何典》。最早是臺灣電視公司綜藝節目《玫瑰之夜》的個別單元，具有非常高的收視率，也是現在靈異節目的始祖，標語是「鬼魂飄搖在人間，話通陰陽兩界邊，連接三度空間情，篇篇彩霓化成仙」。"
          },
          {
            "content_id": "VOD00226975",
            "time_codes": [
              1137000,
              2244000,
              3109000,
              3678000,
              4464000,
              5053000
            ],
            "timecode_duration": [],
            "length": 5657000,
            "asset_id": "vod48560-000080M001",
            "title": "",
            "subtitle": "第80集 靈異追追追特輯",
            "ep_number": 80,
            "rating": 3,
            "content_type": "show",
            "p_start": 1762307700000,
            "vod_channel_description": "《鬼話連篇》是臺灣靈異節目之一，其節目靈感來自《聊齋志異》，而節目名稱取自清代諷刺小說《何典》。最早是臺灣電視公司綜藝節目《玫瑰之夜》的個別單元，具有非常高的收視率，也是現在靈異節目的始祖，標語是「鬼魂飄搖在人間，話通陰陽兩界邊，連接三度空間情，篇篇彩霓化成仙」。"
          },
          {
            "content_id": "VOD00226976",
            "time_codes": [
              1055000,
              1835000,
              2922000,
              3973000,
              4525000,
              4861000
            ],
            "timecode_duration": [],
            "length": 5774000,
            "asset_id": "vod48560-000081M001",
            "title": "",
            "subtitle": "第81集 桃園白宮",
            "ep_number": 81,
            "rating": 3,
            "content_type": "show",
            "p_start": 1762313700000,
            "vod_channel_description": "《鬼話連篇》是臺灣靈異節目之一，其節目靈感來自《聊齋志異》，而節目名稱取自清代諷刺小說《何典》。最早是臺灣電視公司綜藝節目《玫瑰之夜》的個別單元，具有非常高的收視率，也是現在靈異節目的始祖，標語是「鬼魂飄搖在人間，話通陰陽兩界邊，連接三度空間情，篇篇彩霓化成仙」。"
          },
          {
            "content_id": "VOD00226977",
            "time_codes": [
              1142000,
              2185000,
              3063000,
              3689000,
              4260000,
              4880000
            ],
            "timecode_duration": [],
            "length": 5668000,
            "asset_id": "vod48560-000082M001",
            "title": "",
            "subtitle": "第82集 裂身女鬼",
            "ep_number": 82,
            "rating": 3,
            "content_type": "show",
            "p_start": 1762319700000,
            "vod_channel_description": "《鬼話連篇》是臺灣靈異節目之一，其節目靈感來自《聊齋志異》，而節目名稱取自清代諷刺小說《何典》。最早是臺灣電視公司綜藝節目《玫瑰之夜》的個別單元，具有非常高的收視率，也是現在靈異節目的始祖，標語是「鬼魂飄搖在人間，話通陰陽兩界邊，連接三度空間情，篇篇彩霓化成仙」。"
          },
          {
            "content_id": "VOD00226978",
            "time_codes": [
              1120000,
              2025000,
              2710000,
              3868000,
              4461000,
              5221000
            ],
            "timecode_duration": [],
            "length": 5701000,
            "asset_id": "vod48560-000083M001",
            "title": "",
            "subtitle": "第83集 幽靈撞球場",
            "ep_number": 83,
            "rating": 3,
            "content_type": "show",
            "p_start": 1762325700000,
            "vod_channel_description": "《鬼話連篇》是臺灣靈異節目之一，其節目靈感來自《聊齋志異》，而節目名稱取自清代諷刺小說《何典》。最早是臺灣電視公司綜藝節目《玫瑰之夜》的個別單元，具有非常高的收視率，也是現在靈異節目的始祖，標語是「鬼魂飄搖在人間，話通陰陽兩界邊，連接三度空間情，篇篇彩霓化成仙」。"
          },
          {
            "content_id": "VOD00226979",
            "time_codes": [
              1089000,
              2021000,
              2714000,
              3674000,
              4306000,
              5189000
            ],
            "timecode_duration": [],
            "length": 5793000,
            "asset_id": "vod48560-000084M001",
            "title": "",
            "subtitle": "第84集 泰國撞鬼團",
            "ep_number": 84,
            "rating": 3,
            "content_type": "show",
            "p_start": 1762331700000,
            "vod_channel_description": "《鬼話連篇》是臺灣靈異節目之一，其節目靈感來自《聊齋志異》，而節目名稱取自清代諷刺小說《何典》。最早是臺灣電視公司綜藝節目《玫瑰之夜》的個別單元，具有非常高的收視率，也是現在靈異節目的始祖，標語是「鬼魂飄搖在人間，話通陰陽兩界邊，連接三度空間情，篇篇彩霓化成仙」。"
          },
          {
            "content_id": "VOD00226980",
            "time_codes": [
              1038000,
              2057000,
              3141000,
              3961000,
              4335000,
              5158000
            ],
            "timecode_duration": [],
            "length": 5759000,
            "asset_id": "vod48560-000085M001",
            "title": "",
            "subtitle": "第85集 人妖撞鬼屋",
            "ep_number": 85,
            "rating": 3,
            "content_type": "show",
            "p_start": 1762337700000,
            "vod_channel_description": "《鬼話連篇》是臺灣靈異節目之一，其節目靈感來自《聊齋志異》，而節目名稱取自清代諷刺小說《何典》。最早是臺灣電視公司綜藝節目《玫瑰之夜》的個別單元，具有非常高的收視率，也是現在靈異節目的始祖，標語是「鬼魂飄搖在人間，話通陰陽兩界邊，連接三度空間情，篇篇彩霓化成仙」。"
          },
          {
            "content_id": "VOD00226981",
            "time_codes": [
              1321000,
              2376000,
              2576000,
              3440000,
              4298000,
              4975000
            ],
            "timecode_duration": [],
            "length": 5729000,
            "asset_id": "vod48560-000086M001",
            "title": "",
            "subtitle": "第86集 鬼話探險路",
            "ep_number": 86,
            "rating": 3,
            "content_type": "show",
            "p_start": 1762343700000,
            "vod_channel_description": "《鬼話連篇》是臺灣靈異節目之一，其節目靈感來自《聊齋志異》，而節目名稱取自清代諷刺小說《何典》。最早是臺灣電視公司綜藝節目《玫瑰之夜》的個別單元，具有非常高的收視率，也是現在靈異節目的始祖，標語是「鬼魂飄搖在人間，話通陰陽兩界邊，連接三度空間情，篇篇彩霓化成仙」。"
          },
          {
            "content_id": "VOD00226982",
            "time_codes": [
              1429000,
              2508000,
              3432000,
              3883000,
              4773000,
              5259000
            ],
            "timecode_duration": [],
            "length": 5818000,
            "asset_id": "vod48560-000087M001",
            "title": "",
            "subtitle": "第87集 清水紡織廠",
            "ep_number": 87,
            "rating": 3,
            "content_type": "show",
            "p_start": 1762349700000,
            "vod_channel_description": "《鬼話連篇》是臺灣靈異節目之一，其節目靈感來自《聊齋志異》，而節目名稱取自清代諷刺小說《何典》。最早是臺灣電視公司綜藝節目《玫瑰之夜》的個別單元，具有非常高的收視率，也是現在靈異節目的始祖，標語是「鬼魂飄搖在人間，話通陰陽兩界邊，連接三度空間情，篇篇彩霓化成仙」。"
          },
          {
            "content_id": "VOD00226983",
            "time_codes": [
              1008000,
              2035000,
              2581000,
              3390000,
              4451000,
              4898000
            ],
            "timecode_duration": [],
            "length": 5581000,
            "asset_id": "vod48560-000088M001",
            "title": "",
            "subtitle": "第88集 烏日鬼屋",
            "ep_number": 88,
            "rating": 3,
            "content_type": "show",
            "p_start": 1762355700000,
            "vod_channel_description": "《鬼話連篇》是臺灣靈異節目之一，其節目靈感來自《聊齋志異》，而節目名稱取自清代諷刺小說《何典》。最早是臺灣電視公司綜藝節目《玫瑰之夜》的個別單元，具有非常高的收視率，也是現在靈異節目的始祖，標語是「鬼魂飄搖在人間，話通陰陽兩界邊，連接三度空間情，篇篇彩霓化成仙」。"
          },
          {
            "content_id": "VOD00226984",
            "time_codes": [
              941000,
              1799000,
              2556000,
              3117000,
              4180000,
              5060000
            ],
            "timecode_duration": [],
            "length": 5769000,
            "asset_id": "vod48560-000089M001",
            "title": "",
            "subtitle": "第89集 北投鬼屋",
            "ep_number": 89,
            "rating": 3,
            "content_type": "show",
            "p_start": 1762361400000,
            "vod_channel_description": "《鬼話連篇》是臺灣靈異節目之一，其節目靈感來自《聊齋志異》，而節目名稱取自清代諷刺小說《何典》。最早是臺灣電視公司綜藝節目《玫瑰之夜》的個別單元，具有非常高的收視率，也是現在靈異節目的始祖，標語是「鬼魂飄搖在人間，話通陰陽兩界邊，連接三度空間情，篇篇彩霓化成仙」。"
          },
          {
            "content_id": "VOD00226985",
            "time_codes": [
              1426000,
              2013000,
              2650000,
              3229000,
              4566000,
              5014000
            ],
            "timecode_duration": [],
            "length": 5743000,
            "asset_id": "vod48560-000090M001",
            "title": "",
            "subtitle": "第90集 色鬼大酒店",
            "ep_number": 90,
            "rating": 3,
            "content_type": "show",
            "p_start": 1762367400000,
            "vod_channel_description": "《鬼話連篇》是臺灣靈異節目之一，其節目靈感來自《聊齋志異》，而節目名稱取自清代諷刺小說《何典》。最早是臺灣電視公司綜藝節目《玫瑰之夜》的個別單元，具有非常高的收視率，也是現在靈異節目的始祖，標語是「鬼魂飄搖在人間，話通陰陽兩界邊，連接三度空間情，篇篇彩霓化成仙」。"
          },
          {
            "content_id": "VOD00226986",
            "time_codes": [
              1441000,
              2251000,
              3151000,
              3671000,
              4669000,
              5151000
            ],
            "timecode_duration": [],
            "length": 5755000,
            "asset_id": "vod48560-000091M001",
            "title": "",
            "subtitle": "第91集 雙溪鬼屋",
            "ep_number": 91,
            "rating": 3,
            "content_type": "show",
            "p_start": 1762373400000,
            "vod_channel_description": "《鬼話連篇》是臺灣靈異節目之一，其節目靈感來自《聊齋志異》，而節目名稱取自清代諷刺小說《何典》。最早是臺灣電視公司綜藝節目《玫瑰之夜》的個別單元，具有非常高的收視率，也是現在靈異節目的始祖，標語是「鬼魂飄搖在人間，話通陰陽兩界邊，連接三度空間情，篇篇彩霓化成仙」。"
          },
          {
            "content_id": "VOD00226987",
            "time_codes": [
              611000,
              1571000,
              2800000,
              3599000,
              4389000,
              4949000
            ],
            "timecode_duration": [],
            "length": 5693000,
            "asset_id": "vod48560-000092M001",
            "title": "",
            "subtitle": "第92集 北投鬼屋",
            "ep_number": 92,
            "rating": 3,
            "content_type": "show",
            "p_start": 1762379400000,
            "vod_channel_description": "《鬼話連篇》是臺灣靈異節目之一，其節目靈感來自《聊齋志異》，而節目名稱取自清代諷刺小說《何典》。最早是臺灣電視公司綜藝節目《玫瑰之夜》的個別單元，具有非常高的收視率，也是現在靈異節目的始祖，標語是「鬼魂飄搖在人間，話通陰陽兩界邊，連接三度空間情，篇篇彩霓化成仙」。"
          },
          {
            "content_id": "VOD00226988",
            "time_codes": [
              1239000,
              1857000,
              2465000
            ],
            "timecode_duration": [],
            "length": 2889000,
            "asset_id": "vod48560-000093M001",
            "title": "",
            "subtitle": "第93集 小鬼孩子王",
            "ep_number": 93,
            "rating": 3,
            "content_type": "show",
            "p_start": 1762385400000,
            "vod_channel_description": "《鬼話連篇》是臺灣靈異節目之一，其節目靈感來自《聊齋志異》，而節目名稱取自清代諷刺小說《何典》。最早是臺灣電視公司綜藝節目《玫瑰之夜》的個別單元，具有非常高的收視率，也是現在靈異節目的始祖，標語是「鬼魂飄搖在人間，話通陰陽兩界邊，連接三度空間情，篇篇彩霓化成仙」。"
          },
          {
            "content_id": "VOD00226989",
            "time_codes": [
              1096000,
              1777000,
              2463000
            ],
            "timecode_duration": [],
            "length": 2869000,
            "asset_id": "vod48560-000094M001",
            "title": "",
            "subtitle": "第94集 靈異追追追特輯",
            "ep_number": 94,
            "rating": 3,
            "content_type": "show",
            "p_start": 1762388400000,
            "vod_channel_description": "《鬼話連篇》是臺灣靈異節目之一，其節目靈感來自《聊齋志異》，而節目名稱取自清代諷刺小說《何典》。最早是臺灣電視公司綜藝節目《玫瑰之夜》的個別單元，具有非常高的收視率，也是現在靈異節目的始祖，標語是「鬼魂飄搖在人間，話通陰陽兩界邊，連接三度空間情，篇篇彩霓化成仙」。"
          },
          {
            "content_id": "VOD00226990",
            "time_codes": [
              1036000,
              1924000,
              2471000
            ],
            "timecode_duration": [],
            "length": 2887000,
            "asset_id": "vod48560-000095M001",
            "title": "",
            "subtitle": "第95集 幽靈幼稚園",
            "ep_number": 95,
            "rating": 3,
            "content_type": "show",
            "p_start": 1762391400000,
            "vod_channel_description": "《鬼話連篇》是臺灣靈異節目之一，其節目靈感來自《聊齋志異》，而節目名稱取自清代諷刺小說《何典》。最早是臺灣電視公司綜藝節目《玫瑰之夜》的個別單元，具有非常高的收視率，也是現在靈異節目的始祖，標語是「鬼魂飄搖在人間，話通陰陽兩界邊，連接三度空間情，篇篇彩霓化成仙」。"
          },
          {
            "content_id": "VOD00226991",
            "time_codes": [
              1085000,
              1994000,
              2556000
            ],
            "timecode_duration": [],
            "length": 2880000,
            "asset_id": "vod48560-000096M001",
            "title": "",
            "subtitle": "第96集 清水紡織廠",
            "ep_number": 96,
            "rating": 3,
            "content_type": "show",
            "p_start": 1762394400000,
            "vod_channel_description": "《鬼話連篇》是臺灣靈異節目之一，其節目靈感來自《聊齋志異》，而節目名稱取自清代諷刺小說《何典》。最早是臺灣電視公司綜藝節目《玫瑰之夜》的個別單元，具有非常高的收視率，也是現在靈異節目的始祖，標語是「鬼魂飄搖在人間，話通陰陽兩界邊，連接三度空間情，篇篇彩霓化成仙」。"
          },
          {
            "content_id": "VOD00226992",
            "time_codes": [
              1140000,
              1734000,
              2441000
            ],
            "timecode_duration": [],
            "length": 2889000,
            "asset_id": "vod48560-000097M001",
            "title": "",
            "subtitle": "第97集 龜山八豆公",
            "ep_number": 97,
            "rating": 3,
            "content_type": "show",
            "p_start": 1762397400000,
            "vod_channel_description": "《鬼話連篇》是臺灣靈異節目之一，其節目靈感來自《聊齋志異》，而節目名稱取自清代諷刺小說《何典》。最早是臺灣電視公司綜藝節目《玫瑰之夜》的個別單元，具有非常高的收視率，也是現在靈異節目的始祖，標語是「鬼魂飄搖在人間，話通陰陽兩界邊，連接三度空間情，篇篇彩霓化成仙」。"
          },
          {
            "content_id": "VOD00226993",
            "time_codes": [
              1133000,
              1769000,
              2372000
            ],
            "timecode_duration": [],
            "length": 2884000,
            "asset_id": "vod48560-000098M001",
            "title": "",
            "subtitle": "第98集 紅花大酒店",
            "ep_number": 98,
            "rating": 3,
            "content_type": "show",
            "p_start": 1762400400000,
            "vod_channel_description": "《鬼話連篇》是臺灣靈異節目之一，其節目靈感來自《聊齋志異》，而節目名稱取自清代諷刺小說《何典》。最早是臺灣電視公司綜藝節目《玫瑰之夜》的個別單元，具有非常高的收視率，也是現在靈異節目的始祖，標語是「鬼魂飄搖在人間，話通陰陽兩界邊，連接三度空間情，篇篇彩霓化成仙」。"
          },
          {
            "content_id": "VOD00226994",
            "time_codes": [
              673000,
              1530000,
              2272000
            ],
            "timecode_duration": [],
            "length": 2884000,
            "asset_id": "vod48560-000099M001",
            "title": "",
            "subtitle": "第99集 幽靈撞球場",
            "ep_number": 99,
            "rating": 3,
            "content_type": "show",
            "p_start": 1762403400000,
            "vod_channel_description": "《鬼話連篇》是臺灣靈異節目之一，其節目靈感來自《聊齋志異》，而節目名稱取自清代諷刺小說《何典》。最早是臺灣電視公司綜藝節目《玫瑰之夜》的個別單元，具有非常高的收視率，也是現在靈異節目的始祖，標語是「鬼魂飄搖在人間，話通陰陽兩界邊，連接三度空間情，篇篇彩霓化成仙」。"
          },
          {
            "content_id": "VOD00226995",
            "time_codes": [
              1121000,
              1634000,
              2207000
            ],
            "timecode_duration": [],
            "length": 2864000,
            "asset_id": "vod48560-000100M001",
            "title": "",
            "subtitle": "第100集 鬼話連篇特輯",
            "ep_number": 100,
            "rating": 3,
            "content_type": "show",
            "p_start": 1762406400000,
            "vod_channel_description": "《鬼話連篇》是臺灣靈異節目之一，其節目靈感來自《聊齋志異》，而節目名稱取自清代諷刺小說《何典》。最早是臺灣電視公司綜藝節目《玫瑰之夜》的個別單元，具有非常高的收視率，也是現在靈異節目的始祖，標語是「鬼魂飄搖在人間，話通陰陽兩界邊，連接三度空間情，篇篇彩霓化成仙」。"
          },
          {
            "content_id": "VOD00233065",
            "time_codes": [
              1172000,
              1860000,
              2430000
            ],
            "timecode_duration": [],
            "length": 2848000,
            "asset_id": "vod48560-000101M001",
            "title": "",
            "subtitle": "第101集 身驚百戰",
            "ep_number": 101,
            "rating": 3,
            "content_type": "show",
            "p_start": 1762409400000,
            "vod_channel_description": "《鬼話連篇》是臺灣靈異節目之一，其節目靈感來自《聊齋志異》，而節目名稱取自清代諷刺小說《何典》。最早是臺灣電視公司綜藝節目《玫瑰之夜》的個別單元，具有非常高的收視率，也是現在靈異節目的始祖，標語是「鬼魂飄搖在人間，話通陰陽兩界邊，連接三度空間情，篇篇彩霓化成仙」。"
          },
          {
            "content_id": "VOD00233066",
            "time_codes": [
              1074000,
              1894000,
              2434000
            ],
            "timecode_duration": [],
            "length": 2584000,
            "asset_id": "vod48560-000102M001",
            "title": "",
            "subtitle": "第102集 黑幫輓歌",
            "ep_number": 102,
            "rating": 3,
            "content_type": "show",
            "p_start": 1762412400000,
            "vod_channel_description": "《鬼話連篇》是臺灣靈異節目之一，其節目靈感來自《聊齋志異》，而節目名稱取自清代諷刺小說《何典》。最早是臺灣電視公司綜藝節目《玫瑰之夜》的個別單元，具有非常高的收視率，也是現在靈異節目的始祖，標語是「鬼魂飄搖在人間，話通陰陽兩界邊，連接三度空間情，篇篇彩霓化成仙」。"
          },
          {
            "content_id": "VOD00233067",
            "time_codes": [
              922000,
              1579000,
              2330000
            ],
            "timecode_duration": [],
            "length": 2884000,
            "asset_id": "vod48560-000103M001",
            "title": "",
            "subtitle": "第103集 猛鬼礦坑",
            "ep_number": 103,
            "rating": 3,
            "content_type": "show",
            "p_start": 1762415100000,
            "vod_channel_description": "《鬼話連篇》是臺灣靈異節目之一，其節目靈感來自《聊齋志異》，而節目名稱取自清代諷刺小說《何典》。最早是臺灣電視公司綜藝節目《玫瑰之夜》的個別單元，具有非常高的收視率，也是現在靈異節目的始祖，標語是「鬼魂飄搖在人間，話通陰陽兩界邊，連接三度空間情，篇篇彩霓化成仙」。"
          },
          {
            "content_id": "VOD00233068",
            "time_codes": [
              1158000,
              1812000,
              2421000
            ],
            "timecode_duration": [],
            "length": 2833000,
            "asset_id": "vod48560-000104M001",
            "title": "",
            "subtitle": "第104集 眷村冤靈",
            "ep_number": 104,
            "rating": 3,
            "content_type": "show",
            "p_start": 1762418100000,
            "vod_channel_description": "《鬼話連篇》是臺灣靈異節目之一，其節目靈感來自《聊齋志異》，而節目名稱取自清代諷刺小說《何典》。最早是臺灣電視公司綜藝節目《玫瑰之夜》的個別單元，具有非常高的收視率，也是現在靈異節目的始祖，標語是「鬼魂飄搖在人間，話通陰陽兩界邊，連接三度空間情，篇篇彩霓化成仙」。"
          },
          {
            "content_id": "VOD00233069",
            "time_codes": [
              738000,
              1878000,
              2286000
            ],
            "timecode_duration": [],
            "length": 2889000,
            "asset_id": "vod48560-000105M001",
            "title": "",
            "subtitle": "第105集 小鬼當家",
            "ep_number": 105,
            "rating": 3,
            "content_type": "show",
            "p_start": 1762421100000,
            "vod_channel_description": "《鬼話連篇》是臺灣靈異節目之一，其節目靈感來自《聊齋志異》，而節目名稱取自清代諷刺小說《何典》。最早是臺灣電視公司綜藝節目《玫瑰之夜》的個別單元，具有非常高的收視率，也是現在靈異節目的始祖，標語是「鬼魂飄搖在人間，話通陰陽兩界邊，連接三度空間情，篇篇彩霓化成仙」。"
          },
          {
            "content_id": "VOD00233070",
            "time_codes": [
              669000,
              1764000,
              2336000
            ],
            "timecode_duration": [],
            "length": 2850000,
            "asset_id": "vod48560-000106M001",
            "title": "",
            "subtitle": "第106集 嬰靈索命",
            "ep_number": 106,
            "rating": 3,
            "content_type": "show",
            "p_start": 1762424100000,
            "vod_channel_description": "《鬼話連篇》是臺灣靈異節目之一，其節目靈感來自《聊齋志異》，而節目名稱取自清代諷刺小說《何典》。最早是臺灣電視公司綜藝節目《玫瑰之夜》的個別單元，具有非常高的收視率，也是現在靈異節目的始祖，標語是「鬼魂飄搖在人間，話通陰陽兩界邊，連接三度空間情，篇篇彩霓化成仙」。"
          },
          {
            "content_id": "VOD00233071",
            "time_codes": [
              905000,
              1957000,
              2395000
            ],
            "timecode_duration": [],
            "length": 2853000,
            "asset_id": "vod48560-000107M001",
            "title": "",
            "subtitle": "第107集 日本大佐鬼宅",
            "ep_number": 107,
            "rating": 3,
            "content_type": "show",
            "p_start": 1762427100000,
            "vod_channel_description": "《鬼話連篇》是臺灣靈異節目之一，其節目靈感來自《聊齋志異》，而節目名稱取自清代諷刺小說《何典》。最早是臺灣電視公司綜藝節目《玫瑰之夜》的個別單元，具有非常高的收視率，也是現在靈異節目的始祖，標語是「鬼魂飄搖在人間，話通陰陽兩界邊，連接三度空間情，篇篇彩霓化成仙」。"
          },
          {
            "content_id": "VOD00233072",
            "time_codes": [
              806000,
              1511000,
              2345000
            ],
            "timecode_duration": [],
            "length": 2872000,
            "asset_id": "vod48560-000108M001",
            "title": "",
            "subtitle": "第108集 捉交替",
            "ep_number": 108,
            "rating": 3,
            "content_type": "show",
            "p_start": 1762430100000,
            "vod_channel_description": "《鬼話連篇》是臺灣靈異節目之一，其節目靈感來自《聊齋志異》，而節目名稱取自清代諷刺小說《何典》。最早是臺灣電視公司綜藝節目《玫瑰之夜》的個別單元，具有非常高的收視率，也是現在靈異節目的始祖，標語是「鬼魂飄搖在人間，話通陰陽兩界邊，連接三度空間情，篇篇彩霓化成仙」。"
          },
          {
            "content_id": "VOD00233073",
            "time_codes": [
              784000,
              1682000,
              2502000
            ],
            "timecode_duration": [],
            "length": 2890000,
            "asset_id": "vod48560-000109M001",
            "title": "",
            "subtitle": "第109集 眷村冤魂",
            "ep_number": 109,
            "rating": 3,
            "content_type": "show",
            "p_start": 1762433100000,
            "vod_channel_description": "《鬼話連篇》是臺灣靈異節目之一，其節目靈感來自《聊齋志異》，而節目名稱取自清代諷刺小說《何典》。最早是臺灣電視公司綜藝節目《玫瑰之夜》的個別單元，具有非常高的收視率，也是現在靈異節目的始祖，標語是「鬼魂飄搖在人間，話通陰陽兩界邊，連接三度空間情，篇篇彩霓化成仙」。"
          },
          {
            "content_id": "VOD00233074",
            "time_codes": [
              1022000,
              1874000,
              2471000
            ],
            "timecode_duration": [],
            "length": 2890000,
            "asset_id": "vod48560-000110M001",
            "title": "",
            "subtitle": "第110集 鬼魅變電廠",
            "ep_number": 110,
            "rating": 3,
            "content_type": "show",
            "p_start": 1762436100000,
            "vod_channel_description": "《鬼話連篇》是臺灣靈異節目之一，其節目靈感來自《聊齋志異》，而節目名稱取自清代諷刺小說《何典》。最早是臺灣電視公司綜藝節目《玫瑰之夜》的個別單元，具有非常高的收視率，也是現在靈異節目的始祖，標語是「鬼魂飄搖在人間，話通陰陽兩界邊，連接三度空間情，篇篇彩霓化成仙」。"
          },
          {
            "content_id": "VOD00233075",
            "time_codes": [
              826000,
              1591000,
              2473000
            ],
            "timecode_duration": [],
            "length": 2900000,
            "asset_id": "vod48560-000111M001",
            "title": "",
            "subtitle": "第111集 血雨腥風",
            "ep_number": 111,
            "rating": 3,
            "content_type": "show",
            "p_start": 1762439100000,
            "vod_channel_description": "《鬼話連篇》是臺灣靈異節目之一，其節目靈感來自《聊齋志異》，而節目名稱取自清代諷刺小說《何典》。最早是臺灣電視公司綜藝節目《玫瑰之夜》的個別單元，具有非常高的收視率，也是現在靈異節目的始祖，標語是「鬼魂飄搖在人間，話通陰陽兩界邊，連接三度空間情，篇篇彩霓化成仙」。"
          },
          {
            "content_id": "VOD00233076",
            "time_codes": [
              947000,
              1981000,
              2441000
            ],
            "timecode_duration": [],
            "length": 2894000,
            "asset_id": "vod48560-000112M001",
            "title": "",
            "subtitle": "第112集 陰魂別墅",
            "ep_number": 112,
            "rating": 3,
            "content_type": "show",
            "p_start": 1762442100000,
            "vod_channel_description": "《鬼話連篇》是臺灣靈異節目之一，其節目靈感來自《聊齋志異》，而節目名稱取自清代諷刺小說《何典》。最早是臺灣電視公司綜藝節目《玫瑰之夜》的個別單元，具有非常高的收視率，也是現在靈異節目的始祖，標語是「鬼魂飄搖在人間，話通陰陽兩界邊，連接三度空間情，篇篇彩霓化成仙」。"
          },
          {
            "content_id": "VOD00233077",
            "time_codes": [
              828000,
              1456000,
              2395000
            ],
            "timecode_duration": [],
            "length": 2884000,
            "asset_id": "vod48560-000113M001",
            "title": "",
            "subtitle": "第113集 喋血惡靈",
            "ep_number": 113,
            "rating": 3,
            "content_type": "show",
            "p_start": 1762445100000,
            "vod_channel_description": "《鬼話連篇》是臺灣靈異節目之一，其節目靈感來自《聊齋志異》，而節目名稱取自清代諷刺小說《何典》。最早是臺灣電視公司綜藝節目《玫瑰之夜》的個別單元，具有非常高的收視率，也是現在靈異節目的始祖，標語是「鬼魂飄搖在人間，話通陰陽兩界邊，連接三度空間情，篇篇彩霓化成仙」。"
          },
          {
            "content_id": "VOD00233078",
            "time_codes": [
              686000,
              1499000,
              2329000
            ],
            "timecode_duration": [],
            "length": 2884000,
            "asset_id": "vod48560-000114M001",
            "title": "",
            "subtitle": "第114集 紅花大酒店",
            "ep_number": 114,
            "rating": 3,
            "content_type": "show",
            "p_start": 1762448100000,
            "vod_channel_description": "《鬼話連篇》是臺灣靈異節目之一，其節目靈感來自《聊齋志異》，而節目名稱取自清代諷刺小說《何典》。最早是臺灣電視公司綜藝節目《玫瑰之夜》的個別單元，具有非常高的收視率，也是現在靈異節目的始祖，標語是「鬼魂飄搖在人間，話通陰陽兩界邊，連接三度空間情，篇篇彩霓化成仙」。"
          },
          {
            "content_id": "VOD00233079",
            "time_codes": [
              796000,
              1618000,
              2359000
            ],
            "timecode_duration": [],
            "length": 2909000,
            "asset_id": "vod48560-000115M001",
            "title": "",
            "subtitle": "第115集 廢棄猛鬼樂園",
            "ep_number": 115,
            "rating": 3,
            "content_type": "show",
            "p_start": 1762451100000,
            "vod_channel_description": "《鬼話連篇》是臺灣靈異節目之一，其節目靈感來自《聊齋志異》，而節目名稱取自清代諷刺小說《何典》。最早是臺灣電視公司綜藝節目《玫瑰之夜》的個別單元，具有非常高的收視率，也是現在靈異節目的始祖，標語是「鬼魂飄搖在人間，話通陰陽兩界邊，連接三度空間情，篇篇彩霓化成仙」。"
          },
          {
            "content_id": "VOD00233080",
            "time_codes": [
              695000,
              1495000,
              2101000
            ],
            "timecode_duration": [],
            "length": 2894000,
            "asset_id": "vod48560-000116M001",
            "title": "",
            "subtitle": "第116集 斷魂成衣廠",
            "ep_number": 116,
            "rating": 3,
            "content_type": "show",
            "p_start": 1762454100000,
            "vod_channel_description": "《鬼話連篇》是臺灣靈異節目之一，其節目靈感來自《聊齋志異》，而節目名稱取自清代諷刺小說《何典》。最早是臺灣電視公司綜藝節目《玫瑰之夜》的個別單元，具有非常高的收視率，也是現在靈異節目的始祖，標語是「鬼魂飄搖在人間，話通陰陽兩界邊，連接三度空間情，篇篇彩霓化成仙」。"
          },
          {
            "content_id": "VOD00233081",
            "time_codes": [
              691000,
              1384000,
              2420000
            ],
            "timecode_duration": [],
            "length": 2888000,
            "asset_id": "vod48560-000117M001",
            "title": "",
            "subtitle": "第117集 斷魂成衣廠",
            "ep_number": 117,
            "rating": 3,
            "content_type": "show",
            "p_start": 1762457100000,
            "vod_channel_description": "《鬼話連篇》是臺灣靈異節目之一，其節目靈感來自《聊齋志異》，而節目名稱取自清代諷刺小說《何典》。最早是臺灣電視公司綜藝節目《玫瑰之夜》的個別單元，具有非常高的收視率，也是現在靈異節目的始祖，標語是「鬼魂飄搖在人間，話通陰陽兩界邊，連接三度空間情，篇篇彩霓化成仙」。"
          },
          {
            "content_id": "VOD00233082",
            "time_codes": [
              879000,
              1689000,
              2472000
            ],
            "timecode_duration": [],
            "length": 2894000,
            "asset_id": "vod48560-000118M001",
            "title": "",
            "subtitle": "第118集 校園魅影",
            "ep_number": 118,
            "rating": 3,
            "content_type": "show",
            "p_start": 1762460100000,
            "vod_channel_description": "《鬼話連篇》是臺灣靈異節目之一，其節目靈感來自《聊齋志異》，而節目名稱取自清代諷刺小說《何典》。最早是臺灣電視公司綜藝節目《玫瑰之夜》的個別單元，具有非常高的收視率，也是現在靈異節目的始祖，標語是「鬼魂飄搖在人間，話通陰陽兩界邊，連接三度空間情，篇篇彩霓化成仙」。"
          }
        ],
        "total_length": 289506000,
        "focus_index": 13,
        "next_index": 14,
        "time": 719605,
        "focus_program": {
          "content_id": "VOD00222993",
          "time_codes": [
            975000,
            1519000,
            2223000,
            3156000,
            4345000,
            5207000
          ],
          "timecode_duration": [],
          "length": 5787000,
          "asset_id": "vod48560-000069M001",
          "title": "",
          "subtitle": "第69集 香港撞鬼團",
          "ep_number": 69,
          "rating": 3,
          "content_type": "show",
          "p_start": 1762239600000,
          "vod_channel_description": "《鬼話連篇》是臺灣靈異節目之一，其節目靈感來自《聊齋志異》，而節目名稱取自清代諷刺小說《何典》。最早是臺灣電視公司綜藝節目《玫瑰之夜》的個別單元，具有非常高的收視率，也是現在靈異節目的始祖，標語是「鬼魂飄搖在人間，話通陰陽兩界邊，連接三度空間情，篇篇彩霓化成仙」。"
        }
      },
      "station_categories": [
        {
          "Name": "綜藝",
          "EngName": "Entertainment",
          "MenuOrder": 8
        }
      ]
    },
    "introduction": {
      "image": "https://p-cdnstatic.svc.litv.tv/pics/vod_channel/logo_3357_ofiii127_mobile_20240531.png",
      "description": "本土天王吳宗憲與女兒吳姍儒（Sandy）搭檔主持，每集邀請來賓暢談演藝圈大小事，父女檔聯手笑果十足，老梗搭上新世代，最新組合強勢登場！",
      "href_maps": []
    },
    "recommends": [],
    "ua": "Mozilla/5.0 (Windows NT 10.0; Win64; x64) AppleWebKit/537.36 (KHTML, like Gecko) Chrome/91.0.4472.124 Safari/537.36"
  },
  "__N_SSP": true
}