{
  "pageProps": {
    "contentId": "ofiii113",
    "channel": {
      "title": "步步驚心",
      "no": 113,
      "charge_mode": "F",
      "content_id": "ofiii113",
      "content_type": "vod-channel",
      "epg_categories": [
        4
      ],
      "genres": [
        {
          "id": "",
          "name": "VOD_CHANNEL",
          "logo": ""
        }
      ],
      "liad_id": "VODCHNEWOFIWEB",
      "package_info_id": "VOD_CHANNEL_DELUX",
      "picture": "pics/vod_channel/logo_3443_ofiii113_tv_20250221.png",
      "provider": [
        {
          "id": "",
          "name": "龍華",
          "logo": ""
        }
      ],
      "quality": "HD",
      "station_id": "station6377",
      "trial": "",
      "selectable": 1,
      "tr_logo": "pics/vod_channel/tr_logo_1725594356.png",
      "tl_logo": "",
      "br_logo": "",
      "bl_logo": "",
      "menu_type": 1,
      "vod_channel_schedule": {
        "channel_id": 113,
        "cdn_code": "ofiii113",
        "start_time": 1762185455000,
        "programs": [
          {
            "content_id": "VOD00025538",
            "time_codes": [
              674000,
              1377000,
              1936000,
              2534000
            ],
            "timecode_duration": [],
            "length": 2937000,
            "asset_id": "vod9061-000001M001",
            "title": "",
            "subtitle": "第1集",
            "ep_number": 1,
            "rating": 1,
            "content_type": "drama",
            "p_start": 1740066900000,
            "vod_channel_description": "陸劇《步步驚心》線上看。張曉（劉詩詩）是一位熟知清代歷史的現代社會白領，她卻一腳踏入穿越時空的隧道，變身為16歲的清朝宮廷少女若曦。在這風雲詭變的宮廷中，除了被捲入九子奪嫡的暗戰，自己與胤禛（吳奇隆）的感情也夾雜在宮廷鬥爭中備受煎熬…"
          },
          {
            "content_id": "VOD00025539",
            "time_codes": [
              770000,
              1305000,
              1928000,
              2414000
            ],
            "timecode_duration": [],
            "length": 2942000,
            "asset_id": "vod9061-000002M001",
            "title": "",
            "subtitle": "第2集",
            "ep_number": 2,
            "rating": 1,
            "content_type": "drama",
            "p_start": 1740069900000,
            "vod_channel_description": "張曉（劉詩詩）是一位熟知清代歷史的現代社會白領，她卻一腳踏入穿越時空的隧道，變身為16歲的清朝宮廷少女若曦。在這風雲詭變的宮廷中，除了被捲入九子奪嫡的暗戰，自己與胤禛（吳奇隆）的感情也夾雜在宮廷鬥爭中備受煎熬…"
          },
          {
            "content_id": "VOD00025540",
            "time_codes": [
              722000,
              1336000,
              1954000,
              2449000
            ],
            "timecode_duration": [],
            "length": 2947000,
            "asset_id": "vod9061-000003M001",
            "title": "",
            "subtitle": "第3集",
            "ep_number": 3,
            "rating": 1,
            "content_type": "drama",
            "p_start": 1740073200000,
            "vod_channel_description": "張曉（劉詩詩）是一位熟知清代歷史的現代社會白領，她卻一腳踏入穿越時空的隧道，變身為16歲的清朝宮廷少女若曦。在這風雲詭變的宮廷中，除了被捲入九子奪嫡的暗戰，自己與胤禛（吳奇隆）的感情也夾雜在宮廷鬥爭中備受煎熬…"
          },
          {
            "content_id": "VOD00025541",
            "time_codes": [
              977000,
              1554000,
              2000000,
              2430000
            ],
            "timecode_duration": [],
            "length": 2938000,
            "asset_id": "vod9061-000004M001",
            "title": "",
            "subtitle": "第4集",
            "ep_number": 4,
            "rating": 1,
            "content_type": "drama",
            "p_start": 1740076500000,
            "vod_channel_description": "張曉（劉詩詩）是一位熟知清代歷史的現代社會白領，她卻一腳踏入穿越時空的隧道，變身為16歲的清朝宮廷少女若曦。在這風雲詭變的宮廷中，除了被捲入九子奪嫡的暗戰，自己與胤禛（吳奇隆）的感情也夾雜在宮廷鬥爭中備受煎熬…"
          },
          {
            "content_id": "VOD00025542",
            "time_codes": [
              797000,
              1350000,
              1911000,
              2475000
            ],
            "timecode_duration": [],
            "length": 2932000,
            "asset_id": "vod9061-000005M001",
            "title": "",
            "subtitle": "第5集",
            "ep_number": 5,
            "rating": 1,
            "content_type": "drama",
            "p_start": 1740079500000,
            "vod_channel_description": "張曉（劉詩詩）是一位熟知清代歷史的現代社會白領，她卻一腳踏入穿越時空的隧道，變身為16歲的清朝宮廷少女若曦。在這風雲詭變的宮廷中，除了被捲入九子奪嫡的暗戰，自己與胤禛（吳奇隆）的感情也夾雜在宮廷鬥爭中備受煎熬…"
          },
          {
            "content_id": "VOD00025543",
            "time_codes": [
              856000,
              1366000,
              1936000,
              2480000
            ],
            "timecode_duration": [],
            "length": 2914000,
            "asset_id": "vod9061-000006M001",
            "title": "",
            "subtitle": "第6集",
            "ep_number": 6,
            "rating": 1,
            "content_type": "drama",
            "p_start": 1740082500000,
            "vod_channel_description": "張曉（劉詩詩）是一位熟知清代歷史的現代社會白領，她卻一腳踏入穿越時空的隧道，變身為16歲的清朝宮廷少女若曦。在這風雲詭變的宮廷中，除了被捲入九子奪嫡的暗戰，自己與胤禛（吳奇隆）的感情也夾雜在宮廷鬥爭中備受煎熬…"
          },
          {
            "content_id": "VOD00025544",
            "time_codes": [
              835000,
              1343000,
              1856000,
              2370000
            ],
            "timecode_duration": [],
            "length": 2911000,
            "asset_id": "vod9061-000007M001",
            "title": "",
            "subtitle": "第7集",
            "ep_number": 7,
            "rating": 1,
            "content_type": "drama",
            "p_start": 1740085500000,
            "vod_channel_description": "張曉（劉詩詩）是一位熟知清代歷史的現代社會白領，她卻一腳踏入穿越時空的隧道，變身為16歲的清朝宮廷少女若曦。在這風雲詭變的宮廷中，除了被捲入九子奪嫡的暗戰，自己與胤禛（吳奇隆）的感情也夾雜在宮廷鬥爭中備受煎熬…"
          },
          {
            "content_id": "VOD00025545",
            "time_codes": [
              898000,
              1484000,
              2146000,
              2546000
            ],
            "timecode_duration": [],
            "length": 2967000,
            "asset_id": "vod9061-000008M001",
            "title": "",
            "subtitle": "第8集",
            "ep_number": 8,
            "rating": 1,
            "content_type": "drama",
            "p_start": 1740088500000,
            "vod_channel_description": "張曉（劉詩詩）是一位熟知清代歷史的現代社會白領，她卻一腳踏入穿越時空的隧道，變身為16歲的清朝宮廷少女若曦。在這風雲詭變的宮廷中，除了被捲入九子奪嫡的暗戰，自己與胤禛（吳奇隆）的感情也夾雜在宮廷鬥爭中備受煎熬…"
          },
          {
            "content_id": "VOD00025546",
            "time_codes": [
              738000,
              1350000,
              1923000,
              2454000
            ],
            "timecode_duration": [],
            "length": 2960000,
            "asset_id": "vod9061-000009M001",
            "title": "",
            "subtitle": "第9集",
            "ep_number": 9,
            "rating": 1,
            "content_type": "drama",
            "p_start": 1740091800000,
            "vod_channel_description": "張曉（劉詩詩）是一位熟知清代歷史的現代社會白領，她卻一腳踏入穿越時空的隧道，變身為16歲的清朝宮廷少女若曦。在這風雲詭變的宮廷中，除了被捲入九子奪嫡的暗戰，自己與胤禛（吳奇隆）的感情也夾雜在宮廷鬥爭中備受煎熬…"
          },
          {
            "content_id": "VOD00025547",
            "time_codes": [
              808000,
              1517000,
              2119000,
              2518000
            ],
            "timecode_duration": [],
            "length": 2967000,
            "asset_id": "vod9061-000010M001",
            "title": "",
            "subtitle": "第10集",
            "ep_number": 10,
            "rating": 1,
            "content_type": "drama",
            "p_start": 1740095100000,
            "vod_channel_description": "張曉（劉詩詩）是一位熟知清代歷史的現代社會白領，她卻一腳踏入穿越時空的隧道，變身為16歲的清朝宮廷少女若曦。在這風雲詭變的宮廷中，除了被捲入九子奪嫡的暗戰，自己與胤禛（吳奇隆）的感情也夾雜在宮廷鬥爭中備受煎熬…"
          },
          {
            "content_id": "VOD00025548",
            "time_codes": [
              678000,
              1350000,
              1820000,
              2496000
            ],
            "timecode_duration": [],
            "length": 2935000,
            "asset_id": "vod9061-000011M001",
            "title": "",
            "subtitle": "第11集",
            "ep_number": 11,
            "rating": 1,
            "content_type": "drama",
            "p_start": 1740098400000,
            "vod_channel_description": "張曉（劉詩詩）是一位熟知清代歷史的現代社會白領，她卻一腳踏入穿越時空的隧道，變身為16歲的清朝宮廷少女若曦。在這風雲詭變的宮廷中，除了被捲入九子奪嫡的暗戰，自己與胤禛（吳奇隆）的感情也夾雜在宮廷鬥爭中備受煎熬…"
          },
          {
            "content_id": "VOD00025549",
            "time_codes": [
              783000,
              1336000,
              1885000,
              2365000
            ],
            "timecode_duration": [],
            "length": 2921000,
            "asset_id": "vod9061-000012M001",
            "title": "",
            "subtitle": "第12集",
            "ep_number": 12,
            "rating": 1,
            "content_type": "drama",
            "p_start": 1740101400000,
            "vod_channel_description": "張曉（劉詩詩）是一位熟知清代歷史的現代社會白領，她卻一腳踏入穿越時空的隧道，變身為16歲的清朝宮廷少女若曦。在這風雲詭變的宮廷中，除了被捲入九子奪嫡的暗戰，自己與胤禛（吳奇隆）的感情也夾雜在宮廷鬥爭中備受煎熬…"
          },
          {
            "content_id": "VOD00025550",
            "time_codes": [
              777000,
              1340000,
              1965000,
              2489000
            ],
            "timecode_duration": [],
            "length": 2959000,
            "asset_id": "vod9061-000013M001",
            "title": "",
            "subtitle": "第13集",
            "ep_number": 13,
            "rating": 1,
            "content_type": "drama",
            "p_start": 1740104400000,
            "vod_channel_description": "張曉（劉詩詩）是一位熟知清代歷史的現代社會白領，她卻一腳踏入穿越時空的隧道，變身為16歲的清朝宮廷少女若曦。在這風雲詭變的宮廷中，除了被捲入九子奪嫡的暗戰，自己與胤禛（吳奇隆）的感情也夾雜在宮廷鬥爭中備受煎熬…"
          },
          {
            "content_id": "VOD00025551",
            "time_codes": [
              792000,
              1280000,
              1961000,
              2428000
            ],
            "timecode_duration": [],
            "length": 2937000,
            "asset_id": "vod9061-000014M001",
            "title": "",
            "subtitle": "第14集",
            "ep_number": 14,
            "rating": 1,
            "content_type": "drama",
            "p_start": 1740107700000,
            "vod_channel_description": "張曉（劉詩詩）是一位熟知清代歷史的現代社會白領，她卻一腳踏入穿越時空的隧道，變身為16歲的清朝宮廷少女若曦。在這風雲詭變的宮廷中，除了被捲入九子奪嫡的暗戰，自己與胤禛（吳奇隆）的感情也夾雜在宮廷鬥爭中備受煎熬…"
          },
          {
            "content_id": "VOD00025552",
            "time_codes": [
              812000,
              1338000,
              2005000,
              2510000
            ],
            "timecode_duration": [],
            "length": 2924000,
            "asset_id": "vod9061-000015M001",
            "title": "",
            "subtitle": "第15集",
            "ep_number": 15,
            "rating": 1,
            "content_type": "drama",
            "p_start": 1740110700000,
            "vod_channel_description": "張曉（劉詩詩）是一位熟知清代歷史的現代社會白領，她卻一腳踏入穿越時空的隧道，變身為16歲的清朝宮廷少女若曦。在這風雲詭變的宮廷中，除了被捲入九子奪嫡的暗戰，自己與胤禛（吳奇隆）的感情也夾雜在宮廷鬥爭中備受煎熬…"
          },
          {
            "content_id": "VOD00025553",
            "time_codes": [
              753000,
              1327000,
              1863000,
              2485000
            ],
            "timecode_duration": [],
            "length": 2930000,
            "asset_id": "vod9061-000016M001",
            "title": "",
            "subtitle": "第16集",
            "ep_number": 16,
            "rating": 1,
            "content_type": "drama",
            "p_start": 1740113700000,
            "vod_channel_description": "張曉（劉詩詩）是一位熟知清代歷史的現代社會白領，她卻一腳踏入穿越時空的隧道，變身為16歲的清朝宮廷少女若曦。在這風雲詭變的宮廷中，除了被捲入九子奪嫡的暗戰，自己與胤禛（吳奇隆）的感情也夾雜在宮廷鬥爭中備受煎熬…"
          },
          {
            "content_id": "VOD00025554",
            "time_codes": [
              838000,
              1326000,
              1882000,
              2514000
            ],
            "timecode_duration": [],
            "length": 2930000,
            "asset_id": "vod9061-000017M001",
            "title": "",
            "subtitle": "第17集",
            "ep_number": 17,
            "rating": 1,
            "content_type": "drama",
            "p_start": 1740116700000,
            "vod_channel_description": "張曉（劉詩詩）是一位熟知清代歷史的現代社會白領，她卻一腳踏入穿越時空的隧道，變身為16歲的清朝宮廷少女若曦。在這風雲詭變的宮廷中，除了被捲入九子奪嫡的暗戰，自己與胤禛（吳奇隆）的感情也夾雜在宮廷鬥爭中備受煎熬…"
          },
          {
            "content_id": "VOD00025555",
            "time_codes": [
              881000,
              1353000,
              1792000,
              2337000
            ],
            "timecode_duration": [],
            "length": 2920000,
            "asset_id": "vod9061-000018M001",
            "title": "",
            "subtitle": "第18集",
            "ep_number": 18,
            "rating": 1,
            "content_type": "drama",
            "p_start": 1740119700000,
            "vod_channel_description": "張曉（劉詩詩）是一位熟知清代歷史的現代社會白領，她卻一腳踏入穿越時空的隧道，變身為16歲的清朝宮廷少女若曦。在這風雲詭變的宮廷中，除了被捲入九子奪嫡的暗戰，自己與胤禛（吳奇隆）的感情也夾雜在宮廷鬥爭中備受煎熬…"
          },
          {
            "content_id": "VOD00025556",
            "time_codes": [
              680000,
              1260000,
              1874000,
              2384000
            ],
            "timecode_duration": [],
            "length": 2928000,
            "asset_id": "vod9061-000019M001",
            "title": "",
            "subtitle": "第19集",
            "ep_number": 19,
            "rating": 1,
            "content_type": "drama",
            "p_start": 1740122700000,
            "vod_channel_description": "張曉（劉詩詩）是一位熟知清代歷史的現代社會白領，她卻一腳踏入穿越時空的隧道，變身為16歲的清朝宮廷少女若曦。在這風雲詭變的宮廷中，除了被捲入九子奪嫡的暗戰，自己與胤禛（吳奇隆）的感情也夾雜在宮廷鬥爭中備受煎熬…"
          },
          {
            "content_id": "VOD00025557",
            "time_codes": [
              890000,
              1267000,
              1794000,
              2191000
            ],
            "timecode_duration": [],
            "length": 2937000,
            "asset_id": "vod9061-000020M001",
            "title": "",
            "subtitle": "第20集",
            "ep_number": 20,
            "rating": 1,
            "content_type": "drama",
            "p_start": 1740125700000,
            "vod_channel_description": "張曉（劉詩詩）是一位熟知清代歷史的現代社會白領，她卻一腳踏入穿越時空的隧道，變身為16歲的清朝宮廷少女若曦。在這風雲詭變的宮廷中，除了被捲入九子奪嫡的暗戰，自己與胤禛（吳奇隆）的感情也夾雜在宮廷鬥爭中備受煎熬…"
          },
          {
            "content_id": "VOD00025558",
            "time_codes": [
              858000,
              1302000,
              1840000,
              2390000
            ],
            "timecode_duration": [],
            "length": 2964000,
            "asset_id": "vod9061-000021M001",
            "title": "",
            "subtitle": "第21集",
            "ep_number": 21,
            "rating": 1,
            "content_type": "drama",
            "p_start": 1740128700000,
            "vod_channel_description": "張曉（劉詩詩）是一位熟知清代歷史的現代社會白領，她卻一腳踏入穿越時空的隧道，變身為16歲的清朝宮廷少女若曦。在這風雲詭變的宮廷中，除了被捲入九子奪嫡的暗戰，自己與胤禛（吳奇隆）的感情也夾雜在宮廷鬥爭中備受煎熬…"
          },
          {
            "content_id": "VOD00025559",
            "time_codes": [
              670000,
              1220000,
              1804000,
              2449000
            ],
            "timecode_duration": [],
            "length": 2918000,
            "asset_id": "vod9061-000022M001",
            "title": "",
            "subtitle": "第22集",
            "ep_number": 22,
            "rating": 1,
            "content_type": "drama",
            "p_start": 1740132000000,
            "vod_channel_description": "張曉（劉詩詩）是一位熟知清代歷史的現代社會白領，她卻一腳踏入穿越時空的隧道，變身為16歲的清朝宮廷少女若曦。在這風雲詭變的宮廷中，除了被捲入九子奪嫡的暗戰，自己與胤禛（吳奇隆）的感情也夾雜在宮廷鬥爭中備受煎熬…"
          },
          {
            "content_id": "VOD00025560",
            "time_codes": [
              757000,
              1290000,
              1944000,
              2646000
            ],
            "timecode_duration": [],
            "length": 2956000,
            "asset_id": "vod9061-000023M001",
            "title": "",
            "subtitle": "第23集",
            "ep_number": 23,
            "rating": 1,
            "content_type": "drama",
            "p_start": 1740135000000,
            "vod_channel_description": "張曉（劉詩詩）是一位熟知清代歷史的現代社會白領，她卻一腳踏入穿越時空的隧道，變身為16歲的清朝宮廷少女若曦。在這風雲詭變的宮廷中，除了被捲入九子奪嫡的暗戰，自己與胤禛（吳奇隆）的感情也夾雜在宮廷鬥爭中備受煎熬…"
          },
          {
            "content_id": "VOD00025561",
            "time_codes": [
              743000,
              1241000,
              1881000,
              2435000
            ],
            "timecode_duration": [],
            "length": 2920000,
            "asset_id": "vod9061-000024M001",
            "title": "",
            "subtitle": "第24集",
            "ep_number": 24,
            "rating": 1,
            "content_type": "drama",
            "p_start": 1740138300000,
            "vod_channel_description": "張曉（劉詩詩）是一位熟知清代歷史的現代社會白領，她卻一腳踏入穿越時空的隧道，變身為16歲的清朝宮廷少女若曦。在這風雲詭變的宮廷中，除了被捲入九子奪嫡的暗戰，自己與胤禛（吳奇隆）的感情也夾雜在宮廷鬥爭中備受煎熬…"
          },
          {
            "content_id": "VOD00025562",
            "time_codes": [
              781000,
              1458000,
              1804000,
              2461000
            ],
            "timecode_duration": [],
            "length": 2940000,
            "asset_id": "vod9061-000025M001",
            "title": "",
            "subtitle": "第25集",
            "ep_number": 25,
            "rating": 1,
            "content_type": "drama",
            "p_start": 1740141300000,
            "vod_channel_description": "張曉（劉詩詩）是一位熟知清代歷史的現代社會白領，她卻一腳踏入穿越時空的隧道，變身為16歲的清朝宮廷少女若曦。在這風雲詭變的宮廷中，除了被捲入九子奪嫡的暗戰，自己與胤禛（吳奇隆）的感情也夾雜在宮廷鬥爭中備受煎熬…"
          },
          {
            "content_id": "VOD00025563",
            "time_codes": [
              731000,
              1203000,
              2048000,
              2411000
            ],
            "timecode_duration": [],
            "length": 2944000,
            "asset_id": "vod9061-000026M001",
            "title": "",
            "subtitle": "第26集",
            "ep_number": 26,
            "rating": 1,
            "content_type": "drama",
            "p_start": 1740144300000,
            "vod_channel_description": "張曉（劉詩詩）是一位熟知清代歷史的現代社會白領，她卻一腳踏入穿越時空的隧道，變身為16歲的清朝宮廷少女若曦。在這風雲詭變的宮廷中，除了被捲入九子奪嫡的暗戰，自己與胤禛（吳奇隆）的感情也夾雜在宮廷鬥爭中備受煎熬…"
          },
          {
            "content_id": "VOD00025564",
            "time_codes": [
              611000,
              1236000,
              1871000,
              2423000
            ],
            "timecode_duration": [],
            "length": 2956000,
            "asset_id": "vod9061-000027M001",
            "title": "",
            "subtitle": "第27集",
            "ep_number": 27,
            "rating": 1,
            "content_type": "drama",
            "p_start": 1740147600000,
            "vod_channel_description": "張曉（劉詩詩）是一位熟知清代歷史的現代社會白領，她卻一腳踏入穿越時空的隧道，變身為16歲的清朝宮廷少女若曦。在這風雲詭變的宮廷中，除了被捲入九子奪嫡的暗戰，自己與胤禛（吳奇隆）的感情也夾雜在宮廷鬥爭中備受煎熬…"
          },
          {
            "content_id": "VOD00025565",
            "time_codes": [
              843000,
              1633000,
              2031000,
              2485000
            ],
            "timecode_duration": [],
            "length": 2910000,
            "asset_id": "vod9061-000028M001",
            "title": "",
            "subtitle": "第28集",
            "ep_number": 28,
            "rating": 1,
            "content_type": "drama",
            "p_start": 1740150900000,
            "vod_channel_description": "張曉（劉詩詩）是一位熟知清代歷史的現代社會白領，她卻一腳踏入穿越時空的隧道，變身為16歲的清朝宮廷少女若曦。在這風雲詭變的宮廷中，除了被捲入九子奪嫡的暗戰，自己與胤禛（吳奇隆）的感情也夾雜在宮廷鬥爭中備受煎熬…"
          },
          {
            "content_id": "VOD00025566",
            "time_codes": [
              743000,
              1336000,
              1875000,
              2555000
            ],
            "timecode_duration": [],
            "length": 2959000,
            "asset_id": "vod9061-000029M001",
            "title": "",
            "subtitle": "第29集",
            "ep_number": 29,
            "rating": 1,
            "content_type": "drama",
            "p_start": 1740153900000,
            "vod_channel_description": "張曉（劉詩詩）是一位熟知清代歷史的現代社會白領，她卻一腳踏入穿越時空的隧道，變身為16歲的清朝宮廷少女若曦。在這風雲詭變的宮廷中，除了被捲入九子奪嫡的暗戰，自己與胤禛（吳奇隆）的感情也夾雜在宮廷鬥爭中備受煎熬…"
          },
          {
            "content_id": "VOD00025567",
            "time_codes": [
              759000,
              1272000,
              1884000,
              2248000
            ],
            "timecode_duration": [],
            "length": 2934000,
            "asset_id": "vod9061-000030M001",
            "title": "",
            "subtitle": "第30集",
            "ep_number": 30,
            "rating": 1,
            "content_type": "drama",
            "p_start": 1740157200000,
            "vod_channel_description": "張曉（劉詩詩）是一位熟知清代歷史的現代社會白領，她卻一腳踏入穿越時空的隧道，變身為16歲的清朝宮廷少女若曦。在這風雲詭變的宮廷中，除了被捲入九子奪嫡的暗戰，自己與胤禛（吳奇隆）的感情也夾雜在宮廷鬥爭中備受煎熬…"
          },
          {
            "content_id": "VOD00025568",
            "time_codes": [
              978000,
              1582000,
              2003000,
              2580000
            ],
            "timecode_duration": [],
            "length": 2954000,
            "asset_id": "vod9061-000031M001",
            "title": "",
            "subtitle": "第31集",
            "ep_number": 31,
            "rating": 1,
            "content_type": "drama",
            "p_start": 1740160200000,
            "vod_channel_description": "張曉（劉詩詩）是一位熟知清代歷史的現代社會白領，她卻一腳踏入穿越時空的隧道，變身為16歲的清朝宮廷少女若曦。在這風雲詭變的宮廷中，除了被捲入九子奪嫡的暗戰，自己與胤禛（吳奇隆）的感情也夾雜在宮廷鬥爭中備受煎熬…"
          },
          {
            "content_id": "VOD00025569",
            "time_codes": [
              843000,
              1426000,
              2046000,
              2373000
            ],
            "timecode_duration": [],
            "length": 2948000,
            "asset_id": "vod9061-000032M001",
            "title": "",
            "subtitle": "第32集",
            "ep_number": 32,
            "rating": 1,
            "content_type": "drama",
            "p_start": 1740163500000,
            "vod_channel_description": "張曉（劉詩詩）是一位熟知清代歷史的現代社會白領，她卻一腳踏入穿越時空的隧道，變身為16歲的清朝宮廷少女若曦。在這風雲詭變的宮廷中，除了被捲入九子奪嫡的暗戰，自己與胤禛（吳奇隆）的感情也夾雜在宮廷鬥爭中備受煎熬…"
          },
          {
            "content_id": "VOD00025570",
            "time_codes": [
              725000,
              1276000,
              2091000,
              2425000
            ],
            "timecode_duration": [],
            "length": 2946000,
            "asset_id": "vod9061-000033M001",
            "title": "",
            "subtitle": "第33集",
            "ep_number": 33,
            "rating": 1,
            "content_type": "drama",
            "p_start": 1740166800000,
            "vod_channel_description": "張曉（劉詩詩）是一位熟知清代歷史的現代社會白領，她卻一腳踏入穿越時空的隧道，變身為16歲的清朝宮廷少女若曦。在這風雲詭變的宮廷中，除了被捲入九子奪嫡的暗戰，自己與胤禛（吳奇隆）的感情也夾雜在宮廷鬥爭中備受煎熬…"
          },
          {
            "content_id": "VOD00025571",
            "time_codes": [
              728000,
              1305000,
              1765000,
              2349000
            ],
            "timecode_duration": [],
            "length": 2915000,
            "asset_id": "vod9061-000034M001",
            "title": "",
            "subtitle": "第34集",
            "ep_number": 34,
            "rating": 1,
            "content_type": "drama",
            "p_start": 1740170100000,
            "vod_channel_description": "張曉（劉詩詩）是一位熟知清代歷史的現代社會白領，她卻一腳踏入穿越時空的隧道，變身為16歲的清朝宮廷少女若曦。在這風雲詭變的宮廷中，除了被捲入九子奪嫡的暗戰，自己與胤禛（吳奇隆）的感情也夾雜在宮廷鬥爭中備受煎熬…"
          },
          {
            "content_id": "VOD00025572",
            "time_codes": [
              735000,
              1304000,
              1830000,
              2509000
            ],
            "timecode_duration": [],
            "length": 2977000,
            "asset_id": "vod9061-000035M001",
            "title": "",
            "subtitle": "第35集",
            "ep_number": 35,
            "rating": 1,
            "content_type": "drama",
            "p_start": 1740173100000,
            "vod_channel_description": "張曉（劉詩詩）是一位熟知清代歷史的現代社會白領，她卻一腳踏入穿越時空的隧道，變身為16歲的清朝宮廷少女若曦。在這風雲詭變的宮廷中，除了被捲入九子奪嫡的暗戰，自己與胤禛（吳奇隆）的感情也夾雜在宮廷鬥爭中備受煎熬…"
          }
        ],
        "total_length": 102877000,
        "focus_index": 17,
        "next_index": 18,
        "time": 1910189,
        "focus_program": {
          "content_id": "VOD00025555",
          "time_codes": [
            881000,
            1353000,
            1792000,
            2337000
          ],
          "timecode_duration": [],
          "length": 2920000,
          "asset_id": "vod9061-000018M001",
          "title": "",
          "subtitle": "第18集",
          "ep_number": 18,
          "rating": 1,
          "content_type": "drama",
          "p_start": 1740119700000,
          "vod_channel_description": "張曉（劉詩詩）是一位熟知清代歷史的現代社會白領，她卻一腳踏入穿越時空的隧道，變身為16歲的清朝宮廷少女若曦。在這風雲詭變的宮廷中，除了被捲入九子奪嫡的暗戰，自己與胤禛（吳奇隆）的感情也夾雜在宮廷鬥爭中備受煎熬…"
        }
      },
      "station_categories": [
        {
          "Name": "戲劇",
          "EngName": "Drama",
          "MenuOrder": 7
        }
      ]
    },
    "introduction": {
      "image": "https://p-cdnstatic.svc.litv.tv/pics/vod_channel/logo_3443_ofiii113_mobile_20240906.png",
      "description": "",
      "href_maps": []
    },
    "recommends": [],
    "ua": "Mozilla/5.0 (Windows NT 10.0; Win64; x64) AppleWebKit/537.36 (KHTML, like Gecko) Chrome/91.0.4472.124 Safari/537.36"
  },
  "__N_SSP": true
}