{
  "pageProps": {
    "contentId": "ofiii117",
    "channel": {
      "title": "佔有姜西",
      "no": 117,
      "charge_mode": "F",
      "content_id": "ofiii117",
      "content_type": "vod-channel",
      "epg_categories": [
        4
      ],
      "genres": [
        {
          "id": "",
          "name": "VOD_CHANNEL",
          "logo": ""
        }
      ],
      "liad_id": "VODCHNEWOFIWEB",
      "package_info_id": "VOD_CHANNEL_DELUX",
      "picture": "pics/vod_channel/logo_3780_ofiii117_tv_20250626.png",
      "provider": [
        {
          "id": "",
          "name": "世詮_2倍",
          "logo": ""
        }
      ],
      "quality": "HD",
      "station_id": "station6714",
      "trial": "",
      "selectable": 1,
      "tr_logo": "pics/vod_channel/tr_logo_1750908979.png",
      "tl_logo": "",
      "br_logo": "",
      "bl_logo": "",
      "menu_type": 1,
      "vod_channel_schedule": {
        "channel_id": 117,
        "cdn_code": "ofiii117",
        "start_time": 1762171580000,
        "programs": [
          {
            "content_id": "VOD00357682",
            "time_codes": [
              600000
            ],
            "timecode_duration": [],
            "length": 942000,
            "asset_id": "vod76555-000001M001",
            "title": "",
            "subtitle": "第1集",
            "ep_number": 1,
            "rating": 1,
            "content_type": "drama",
            "p_start": 1751281500000,
            "vod_channel_description": "因一場大火而失去雙親的閔姜西，投靠坤城之首的秦家，立志成為第一女先生。卻被秦家現任掌權人秦佔當成別有用心的“倒貼女”。閔姜西憑藉自身才華，幫助秦家化解商業危機，令秦佔刮目相看，並決定聘請她為秦家教書先生，此舉引起馮靜芸的不滿，進而利用秦家死對頭江東設計陷害閔姜西..."
          },
          {
            "content_id": "VOD00357683",
            "time_codes": [
              600000
            ],
            "timecode_duration": [],
            "length": 942000,
            "asset_id": "vod76555-000002M001",
            "title": "",
            "subtitle": "第2集",
            "ep_number": 2,
            "rating": 1,
            "content_type": "drama",
            "p_start": 1751282700000,
            "vod_channel_description": "因一場大火而失去雙親的閔姜西，投靠坤城之首的秦家，立志成為第一女先生。卻被秦家現任掌權人秦佔當成別有用心的“倒貼女”。閔姜西憑藉自身才華，幫助秦家化解商業危機，令秦佔刮目相看，並決定聘請她為秦家教書先生，此舉引起馮靜芸的不滿，進而利用秦家死對頭江東設計陷害閔姜西..."
          },
          {
            "content_id": "VOD00357684",
            "time_codes": [
              600000
            ],
            "timecode_duration": [],
            "length": 963000,
            "asset_id": "vod76555-000003M001",
            "title": "",
            "subtitle": "第3集",
            "ep_number": 3,
            "rating": 1,
            "content_type": "drama",
            "p_start": 1751283900000,
            "vod_channel_description": "因一場大火而失去雙親的閔姜西，投靠坤城之首的秦家，立志成為第一女先生。卻被秦家現任掌權人秦佔當成別有用心的“倒貼女”。閔姜西憑藉自身才華，幫助秦家化解商業危機，令秦佔刮目相看，並決定聘請她為秦家教書先生，此舉引起馮靜芸的不滿，進而利用秦家死對頭江東設計陷害閔姜西..."
          },
          {
            "content_id": "VOD00357685",
            "time_codes": [
              786000
            ],
            "timecode_duration": [],
            "length": 1304000,
            "asset_id": "vod76555-000004M001",
            "title": "",
            "subtitle": "第4集",
            "ep_number": 4,
            "rating": 1,
            "content_type": "drama",
            "p_start": 1751285100000,
            "vod_channel_description": "因一場大火而失去雙親的閔姜西，投靠坤城之首的秦家，立志成為第一女先生。卻被秦家現任掌權人秦佔當成別有用心的“倒貼女”。閔姜西憑藉自身才華，幫助秦家化解商業危機，令秦佔刮目相看，並決定聘請她為秦家教書先生，此舉引起馮靜芸的不滿，進而利用秦家死對頭江東設計陷害閔姜西..."
          },
          {
            "content_id": "VOD00357686",
            "time_codes": [
              724000
            ],
            "timecode_duration": [],
            "length": 1247000,
            "asset_id": "vod76555-000005M001",
            "title": "",
            "subtitle": "第5集",
            "ep_number": 5,
            "rating": 1,
            "content_type": "drama",
            "p_start": 1751286600000,
            "vod_channel_description": "因一場大火而失去雙親的閔姜西，投靠坤城之首的秦家，立志成為第一女先生。卻被秦家現任掌權人秦佔當成別有用心的“倒貼女”。閔姜西憑藉自身才華，幫助秦家化解商業危機，令秦佔刮目相看，並決定聘請她為秦家教書先生，此舉引起馮靜芸的不滿，進而利用秦家死對頭江東設計陷害閔姜西..."
          },
          {
            "content_id": "VOD00357687",
            "time_codes": [
              600000
            ],
            "timecode_duration": [],
            "length": 910000,
            "asset_id": "vod76555-000006M001",
            "title": "",
            "subtitle": "第6集",
            "ep_number": 6,
            "rating": 1,
            "content_type": "drama",
            "p_start": 1751288100000,
            "vod_channel_description": "因一場大火而失去雙親的閔姜西，投靠坤城之首的秦家，立志成為第一女先生。卻被秦家現任掌權人秦佔當成別有用心的“倒貼女”。閔姜西憑藉自身才華，幫助秦家化解商業危機，令秦佔刮目相看，並決定聘請她為秦家教書先生，此舉引起馮靜芸的不滿，進而利用秦家死對頭江東設計陷害閔姜西..."
          },
          {
            "content_id": "VOD00357688",
            "time_codes": [
              600000
            ],
            "timecode_duration": [],
            "length": 836000,
            "asset_id": "vod76555-000007M001",
            "title": "",
            "subtitle": "第7集",
            "ep_number": 7,
            "rating": 1,
            "content_type": "drama",
            "p_start": 1751289300000,
            "vod_channel_description": "因一場大火而失去雙親的閔姜西，投靠坤城之首的秦家，立志成為第一女先生。卻被秦家現任掌權人秦佔當成別有用心的“倒貼女”。閔姜西憑藉自身才華，幫助秦家化解商業危機，令秦佔刮目相看，並決定聘請她為秦家教書先生，此舉引起馮靜芸的不滿，進而利用秦家死對頭江東設計陷害閔姜西..."
          },
          {
            "content_id": "VOD00357689",
            "time_codes": [
              600000
            ],
            "timecode_duration": [],
            "length": 868000,
            "asset_id": "vod76555-000008M001",
            "title": "",
            "subtitle": "第8集",
            "ep_number": 8,
            "rating": 1,
            "content_type": "drama",
            "p_start": 1751290500000,
            "vod_channel_description": "因一場大火而失去雙親的閔姜西，投靠坤城之首的秦家，立志成為第一女先生。卻被秦家現任掌權人秦佔當成別有用心的“倒貼女”。閔姜西憑藉自身才華，幫助秦家化解商業危機，令秦佔刮目相看，並決定聘請她為秦家教書先生，此舉引起馮靜芸的不滿，進而利用秦家死對頭江東設計陷害閔姜西..."
          },
          {
            "content_id": "VOD00357690",
            "time_codes": [
              600000
            ],
            "timecode_duration": [],
            "length": 934000,
            "asset_id": "vod76555-000009M001",
            "title": "",
            "subtitle": "第9集",
            "ep_number": 9,
            "rating": 1,
            "content_type": "drama",
            "p_start": 1751291700000,
            "vod_channel_description": "因一場大火而失去雙親的閔姜西，投靠坤城之首的秦家，立志成為第一女先生。卻被秦家現任掌權人秦佔當成別有用心的“倒貼女”。閔姜西憑藉自身才華，幫助秦家化解商業危機，令秦佔刮目相看，並決定聘請她為秦家教書先生，此舉引起馮靜芸的不滿，進而利用秦家死對頭江東設計陷害閔姜西..."
          },
          {
            "content_id": "VOD00357692",
            "time_codes": [
              600000
            ],
            "timecode_duration": [],
            "length": 815000,
            "asset_id": "vod76555-000010M001",
            "title": "",
            "subtitle": "第10集",
            "ep_number": 10,
            "rating": 1,
            "content_type": "drama",
            "p_start": 1751292900000,
            "vod_channel_description": "因一場大火而失去雙親的閔姜西，投靠坤城之首的秦家，立志成為第一女先生。卻被秦家現任掌權人秦佔當成別有用心的“倒貼女”。閔姜西憑藉自身才華，幫助秦家化解商業危機，令秦佔刮目相看，並決定聘請她為秦家教書先生，此舉引起馮靜芸的不滿，進而利用秦家死對頭江東設計陷害閔姜西..."
          },
          {
            "content_id": "VOD00357694",
            "time_codes": [
              600000
            ],
            "timecode_duration": [],
            "length": 939000,
            "asset_id": "vod76555-000011M001",
            "title": "",
            "subtitle": "第11集",
            "ep_number": 11,
            "rating": 1,
            "content_type": "drama",
            "p_start": 1751294100000,
            "vod_channel_description": "因一場大火而失去雙親的閔姜西，投靠坤城之首的秦家，立志成為第一女先生。卻被秦家現任掌權人秦佔當成別有用心的“倒貼女”。閔姜西憑藉自身才華，幫助秦家化解商業危機，令秦佔刮目相看，並決定聘請她為秦家教書先生，此舉引起馮靜芸的不滿，進而利用秦家死對頭江東設計陷害閔姜西..."
          },
          {
            "content_id": "VOD00357696",
            "time_codes": [
              667000
            ],
            "timecode_duration": [],
            "length": 1190000,
            "asset_id": "vod76555-000012M001",
            "title": "",
            "subtitle": "第12集",
            "ep_number": 12,
            "rating": 1,
            "content_type": "drama",
            "p_start": 1751295300000,
            "vod_channel_description": "因一場大火而失去雙親的閔姜西，投靠坤城之首的秦家，立志成為第一女先生。卻被秦家現任掌權人秦佔當成別有用心的“倒貼女”。閔姜西憑藉自身才華，幫助秦家化解商業危機，令秦佔刮目相看，並決定聘請她為秦家教書先生，此舉引起馮靜芸的不滿，進而利用秦家死對頭江東設計陷害閔姜西..."
          },
          {
            "content_id": "VOD00357697",
            "time_codes": [
              600000
            ],
            "timecode_duration": [],
            "length": 1012000,
            "asset_id": "vod76555-000013M001",
            "title": "",
            "subtitle": "第13集",
            "ep_number": 13,
            "rating": 1,
            "content_type": "drama",
            "p_start": 1751296800000,
            "vod_channel_description": "因一場大火而失去雙親的閔姜西，投靠坤城之首的秦家，立志成為第一女先生。卻被秦家現任掌權人秦佔當成別有用心的“倒貼女”。閔姜西憑藉自身才華，幫助秦家化解商業危機，令秦佔刮目相看，並決定聘請她為秦家教書先生，此舉引起馮靜芸的不滿，進而利用秦家死對頭江東設計陷害閔姜西..."
          },
          {
            "content_id": "VOD00357700",
            "time_codes": [
              600000
            ],
            "timecode_duration": [],
            "length": 1069000,
            "asset_id": "vod76555-000014M001",
            "title": "",
            "subtitle": "第14集",
            "ep_number": 14,
            "rating": 1,
            "content_type": "drama",
            "p_start": 1751298000000,
            "vod_channel_description": "因一場大火而失去雙親的閔姜西，投靠坤城之首的秦家，立志成為第一女先生。卻被秦家現任掌權人秦佔當成別有用心的“倒貼女”。閔姜西憑藉自身才華，幫助秦家化解商業危機，令秦佔刮目相看，並決定聘請她為秦家教書先生，此舉引起馮靜芸的不滿，進而利用秦家死對頭江東設計陷害閔姜西..."
          },
          {
            "content_id": "VOD00357701",
            "time_codes": [
              600000
            ],
            "timecode_duration": [],
            "length": 966000,
            "asset_id": "vod76555-000015M001",
            "title": "",
            "subtitle": "第15集",
            "ep_number": 15,
            "rating": 1,
            "content_type": "drama",
            "p_start": 1751299200000,
            "vod_channel_description": "因一場大火而失去雙親的閔姜西，投靠坤城之首的秦家，立志成為第一女先生。卻被秦家現任掌權人秦佔當成別有用心的“倒貼女”。閔姜西憑藉自身才華，幫助秦家化解商業危機，令秦佔刮目相看，並決定聘請她為秦家教書先生，此舉引起馮靜芸的不滿，進而利用秦家死對頭江東設計陷害閔姜西..."
          },
          {
            "content_id": "VOD00357702",
            "time_codes": [
              600000
            ],
            "timecode_duration": [],
            "length": 1012000,
            "asset_id": "vod76555-000016M001",
            "title": "",
            "subtitle": "第16集",
            "ep_number": 16,
            "rating": 1,
            "content_type": "drama",
            "p_start": 1751300400000,
            "vod_channel_description": "因一場大火而失去雙親的閔姜西，投靠坤城之首的秦家，立志成為第一女先生。卻被秦家現任掌權人秦佔當成別有用心的“倒貼女”。閔姜西憑藉自身才華，幫助秦家化解商業危機，令秦佔刮目相看，並決定聘請她為秦家教書先生，此舉引起馮靜芸的不滿，進而利用秦家死對頭江東設計陷害閔姜西..."
          },
          {
            "content_id": "VOD00357703",
            "time_codes": [
              600000
            ],
            "timecode_duration": [],
            "length": 940000,
            "asset_id": "vod76555-000017M001",
            "title": "",
            "subtitle": "第17集",
            "ep_number": 17,
            "rating": 1,
            "content_type": "drama",
            "p_start": 1751301600000,
            "vod_channel_description": "因一場大火而失去雙親的閔姜西，投靠坤城之首的秦家，立志成為第一女先生。卻被秦家現任掌權人秦佔當成別有用心的“倒貼女”。閔姜西憑藉自身才華，幫助秦家化解商業危機，令秦佔刮目相看，並決定聘請她為秦家教書先生，此舉引起馮靜芸的不滿，進而利用秦家死對頭江東設計陷害閔姜西..."
          },
          {
            "content_id": "VOD00357704",
            "time_codes": [
              600000
            ],
            "timecode_duration": [],
            "length": 892000,
            "asset_id": "vod76555-000018M001",
            "title": "",
            "subtitle": "第18集",
            "ep_number": 18,
            "rating": 1,
            "content_type": "drama",
            "p_start": 1751302800000,
            "vod_channel_description": "因一場大火而失去雙親的閔姜西，投靠坤城之首的秦家，立志成為第一女先生。卻被秦家現任掌權人秦佔當成別有用心的“倒貼女”。閔姜西憑藉自身才華，幫助秦家化解商業危機，令秦佔刮目相看，並決定聘請她為秦家教書先生，此舉引起馮靜芸的不滿，進而利用秦家死對頭江東設計陷害閔姜西..."
          },
          {
            "content_id": "VOD00357705",
            "time_codes": [
              600000
            ],
            "timecode_duration": [],
            "length": 891000,
            "asset_id": "vod76555-000019M001",
            "title": "",
            "subtitle": "第19集",
            "ep_number": 19,
            "rating": 1,
            "content_type": "drama",
            "p_start": 1751304000000,
            "vod_channel_description": "因一場大火而失去雙親的閔姜西，投靠坤城之首的秦家，立志成為第一女先生。卻被秦家現任掌權人秦佔當成別有用心的“倒貼女”。閔姜西憑藉自身才華，幫助秦家化解商業危機，令秦佔刮目相看，並決定聘請她為秦家教書先生，此舉引起馮靜芸的不滿，進而利用秦家死對頭江東設計陷害閔姜西..."
          },
          {
            "content_id": "VOD00357706",
            "time_codes": [
              600000
            ],
            "timecode_duration": [],
            "length": 1000000,
            "asset_id": "vod76555-000020M001",
            "title": "",
            "subtitle": "第20集",
            "ep_number": 20,
            "rating": 1,
            "content_type": "drama",
            "p_start": 1751305200000,
            "vod_channel_description": "因一場大火而失去雙親的閔姜西，投靠坤城之首的秦家，立志成為第一女先生。卻被秦家現任掌權人秦佔當成別有用心的“倒貼女”。閔姜西憑藉自身才華，幫助秦家化解商業危機，令秦佔刮目相看，並決定聘請她為秦家教書先生，此舉引起馮靜芸的不滿，進而利用秦家死對頭江東設計陷害閔姜西..."
          },
          {
            "content_id": "VOD00357707",
            "time_codes": [
              600000
            ],
            "timecode_duration": [],
            "length": 966000,
            "asset_id": "vod76555-000021M001",
            "title": "",
            "subtitle": "第21集",
            "ep_number": 21,
            "rating": 1,
            "content_type": "drama",
            "p_start": 1751306400000,
            "vod_channel_description": "因一場大火而失去雙親的閔姜西，投靠坤城之首的秦家，立志成為第一女先生。卻被秦家現任掌權人秦佔當成別有用心的“倒貼女”。閔姜西憑藉自身才華，幫助秦家化解商業危機，令秦佔刮目相看，並決定聘請她為秦家教書先生，此舉引起馮靜芸的不滿，進而利用秦家死對頭江東設計陷害閔姜西..."
          },
          {
            "content_id": "VOD00357708",
            "time_codes": [
              600000
            ],
            "timecode_duration": [],
            "length": 906000,
            "asset_id": "vod76555-000022M001",
            "title": "",
            "subtitle": "第22集",
            "ep_number": 22,
            "rating": 1,
            "content_type": "drama",
            "p_start": 1751307600000,
            "vod_channel_description": "因一場大火而失去雙親的閔姜西，投靠坤城之首的秦家，立志成為第一女先生。卻被秦家現任掌權人秦佔當成別有用心的“倒貼女”。閔姜西憑藉自身才華，幫助秦家化解商業危機，令秦佔刮目相看，並決定聘請她為秦家教書先生，此舉引起馮靜芸的不滿，進而利用秦家死對頭江東設計陷害閔姜西..."
          },
          {
            "content_id": "VOD00357709",
            "time_codes": [
              600000
            ],
            "timecode_duration": [],
            "length": 960000,
            "asset_id": "vod76555-000023M001",
            "title": "",
            "subtitle": "第23集",
            "ep_number": 23,
            "rating": 1,
            "content_type": "drama",
            "p_start": 1751308800000,
            "vod_channel_description": "因一場大火而失去雙親的閔姜西，投靠坤城之首的秦家，立志成為第一女先生。卻被秦家現任掌權人秦佔當成別有用心的“倒貼女”。閔姜西憑藉自身才華，幫助秦家化解商業危機，令秦佔刮目相看，並決定聘請她為秦家教書先生，此舉引起馮靜芸的不滿，進而利用秦家死對頭江東設計陷害閔姜西..."
          },
          {
            "content_id": "VOD00357710",
            "time_codes": [
              600000
            ],
            "timecode_duration": [],
            "length": 966000,
            "asset_id": "vod76555-000024M001",
            "title": "",
            "subtitle": "第24集",
            "ep_number": 24,
            "rating": 1,
            "content_type": "drama",
            "p_start": 1751310000000,
            "vod_channel_description": "因一場大火而失去雙親的閔姜西，投靠坤城之首的秦家，立志成為第一女先生。卻被秦家現任掌權人秦佔當成別有用心的“倒貼女”。閔姜西憑藉自身才華，幫助秦家化解商業危機，令秦佔刮目相看，並決定聘請她為秦家教書先生，此舉引起馮靜芸的不滿，進而利用秦家死對頭江東設計陷害閔姜西..."
          }
        ],
        "total_length": 23470000,
        "focus_index": 19,
        "next_index": 20,
        "time": 137442,
        "focus_program": {
          "content_id": "VOD00357706",
          "time_codes": [
            600000
          ],
          "timecode_duration": [],
          "length": 1000000,
          "asset_id": "vod76555-000020M001",
          "title": "",
          "subtitle": "第20集",
          "ep_number": 20,
          "rating": 1,
          "content_type": "drama",
          "p_start": 1751305200000,
          "vod_channel_description": "因一場大火而失去雙親的閔姜西，投靠坤城之首的秦家，立志成為第一女先生。卻被秦家現任掌權人秦佔當成別有用心的“倒貼女”。閔姜西憑藉自身才華，幫助秦家化解商業危機，令秦佔刮目相看，並決定聘請她為秦家教書先生，此舉引起馮靜芸的不滿，進而利用秦家死對頭江東設計陷害閔姜西..."
        }
      },
      "station_categories": [
        {
          "Name": "戲劇",
          "EngName": "Drama",
          "MenuOrder": 7
        }
      ]
    },
    "introduction": {
      "image": "https://p-cdnstatic.svc.litv.tv/pics/vod_channel/logo_3167_ofiii117_mobile_20231213.png",
      "description": "",
      "href_maps": []
    },
    "recommends": [],
    "ua": "Mozilla/5.0 (Windows NT 10.0; Win64; x64) AppleWebKit/537.36 (KHTML, like Gecko) Chrome/91.0.4472.124 Safari/537.36"
  },
  "__N_SSP": true
}