{
  "pageProps": {
    "contentId": "ofiii227",
    "channel": {
      "title": "食尚玩家-2天1夜go",
      "no": 227,
      "charge_mode": "F",
      "content_id": "ofiii227",
      "content_type": "vod-channel",
      "epg_categories": [
        18
      ],
      "genres": [
        {
          "id": "",
          "name": "VOD_CHANNEL",
          "logo": ""
        }
      ],
      "liad_id": "VODCHNEWOFIWEB",
      "package_info_id": "VOD_CHANNEL_DELUX",
      "picture": "pics/vod_channel/logo_3554_ofiii227_tv_20250221.png",
      "provider": [
        {
          "id": "",
          "name": "TVBS 純拆",
          "logo": ""
        }
      ],
      "quality": "HD",
      "station_id": "station6488",
      "trial": "",
      "selectable": 1,
      "tr_logo": "pics/vod_channel/tr_logo_1733120439.png",
      "tl_logo": "",
      "br_logo": "",
      "bl_logo": "",
      "menu_type": 0,
      "vod_channel_schedule": {
        "channel_id": 227,
        "cdn_code": "ofiii227",
        "start_time": 1762121700000,
        "programs": [
          {
            "content_id": "VOD00294232",
            "time_codes": [
              867000,
              1693000,
              2401000
            ],
            "timecode_duration": [],
            "length": 2851000,
            "asset_id": "vod64339-000136M001",
            "title": "",
            "subtitle": "第136集 宜蘭美食太狠了 晚來吃不到！",
            "ep_number": 136,
            "rating": 1,
            "content_type": "show",
            "p_start": 1762121700000,
            "vod_channel_description": "全台走透透，吃美食也住好宿，透過主持人的透視角，規劃最好的兩天一夜行程，帶給觀眾國內最棒的旅遊體驗！「2天1夜go」跟著納豆、曾子余開箱美食、享受旅遊！開啟台灣兩天一夜旅遊寶典。"
          },
          {
            "content_id": "VOD00294233",
            "time_codes": [
              876000,
              1622000,
              2478000
            ],
            "timecode_duration": [],
            "length": 2850000,
            "asset_id": "vod64339-000137M001",
            "title": "",
            "subtitle": "第137集 福井是美食之都？蟹膏轟炸.特產若狹牛 六月哭求要嫁來日本",
            "ep_number": 137,
            "rating": 1,
            "content_type": "show",
            "p_start": 1762124700000,
            "vod_channel_description": "全台走透透，吃美食也住好宿，透過主持人的透視角，規劃最好的兩天一夜行程，帶給觀眾國內最棒的旅遊體驗！「2天1夜go」跟著納豆、曾子余開箱美食、享受旅遊！開啟台灣兩天一夜旅遊寶典。"
          },
          {
            "content_id": "VOD00294235",
            "time_codes": [
              839000,
              1681000,
              2415000
            ],
            "timecode_duration": [],
            "length": 2850000,
            "asset_id": "vod64339-000139M001",
            "title": "",
            "subtitle": "第139集 美食偵探家 淡水美食一把抓",
            "ep_number": 139,
            "rating": 1,
            "content_type": "show",
            "p_start": 1762127700000,
            "vod_channel_description": "全台走透透，吃美食也住好宿，透過主持人的透視角，規劃最好的兩天一夜行程，帶給觀眾國內最棒的旅遊體驗！「2天1夜go」跟著納豆、曾子余開箱美食、享受旅遊！開啟台灣兩天一夜旅遊寶典。"
          },
          {
            "content_id": "VOD00294236",
            "time_codes": [
              991000,
              1785000,
              2254000
            ],
            "timecode_duration": [],
            "length": 2850000,
            "asset_id": "vod64339-000140M001",
            "title": "",
            "subtitle": "第140集 中台灣夜市龍虎榜 台中旱溪VS彰化精誠",
            "ep_number": 140,
            "rating": 1,
            "content_type": "show",
            "p_start": 1762130700000,
            "vod_channel_description": "全台走透透，吃美食也住好宿，透過主持人的透視角，規劃最好的兩天一夜行程，帶給觀眾國內最棒的旅遊體驗！「2天1夜go」跟著納豆、曾子余開箱美食、享受旅遊！開啟台灣兩天一夜旅遊寶典。"
          },
          {
            "content_id": "VOD00294237",
            "time_codes": [
              729000,
              1440000,
              2184000
            ],
            "timecode_duration": [],
            "length": 2851000,
            "asset_id": "vod64339-000141M001",
            "title": "",
            "subtitle": "第141集 台南/高雄 南臺灣餐車大蒐集",
            "ep_number": 141,
            "rating": 1,
            "content_type": "show",
            "p_start": 1762133700000,
            "vod_channel_description": "全台走透透，吃美食也住好宿，透過主持人的透視角，規劃最好的兩天一夜行程，帶給觀眾國內最棒的旅遊體驗！「2天1夜go」跟著納豆、曾子余開箱美食、享受旅遊！開啟台灣兩天一夜旅遊寶典。"
          },
          {
            "content_id": "VOD00294238",
            "time_codes": [
              890000,
              1759000,
              2240000
            ],
            "timecode_duration": [],
            "length": 2850000,
            "asset_id": "vod64339-000142M001",
            "title": "",
            "subtitle": "第142集 前方高能！南投美食藏寶圖來啦！",
            "ep_number": 142,
            "rating": 1,
            "content_type": "show",
            "p_start": 1762136700000,
            "vod_channel_description": "全台走透透，吃美食也住好宿，透過主持人的透視角，規劃最好的兩天一夜行程，帶給觀眾國內最棒的旅遊體驗！「2天1夜go」跟著納豆、曾子余開箱美食、享受旅遊！開啟台灣兩天一夜旅遊寶典。"
          },
          {
            "content_id": "VOD00294240",
            "time_codes": [
              982000,
              1824000,
              2691000
            ],
            "timecode_duration": [],
            "length": 2850000,
            "asset_id": "vod64339-000144M001",
            "title": "",
            "subtitle": "第144集 鹿港人的一日七餐",
            "ep_number": 144,
            "rating": 1,
            "content_type": "show",
            "p_start": 1762139700000,
            "vod_channel_description": "全台走透透，吃美食也住好宿，透過主持人的透視角，規劃最好的兩天一夜行程，帶給觀眾國內最棒的旅遊體驗！「2天1夜go」跟著納豆、曾子余開箱美食、享受旅遊！開啟台灣兩天一夜旅遊寶典。"
          },
          {
            "content_id": "VOD00294241",
            "time_codes": [
              785000,
              1569000,
              2553000
            ],
            "timecode_duration": [],
            "length": 2850000,
            "asset_id": "vod64339-000145M001",
            "title": "",
            "subtitle": "第145集 宜蘭頭城 不敢相信！我今晚住這？",
            "ep_number": 145,
            "rating": 1,
            "content_type": "show",
            "p_start": 1762142700000,
            "vod_channel_description": "全台走透透，吃美食也住好宿，透過主持人的透視角，規劃最好的兩天一夜行程，帶給觀眾國內最棒的旅遊體驗！「2天1夜go」跟著納豆、曾子余開箱美食、享受旅遊！開啟台灣兩天一夜旅遊寶典。"
          },
          {
            "content_id": "VOD00294242",
            "time_codes": [
              879000,
              1928000,
              2551000
            ],
            "timecode_duration": [],
            "length": 2850000,
            "asset_id": "vod64339-000146M001",
            "title": "",
            "subtitle": "第146集 噓！雲林人不能說的秘密",
            "ep_number": 146,
            "rating": 1,
            "content_type": "show",
            "p_start": 1762145700000,
            "vod_channel_description": "全台走透透，吃美食也住好宿，透過主持人的透視角，規劃最好的兩天一夜行程，帶給觀眾國內最棒的旅遊體驗！「2天1夜go」跟著納豆、曾子余開箱美食、享受旅遊！開啟台灣兩天一夜旅遊寶典。"
          },
          {
            "content_id": "VOD00294243",
            "time_codes": [
              1024000,
              1887000,
              2525000
            ],
            "timecode_duration": [],
            "length": 2850000,
            "asset_id": "vod64339-000147M001",
            "title": "",
            "subtitle": "第147集 普發6000有找 桃園大省團",
            "ep_number": 147,
            "rating": 1,
            "content_type": "show",
            "p_start": 1762148700000,
            "vod_channel_description": "全台走透透，吃美食也住好宿，透過主持人的透視角，規劃最好的兩天一夜行程，帶給觀眾國內最棒的旅遊體驗！「2天1夜go」跟著納豆、曾子余開箱美食、享受旅遊！開啟台灣兩天一夜旅遊寶典。"
          },
          {
            "content_id": "VOD00294245",
            "time_codes": [
              819000,
              1550000,
              2441000
            ],
            "timecode_duration": [],
            "length": 2850000,
            "asset_id": "vod64339-000149M001",
            "title": "",
            "subtitle": "第149集 首爾爆紅驗證團",
            "ep_number": 149,
            "rating": 1,
            "content_type": "show",
            "p_start": 1762151700000,
            "vod_channel_description": "全台走透透，吃美食也住好宿，透過主持人的透視角，規劃最好的兩天一夜行程，帶給觀眾國內最棒的旅遊體驗！「2天1夜go」跟著納豆、曾子余開箱美食、享受旅遊！開啟台灣兩天一夜旅遊寶典。"
          },
          {
            "content_id": "VOD00294246",
            "time_codes": [
              854000,
              1812000,
              2474000
            ],
            "timecode_duration": [],
            "length": 2850000,
            "asset_id": "vod64339-000150M001",
            "title": "",
            "subtitle": "第150集 下一波的韓國旅遊熱點就在這!",
            "ep_number": 150,
            "rating": 1,
            "content_type": "show",
            "p_start": 1762154700000,
            "vod_channel_description": "全台走透透，吃美食也住好宿，透過主持人的透視角，規劃最好的兩天一夜行程，帶給觀眾國內最棒的旅遊體驗！「2天1夜go」跟著納豆、曾子余開箱美食、享受旅遊！開啟台灣兩天一夜旅遊寶典。"
          },
          {
            "content_id": "VOD00294247",
            "time_codes": [
              976000,
              1740000,
              2485000
            ],
            "timecode_duration": [],
            "length": 2850000,
            "asset_id": "vod64339-000151M001",
            "title": "",
            "subtitle": "第151集 颱風備案 宜蘭2刷美食吃起來!",
            "ep_number": 151,
            "rating": 1,
            "content_type": "show",
            "p_start": 1762157700000,
            "vod_channel_description": "全台走透透，吃美食也住好宿，透過主持人的透視角，規劃最好的兩天一夜行程，帶給觀眾國內最棒的旅遊體驗！「2天1夜go」跟著納豆、曾子余開箱美食、享受旅遊！開啟台灣兩天一夜旅遊寶典。"
          },
          {
            "content_id": "VOD00294248",
            "time_codes": [
              983000,
              1646000,
              2557000
            ],
            "timecode_duration": [],
            "length": 2850000,
            "asset_id": "vod64339-000152M001",
            "title": "",
            "subtitle": "第152集 一定大拇指  瑞金九攻略",
            "ep_number": 152,
            "rating": 1,
            "content_type": "show",
            "p_start": 1762160700000,
            "vod_channel_description": "全台走透透，吃美食也住好宿，透過主持人的透視角，規劃最好的兩天一夜行程，帶給觀眾國內最棒的旅遊體驗！「2天1夜go」跟著納豆、曾子余開箱美食、享受旅遊！開啟台灣兩天一夜旅遊寶典。"
          },
          {
            "content_id": "VOD00294249",
            "time_codes": [
              576000,
              1569000,
              2391000
            ],
            "timecode_duration": [],
            "length": 2849000,
            "asset_id": "vod64339-000153M001",
            "title": "",
            "subtitle": "第153集 我們又飛日本啦！無法拒絕高知的誘惑？必去高知的七大理由",
            "ep_number": 153,
            "rating": 1,
            "content_type": "show",
            "p_start": 1762163700000,
            "vod_channel_description": "全台走透透，吃美食也住好宿，透過主持人的透視角，規劃最好的兩天一夜行程，帶給觀眾國內最棒的旅遊體驗！「2天1夜go」跟著納豆、曾子余開箱美食、享受旅遊！開啟台灣兩天一夜旅遊寶典。"
          },
          {
            "content_id": "VOD00294250",
            "time_codes": [
              750000,
              1619000,
              2364000
            ],
            "timecode_duration": [],
            "length": 2850000,
            "asset_id": "vod64339-000154M001",
            "title": "",
            "subtitle": "第154集 四國高知縣的夏日最終回！超隱密景點馬上出發！",
            "ep_number": 154,
            "rating": 1,
            "content_type": "show",
            "p_start": 1762166700000,
            "vod_channel_description": "全台走透透，吃美食也住好宿，透過主持人的透視角，規劃最好的兩天一夜行程，帶給觀眾國內最棒的旅遊體驗！「2天1夜go」跟著納豆、曾子余開箱美食、享受旅遊！開啟台灣兩天一夜旅遊寶典。"
          },
          {
            "content_id": "VOD00294254",
            "time_codes": [
              640000,
              1648000,
              2494000
            ],
            "timecode_duration": [],
            "length": 2851000,
            "asset_id": "vod64339-000158M001",
            "title": "",
            "subtitle": "第158集 夏日炎炎ㄎㄧㄤ綺來！張文綺帶你走跳墾丁 與水豚共游.超強直火燒烤！",
            "ep_number": 158,
            "rating": 1,
            "content_type": "show",
            "p_start": 1762169700000,
            "vod_channel_description": "全台走透透，吃美食也住好宿，透過主持人的透視角，規劃最好的兩天一夜行程，帶給觀眾國內最棒的旅遊體驗！「2天1夜go」跟著納豆、曾子余開箱美食、享受旅遊！開啟台灣兩天一夜旅遊寶典。"
          },
          {
            "content_id": "VOD00294255",
            "time_codes": [
              813000,
              1691000,
              2525000
            ],
            "timecode_duration": [],
            "length": 2850000,
            "asset_id": "vod64339-000159M001",
            "title": "",
            "subtitle": "第159集 去比不去還涼！到桃園拉拉山取經 功夫嫩豬腳.捕鱒魚體驗 美食旅遊聖經都在這！",
            "ep_number": 159,
            "rating": 1,
            "content_type": "show",
            "p_start": 1762172700000,
            "vod_channel_description": "全台走透透，吃美食也住好宿，透過主持人的透視角，規劃最好的兩天一夜行程，帶給觀眾國內最棒的旅遊體驗！「2天1夜go」跟著納豆、曾子余開箱美食、享受旅遊！開啟台灣兩天一夜旅遊寶典。"
          },
          {
            "content_id": "VOD00294256",
            "time_codes": [
              923000,
              1405000,
              2153000
            ],
            "timecode_duration": [],
            "length": 2850000,
            "asset_id": "vod64339-000160M001",
            "title": "",
            "subtitle": "第160集 傳說中世上最浪漫捷克布拉格！狂賀子余六月第一次出歐洲外景！",
            "ep_number": 160,
            "rating": 1,
            "content_type": "show",
            "p_start": 1762175700000,
            "vod_channel_description": "全台走透透，吃美食也住好宿，透過主持人的透視角，規劃最好的兩天一夜行程，帶給觀眾國內最棒的旅遊體驗！「2天1夜go」跟著納豆、曾子余開箱美食、享受旅遊！開啟台灣兩天一夜旅遊寶典。"
          },
          {
            "content_id": "VOD00309600",
            "time_codes": [
              702000,
              1377000,
              2283000
            ],
            "timecode_duration": [],
            "length": 2850000,
            "asset_id": "vod64339-000161M001",
            "title": "",
            "subtitle": "第161集 世界上最詭禁地 在捷克與人骨同行.勇闖墓穴！子余驚嚇喊道不想拍了？！",
            "ep_number": 161,
            "rating": 1,
            "content_type": "show",
            "p_start": 1762178700000,
            "vod_channel_description": "全台走透透，吃美食也住好宿，透過主持人的透視角，規劃最好的兩天一夜行程，帶給觀眾國內最棒的旅遊體驗！「2天1夜go」跟著納豆、曾子余開箱美食、享受旅遊！開啟台灣兩天一夜旅遊寶典。"
          },
          {
            "content_id": "VOD00309601",
            "time_codes": [
              744000,
              1767000,
              2516000
            ],
            "timecode_duration": [],
            "length": 2850000,
            "asset_id": "vod64339-000162M001",
            "title": "",
            "subtitle": "第162集 追擊基隆叛逆美食！找不到地點の熱炒.拒絕採訪の雞肉.看天氣營業の麵線",
            "ep_number": 162,
            "rating": 1,
            "content_type": "show",
            "p_start": 1762181700000,
            "vod_channel_description": "全台走透透，吃美食也住好宿，透過主持人的透視角，規劃最好的兩天一夜行程，帶給觀眾國內最棒的旅遊體驗！「2天1夜go」跟著納豆、曾子余開箱美食、享受旅遊！開啟台灣兩天一夜旅遊寶典。"
          },
          {
            "content_id": "VOD00309602",
            "time_codes": [
              1011000,
              1792000,
              2323000
            ],
            "timecode_duration": [],
            "length": 2761000,
            "asset_id": "vod64339-000163M001",
            "title": "",
            "subtitle": "第163集 朋友們誰懂啊！不可能捷克的溫泉水可以喝吧？居然還有007電影場景？！",
            "ep_number": 163,
            "rating": 1,
            "content_type": "show",
            "p_start": 1762184700000,
            "vod_channel_description": "全台走透透，吃美食也住好宿，透過主持人的透視角，規劃最好的兩天一夜行程，帶給觀眾國內最棒的旅遊體驗！「2天1夜go」跟著納豆、曾子余開箱美食、享受旅遊！開啟台灣兩天一夜旅遊寶典。"
          },
          {
            "content_id": "VOD00309603",
            "time_codes": [
              1144000,
              1932000,
              2470000
            ],
            "timecode_duration": [],
            "length": 2849000,
            "asset_id": "vod64339-000164M001",
            "title": "",
            "subtitle": "第164集 吼搭啦！捷克不醉不歸最終回！爽泡啤酒浴、神秘潮酒吧、城堡地下藏酒窖！",
            "ep_number": 164,
            "rating": 1,
            "content_type": "show",
            "p_start": 1762187700000,
            "vod_channel_description": "全台走透透，吃美食也住好宿，透過主持人的透視角，規劃最好的兩天一夜行程，帶給觀眾國內最棒的旅遊體驗！「2天1夜go」跟著納豆、曾子余開箱美食、享受旅遊！開啟台灣兩天一夜旅遊寶典。"
          },
          {
            "content_id": "VOD00309604",
            "time_codes": [
              472000,
              1355000,
              2226000
            ],
            "timecode_duration": [],
            "length": 2850000,
            "asset_id": "vod64339-000165M001",
            "title": "",
            "subtitle": "第165集 人體導航啟動！高雄美食往哪裡躲？竟有5元生魚片？爽嗑明太子菠蘿麵包、皮蛋麵",
            "ep_number": 165,
            "rating": 1,
            "content_type": "show",
            "p_start": 1762190700000,
            "vod_channel_description": "全台走透透，吃美食也住好宿，透過主持人的透視角，規劃最好的兩天一夜行程，帶給觀眾國內最棒的旅遊體驗！「2天1夜go」跟著納豆、曾子余開箱美食、享受旅遊！開啟台灣兩天一夜旅遊寶典。"
          },
          {
            "content_id": "VOD00309607",
            "time_codes": [
              736000,
              1849000,
              2426000
            ],
            "timecode_duration": [],
            "length": 2789000,
            "asset_id": "vod64339-000168M001",
            "title": "",
            "subtitle": "第168集 24小時快閃日本東京！豆子兄弟接獲新任務！和時間賽跑完成任務",
            "ep_number": 168,
            "rating": 1,
            "content_type": "show",
            "p_start": 1762193700000,
            "vod_channel_description": "全台走透透，吃美食也住好宿，透過主持人的透視角，規劃最好的兩天一夜行程，帶給觀眾國內最棒的旅遊體驗！「2天1夜go」跟著納豆、曾子余開箱美食、享受旅遊！開啟台灣兩天一夜旅遊寶典。"
          },
          {
            "content_id": "VOD00309608",
            "time_codes": [
              669000,
              1470000,
              2165000
            ],
            "timecode_duration": [],
            "length": 2851000,
            "asset_id": "vod64339-000169M001",
            "title": "",
            "subtitle": "第169集 繼東京後直衝大阪！豆子兄弟快閃24小時日本大阪新攻略！",
            "ep_number": 169,
            "rating": 1,
            "content_type": "show",
            "p_start": 1762196700000,
            "vod_channel_description": "全台走透透，吃美食也住好宿，透過主持人的透視角，規劃最好的兩天一夜行程，帶給觀眾國內最棒的旅遊體驗！「2天1夜go」跟著納豆、曾子余開箱美食、享受旅遊！開啟台灣兩天一夜旅遊寶典。"
          },
          {
            "content_id": "VOD00309609",
            "time_codes": [
              603000,
              1536000,
              2422000
            ],
            "timecode_duration": [],
            "length": 2850000,
            "asset_id": "vod64339-000170M001",
            "title": "",
            "subtitle": "第170集 豆子兄弟衝去韓國釜山追星啦！膠囊列車、辣炒章腸蝦鍋、鮮美河豚",
            "ep_number": 170,
            "rating": 1,
            "content_type": "show",
            "p_start": 1762199700000,
            "vod_channel_description": "全台走透透，吃美食也住好宿，透過主持人的透視角，規劃最好的兩天一夜行程，帶給觀眾國內最棒的旅遊體驗！「2天1夜go」跟著納豆、曾子余開箱美食、享受旅遊！開啟台灣兩天一夜旅遊寶典。"
          },
          {
            "content_id": "VOD00321238",
            "time_codes": [
              707000,
              1516000,
              2186000
            ],
            "timecode_duration": [],
            "length": 2851000,
            "asset_id": "vod64339-000173M001",
            "title": "",
            "subtitle": "第173集 豆子兄弟韓國釜山全攻略！三大韓牛之一、統營烤魚、風之丘環海步道",
            "ep_number": 173,
            "rating": 1,
            "content_type": "show",
            "p_start": 1762202700000,
            "vod_channel_description": "全台走透透，吃美食也住好宿，透過主持人的透視角，規劃最好的兩天一夜行程，帶給觀眾國內最棒的旅遊體驗！「2天1夜go」跟著納豆、曾子余開箱美食、享受旅遊！開啟台灣兩天一夜旅遊寶典。"
          },
          {
            "content_id": "VOD00321239",
            "time_codes": [
              758000,
              1502000,
              2330000
            ],
            "timecode_duration": [],
            "length": 2851000,
            "asset_id": "vod64339-000174M001",
            "title": "",
            "subtitle": "第174集 豆子兄弟微服出巡！苗栗私藏玩法！解鎖露營區a鱸鰻大套餐！",
            "ep_number": 174,
            "rating": 1,
            "content_type": "show",
            "p_start": 1762205700000,
            "vod_channel_description": "全台走透透，吃美食也住好宿，透過主持人的透視角，規劃最好的兩天一夜行程，帶給觀眾國內最棒的旅遊體驗！「2天1夜go」跟著納豆、曾子余開箱美食、享受旅遊！開啟台灣兩天一夜旅遊寶典。"
          },
          {
            "content_id": "VOD00321240",
            "time_codes": [
              560000,
              2210000
            ],
            "timecode_duration": [],
            "length": 2850000,
            "asset_id": "vod64339-000175M001",
            "title": "",
            "subtitle": "第175集 豆子兄弟合體韋汝 誠實評鑑台北美食！北門半熟蛋蝦仁飯、周家豆腐捲、刁民酸菜魚",
            "ep_number": 175,
            "rating": 1,
            "content_type": "show",
            "p_start": 1762208700000,
            "vod_channel_description": "全台走透透，吃美食也住好宿，透過主持人的透視角，規劃最好的兩天一夜行程，帶給觀眾國內最棒的旅遊體驗！「2天1夜go」跟著納豆、曾子余開箱美食、享受旅遊！開啟台灣兩天一夜旅遊寶典。"
          },
          {
            "content_id": "VOD00321241",
            "time_codes": [
              662000,
              1373000,
              1977000
            ],
            "timecode_duration": [],
            "length": 2850000,
            "asset_id": "vod64339-000176M001",
            "title": "",
            "subtitle": "第176集 在新竹這個美食沙漠也能吃爽爽？還不敢緊吃爆 香酥鴉、麻辣鍋、火焰高粱炙燒豬！",
            "ep_number": 176,
            "rating": 1,
            "content_type": "show",
            "p_start": 1762211700000,
            "vod_channel_description": "全台走透透，吃美食也住好宿，透過主持人的透視角，規劃最好的兩天一夜行程，帶給觀眾國內最棒的旅遊體驗！「2天1夜go」跟著納豆、曾子余開箱美食、享受旅遊！開啟台灣兩天一夜旅遊寶典。"
          },
          {
            "content_id": "VOD00321242",
            "time_codes": [
              455000,
              1298000,
              2387000
            ],
            "timecode_duration": [],
            "length": 2850000,
            "asset_id": "vod64339-000177M001",
            "title": "",
            "subtitle": "第177集 莫忘初衷？七道猴子吃爆台中美食！限量爆汁燒鵝看了肚子好餓啊！這些竟一下就賣完了？",
            "ep_number": 177,
            "rating": 1,
            "content_type": "show",
            "p_start": 1762214700000,
            "vod_channel_description": "全台走透透，吃美食也住好宿，透過主持人的透視角，規劃最好的兩天一夜行程，帶給觀眾國內最棒的旅遊體驗！「2天1夜go」跟著納豆、曾子余開箱美食、享受旅遊！開啟台灣兩天一夜旅遊寶典。"
          },
          {
            "content_id": "VOD00321243",
            "time_codes": [
              727000,
              1553000,
              2230000
            ],
            "timecode_duration": [],
            "length": 2850000,
            "asset_id": "vod64339-000178M001",
            "title": "",
            "subtitle": "第178集 豆子兄弟用節目合約作賭注？尋找全台灣超便宜小吃！不可能這麼便宜欸？",
            "ep_number": 178,
            "rating": 1,
            "content_type": "show",
            "p_start": 1762217700000,
            "vod_channel_description": "全台走透透，吃美食也住好宿，透過主持人的透視角，規劃最好的兩天一夜行程，帶給觀眾國內最棒的旅遊體驗！「2天1夜go」跟著納豆、曾子余開箱美食、享受旅遊！開啟台灣兩天一夜旅遊寶典。"
          },
          {
            "content_id": "VOD00321244",
            "time_codes": [
              805000,
              1677000,
              2456000
            ],
            "timecode_duration": [],
            "length": 2850000,
            "asset_id": "vod64339-000179M001",
            "title": "",
            "subtitle": "第179集 豆子兄弟吃翻全台灣！一周限定夜市挑戰！嘉義大林夜市、桃園八德興仁夜市、宜蘭清溝夜市",
            "ep_number": 179,
            "rating": 1,
            "content_type": "show",
            "p_start": 1762220700000,
            "vod_channel_description": "全台走透透，吃美食也住好宿，透過主持人的透視角，規劃最好的兩天一夜行程，帶給觀眾國內最棒的旅遊體驗！「2天1夜go」跟著納豆、曾子余開箱美食、享受旅遊！開啟台灣兩天一夜旅遊寶典。"
          },
          {
            "content_id": "VOD00321245",
            "time_codes": [
              574000,
              1289000,
              2165000
            ],
            "timecode_duration": [],
            "length": 2850000,
            "asset_id": "vod64339-000180M001",
            "title": "",
            "subtitle": "第180集 繼續吃爆台灣夜市！豆子兄弟年終獎金靠這次！土城聖母廟夜市、屏東新潮州夜市、高雄仁武夜市",
            "ep_number": 180,
            "rating": 1,
            "content_type": "show",
            "p_start": 1762223700000,
            "vod_channel_description": "全台走透透，吃美食也住好宿，透過主持人的透視角，規劃最好的兩天一夜行程，帶給觀眾國內最棒的旅遊體驗！「2天1夜go」跟著納豆、曾子余開箱美食、享受旅遊！開啟台灣兩天一夜旅遊寶典。"
          },
          {
            "content_id": "VOD00323869",
            "time_codes": [
              625000,
              1500000,
              2081000
            ],
            "timecode_duration": [],
            "length": 2850000,
            "asset_id": "vod64339-000181M001",
            "title": "",
            "subtitle": "第181集 大胃王哈孝遠、邵阿咩來踢館啦！豆子兄弟是否能順利防守？台中漁人町/大慶夜市、南投草鞋墩夜市",
            "ep_number": 181,
            "rating": 1,
            "content_type": "show",
            "p_start": 1762226700000,
            "vod_channel_description": "全台走透透，吃美食也住好宿，透過主持人的透視角，規劃最好的兩天一夜行程，帶給觀眾國內最棒的旅遊體驗！「2天1夜go」跟著納豆、曾子余開箱美食、享受旅遊！開啟台灣兩天一夜旅遊寶典。"
          },
          {
            "content_id": "VOD00323870",
            "time_codes": [
              693000,
              1446000,
              2116000
            ],
            "timecode_duration": [],
            "length": 2850000,
            "asset_id": "vod64339-000182M001",
            "title": "",
            "subtitle": "第182集 依依不要看！納豆帶櫻花妹玩雙北？觀光客來台灣都去哪裡？日本人都讚不絕口？",
            "ep_number": 182,
            "rating": 1,
            "content_type": "show",
            "p_start": 1762229700000,
            "vod_channel_description": "全台走透透，吃美食也住好宿，透過主持人的透視角，規劃最好的兩天一夜行程，帶給觀眾國內最棒的旅遊體驗！「2天1夜go」跟著納豆、曾子余開箱美食、享受旅遊！開啟台灣兩天一夜旅遊寶典。"
          },
          {
            "content_id": "VOD00339162",
            "time_codes": [
              785000,
              1599000,
              2172000
            ],
            "timecode_duration": [],
            "length": 2850000,
            "asset_id": "vod64339-000196M001",
            "title": "",
            "subtitle": "第196集 基隆 A咖美食PK！觀光客不知道的 基隆人最愛的早餐組合！限量肉包 燒餅 美味真心不騙",
            "ep_number": 196,
            "rating": 1,
            "content_type": "show",
            "p_start": 1762232700000,
            "vod_channel_description": "今天要帶大家一起去基隆，探索觀光客不知道的「A咖美食」！包含皆採先煎再烤的方式、基隆人早餐愛吃的「蔥油餅」，還有不用瓦斯、燒製出來的「炭烤燒餅」，以及老闆1天只做300顆、開賣3小時就完售的「超強肉包」，堅持28年的老味道、八斗子人的私藏「粿仔湯」！"
          },
          {
            "content_id": "VOD00339163",
            "time_codes": [
              720000,
              1571000,
              2327000
            ],
            "timecode_duration": [],
            "length": 2850000,
            "asset_id": "vod64339-000197M001",
            "title": "",
            "subtitle": "第197集 鹿港vs員林！彰化美食內戰爭輸贏？起司肉蛋麵、皮蛋涼麵、韓國爆紅可頌鬆餅",
            "ep_number": 197,
            "rating": 1,
            "content_type": "show",
            "p_start": 1762235700000,
            "vod_channel_description": "今天帶大家一起去彰化，展開彰化鹿港和員林的美食內戰！首先開吃鹿港彈牙黑輪與帶有Q勁米血、料豐味美五味羹、巨大排骨飯、創意日式涼麵、純手工粉粿，還要學習鹿港在地人的吃法，麵線糊直接用喝的！接著再前往員林市場裡，一嘗最「美術系」的壽司，再來吃在錶店賣的「混蛋麵」、祖傳三代小吃店～"
          },
          {
            "content_id": "VOD00339164",
            "time_codes": [
              700000,
              1413000,
              2450000
            ],
            "timecode_duration": [],
            "length": 2851000,
            "asset_id": "vod64339-000198M001",
            "title": "",
            "subtitle": "第198集 24小時快閃又來啦！前往日本名古屋！",
            "ep_number": 198,
            "rating": 1,
            "content_type": "show",
            "p_start": 1762238700000,
            "vod_channel_description": "這次挑戰「24小時快閃名古屋」啦！首先來吃使用愛知縣特產「名古屋交趾雞」蛋、超可愛的「小雞布丁蛋糕」，接著再去超狂的「咖啡店」，老闆的絕活就是爬上鋁梯，將銅壺中的咖啡和牛奶精準地倒進杯子裡呢～還有絕不能錯過、與大阪城和熊本城合稱為「日本3大名城」的「名古屋城」！"
          },
          {
            "content_id": "VOD00339165",
            "time_codes": [
              728000,
              1596000,
              2301000
            ],
            "timecode_duration": [],
            "length": 2850000,
            "asset_id": "vod64339-000199M001",
            "title": "",
            "subtitle": "第199集 2天1夜戰情室！台北爆紅店家特搜！",
            "ep_number": 199,
            "rating": 1,
            "content_type": "show",
            "p_start": 1762241700000,
            "vod_channel_description": "今天主持人納豆、曾子余、梁舒涵帶著大家一起吃爆雙北，揭祕雙北店家大暴紅原因！包含1.5小時就完售的「立院下午茶雞排」、立法院上班族的精神糧食「生煎包」、被蛋塔耽誤的「豆漿店」、在民宅內也吃得到「桶仔雞」、網稱甜點控心中的「首選點心」、台北也喝得到的「溫體牛肉湯」！"
          },
          {
            "content_id": "VOD00339166",
            "time_codes": [
              795000,
              1679000,
              2439000
            ],
            "timecode_duration": [],
            "length": 2851000,
            "asset_id": "vod64339-000200M001",
            "title": "",
            "subtitle": "第200集 挖寶挖不停！高雄三大旅遊熱點",
            "ep_number": 200,
            "rating": 1,
            "content_type": "show",
            "p_start": 1762244700000,
            "vod_channel_description": "高雄挖寶挖不停！首先是50年老店、旗山唯一「鐵板肉圓」，還有只營業3.5小時、旗山人的下午茶，更要嘗全台最醜的「手工米腸」、港邊大廚的「無菜單料理」、超狂「野生紫海膽」。再入住從來不給拍、媒體首曝光的「高雄最高級飯店」，融合當地食材的「高級鐵板燒」也必吃！"
          },
          {
            "content_id": "VOD00339167",
            "time_codes": [
              633000,
              1434000,
              2420000
            ],
            "timecode_duration": [],
            "length": 2850000,
            "asset_id": "vod64339-000201M001",
            "title": "",
            "subtitle": "第201集 終於說出口！出賣恆春超強美食！超美麗海景住宿、蛋酥餅、羊肉料理、泰式料理",
            "ep_number": 201,
            "rating": 1,
            "content_type": "show",
            "p_start": 1762247700000,
            "vod_channel_description": "今天帶著大家一起到恆春，開吃恆春超強美食！包含開業14年的當地「人氣銅板小吃」、從不打廣告卻天天高朋滿座的「泰式料理」、旺季非常難訂到位的「私房料理」、當地人超愛吃的「羊肉店」、3月新開幕的「祕境小吃」、由百年古蹟恆春郡役所官舍所改造的「甜點店」、結合中、西、日式的「創意料理」！"
          },
          {
            "content_id": "VOD00339594",
            "time_codes": [
              658000,
              1484000,
              2527000
            ],
            "timecode_duration": [],
            "length": 2849000,
            "asset_id": "vod64339-000202M001",
            "title": "",
            "subtitle": "第202集 怕熱的請跟我走！一起來清境涼一下！雲南擺夷料理、景觀咖啡廳、活蝦料理",
            "ep_number": 202,
            "rating": 1,
            "content_type": "show",
            "p_start": 1762250700000,
            "vod_channel_description": "炎炎夏日就是要來到山上清涼一下，怕熱的朋友一起來清境玩吧！邊賞櫻邊吃「拉麵」，可說是視覺味覺雙饗宴！絕美南投「景觀咖啡廳」、波西米亞+森林系美學秒殺記憶體，還有小孩和大人都愛、像極了童話故事裡的「糖果屋」，還要住進有義式鄉村城堡、君士坦丁堡、 歐洲庭園館共3個住宿區的「渡假山莊」！"
          },
          {
            "content_id": "VOD00339595",
            "time_codes": [
              677000,
              1378000,
              2135000
            ],
            "timecode_duration": [],
            "length": 2851000,
            "asset_id": "vod64339-000203M001",
            "title": "",
            "subtitle": "第203集 2024玩樂地圖！去完得蘭嶼病？羊肉拉麵、漂流木餐廳",
            "ep_number": 203,
            "rating": 1,
            "content_type": "show",
            "p_start": 1762253700000,
            "vod_channel_description": "今天要坐上「金星八號」前往蘭嶼，一起感受這個外島的魅力！首先開吃以不少漂流木作裝飾、店內沒有菜單的超狂餐廳，有期間限定的「飛魚一夜干」和需要預訂的「海戰車」，再吃超經典的「羊肉拉麵」、「特色調酒」，最後更要朝聖在地人吃的早午餐店，也不能錯過可以邊看美麗的大海，邊吃刨冰的冰店！"
          },
          {
            "content_id": "VOD00339923",
            "time_codes": [
              902000,
              1933000,
              2524000
            ],
            "timecode_duration": [],
            "length": 2850000,
            "asset_id": "vod64339-000204M001",
            "title": "",
            "subtitle": "第204集 一起來特搜探店！台南諧音梗餐廳",
            "ep_number": 204,
            "rating": 1,
            "content_type": "show",
            "p_start": 1762256700000,
            "vod_channel_description": "今天來到諧音哏的大本營——台南，探店諧音哏店家，包含店名超有趣的「鍋燒意麵」、「銀絲卷」，還有號稱全台最長「千層酥」、擁有1458層千層的驚人結構，以及今年1月獲得米其林必比登推薦的「台式家常菜」、廚房團隊均具備西餐背景的「新穎麵食店」，更有所有食材都是自己下海捕獲的「無菜單料理」。"
          },
          {
            "content_id": "VOD00340358",
            "time_codes": [
              625000,
              1629000,
              2481000
            ],
            "timecode_duration": [],
            "length": 2851000,
            "asset_id": "vod64339-000205M001",
            "title": "",
            "subtitle": "第205集 抱歉我來晚了！找出苗栗漏網美食",
            "ep_number": 205,
            "rating": 1,
            "content_type": "show",
            "p_start": 1762259700000,
            "vod_channel_description": "今天帶著大家一起來到苗栗，找出還沒介紹過的苗栗漏網美食！包含開在懸崖上的餐廳、無菜單的「客家料理」，由一對小夫妻經營、隱身在菜市場內的「文青麵鋪」，已經經營70年、使用了自家清冰來製作的「獨家飲品」，卓蘭當地數一數二、以「客家菜及泰國菜」為主的餐廳。"
          },
          {
            "content_id": "VOD00344050",
            "time_codes": [
              702000,
              1491000,
              2404000
            ],
            "timecode_duration": [],
            "length": 2850000,
            "asset_id": "vod64339-000208M001",
            "title": "",
            "subtitle": "第208集 挑戰最HOT！綠島熱門旅遊圖鑑",
            "ep_number": 208,
            "rating": 1,
            "content_type": "show",
            "p_start": 1762262700000,
            "vod_channel_description": "今天要前進綠島，挑戰夏天最Hot！包含綠島少數的在地小吃和美食、島上釣客們的廚房、Google地圖上找不到的祕境酒吧，還要入住質感度破表的旅宿、躺在床上就會擁有綠島海景。更有在綠島打響名號、近期開拓新分店到台東的超強漢堡～\n"
          },
          {
            "content_id": "VOD00344051",
            "time_codes": [
              970000,
              1662000,
              2494000
            ],
            "timecode_duration": [],
            "length": 2850000,
            "asset_id": "vod64339-000209M001",
            "title": "",
            "subtitle": "第209集 終極進化！天阿！嘉義美食又升級啦！",
            "ep_number": 209,
            "rating": 1,
            "content_type": "show",
            "p_start": 1762265700000,
            "vod_channel_description": "今天帶著大家一起開吃、開玩嘉義！包含50年「米糕老店」、文青「火雞肉飯」、嘉義第二好吃「炒螺肉」、消暑必嗑在地人回憶「仙草冰」、今年獲得環保標章——金獎認證殊榮的「最美親子飯店」、手工現點現做「超強港點」、藏在巷弄裡的溫暖「媽媽味料理」。"
          },
          {
            "content_id": "VOD00344052",
            "time_codes": [
              950000,
              1643000,
              2416000
            ],
            "timecode_duration": [],
            "length": 2850000,
            "asset_id": "vod64339-000210M001",
            "title": "",
            "subtitle": "第210集 年輕人都吃這些！屏東潮美食正夯！",
            "ep_number": 210,
            "rating": 1,
            "content_type": "show",
            "p_start": 1762268700000,
            "vod_channel_description": "今天帶著大家一起來到屏東，顛覆大家對屏東的想像！首先來到外觀超潮、看起來像藝術館的「五星級市場」，接著在日式建築裡吃屏東食材做的「私房菜」，還要吃「清爽臭豆腐」，也有甜的炸豆腐也太狂了～另外，全台唯一日本人引進的「日式流水素麵」、高屏餐車「蘿蔔粄」都一次嘗鮮。"
          },
          {
            "content_id": "VOD00345865",
            "time_codes": [
              671000,
              1799000,
              2471000
            ],
            "timecode_duration": [],
            "length": 2851000,
            "asset_id": "vod64339-000211M001",
            "title": "",
            "subtitle": "第211集 召喚美食神龍！蒐集小琉球七龍珠",
            "ep_number": 211,
            "rating": 1,
            "content_type": "show",
            "p_start": 1762271700000,
            "vod_channel_description": "今天來到小琉球，一起吃爆美食！首先爽嗑「生魚片」，還要用小琉球的特別吃法吃～洗版各大社群的「綜合水果剉冰」、每日現做「手工甜甜圈」、隱藏版「串燒店」、清涼「手切冰淇淋」都不能錯過，最後更要入住使用大量植栽營造熱帶雨林風格、環境簡約有質感的「獨棟Villa」！"
          },
          {
            "content_id": "VOD00345866",
            "time_codes": [
              693000,
              1591000,
              2366000
            ],
            "timecode_duration": [],
            "length": 2849000,
            "asset_id": "vod64339-000212M001",
            "title": "",
            "subtitle": "第212集 台中山線一哥！豐原有錢人都吃什麼？",
            "ep_number": 212,
            "rating": 1,
            "content_type": "show",
            "p_start": 1762274700000,
            "vod_channel_description": "今天帶著大家一起來到豐原，首先來朝聖近4年建造完成的「夢幻民宿」，再開吃主打「日式料理」的食堂、全台唯一絕美「雪冰」、在地經營50年「菱角酥」、大顆肥美「蚵仔煎」，還有超浮誇滿料「海鮮粥」、隱藏版千則好評「牛肉麵店」、在地人超愛的「招牌肉粥」，通通都不能錯過呀～"
          },
          {
            "content_id": "VOD00346533",
            "time_codes": [
              899000,
              2126000,
              2450000
            ],
            "timecode_duration": [],
            "length": 2826000,
            "asset_id": "vod64339-000213M001",
            "title": "",
            "subtitle": "第213集 真南投一番在這！美食職人來踢館",
            "ep_number": 213,
            "rating": 1,
            "content_type": "show",
            "p_start": 1762277700000,
            "vod_channel_description": "聽說在南投一帶，隱藏很多追求完美的職人廚師！今天帶著大家一起去南投見識見識～包含南投鄉民間瘋傳「全台唯一的皮蛋捲餅」、一碗要煮上12小時的「瓦罐煨湯」、想吃要等半小時的「鮮肉蛋堡」、總統級的「魚酥捲」。另外，14天才能成就出「咖哩飯」、現點現烤「烤粿」、深夜必吃「烤玉米」也不能錯過！"
          },
          {
            "content_id": "VOD00349510",
            "time_codes": [
              874000,
              1634000,
              2218000
            ],
            "timecode_duration": [],
            "length": 2824000,
            "asset_id": "vod64339-000214M001",
            "title": "",
            "subtitle": "第214集 21旅行團go！一起瘋玩苗栗海線",
            "ep_number": 214,
            "rating": 1,
            "content_type": "show",
            "p_start": 1762280700000,
            "vod_channel_description": "今天主持人納豆、曾子余、梁舒涵帶著里民，一起來到了苗栗縣！開吃位於竹南公義路上的「燒肉捲餅」，現點現炒非常好吃！再去苗栗縣第一個「假日魚市」，可直接購買新鮮海產回家烹調。還有選用當地當季的「新鮮漁獲料理」、藏在鐵路旁「肉粽專賣店」也不能錯過，快來跟著《2天1夜go》玩苗栗啦～"
          },
          {
            "content_id": "VOD00349511",
            "time_codes": [
              684000,
              1362000,
              2065000
            ],
            "timecode_duration": [],
            "length": 2825000,
            "asset_id": "vod64339-000215M001",
            "title": "",
            "subtitle": "第215集 食尚特別企劃！帶新竹里民玩苗栗、台中！",
            "ep_number": 215,
            "rating": 1,
            "content_type": "show",
            "p_start": 1762283700000,
            "vod_channel_description": "今天主持人納豆、曾子余、梁舒涵帶著里民，吃玩苗栗、台中！包含藏身在苑裡市場裡面的「秒殺炸雞」、招牌必吃的「魯肉豆沙大餅」和「魯肉綠豆椪」，還要朝聖擁有「最美牛肉麵店」之稱的玻璃屋牛肉麵店，以及結合民宿、餐廳、休閒的「多元化旅遊景點」～"
          },
          {
            "content_id": "VOD00349512",
            "time_codes": [
              612000,
              1438000,
              2208000
            ],
            "timecode_duration": [],
            "length": 2850000,
            "asset_id": "vod64339-000216M001",
            "title": "",
            "subtitle": "第216集 JAPAN爭霸戰！來看台北最夯景點",
            "ep_number": 216,
            "rating": 1,
            "content_type": "show",
            "p_start": 1762286700000,
            "vod_channel_description": "尋找雙北最夯、最Japan的景點！包含大胃王必挑戰、超澎派的「霸王級海鮮龍船火鍋」，還有在侘寂風老宅享用日治時期最「道地台菜」，開吃台北最創意「冰品店」、巨無霸「叉燒拉麵」、日式道地「章魚燒」，最後還要體驗試穿手綁腰帶道地和服，再入住外觀集結台日設計師和藝術家的巧思的「輕奢飯店」！"
          },
          {
            "content_id": "VOD00349513",
            "time_codes": [
              702000,
              1371000,
              2529000
            ],
            "timecode_duration": [],
            "length": 2851000,
            "asset_id": "vod64339-000218M001",
            "title": "",
            "subtitle": "第218集 你累了嗎？宜蘭美食充電計畫！",
            "ep_number": 218,
            "rating": 1,
            "content_type": "show",
            "p_start": 1762289700000,
            "vod_channel_description": "今天主持人納豆、曾子余、梁舒涵帶著大家一起來到宜蘭充電！開吃在地混搭吃法的「花生捲香腸」，還有「寶物爌肉油飯」、有緣分才吃得到的「鹹粥」、超人氣「酒釀雪花冰」、地表最狂「海鮮燒烤吃到飽」都要吃！接著還要入住超美的「質感民宿」，最後再朝聖全台首創「袋鼠互動區」！"
          },
          {
            "content_id": "VOD00349514",
            "time_codes": [
              709000,
              1577000,
              2340000
            ],
            "timecode_duration": [],
            "length": 2831000,
            "asset_id": "vod64339-000219M001",
            "title": "",
            "subtitle": "第219集 出發去馬來西亞沙巴！最強度假海島 寄生豆流！",
            "ep_number": 219,
            "rating": 1,
            "content_type": "show",
            "p_start": 1762292700000,
            "vod_channel_description": "今天出發到一個CP值超高的海島——馬來西亞的沙巴度假啦！開吃使用溫體豬每日新鮮製作、沙巴「最大間生肉面」，還要欣賞號稱「世界三大夕陽」，接著嘗鮮當地人藏著吃的「道地海鮮餐廳」、卡達山族「特色料理」，最後還要朝聖沙巴最新的探險勝地，挑戰18米「高空滑索」，以及坐船才能到的「超美祕境」！"
          },
          {
            "content_id": "VOD00349515",
            "time_codes": [
              634000,
              1715000,
              2499000
            ],
            "timecode_duration": [],
            "length": 2850000,
            "asset_id": "vod64339-000220M001",
            "title": "",
            "subtitle": "第220集 吃貨對決！搶吃沙巴限定美食",
            "ep_number": 220,
            "rating": 1,
            "content_type": "show",
            "p_start": 1762295700000,
            "vod_channel_description": "今天主持人納豆、曾子余、梁舒涵繼續尋找「沙巴限定美食」，包含專營山打根風格的「手打麵」，還有沙巴限定早餐、超好吃的「咖椰吐司」，也別錯過沙巴限定的「大魚火鍋」、來這裡必吃的「椰子冰沙」、「椰子布丁」，最後再入住沙巴新開幕的「高CP值精品飯店」！"
          },
          {
            "content_id": "VOD00351568",
            "time_codes": [
              859000,
              1571000,
              2397000
            ],
            "timecode_duration": [],
            "length": 2850000,
            "asset_id": "vod64339-000221M001",
            "title": "",
            "subtitle": "第221集 帶你一起來解鎖！新竹隱藏新玩法",
            "ep_number": 221,
            "rating": 1,
            "content_type": "show",
            "p_start": 1762298700000,
            "vod_channel_description": "今天主持人納豆、曾子余、梁舒涵帶著大家一起來到新竹，解鎖新竹隱藏玩法！包含隱藏在郊區內的「米其林星級烤鴨」、超人氣「韓國傳統點心」、藏身傳統市場的「煙燻牛排」，還要朝聖擁有80年歷史的「市區動物園」，最後再入住獲得「美國謬思設計大獎」金獎肯定的「低調奢華飯店」 。"
          },
          {
            "content_id": "VOD00354151",
            "time_codes": [
              682000,
              1260000,
              2540000
            ],
            "timecode_duration": [],
            "length": 2849000,
            "asset_id": "vod64339-000222M001",
            "title": "",
            "subtitle": "第222集 雲林黑白大胃王！今天我要吃100碗！",
            "ep_number": 222,
            "rating": 1,
            "content_type": "show",
            "p_start": 1762301700000,
            "vod_channel_description": "今天主持人納豆、曾子余、梁舒涵與嘉賓邵阿咩一起來到雲林，來挖掘在地美食！包含祖傳三代老字號「50年麵線糊」、一週只有2天才吃得到的「邪惡鰻魚飯」、隱藏在火鍋店內的「麻油麵線」、號稱雲林「土魠魚羹」霸主，趕緊跟著《2天1夜go》開吃吧～"
          },
          {
            "content_id": "VOD00354152",
            "time_codes": [
              760000,
              1713000,
              2510000
            ],
            "timecode_duration": [],
            "length": 2832000,
            "asset_id": "vod64339-000223M001",
            "title": "",
            "subtitle": "第223集 搞定麻煩女友趴兔！來花蓮大丈夫囉！",
            "ep_number": 223,
            "rating": 1,
            "content_type": "show",
            "p_start": 1762304700000,
            "vod_channel_description": "今天主持人以及嘉賓麻由帶著大家一起到花蓮，吃別的地方都沒有的特色美食！包含在Dcard票選第一的「拉麵」、超好拍的「網美咖啡廳」、花蓮人冬天補身必吃「烏骨雞老店」、花蓮廚神開的4.9星好評「川菜手路菜」，還有比手掌大的「巨無霸土虱頭」、超澎派的「泰式海鮮」都要吃吃看！"
          },
          {
            "content_id": "VOD00356726",
            "time_codes": [
              807000,
              1552000,
              2515000
            ],
            "timecode_duration": [],
            "length": 2850000,
            "asset_id": "vod64339-000224M001",
            "title": "",
            "subtitle": "第224集 食尚四線一起聯合！蘭嶼省錢旅遊作戰",
            "ep_number": 224,
            "rating": 1,
            "content_type": "show",
            "p_start": 1762307700000,
            "vod_channel_description": "《食尚玩家》特別企畫「省錢大作戰」來啦！主持人納豆、曾子余、梁舒涵帶著大家一起到蘭嶼，開啟蘭嶼省錢大作戰～包含有蘭嶼特產與台灣經典小吃結合的「飛魚刈包」、口味獨特的「鍋巴飯糰」、招牌法式培根捲＋大腸豬血湯的「超狂早餐」！"
          },
          {
            "content_id": "VOD00356727",
            "time_codes": [
              435000,
              1390000,
              2165000
            ],
            "timecode_duration": [],
            "length": 2760000,
            "asset_id": "vod64339-000225M001",
            "title": "",
            "subtitle": "第225集 你的味蕾誰主控？基隆美食急轉彎！",
            "ep_number": 225,
            "rating": 1,
            "content_type": "show",
            "p_start": 1762310700000,
            "vod_channel_description": "今天主持人納豆、曾子余、梁舒涵帶著大家一起吃爆基隆！包含海景老宅「甜點咖啡廳」、在地深耕50年「老字號餅店」、超強排隊「燻香嫩鵝肉店」、鮮甜平價「小卷米粉湯」！"
          },
          {
            "content_id": "VOD00356728",
            "time_codes": [
              794000,
              1720000,
              2492000
            ],
            "timecode_duration": [],
            "length": 2851000,
            "asset_id": "vod64339-000227M001",
            "title": "",
            "subtitle": "第227集 刷新你的三觀！高雄浮誇美食之旅！",
            "ep_number": 227,
            "rating": 1,
            "content_type": "show",
            "p_start": 1762313700000,
            "vod_channel_description": "《2天1夜go》這次來到高雄，開吃浮誇美食！包含巷弄人潮不斷、價格親民又實在的「大分量小吃店」，還有超獨特的「蚵仔煎蓋麵」、在地超人氣的「螃蟹專賣店」、地表最強「叻沙麵」，最後再入住南台灣「首座日式國際酒店」，更多精采內容千萬別錯過～"
          },
          {
            "content_id": "VOD00356729",
            "time_codes": [
              1020000,
              1905000,
              2394000
            ],
            "timecode_duration": [],
            "length": 2850000,
            "asset_id": "vod64339-000228M001",
            "title": "",
            "subtitle": "第228集 不可能這麼浪漫欸！納豆日本沖繩求婚依依大作戰！",
            "ep_number": 228,
            "rating": 1,
            "content_type": "show",
            "p_start": 1762316700000,
            "vod_channel_description": "今天主持人納豆、曾子余、梁舒涵，以及嘉賓依依一起來到沖繩囉！首先開吃沖繩國際通排隊「人氣拉麵店」，還有超爆滿的「鮭魚卵蓋飯」，最後更朝聖沖繩10座「最美的海灘」之一！"
          },
          {
            "content_id": "VOD00362193",
            "time_codes": [
              587000,
              1581000,
              2546000
            ],
            "timecode_duration": [],
            "length": 2851000,
            "asset_id": "vod64339-000230M001",
            "title": "",
            "subtitle": "第230集 讓你超級下飯！看台北高顏值老闆！",
            "ep_number": 230,
            "rating": 1,
            "content_type": "show",
            "p_start": 1762319700000,
            "vod_channel_description": "今天主持人納豆、曾子余、梁舒涵網羅雙北高顏質的帥氣老闆，讓大家能夠一邊享用美食還能看帥哥！包含IG瘋傳不要讓老公知道的「義式餐廳」、被認為是「台北最美豆花店」的日系稻草屋，以及超道地的「四川麻辣鍋」、膠質滿滿的獨門「銷魂腿庫麵」！"
          },
          {
            "content_id": "VOD00362194",
            "time_codes": [
              382000,
              1077000,
              2575000
            ],
            "timecode_duration": [],
            "length": 2850000,
            "asset_id": "vod64339-000231M001",
            "title": "",
            "subtitle": "第231集 台味南波萬！雙和vs.三蘆 戰起來！",
            "ep_number": 231,
            "rating": 1,
            "content_type": "show",
            "p_start": 1762322700000,
            "vod_channel_description": "今天主持人納豆、曾子余、梁舒涵帶著大家一起吃爆新北！包含「滷肉飯」五巨頭名店之一、一週只開3天的「限量雞排」、15公分「巨無霸大鍋貼」！"
          },
          {
            "content_id": "VOD00362195",
            "time_codes": [
              632000,
              1423000,
              2540000
            ],
            "timecode_duration": [],
            "length": 2850000,
            "asset_id": "vod64339-000232M001",
            "title": "",
            "subtitle": "第232集 春節連假要去哪？一起去彰化走春吧",
            "ep_number": 232,
            "rating": 1,
            "content_type": "show",
            "p_start": 1762325700000,
            "vod_channel_description": "今天帶著大家一起吃爆彰化美食！首先開吃過年必吃的「豬腳」，俗話說吃豬腳添福壽、吃腿庫補財庫，這樣的好含意太適合當年菜吃了～還有CP值超高、百元初就能吃到「佛跳牆」，以及隱藏在員林戲院裡的「日式料理」、在地60年「老字號肉圓芋丸」、市場超過70年的「羊肉爐老店」！"
          },
          {
            "content_id": "VOD00362196",
            "time_codes": [
              688000,
              1252000,
              1880000
            ],
            "timecode_duration": [],
            "length": 2850000,
            "asset_id": "vod64339-000233M001",
            "title": "",
            "subtitle": "第233集 最強無名小吃！台中必吃神級控肉口腔爆汁、Q彈米糕、綿密豆花一口驚豔！",
            "ep_number": 233,
            "rating": 1,
            "content_type": "show",
            "p_start": 1762328700000,
            "vod_channel_description": "今天帶著大家一起來到台中，找出一些默默無名，卻人潮滿滿的無名店家！包含隱藏在巷弄中的20年「排隊麵店」、黃昏市場中的「人氣豆花店」、地人激推的「綿密米糕」、外縣市唯一可以媲美彰化的「神級爌肉飯」、蔥量爆棚的「超狂燒餅」、CP值超高的「平價泰式料理」，更要嘗鮮「秒殺級布丁和千層蛋糕」～"
          },
          {
            "content_id": "VOD00362197",
            "time_codes": [
              497000,
              1070000,
              2655000
            ],
            "timecode_duration": [],
            "length": 2850000,
            "asset_id": "vod64339-000234M001",
            "title": "",
            "subtitle": "第234集 湖美VS大東東！熱賣一甲子烤肉攤、神級藥膳湯、百元舒芙蕾 誰是南霸天？",
            "ep_number": 234,
            "rating": 1,
            "content_type": "show",
            "p_start": 1762331700000,
            "vod_channel_description": "這次主持人納豆、曾子余、梁舒涵帶著大家一起來到南部，進行「嘉義湖美夜市」和「台南大東東夜市」的雙雄對決！包含「大阪風味章魚燒」「口感厚實綿密舒芙蕾」「爆炒大腸香腸」，還有「創新蔥肉餅」、號稱嘉義「最強豆乳雞」也不能錯過，最後還要入住擁有夢幻頂樓泳池的飯店！"
          },
          {
            "content_id": "VOD00372898",
            "time_codes": [
              514000,
              1391000,
              2667000
            ],
            "timecode_duration": [],
            "length": 2850000,
            "asset_id": "vod64339-000235M001",
            "title": "",
            "subtitle": "第235集 宜蘭隱藏美食！咖啡廳竟藏道地牛尾河粉？秒殺級甜點扁可頌、深夜幽靈炭烤餐車！",
            "ep_number": 235,
            "rating": 1,
            "content_type": "show",
            "p_start": 1762334700000,
            "vod_channel_description": "今天主持人納豆化身人體導航，和曾子余、梁舒涵帶著大家一起到宜蘭，解鎖宜蘭隱藏美食！包含躲藏在咖啡店內的「牛尾河粉」、開賣即秒殺的「起酥臭豆腐」、隱身海產店內的「生猛鍋物」、顛覆你想像的「爐烤牛肉麵」、鄉村田野間的「超搶手麵包」。"
          },
          {
            "content_id": "VOD00372899",
            "time_codes": [
              553000,
              1128000,
              2485000
            ],
            "timecode_duration": [],
            "length": 2850000,
            "asset_id": "vod64339-000236M001",
            "title": "",
            "subtitle": "第236集 高雄美食魷戲！60元牛雜湯、排隊白草莓大福、國宴級鹽焗雞、實力派拉麵！",
            "ep_number": 236,
            "rating": 1,
            "content_type": "show",
            "p_start": 1762337700000,
            "vod_channel_description": "這次來到高雄，進行一場高雄「美食遊戲」！首先吃爆開了60多年、稱霸南高雄的60元「牛肉燴飯」；接著再嘗鮮超人氣排隊「草莓手工麻糬」、文化中心一帶拉麵戰區裡的「雞白湯拉麵」、季節限定的「大人系日式刨冰」、全台首創的「梅子口味鹽焗雞」，更要入住前身為港務局宿舍的駁二「高CP值質感住宿」。"
          },
          {
            "content_id": "VOD00372900",
            "time_codes": [
              390000,
              1217000,
              2664000
            ],
            "timecode_duration": [],
            "length": 2850000,
            "asset_id": "vod64339-000237M001",
            "title": "",
            "subtitle": "第237集 屏東特有種美食！東港蚵仔嗲、蒸炸肉丸雙重享受、奶香鐵板黑鮪魚、多口味泰國蝦",
            "ep_number": 237,
            "rating": 1,
            "content_type": "show",
            "p_start": 1762340700000,
            "vod_channel_description": "《2天1夜go》主持人納豆、曾子余、梁舒涵這次來到屏東，揭秘屏東才有的特有美食～包含有超澎派配料的「經典飯湯」、屏東的「70年肉丸老店」「特有餛飩」，更要入住能一覽絕美海景的屏東獨有「景觀民宿」。"
          },
          {
            "content_id": "VOD00372901",
            "time_codes": [
              656000,
              1646000,
              2428000
            ],
            "timecode_duration": [],
            "length": 2850000,
            "asset_id": "vod64339-000238M001",
            "title": "",
            "subtitle": "第238集 普吉島IG美照產地！夢幻泳池別墅、香檳SPA、米其林道地泰南菜",
            "ep_number": 238,
            "rating": 1,
            "content_type": "show",
            "p_start": 1762343700000,
            "vod_channel_description": "本集帶著大家前往普吉島，挑戰在美景拍出網美照，成功才能享用特色泰國美食！包含「普吉島傳奇餐廳」，好吃到起立鼓掌；當地人最愛的早午餐，必比登街邊小吃「超香脆炸雞抓餅」；普吉島上「全新五星級飯店」，走出飯店即到海灘，還附設私人泳池；以及超過25年的「貴婦奢華Spa」品牌。"
          },
          {
            "content_id": "VOD00372902",
            "time_codes": [
              576000,
              1563000,
              2275000
            ],
            "timecode_duration": [],
            "length": 2850000,
            "asset_id": "vod64339-000239M001",
            "title": "",
            "subtitle": "第239集 曼谷最強米其林攻略！黃金蟹肉包蛋、Lisa私藏愛店、豬肉粥 、芒果糯米飯",
            "ep_number": 239,
            "rating": 1,
            "content_type": "show",
            "p_start": 1762346700000,
            "vod_channel_description": "這次前進泰國，《2天1夜go》來吃爆泰式好料！包含台灣人沒看過的「脆皮雪花蚵仔煎」、被稱為「曼谷最好吃的粥店」、在地人瘋排「泰式雞飯」，還要入住擁有私人管家和絕美泳池的「超美飯店」。"
          },
          {
            "content_id": "VOD00372903",
            "time_codes": [
              330000,
              1363000,
              2615000
            ],
            "timecode_duration": [],
            "length": 2850000,
            "asset_id": "vod64339-000240M001",
            "title": "",
            "subtitle": "第240集 跟著媽祖吃香喝辣！手工煎盤粿、拳頭大爌肉飯、脆皮肉圓、百年炸粿",
            "ep_number": 240,
            "rating": 1,
            "content_type": "show",
            "p_start": 1762349700000,
            "vod_channel_description": "台灣傳統民俗文化「媽祖遶境」，是全球三大宗教盛事之一，每年台中大甲媽祖遶境、北港朝天宮媽祖遶境總是吸引許多信徒熱情參與，這次特別搶先幫大家找出8家媽祖遶境必吃的美食＋伴手禮，包含50年老字號「脆皮肉圓」、滿滿蔥肉餡的「炸粿老店」，還有彰化三大手工麻糬之一的「排隊麻糬」！"
          },
          {
            "content_id": "VOD00372904",
            "time_codes": [
              566000,
              1112000,
              2500000
            ],
            "timecode_duration": [],
            "length": 2850000,
            "asset_id": "vod64339-000241M001",
            "title": "",
            "subtitle": "第241集 台中升溫之旅！大骨湯、熟成韓式烤肉、炙燒握壽司、草莓豆花剉冰、全新VILLA飯店",
            "ep_number": 241,
            "rating": 1,
            "content_type": "show",
            "p_start": 1762352700000,
            "vod_channel_description": "這次納豆、子余、舒涵、麻由來吃台中美食啦！開吃隱藏在巷弄的「復古風台菜料理」、熟成72小時的「韓式烤肉」，還要吃爆大慶夜市的必吃小吃，最後還要開箱去年底新開幕的「度假飯店」！"
          },
          {
            "content_id": "VOD00372905",
            "time_codes": [
              632000,
              1239000,
              2326000
            ],
            "timecode_duration": [],
            "length": 2850000,
            "asset_id": "vod64339-000242M001",
            "title": "",
            "subtitle": "第242集 台南12小時爆吃12間！烤鴨蔥抓餅、爆汁臭豆腐、必比登炒鱔魚、加湯800次麻油雞",
            "ep_number": 242,
            "rating": 1,
            "content_type": "show",
            "p_start": 1762355700000,
            "vod_channel_description": "本集來到擁有美食天堂之稱的台南，進行一場美食馬拉松，要吃爆在地人推薦的台南小吃！包含手工麵糊製作，口感軟Q濕潤的「手工蛋餅」；店家特製湯頭和現炸魚酥讓美味升級的「古早味鍋燒意麵」；放在冰上也不會硬的「純手工湯圓」；還有隱身鐵皮屋，不排隊可吃不到的「爆汁臭豆腐」。"
          },
          {
            "content_id": "VOD00372906",
            "time_codes": [
              673000,
              1405000,
              2485000
            ],
            "timecode_duration": [],
            "length": 2850000,
            "asset_id": "vod64339-000243M001",
            "title": "",
            "subtitle": "第243集 鐵道大富翁2.0！評價破千則板橋麵線店！消暑冰粉、五元爆汁蒸餃、現炒沙威瑪",
            "ep_number": 243,
            "rating": 1,
            "content_type": "show",
            "p_start": 1762358700000,
            "vod_channel_description": "《食尚玩家》「2天1夜go」播出滿5週年，節目推出特別企劃「火車環島大富翁」，挑戰擲骰子搭火車環台。比賽一開始，曾子余逢人就拜託搭便車，他運氣彷彿開外掛，接連碰到好心人願意開車接送，不料到新竹站，賭上運氣抽機會卡，卻落得和納豆一起上銬「黏」在一起，2人直呼「好噁」，引得路人側目竊笑。"
          },
          {
            "content_id": "VOD00372907",
            "time_codes": [
              755000,
              2076000,
              2465000
            ],
            "timecode_duration": [],
            "length": 2850000,
            "asset_id": "vod64339-000244M001",
            "title": "",
            "subtitle": "第244集 鐵道大富翁2.0！國宴指定肉圓、50年老店蛤仔麵、古早味蛋飯、衝民雄鬼屋喝咖啡",
            "ep_number": 244,
            "rating": 1,
            "content_type": "show",
            "p_start": 1762361700000,
            "vod_channel_description": "《食尚玩家2天1夜go》5週年特別企劃來了！這次用趣味遊戲的方式，帶大家吃遍「全台火車站美食」～包含苗栗車站必吃「在地首選客家菜」、曾被選為國宴指定小吃「肉圓」，雲林人超愛的下午茶點心之一「限定麻糬」，快來看看納豆、曾子余、梁舒涵、麻由的口袋名單吧！"
          },
          {
            "content_id": "VOD00372908",
            "time_codes": [
              505000,
              1623000,
              2391000
            ],
            "timecode_duration": [],
            "length": 2849000,
            "asset_id": "vod64339-000245M001",
            "title": "",
            "subtitle": "第245集 鐵道大富翁2.0！開店必爆滿 金崙人氣牛肉麵、勝利星村老宅串燒、玉里人氣臭豆腐",
            "ep_number": 245,
            "rating": 1,
            "content_type": "show",
            "p_start": 1762364700000,
            "vod_channel_description": "《食尚玩家2天1夜go》5週年特別企劃來了！這次用趣味遊戲的方式，帶大家吃遍「全台火車站美食」～包含板橋車站人氣「神級麵線」、苗栗車站必吃「在地首選客家菜」，還有咀嚼控不能錯過的「超繽紛爆紅甜品」，快來看看納豆、曾子余、梁舒涵、麻由的口袋名單吧！"
          },
          {
            "content_id": "VOD00372909",
            "time_codes": [
              607000,
              1178000,
              2222000
            ],
            "timecode_duration": [],
            "length": 2850000,
            "asset_id": "vod64339-000246M001",
            "title": "",
            "subtitle": "第246集 鐵道大富翁2.0！花蓮必喝檸檬汁、酥香爆汁臭豆腐、羅東人氣當歸羊肉湯、蘇澳平價生猛海鮮",
            "ep_number": 246,
            "rating": 1,
            "content_type": "show",
            "p_start": 1762367700000,
            "vod_channel_description": "《食尚玩家2天1夜go》5週年特別企劃「火車環島大富翁」迎來最終結局！歷經4天、全台共闖29個火車站，戰況最後一天在宜蘭、羅東賽段互有領先，為了搶奪勝利，納豆和曾子余躺在地板蠕動尋找線索，麻由在比手畫腳猜題環節頻卡關，氣急攻心忍不住哭出來。"
          },
          {
            "content_id": "VOD00372910",
            "time_codes": [
              755000,
              1712000,
              2541000
            ],
            "timecode_duration": [],
            "length": 2850000,
            "asset_id": "vod64339-000247M001",
            "title": "",
            "subtitle": "第247集 緊呷啦！雙北小吃天花板！傳承三代羊肉湯、三重排隊腿庫飯及台北芋泥蔗片冰",
            "ep_number": 247,
            "rating": 1,
            "content_type": "show",
            "p_start": 1762370700000,
            "vod_channel_description": "這次納豆、子余和舒涵要吃遍雙北美食，享受多家「天花板等級」的小吃！包含「傳承三代羊肉湯」、鋪滿大腸的「大腸麵線」、三重天天排隊的「腿庫飯」，以及台北「芋泥蔗片冰」！\n"
          },
          {
            "content_id": "VOD00372911",
            "time_codes": [
              554000,
              1189000,
              1787000
            ],
            "timecode_duration": [],
            "length": 2850000,
            "asset_id": "vod64339-000248M001",
            "title": "",
            "subtitle": "第248集 泰國美到不想公開秘境島嶼！皇室渡假勝地、坐豪華遊艇看夕陽、美食血拚All In",
            "ep_number": 248,
            "rating": 1,
            "content_type": "show",
            "p_start": 1762373700000,
            "vod_channel_description": "陽光、沙灘、比基尼！這次主持人們來到有「泰國馬爾地夫」之稱的「斯米蘭群島」，參加浮潛體驗與海龜共遊，享受海洋之美！探索只開放半年且還限制遊客人數的美麗群島，並且在「豪華遊艇」，此外更要去普吉島必去好吃、好逛、好買的當地「夜市」！"
          },
          {
            "content_id": "VOD00374364",
            "time_codes": [
              940000,
              1830000,
              2514000
            ],
            "timecode_duration": [],
            "length": 2849000,
            "asset_id": "vod64339-000256M001",
            "title": "",
            "subtitle": "第256集 好吃到罵「髒話」！彰化人隱藏口袋美食！義式料理天花板、每日限時蛤仔麵",
            "ep_number": 256,
            "rating": 1,
            "content_type": "show",
            "p_start": 1762376700000,
            "vod_channel_description": "大家準備好了嗎？今天就要帶你們深入彰化，探索隱藏美食口袋名單！包含全新開幕的「高質感餐酒館」，還要挑戰超狂「榴槤冰」、深夜限定的「幽靈餐車蘿蔔糕」，還有「元寶雞蛋糕」、 IG爆紅超療癒「水果炒冰」，另外連天王周杰倫生日都指定的愛店、隱身在市場人氣「平價日料」，也不能錯過～"
          },
          {
            "content_id": "VOD00374365",
            "time_codes": [
              1134000,
              2153000,
              2616000
            ],
            "timecode_duration": [],
            "length": 2850000,
            "asset_id": "vod64339-000257M001",
            "title": "",
            "subtitle": "第257集 純樸埔里小鎮！罪餓美食大入侵！？日式昭和冰舖、夢幻懶人露營、拳擊酒吧港式飲茶",
            "ep_number": 257,
            "rating": 1,
            "content_type": "show",
            "p_start": 1762379700000,
            "vod_channel_description": "這集來到台灣的地理中心──南投，這裡被譽為「美酒、美人、甘泉」之鄉，也是全台最純樸的小鎮之一，跟著《2天1夜go》開吃，包含必須10天前預約、被網友封為台版《地獄主廚》的「無菜單料理」，還有全新開幕的「日式昭和冰鋪」、夏日消暑首選「南洋風味湯粉」，以及甜點控不可錯過的「甜點實驗室」～"
          },
          {
            "content_id": "VOD00376243",
            "time_codes": [
              1209000,
              1970000,
              2531000
            ],
            "timecode_duration": [],
            "length": 2851000,
            "asset_id": "vod64339-000258M001",
            "title": "",
            "subtitle": "第258集 大發現！陽金公路美食戰區神店大公開！超浮誇海鮮粥、在地人激推蒜味牛肉拌麵",
            "ep_number": 258,
            "rating": 1,
            "content_type": "show",
            "p_start": 1762382700000,
            "vod_channel_description": "陽金公路這條不只是好拍、好玩，還藏著超多隱藏版美味小店！這次我們要挖出在地人激推的神店，包含排隊「浮誇海鮮粥」、在地人激推「蒜味牛肉拌麵」，還要入住台北唯一「奢華山景無邊際泳池飯店」，還可以爽嗑超狂鱈場蟹、頂級和牛吃到飽～"
          },
          {
            "content_id": "VOD00376244",
            "time_codes": [
              1138000,
              1798000,
              2624000
            ],
            "timecode_duration": [],
            "length": 2850000,
            "asset_id": "vod64339-000259M001",
            "title": "",
            "subtitle": "第259集 這裡竟然有美食？宜蘭神秘隱藏版料理大公開！",
            "ep_number": 259,
            "rating": 1,
            "content_type": "show",
            "p_start": 1762385700000,
            "vod_channel_description": "照過來照過來！這次《2天1夜go》要來公開宜蘭神秘的隱藏版料理！包含中藥調製的「皮蛋油條麵線」、藏在麻辣燙攤裡的「麻辣火鍋」、好吃度爆表的「高顏值冰品」、隱身巷弄的「法式餐酒館」！"
          },
          {
            "content_id": "VOD00378820",
            "time_codes": [
              1114000,
              2053000,
              2671000
            ],
            "timecode_duration": [],
            "length": 2851000,
            "asset_id": "vod64339-000261M001",
            "title": "",
            "subtitle": "第261集 澎湖新玩法！跳島嗑美食才促咪！無人島與海鷗近距離接觸、體驗網美最愛的透明獨木舟",
            "ep_number": 261,
            "rating": 1,
            "content_type": "show",
            "p_start": 1762388700000,
            "vod_channel_description": "《2天1夜go》來場跳島之旅啦！首先必吃澎湖銅板美食，用料實在超Q彈！還有在地人狂推的「獨門醬料配小管麵線」、澎湖唯一「粉色系豆花」也別錯過～接著還要登上無人島，與海鷗近距離接觸、開嗑超鮮美龍蝦泡麵，體驗網美最愛的透明獨木舟！最後更要入住澎湖質感旅宿，包棟住起來超舒適！"
          },
          {
            "content_id": "VOD00378821",
            "time_codes": [
              1183000,
              1851000,
              2568000
            ],
            "timecode_duration": [],
            "length": 2851000,
            "asset_id": "vod64339-000262M001",
            "title": "",
            "subtitle": "第262集 七夕就要這樣過！微蜜月放閃約會清單！納豆吃高級料理吃到哭！",
            "ep_number": 262,
            "rating": 1,
            "content_type": "show",
            "p_start": 1762391700000,
            "vod_channel_description": "今天來教大家如何大家浪漫過七夕！首先來到被拌麵耽誤的「炸物神攤」！還要開吃爆量雞胇+肥美鮮蚵、入住免出國也能感受的「奢華度假風住宿」，獨立泳池、KTV、SPA一次滿足～還要朝聖台中燒肉的新霸主！CP值爆高，日本空運頂級食材海膽、帝王蟹、日本A5神戶和牛通通有～最後還要吃「烤乳豬界天花板」！"
          },
          {
            "content_id": "VOD00378822",
            "time_codes": [
              1109000,
              1852000,
              2478000
            ],
            "timecode_duration": [],
            "length": 2850000,
            "asset_id": "vod64339-000263M001",
            "title": "",
            "subtitle": "第263集 米其林放榜啦！爆吃2025新竹必比登！松阪豬滷肉飯配半熟蛋超邪惡、內餡滿滿草仔粿",
            "ep_number": 263,
            "rating": 1,
            "content_type": "show",
            "p_start": 1762394700000,
            "vod_channel_description": "吃爆新竹必比登！《臺灣米其林指南2025》在今年8/12公布了必比登推介名單，其中最大亮點就是評選地區首度新增了新北市、新竹縣及新竹市。這集《2天1夜go》就來幫大家開箱新竹縣和新竹市入選的7家店，推翻「美食沙漠」的傳統標籤，快來看看主持人曾子余、納豆、梁舒涵的用餐心得吧～"
          },
          {
            "content_id": "VOD00378823",
            "time_codes": [
              969000,
              1793000,
              2621000
            ],
            "timecode_duration": [],
            "length": 2849000,
            "asset_id": "vod64339-000264M001",
            "title": "",
            "subtitle": "第264集 嘉義隱藏版會讓人流淚的蘿蔔糕！老宅內的手路菜、最強控肉飯入夜才吃的到",
            "ep_number": 264,
            "rating": 1,
            "content_type": "show",
            "p_start": 1762397700000,
            "vod_channel_description": "《2天1夜go》這次帶你來吃嘉南美食！包含「全台最粗肉捲」只要80元，排隊人潮超誇張！還有在地人也愛的60年老店，海量麵條包入春捲太滿足！以及QQ彈彈「手工製作粉粿」、隱藏版「柴燒蘿蔔糕」也別錯過，最後更要入住全台唯一「卡通頻道旅宿」，500坪兒童遊戲區，玩到不想退房！"
          },
          {
            "content_id": "VOD00379946",
            "time_codes": [
              1178000,
              1946000,
              2474000
            ],
            "timecode_duration": [],
            "length": 2850000,
            "asset_id": "vod64339-000265M001",
            "title": "",
            "subtitle": "第265集 竹苗海線旅行團！體驗手抓海鮮飯！烤鴨界天花板一鴨三吃！釣蝦場隱藏臭豆腐",
            "ep_number": 265,
            "rating": 1,
            "content_type": "show",
            "p_start": 1762400700000,
            "vod_channel_description": "千元有找就能將五星飯店「一鴨三吃」帶回家，竹北最強金牌主廚烤鴨！再開吃「柴燒窯烤手工披薩專賣店」！接著朝聖苗栗浪人口中的神秘天堂，體驗最Chill「菲律賓手抓海鮮飯」！"
          },
          {
            "content_id": "VOD00381162",
            "time_codes": [
              1320000,
              2037000,
              2571000
            ],
            "timecode_duration": [],
            "length": 2850000,
            "asset_id": "vod64339-000266M001",
            "title": "",
            "subtitle": "第266集 雙北新科必比登名單！中和雞肉飯開店即完售！新北必吃黑金滷肉飯",
            "ep_number": 266,
            "rating": 1,
            "content_type": "show",
            "p_start": 1762403700000,
            "vod_channel_description": "《2天1夜go》這次來開吃雙北！網稱中永和「最好吃的雞肉飯」，開店半小時即完售！還有在地最強必吃「黑金滷肉飯」，帶皮羊肉湯膠質滿滿超滿足～另外還要朝聖全台最時髦「台菜餐廳」！"
          },
          {
            "content_id": "VOD00381852",
            "time_codes": [
              1049000,
              1917000,
              2486000
            ],
            "timecode_duration": [],
            "length": 2850000,
            "asset_id": "vod64339-000267M001",
            "title": "",
            "subtitle": "第267集 玩爆小琉球！絕美秘境海蝕浴缸、36小時低溫熟成煙燻肉、猛男泳池酒吧玩翻天！",
            "ep_number": 267,
            "rating": 1,
            "content_type": "show",
            "p_start": 1762406700000,
            "vod_channel_description": "《2天1夜go》這次來吃屏東小琉球啦～開吃小琉球必吃「蜂巢蝦」、彈牙又甘甜的「鵝肉」，還要入住極美的「三角包棟民宿」，獨立泳池入住直接玩翻一整天！也要朝聖超美的小琉球「沙灘海景酒吧」！"
          }
        ],
        "total_length": 273257000,
        "focus_index": 40,
        "next_index": 41,
        "time": 2022456,
        "focus_program": {
          "content_id": "VOD00339165",
          "time_codes": [
            728000,
            1596000,
            2301000
          ],
          "timecode_duration": [],
          "length": 2850000,
          "asset_id": "vod64339-000199M001",
          "title": "",
          "subtitle": "第199集 2天1夜戰情室！台北爆紅店家特搜！",
          "ep_number": 199,
          "rating": 1,
          "content_type": "show",
          "p_start": 1762241700000,
          "vod_channel_description": "今天主持人納豆、曾子余、梁舒涵帶著大家一起吃爆雙北，揭祕雙北店家大暴紅原因！包含1.5小時就完售的「立院下午茶雞排」、立法院上班族的精神糧食「生煎包」、被蛋塔耽誤的「豆漿店」、在民宅內也吃得到「桶仔雞」、網稱甜點控心中的「首選點心」、台北也喝得到的「溫體牛肉湯」！"
        }
      },
      "station_categories": [
        {
          "Name": "綜藝",
          "EngName": "Entertainment",
          "MenuOrder": 8
        }
      ]
    },
    "introduction": {
      "image": "https://p-cdnstatic.svc.litv.tv/pics/vod_channel/logo_3554_ofiii227_mobile_20241202.png",
      "description": "",
      "href_maps": []
    },
    "recommends": [],
    "ua": "Mozilla/5.0 (Windows NT 10.0; Win64; x64) AppleWebKit/537.36 (KHTML, like Gecko) Chrome/91.0.4472.124 Safari/537.36"
  },
  "__N_SSP": true
}