{
  "pageProps": {
    "contentId": "ofiii225",
    "channel": {
      "title": "食尚玩家-Hello腹餓代",
      "no": 225,
      "charge_mode": "F",
      "content_id": "ofiii225",
      "content_type": "vod-channel",
      "epg_categories": [
        18
      ],
      "genres": [
        {
          "id": "",
          "name": "VOD_CHANNEL",
          "logo": ""
        }
      ],
      "liad_id": "VODCHNEWOFIWEB",
      "package_info_id": "VOD_CHANNEL_DELUX",
      "picture": "pics/vod_channel/logo_3574_ofiii225_tv_20250221.png",
      "provider": [
        {
          "id": "",
          "name": "TVBS 純拆",
          "logo": ""
        }
      ],
      "quality": "HD",
      "station_id": "station6508",
      "trial": "",
      "selectable": 1,
      "tr_logo": "pics/vod_channel/tr_logo_1733898724.png",
      "tl_logo": "",
      "br_logo": "",
      "bl_logo": "",
      "menu_type": 0,
      "vod_channel_schedule": {
        "channel_id": 225,
        "cdn_code": "ofiii225",
        "start_time": 1762113300000,
        "programs": [
          {
            "content_id": "VOD00337003",
            "time_codes": [
              1243000,
              1882000,
              2561000
            ],
            "timecode_duration": [],
            "length": 2850000,
            "asset_id": "vod72199-000002M001",
            "title": "",
            "subtitle": "第2集 吃遍奇異美食？熬椰子雞湯、豬五花潛蜓堡 餐廳裡看手相 走過路過沒遇過！",
            "ep_number": 2,
            "rating": 1,
            "content_type": "show",
            "p_start": 1762113300000,
            "vod_channel_description": "經過上集戴防毒面具嗑嘉南美食的艱辛，2人這次又做了各種驚奇荒唐的事，像是剖椰子、不能直接喝椰子汁，原來是為了熬「椰子雞湯」！接著吃超酥脆的「豬五花潛蜓堡」，看起來是超大片蝦餅，沒想到竟然是豬皮～之後造訪超狂的「水管造型餐廳」，裡面居然藏有月老廟，還可以看手相呢！"
          },
          {
            "content_id": "VOD00337004",
            "time_codes": [
              1199000,
              1967000,
              2406000
            ],
            "timecode_duration": [],
            "length": 2850000,
            "asset_id": "vod72199-000003M001",
            "title": "",
            "subtitle": "第3集 腹餓代不再戰新舊！宜蘭蹦出強滋味！",
            "ep_number": 3,
            "rating": 1,
            "content_type": "show",
            "p_start": 1762116300000,
            "vod_channel_description": "沒想到本集竟然又是磨難的開始？首先帶大家來看在澳洲因為太好吃差點絕種的「莫瑞鱈魚」，接著再吃甘蔗做成的「煙燻鴨賞」！還有「瓜仔雞湯麵老店」，麵條還是用炸意麵做成的喔！甜點控可別錯過把布朗尼包進麵糰裡的台灣傳統點心「紅龜粿」，最後再到「現代版三合院民宿」體驗抓雞。"
          },
          {
            "content_id": "VOD00339154",
            "time_codes": [
              1378000,
              1948000,
              2716000
            ],
            "timecode_duration": [],
            "length": 2848000,
            "asset_id": "vod72199-000004M001",
            "title": "",
            "subtitle": "第4集 腹餓代一日冒險王走起！上山下海美食",
            "ep_number": 4,
            "rating": 1,
            "content_type": "show",
            "p_start": 1762119300000,
            "vod_channel_description": "這集韋汝和JR 2人將到台南和嘉義上山下海，勇闖各種探險寶地、隱藏的神祕景點！首先來拜訪「山豬島」，看看受歌劇召喚才會出現的貴客「山豬」！接著再體驗老闆費時費工才能提煉出的黑鑽石——竹醋液和竹炭、品嘗老闆用竹炭粉製作的創意大餐，包含「竹炭冰淇淋」、「竹炭花生」、「竹炭雪Q餅」。"
          },
          {
            "content_id": "VOD00339155",
            "time_codes": [
              1334000,
              1955000,
              2314000
            ],
            "timecode_duration": [],
            "length": 2849000,
            "asset_id": "vod72199-000005M001",
            "title": "",
            "subtitle": "第5集 帶你環遊世界 異國風格美食手冊！正宗韓式泡菜 張懷顥祖傳秘訣大公開",
            "ep_number": 5,
            "rating": 1,
            "content_type": "show",
            "p_start": 1762122300000,
            "vod_channel_description": "這集又帶大家來「環遊世界」啦！首先來體驗手作「義式馬鈴薯麵疙瘩」，再嘗試自己動手醃泡菜、品嘗超道地的「韓式料理」。接著再去中藥行抓中藥，沒想到煮完竟然是「木屑蛋糕」呢！甜點控別錯過超浮誇「網美系甜點」，發揮美感做成的流體油畫，成品居然倒在蜜糖吐司冰淇淋上，實在太有趣啦～"
          },
          {
            "content_id": "VOD00339156",
            "time_codes": [
              1247000,
              1895000,
              2523000
            ],
            "timecode_duration": [],
            "length": 2849000,
            "asset_id": "vod72199-000006M001",
            "title": "",
            "subtitle": "第6集 新竹風城正夯！全台灣唯一 千年苗方洗頭 超紓壓！被甜點耽誤的酸菜白肉鍋？",
            "ep_number": 6,
            "rating": 1,
            "content_type": "show",
            "p_start": 1762125300000,
            "vod_channel_description": "本集要帶大家吃玩新竹～包含有全台唯一的「千年苗方洗頭體驗」，提供放鬆紓壓的空間。接著再來吃百年不變的好味道、當地限定的「新竹椪餅」、「柴酥餅」，也別錯過被甜點耽誤的「酸菜白肉鍋」，以及新竹第一間西點店，熱賣的「南京桂花鹹水雞」和滷味可是來店必吃喔！"
          },
          {
            "content_id": "VOD00339157",
            "time_codes": [
              1000000,
              1901000,
              2476000
            ],
            "timecode_duration": [],
            "length": 2849000,
            "asset_id": "vod72199-000007M001",
            "title": "",
            "subtitle": "第7集 為了這款出發很可以！吃爆桃園驚艷美食！",
            "ep_number": 7,
            "rating": 1,
            "content_type": "show",
            "p_start": 1762128300000,
            "vod_channel_description": "本集先來到位在桃園的超美麗、全台保存最好的「日式神社」，讓人感覺秒飛日本，還能夠在這裡享用「寒天豆花」！接著再去吃一間具有希臘風裝潢的餐廳，品嘗特製「花椒牛肉麵」；還找到了機場員工最愛的餐車，吃料多、CP值超高的「香酥拉餅」；並朝聖全台唯一使用自動炒菜機的餐廳，開吃「特色麻辣燙」！"
          },
          {
            "content_id": "VOD00339158",
            "time_codes": [
              1217000,
              1875000,
              2359000
            ],
            "timecode_duration": [],
            "length": 2849000,
            "asset_id": "vod72199-000008M001",
            "title": "",
            "subtitle": "第8集 雙北美食底家啦！走過路過別錯過！",
            "ep_number": 8,
            "rating": 1,
            "content_type": "show",
            "p_start": 1762131300000,
            "vod_channel_description": "《Hello腹餓代》這集JR紀言愷與韋汝要帶大家吃爆雙北美食啦！包含伊朗老闆獨創加入12種伊朗香料的的「紅燒牛肉麵」、傳承三代的70年「手作酒釀餅」老字號、超新開幕的「平價串燒店」、每天現磨米的「廣式河粉」，最後再到藝廊品嘗「吃到飽火鍋」！"
          },
          {
            "content_id": "VOD00339159",
            "time_codes": [
              649000,
              1728000,
              2127000
            ],
            "timecode_duration": [],
            "length": 2849000,
            "asset_id": "vod72199-000009M001",
            "title": "",
            "subtitle": "第9集 顛覆你的想像！來去高雄大吃一斤",
            "ep_number": 9,
            "rating": 1,
            "content_type": "show",
            "p_start": 1762134300000,
            "vod_channel_description": "食尚玩家全新企劃《Hello腹餓代》帶你體驗各種意想不到的美食及景點～本集來到高雄，首先去滿滿的鳳梨田品嘗「金鑽鳳梨」、用鳳梨葉做手環；接著來體驗包迷你流沙粽，還能吃到整隻爐烤櫻桃鴨！甜點控千萬不能錯過「法式緞帶可頌」、配料豐富的「炙烤豆花」，最後再吃超狂的「烏魚子燒肉春捲」。"
          },
          {
            "content_id": "VOD00339160",
            "time_codes": [
              777000,
              1226000,
              2184000
            ],
            "timecode_duration": [],
            "length": 2850000,
            "asset_id": "vod72199-000010M001",
            "title": "",
            "subtitle": "第10集 開拓新食力！台南新創美食好驚艷！",
            "ep_number": 10,
            "rating": 1,
            "content_type": "show",
            "p_start": 1762137300000,
            "vod_channel_description": "今天的《Hello腹餓代》找到擁有得天獨厚的原住民高亢嗓音——星光男星「盧學叡」！要來造訪他的台南旅遊的口袋名單～這回除了吃必比登推薦的鍋燒意麵跟碗粿，還有在地人超推的南部傳統米糕、溫體牛火鍋，以及配料超豐富的芋頭西米露！"
          },
          {
            "content_id": "VOD00339161",
            "time_codes": [
              668000,
              1128000,
              2552000
            ],
            "timecode_duration": [],
            "length": 2849000,
            "asset_id": "vod72199-000011M001",
            "title": "",
            "subtitle": "第11集 腹餓代搭飛機出國啦！澳門最新玩樂夯點",
            "ep_number": 11,
            "rating": 1,
            "content_type": "show",
            "p_start": 1762140300000,
            "vod_channel_description": "這次來到澳門，準備帶你探索澳門最新玩樂夯點、顛覆你對澳門的想像！首先是全年都能玩的「澳門最大水上樂園」、全球唯一的「8字形摩天輪」，重點是竟然有與三麗鷗聯名的超卡哇依車廂，可以從23層樓高處俯瞰澳門呢！除了玩樂還要吃美食，蛋塔馬拉松開跑～帶你吃遍各式各樣蛋塔！"
          },
          {
            "content_id": "VOD00339592",
            "time_codes": [
              793000,
              1621000,
              2274000
            ],
            "timecode_duration": [],
            "length": 2849000,
            "asset_id": "vod72199-000012M001",
            "title": "",
            "subtitle": "第12集 玩到不想回家了啦！吃爆澳門當地美食",
            "ep_number": 12,
            "rating": 1,
            "content_type": "show",
            "p_start": 1762143300000,
            "vod_channel_description": "繼續我們的澳門之旅！這次韋汝和JR又帶大家挖掘哪些美食呢？有交通方便、搭輕軌就可以到達的「超道地港式麵食」，以及在地人的愛店、可以吃到「雙蛋叉燒飯」、「朱古力西多脆脆」，還有2011~2023年連續榮獲米其林必比登推薦的「六記粥麵」、超過150年「燉奶老店」、周潤發也稱讚的「手打咖啡」～"
          },
          {
            "content_id": "VOD00339593",
            "time_codes": [
              1209000,
              2050000,
              2645000
            ],
            "timecode_duration": [],
            "length": 2849000,
            "asset_id": "vod72199-000013M001",
            "title": "",
            "subtitle": "第13集 挑嘴的快來！台中高評價美食在這",
            "ep_number": 13,
            "rating": 1,
            "content_type": "show",
            "p_start": 1762146300000,
            "vod_channel_description": "本集來到台中，竟然看到可以吃的世界名畫？自己DIY做油畫吐司實在太有趣了～接著製作古早味椪糖、吃炸饅頭，還要品嘗全台唯一的前澤牛燒肉！最後更來到米其林推薦店家，不只吃米糕碗粿，還吃得到甜的碗粿呢！"
          },
          {
            "content_id": "VOD00339922",
            "time_codes": [
              635000,
              1386000,
              2076000
            ],
            "timecode_duration": [],
            "length": 2849000,
            "asset_id": "vod72199-000014M001",
            "title": "",
            "subtitle": "第14集 屏東美食一條龍！不可能美食都不NG吧！",
            "ep_number": 14,
            "rating": 1,
            "content_type": "show",
            "p_start": 1762149300000,
            "vod_channel_description": "這次來到屏東大吃特吃，首先來朝聖有得吃又有得玩的「可可果」、私房「海產料理」、用電鑽打的「泡泡冰」，還有飄香70年的「牛雜湯」，「全牛宴」也不能錯過！最後也要嘗經過海水飼養斷食、超彈牙乾淨的「泰國蝦」。"
          },
          {
            "content_id": "VOD00340356",
            "time_codes": [
              1184000,
              1662000,
              2269000
            ],
            "timecode_duration": [],
            "length": 2849000,
            "asset_id": "vod72199-000015M001",
            "title": "",
            "subtitle": "第15集 探索墾丁秘境美食！雞腿肉粽、鹹蛋松阪豬義大利麵、越式美食吃到飽！",
            "ep_number": 15,
            "rating": 1,
            "content_type": "show",
            "p_start": 1762152300000,
            "vod_channel_description": "本集來到墾丁，帶大家探索墾丁意想不到的祕境美食。首先是浮潛區海灘旁賣了40年「傳統麵店」、可以在電動三輪車上用餐的「綠豆沙牛奶」、恆春人早餐「雞腿肉粽」，接著再走進復古的DVD出租店，竟藏有「創意清炒鹹蛋松阪豬義大利麵」，還有全新開幕「包棟民宿」，居然有附越式美食吃到飽呢！"
          },
          {
            "content_id": "VOD00341564",
            "time_codes": [
              1450000,
              1890000,
              2547000
            ],
            "timecode_duration": [],
            "length": 2849000,
            "asset_id": "vod72199-000016M001",
            "title": "",
            "subtitle": "第16集 暑假透氣之旅走起！請跟我這樣吃宜蘭！",
            "ep_number": 16,
            "rating": 1,
            "content_type": "show",
            "p_start": 1762155300000,
            "vod_channel_description": "這集來到宜蘭，有世界冠軍的「虹吸式咖啡」、豆漿豆花入鍋的「文青火鍋」、在地人激推的宵夜「臭豆腐搭當歸羊肉湯」、20年經驗的主廚製作最青的「無菜單料理」，最後是隱身在小巷內的傳統翻新「趣味懷舊甜點」！"
          },
          {
            "content_id": "VOD00341565",
            "time_codes": [
              1352000,
              1972000,
              2654000
            ],
            "timecode_duration": [],
            "length": 2849000,
            "asset_id": "vod72199-000017M001",
            "title": "",
            "subtitle": "第17集 在地人也推薦！基隆超人氣美食！",
            "ep_number": 17,
            "rating": 1,
            "content_type": "show",
            "p_start": 1762158300000,
            "vod_channel_description": "本集來到基隆，要來吃在地人推薦、等候也值得的超人氣美食～包含基隆限定、當地人的早餐「巨大燒賣和肉羹」，還有傳承自台北知名店家的「濃郁牛肉麵」、在正濱漁港旁吃「網美日式剉冰」，接著再走進隱密小巷弄裡，爽吃「沙朗牛排義大利麵」，最後更要拜訪「基隆第一家炭烤店」，也別錯過新鮮烤紅喉！"
          },
          {
            "content_id": "VOD00341566",
            "time_codes": [
              1145000,
              1967000,
              2222000
            ],
            "timecode_duration": [],
            "length": 2849000,
            "asset_id": "vod72199-000018M001",
            "title": "",
            "subtitle": "第18集 台北美食情報員！準星級餐廳祕密大公開！",
            "ep_number": 18,
            "rating": 1,
            "content_type": "show",
            "p_start": 1762161300000,
            "vod_channel_description": "本集帶大家去挖掘《米其林指南》推薦的台北美食！包含擁有超多特別選項的「古早味粉漿蛋餅」、用芭蕉花製作沙拉的「道地泰式料理」、入選必比登5年的「老字號雲南餐廳」，最後更要吃榮獲米其林綠星和必比登推薦的「蔬食料理」、超高檔的「粵式料理」～"
          },
          {
            "content_id": "VOD00341567",
            "time_codes": [
              1386000,
              1933000,
              2372000
            ],
            "timecode_duration": [],
            "length": 2849000,
            "asset_id": "vod72199-000019M001",
            "title": "",
            "subtitle": "第19集 帶你吃各式各樣美食！新北吃到飽報你知！",
            "ep_number": 19,
            "rating": 1,
            "content_type": "show",
            "p_start": 1762164300000,
            "vod_channel_description": "暑假到了，跟著《食尚玩家Hello腹餓代》，踩點雙北各式各樣的「美食吃到飽」！包含能吃到櫻花蝦炒飯的「鐵板燒餐廳」、豆花吃到飽「拉麵店」、CP值爆表「披薩店」、網評破4千則「火鍋店」、泰國蝦隨便夾「海鮮餐廳」，各種你想不到可以吃到飽的美食、怎麼吃得最划算攻略，都在這集一起報給你知～"
          },
          {
            "content_id": "VOD00341568",
            "time_codes": [
              1576000,
              2427000,
              2549000
            ],
            "timecode_duration": [],
            "length": 2849000,
            "asset_id": "vod72199-000020M001",
            "title": "",
            "subtitle": "第20集 腹餓代又出國啦！深度旅遊日本平戶",
            "ep_number": 20,
            "rating": 1,
            "content_type": "show",
            "p_start": 1762167300000,
            "vod_channel_description": "本集來到日本平戶，帶大家深度遊平戶，探訪當地歷史美景及美食～有一年只有600頭的「平戶和牛」、道地傳統甜點「牛蒡餅」，接著探訪「鄭成功的故居」，還要一邊看海一邊吃當地「海鮮料理」，最後別忘了打卡平戶地標「平戶城」！"
          },
          {
            "content_id": "VOD00345879",
            "time_codes": [
              1228000,
              2010000,
              2641000
            ],
            "timecode_duration": [],
            "length": 2845000,
            "asset_id": "vod72199-000022M001",
            "title": "",
            "subtitle": "第22集 JR韋汝還沒要回台灣！日本長崎綠遊勝地！",
            "ep_number": 22,
            "rating": 1,
            "content_type": "show",
            "p_start": 1762170300000,
            "vod_channel_description": "注意了！《Hello腹餓代》這集JR、韋汝要來帶大家開發新的日本綠遊勝地——隱密的五島，品嘗這邊的「特有烏龍麵」，再一邊聎望海景一邊「烤爐端燒」，還要在島上最高級的飯店享用「五島牛」、體驗在日本玩SUP，最後再烤五島傳統的點心「甘古呂餅」。"
          },
          {
            "content_id": "VOD00345880",
            "time_codes": [
              1171000,
              2001000,
              2314000
            ],
            "timecode_duration": [],
            "length": 2849000,
            "asset_id": "vod72199-000023M001",
            "title": "",
            "subtitle": "第23集 剛開幕人氣美食都在這！搶先報桃園新美食！",
            "ep_number": 23,
            "rating": 1,
            "content_type": "show",
            "p_start": 1762173300000,
            "vod_channel_description": "本集來到桃園，要來開箱剛開幕的新店家～先品嘗才剛開幕不到半年、就已經天天排隊的「清燉牛肉麵跟燒肉飯」，還有少見的「酸辣港式米線」，以及超夢幻的「富士山咖哩飯」、可愛木盒裝的「提拉米蘇」，用檜木桶裝的「德國豬腳定食」也不能錯過！最後更有融合當地特色客家梅乾菜的「歐姆蛋」！"
          },
          {
            "content_id": "VOD00346536",
            "time_codes": [
              1284000,
              1988000,
              2397000
            ],
            "timecode_duration": [],
            "length": 2826000,
            "asset_id": "vod72199-000024M001",
            "title": "",
            "subtitle": "第24集 上山找隱藏好料！台南臥虎藏龍美食",
            "ep_number": 24,
            "rating": 1,
            "content_type": "show",
            "p_start": 1762176300000,
            "vod_channel_description": "本集出發來吃台南好料啦～包含隱藏在觀光家具工廠內的「個人蓮子套餐」、深山中的「咖啡創意料理」「自製龍眼乾、荔枝乾」，還有得過果醬大賽第一名的「果醬店」、巨無霸等級的「原汁排骨湯」＋土雞肉飯。最後更要去可以欣賞美景、美食的「溫泉飯店」！"
          },
          {
            "content_id": "VOD00349521",
            "time_codes": [
              1370000,
              2049000,
              2623000
            ],
            "timecode_duration": [],
            "length": 2826000,
            "asset_id": "vod72199-000025M001",
            "title": "",
            "subtitle": "第25集 體驗各種意想不到！異國美食特別企劃",
            "ep_number": 25,
            "rating": 1,
            "content_type": "show",
            "p_start": 1762179300000,
            "vod_channel_description": "這次是外國人老闆的特別企畫～今天一次帶大家探索全台各地的外國老闆帶來的道地特色餐點，包含將大烤箱擺在門口、道地的「法式烤雞」，還要手作糰子、吃「日本甜點」，以及嘗嘗西班牙「道地可樂餅」、越南當地學的「道地越南麵包」，另外為了紀念女兒所開的「道地港式早午餐」也不能錯過～"
          },
          {
            "content_id": "VOD00349522",
            "time_codes": [
              1214000,
              1652000,
              2442000
            ],
            "timecode_duration": [],
            "length": 2827000,
            "asset_id": "vod72199-000026M001",
            "title": "",
            "subtitle": "第26集 讓你美照拍不停！高雄高顏質美食！",
            "ep_number": 26,
            "rating": 1,
            "content_type": "show",
            "p_start": 1762182300000,
            "vod_channel_description": "本集帶大家吃爆高雄～包含超人氣「御飯糰造型蛋糕」、全台灣唯一「草帽造型蒸氣鱘龍魚火鍋」，和主廚手作「珍珠造型義大利麵」，還有健康甜點人的最愛「豆系甜點店」。最後更要入住「奢華酒店」，可以享受女神級的度假之旅！"
          },
          {
            "content_id": "VOD00349523",
            "time_codes": [
              1350000,
              1781000,
              2538000
            ],
            "timecode_duration": [],
            "length": 2826000,
            "asset_id": "vod72199-000027M001",
            "title": "",
            "subtitle": "第27集 意想不到的美食景點！探索宜蘭新奇美食！",
            "ep_number": 27,
            "rating": 1,
            "content_type": "show",
            "p_start": 1762185300000,
            "vod_channel_description": "本集來到宜蘭，帶大家探索各種新奇有趣的美食，像是花生捲裡竟然包「香腸荷包蛋」、1天只限量3客的「油封土雞腿」、得過世界銀獎的「巧克力」，還有「超浮誇炒飯」，除了熔岩起司豬排在上面，竟然還能用蜂蜜蛋糕炒飯呢！最後還有超好玩又舒適的「包棟民宿」。"
          },
          {
            "content_id": "VOD00349524",
            "time_codes": [
              1241000,
              1813000,
              2455000
            ],
            "timecode_duration": [],
            "length": 2826000,
            "asset_id": "vod72199-000028M001",
            "title": "",
            "subtitle": "第28集 深入苗栗台三線！上山下水尋美食！",
            "ep_number": 28,
            "rating": 1,
            "content_type": "show",
            "p_start": 1762188300000,
            "vod_channel_description": "一起去苗栗深山中尋找在地美食！首先是營養成分超高的「印加果」，品嘗印加果油的料理，另外各種創意鱘龍魚料理也要吃！接著再一嘗「何首烏茶和何首烏雞湯」、獨創的客家風「無菜單料理」。最後是享受絕美風景的「獨棟獵人屋」「景觀露營車」一泊三食，裡面更有75公尺超長的森林溜滑梯可玩～"
          },
          {
            "content_id": "VOD00349525",
            "time_codes": [
              1087000,
              1766000,
              2690000
            ],
            "timecode_duration": [],
            "length": 2826000,
            "asset_id": "vod72199-000029M001",
            "title": "",
            "subtitle": "第29集 百元挑戰！台南在地美食達人教你吃",
            "ep_number": 29,
            "rating": 1,
            "content_type": "show",
            "p_start": 1762191300000,
            "vod_channel_description": "本集來到台南，要帶大家用小錢吃大餐，只用百鈔究竟能吃到什麼呢？有地點隱密、只要25元的「米糕跟四神湯」，還有百元就能吃到的「排餐」，飲料跟濃湯還能喝到飽！以及台南在地鱔魚意麵、30元700CC的綠豆湯、超浮誇的鍋裝「爆料什錦冰」，最後還有套裝優惠超多的「舒適文旅」。"
          },
          {
            "content_id": "VOD00349526",
            "time_codes": [
              1288000,
              1880000,
              2508000
            ],
            "timecode_duration": [],
            "length": 2849000,
            "asset_id": "vod72199-000030M001",
            "title": "",
            "subtitle": "第30集 五月天來花蓮啦！演唱會美食攻略報你知！",
            "ep_number": 30,
            "rating": 1,
            "content_type": "show",
            "p_start": 1762194300000,
            "vod_channel_description": "本集來到花蓮，報給大家知道有哪些厲害的美食～不只有超澎派「鰻魚蓋飯」，可以自己烤鰻魚、涮鰻魚，還有特別的「加熱石牛排」、熬12小時以上的「乳白色雞湯」，以及甜點控必鎖定的花蓮最強、用肉桂葉磨成的粉製作成的「最強肉桂捲」，最後還有以香草為主軸的「度假酒店」。"
          },
          {
            "content_id": "VOD00351572",
            "time_codes": [
              1183000,
              1932000,
              2510000
            ],
            "timecode_duration": [],
            "length": 2850000,
            "asset_id": "vod72199-000032M001",
            "title": "",
            "subtitle": "第32集 逃離都市！征服南投高cp超划美食",
            "ep_number": 32,
            "rating": 1,
            "content_type": "show",
            "p_start": 1762197300000,
            "vod_channel_description": "這次跟著JR、韋汝一起來國旅排行第三的「南投日月潭」探索高CP值美食！包含有17公分的巨無霸炸蝦「沖繩飯糰」、全台唯一「米漿蚵仔煎」、在地人激推的「創意料理」，還有市場旁限量的「手作百香QQ豆花」。最後再入住文青控最愛的「質感旅宿」，還能享用米其林等級的晚餐喔！"
          },
          {
            "content_id": "VOD00351573",
            "time_codes": [
              551000,
              1813000,
              2614000
            ],
            "timecode_duration": [],
            "length": 2850000,
            "asset_id": "vod72199-000033M001",
            "title": "",
            "subtitle": "第33集 這樣吃保證會飽！在台中把肚子撐爆！",
            "ep_number": 33,
            "rating": 1,
            "content_type": "show",
            "p_start": 1762200300000,
            "vod_channel_description": "這次跟著JR、韋汝尋找台中高CP值的店家，包含超浮誇的「創意蛋炒飯」、泰國超夯街邊小吃「爆餡烤麵包」，還有由專人全程服務代烤的「韓式燒肉」，更別錯過使用泡了1個月的中藥米酒製作的「藥膳麻油雞」和超特別的「麵線煎料理」。最後再入住提供24小時零食吧的「高CP值飯店」～"
          },
          {
            "content_id": "VOD00353177",
            "time_codes": [
              1253000,
              2035000,
              2607000
            ],
            "timecode_duration": [],
            "length": 2850000,
            "asset_id": "vod72199-000034M001",
            "title": "",
            "subtitle": "第34集 食尚四線一起來聯合！台南吃喝省錢作戰！",
            "ep_number": 34,
            "rating": 1,
            "content_type": "show",
            "p_start": 1762203300000,
            "vod_channel_description": "本集是《食尚玩家》4線節目聯合特別企畫，展開全台的省錢大作戰比拚！《Hello腹餓代》抽到台南的玉井白河一帶，帶大家用極省的方式吃喝玩台南！有一年四季都有的新鮮「芒果剉冰」、無招牌的「爆汁小籠包」、有多種特製辣醬的「獨創冰花涼麵」，還要開吃「老字號香腸攤」，黑輪湯還可以免費喝到飽喔！"
          },
          {
            "content_id": "VOD00353178",
            "time_codes": [
              1271000,
              1876000,
              2531000
            ],
            "timecode_duration": [],
            "length": 2759000,
            "asset_id": "vod72199-000035M001",
            "title": "",
            "subtitle": "第35集 黑白大廚下宜蘭！尋找屹立不倒的老滋味！",
            "ep_number": 35,
            "rating": 1,
            "content_type": "show",
            "p_start": 1762206300000,
            "vod_channel_description": "這次跟著JR、韋汝尋找隱藏在宜蘭小巷弄內、屹立不倒的「老字號美食」！有宜蘭百大小吃第一名的「排隊牛肉麵」、熱銷43年依舊大排長龍的「人氣蔥油餅」，還有膠質滿滿的「滷肉飯」＋手工自製的「蝦捲」，也不能錯過二代接手後研發的「芋頭肉圓」～最後更要入住宜蘭最新開幕的「植癒系溫泉旅宿」！"
          },
          {
            "content_id": "VOD00354154",
            "time_codes": [
              1211000,
              2003000,
              2519000
            ],
            "timecode_duration": [],
            "length": 2849000,
            "asset_id": "vod72199-000036M001",
            "title": "",
            "subtitle": "第36集 這樣吃保證回本！桃園吃到飽攻略！",
            "ep_number": 36,
            "rating": 1,
            "content_type": "show",
            "p_start": 1762209300000,
            "vod_channel_description": "帶你體驗各種意想不到的美食及景點！本集來到桃園，帶大家吃不同種類的「最強吃到飽」～包含迴轉燒肉、羊肉爐、超級奢華帝王蟹，通通都是吃到飽！"
          },
          {
            "content_id": "VOD00354155",
            "time_codes": [
              1269000,
              1639000,
              2546000
            ],
            "timecode_duration": [],
            "length": 2850000,
            "asset_id": "vod72199-000038M001",
            "title": "",
            "subtitle": "第38集 美食獵人出動！捕捉台中最新夯點！",
            "ep_number": 38,
            "rating": 1,
            "content_type": "show",
            "p_start": 1762212300000,
            "vod_channel_description": "這次跟著美食獵人JR、韋汝尋找台中新開幕的美食！有創意的「上海麵食」、韓國超道地的「烤腸」，也不能錯過超好拍的「法式甜點店」，還要朝聖全國首創「麻辣烤鴨鍋」，最後再入住海線新開的「國際級質感飯店」。"
          },
          {
            "content_id": "VOD00362198",
            "time_codes": [
              1261000,
              2003000,
              2360000
            ],
            "timecode_duration": [],
            "length": 2849000,
            "asset_id": "vod72199-000039M001",
            "title": "",
            "subtitle": "第39集 不可能直擊產地欸！屏東特產驚奇吃法！",
            "ep_number": 39,
            "rating": 1,
            "content_type": "show",
            "p_start": 1762215300000,
            "vod_channel_description": "這次跟著JR、韋汝尋找屏東產地直送的超驚奇特產料理！有全台灣唯一的「綠蕉料理」、食用級玫瑰花做成的「滷肉飯和壽司」，還有現撈的「生猛海鮮」當季烏魚料理超鮮甜，另外萬巒豬腳配可可果的多款「獨創可可料理」也不能錯過！最後更要入住東港「日系民宿」～"
          },
          {
            "content_id": "VOD00362199",
            "time_codes": [
              855000,
              1235000,
              1767000
            ],
            "timecode_duration": [],
            "length": 2849000,
            "asset_id": "vod72199-000040M001",
            "title": "",
            "subtitle": "第40集 金蛇年走春美食！外酥內嫩烤鴨火鍋大爆發 棉花糖火鍋太狂了！",
            "ep_number": 40,
            "rating": 1,
            "content_type": "show",
            "p_start": 1762218300000,
            "vod_channel_description": "過年跟著JR、韋汝尋找帶著好寓意的台南走春料理，有過年必吃的「烏魚子櫻花蝦干貝炒飯」、全台獨家「一鴨三吃」，還要品嘗南部特有的「西瓜綿鴨架火鍋」，以及可以占卜流年運勢的「文青甜點店」，也別錯過泰式檸檬魚口味的「冰花煎餃」，最後更要入住獲得「2024年食尚玩家旅宿大賞」的「超美酒店」。"
          },
          {
            "content_id": "VOD00362200",
            "time_codes": [
              1237000,
              1765000,
              2609000
            ],
            "timecode_duration": [],
            "length": 2849000,
            "asset_id": "vod72199-000041M001",
            "title": "",
            "subtitle": "第41集 超強宵夜！道地日式神秘串烤、一口飛法國限量吐司、高空夜景完美句點！",
            "ep_number": 41,
            "rating": 1,
            "content_type": "show",
            "p_start": 1762221300000,
            "vod_channel_description": "加班到深夜常常不知道要吃什麼？這次就帶大家來吃高雄的超強宵夜！有起司蜂蜜、滿滿蝦子等多種口味的「熱壓吐司」，以及超過40種的「道地日式內臟串烤」、超限量的「法國吐司」，另外還要嘗嘗看「超創意滷肉飯」、深夜也能吃到的「法式甜點配調酒」，最後還要朝聖可以看高雄夜景的「高空餐酒館」！"
          },
          {
            "content_id": "VOD00362201",
            "time_codes": [
              1312000,
              2225000,
              2411000
            ],
            "timecode_duration": [],
            "length": 2849000,
            "asset_id": "vod72199-000042M001",
            "title": "",
            "subtitle": "第42集 不怕情人節！單身也能吃大餐 狂嗑40種甜點 一人燒肉專人代烤 必吃漢堡排、流沙包！",
            "ep_number": 42,
            "rating": 1,
            "content_type": "show",
            "p_start": 1762224300000,
            "vod_channel_description": "誰說情人節一定要有情人才能吃飯呢？今天就帶大家去品嘗單人也很友善的餐廳及美食～包含一人也能吃的「和牛燒肉」，全程還有桌邊服務喔！還有單人也能吃的「銅盤烤肉」「米其林港點」，另外有CP值超高的「甜點吃到飽」，各式蛋糕新鮮水果塔任君挑選！最後更有出差也能吃到的「特製單身情人節套餐」。"
          },
          {
            "content_id": "VOD00372715",
            "time_codes": [
              1183000,
              1834000,
              2611000
            ],
            "timecode_duration": [],
            "length": 2849000,
            "asset_id": "vod72199-000043M001",
            "title": "",
            "subtitle": "第43集 深入彰化直擊美食！百年奶雞、蒜頭羊肉爐超暖胃、狂吃蜆中之王、朝天椒肉包辣而不嗆！",
            "ep_number": 43,
            "rating": 1,
            "content_type": "show",
            "p_start": 1762227300000,
            "vod_channel_description": "這次跟著JR、韋汝再度深入產地，來到台灣的農業大縣彰化，尋找在地美食！有滿滿蒜頭的「羊肉爐」、荔枝乾熬煮的「荔枝雞湯」、鑽石等級的貝類黑蜆做成的「黑蜆料理」，還有到農田採收少見的「雙色火龍果」，也不能錯過超特別用朝天椒熬煮的「辣椒肉包」～"
          },
          {
            "content_id": "VOD00372716",
            "time_codes": [
              716000,
              1301000,
              2287000
            ],
            "timecode_duration": [],
            "length": 2850000,
            "asset_id": "vod72199-000044M001",
            "title": "",
            "subtitle": "第44集 北海道吃喝玩樂｜人氣水果三明治、包棟民宿、帝王蟹和牛火鍋、最大神宮成人式！",
            "ep_number": 44,
            "rating": 1,
            "content_type": "show",
            "p_start": 1762230300000,
            "vod_channel_description": "本集來到日本北海道，冬天來北海道不只是看雪、玩雪，這次韋汝、JR帶你探索北海道人氣必吃美食、必玩景點，包含札幌人愛逛的「海鮮市場」、創意居酒屋的必吃宵夜「超大顆新鮮烤牡蠣」、北海道必嘗的「湯咖哩」，還要朝聖祈福求籤必去的「北海道神宮」，還可以吃六花亭神宮的「限定甜點」呢～"
          },
          {
            "content_id": "VOD00372717",
            "time_codes": [
              1194000,
              1828000,
              2366000
            ],
            "timecode_duration": [],
            "length": 2850000,
            "asset_id": "vod72199-000045M001",
            "title": "",
            "subtitle": "第45集 北台灣最強餐車！炙燒熱狗堡、爆汁餡餅、桔醬白斬雞義麵、浮誇美式壽司",
            "ep_number": 45,
            "rating": 1,
            "content_type": "show",
            "p_start": 1762233300000,
            "vod_channel_description": "本集邀請到了大來賓蘇宗怡，這次要帶著宗怡姐一起去尋找各種超人氣及神秘的餐車料理！包含用熱飯製作的「美式壽司」、台式口味的「義大利麵」，脆皮大腸跟白斬雞口味竟然都有！還有每天只賣3小時、餡料超多會爆汁的「豬肉餡餅」，最後純糯米純手工製作的「超Q彈麻糬」、擁有各式特色口味的「熱狗堡」～"
          },
          {
            "content_id": "VOD00372718",
            "time_codes": [
              148000,
              2128000,
              2592000
            ],
            "timecode_duration": [],
            "length": 2850000,
            "asset_id": "vod72199-000046M001",
            "title": "",
            "subtitle": "第46集 三月雪國這樣玩！爽嗑帝王蟹生魚片、一晚45萬海景別墅、北海道45度黑線滑雪道",
            "ep_number": 46,
            "rating": 1,
            "content_type": "show",
            "p_start": 1762236300000,
            "vod_channel_description": "上次帶大家了解北海道必吃的美食，這集就來點不一樣的！北海道在地人的微奢秘境，不想跟一堆觀光客人擠人來這邊就對了！有北海道發源的「石狩鍋」，超新鮮鮭魚味噌火鍋搭配滿滿現流海鮮；都到北海道了，怎麼可以錯過最有名的在地海鮮帝王蟹、毛蟹、松葉蟹呢，帶大家開箱最新開幕的「螃蟹吃到飽」！"
          },
          {
            "content_id": "VOD00372719",
            "time_codes": [
              1263000,
              1726000,
              2632000
            ],
            "timecode_duration": [],
            "length": 2849000,
            "asset_id": "vod72199-000047M001",
            "title": "",
            "subtitle": "第47集 高雄最強Buffet！和牛干貝無限吃、百種台菜任挑、現切巴西烤肉、狂吃海魚超便宜",
            "ep_number": 47,
            "rating": 1,
            "content_type": "show",
            "p_start": 1762239300000,
            "vod_channel_description": "本集精算2人組JR跟韋汝拿著計算機來到高雄，要帶給觀眾各式各樣的吃到飽美食！不只有「經典台式熱炒」、全台唯一「巴西烤肉」吃到飽，還有點排餐即可享用超豐富自助吧、干貝生蠔通通吃到飽的「牛排店」，以及每天漁港新鮮直送的「海魚三吃」，最後是亞帕運金牌選手開設的「調酒喝到飽」酒吧。"
          },
          {
            "content_id": "VOD00372720",
            "time_codes": [
              1232000,
              1862000,
              2554000
            ],
            "timecode_duration": [],
            "length": 2850000,
            "asset_id": "vod72199-000048M001",
            "title": "",
            "subtitle": "第48集 台南超俗小吃！50元虱目魚粥、牛肉湯無限續、雞蛋糕捲、巨無霸布丁、10元蔥油餅",
            "ep_number": 48,
            "rating": 1,
            "content_type": "show",
            "p_start": 1762242300000,
            "vod_channel_description": "本集來到台南，要帶大家挖掘觀光客還不知道的台南「超便宜小吃」！包含只要50元的「滿滿魚肉虱目魚粥」、隱身市場裡的「25年從未漲價10元蔥油餅」、成大學生必吃點心「日式手工雞蛋糕捲」，還有「佛心牛肉湯」「古早味手工布丁」，最後還要入住超漂亮的「韓風包棟民宿」！"
          },
          {
            "content_id": "VOD00372721",
            "time_codes": [
              963000,
              1583000,
              2510000
            ],
            "timecode_duration": [],
            "length": 2850000,
            "asset_id": "vod72199-000049M001",
            "title": "",
            "subtitle": "第49集 彰化銅板價排隊美食！百年歷史水晶餃、特色小吃米(米回)！綜合肉羹麵線、滿餡水煎包",
            "ep_number": 49,
            "rating": 1,
            "content_type": "show",
            "p_start": 1762245300000,
            "vod_channel_description": "這次跟著JR、韋汝一起來到彰化尋找高人氣又超平價的美食！包含鹿港老街上的傳承四代「肉圓老店」「141年老字號水晶餃」，還有超人氣「肉羹店」也不能錯過！最後更要入住有酒吧、咖啡廳的「複合式旅館」！"
          },
          {
            "content_id": "VOD00372722",
            "time_codes": [
              977000,
              1583000,
              2572000
            ],
            "timecode_duration": [],
            "length": 2850000,
            "asset_id": "vod72199-000050M001",
            "title": "",
            "subtitle": "第50集 北港繞境吃這些！60元牛肉湯無限續、春捲包油麵、藍帶主廚甜點店、北港限定假魚肚湯",
            "ep_number": 50,
            "rating": 1,
            "content_type": "show",
            "p_start": 1762248300000,
            "vod_channel_description": "本集來到雲林的北港，帶大家探索朝天宮附近有哪些厲害美食是繞境必吃！有CP值最高的「牛肉湯」，1碗只要60元、湯還可以無限續；以及最在地、只有北港吃得到的「假魚肚湯」，還有招牌蝦仁肉羹；最異國風、北港最有法味的地方，法國老闆開的「甜點店」；以及全台唯一「布袋戲主題旅店」！"
          },
          {
            "content_id": "VOD00372723",
            "time_codes": [
              459000,
              1391000,
              2661000
            ],
            "timecode_duration": [],
            "length": 2850000,
            "asset_id": "vod72199-000051M001",
            "title": "",
            "subtitle": "第51集 宜蘭高網評美食！黃金鴨賞捲、越式牛排、90元鮮魚湯、豆腐乳烤雞、宜蘭最新親子房",
            "ep_number": 51,
            "rating": 1,
            "content_type": "show",
            "p_start": 1762251300000,
            "vod_channel_description": "這次跟著JR、韋汝一起來到宜蘭，介紹高評價美食給大家，都是沒有買評論或評論五星換禮物的老實人店家！有連胡天蘭都讚賞的「紅燒羊排麵」；還有香噴噴的「豆腐乳烤雞全餐」；越南老闆娘獨創的5種越式牛排醬汁，全台找不到第2間一樣口味的「越南牛排」；以及自家漁船新鮮直送，4.7星高人氣「海產店」。"
          },
          {
            "content_id": "VOD00372724",
            "time_codes": [
              717000,
              1425000,
              2628000
            ],
            "timecode_duration": [],
            "length": 2850000,
            "asset_id": "vod72199-000052M001",
            "title": "",
            "subtitle": "第52集 台中市場超限量美食！一小時完售浮誇水果三明治、深夜限量50碗牛肉麵、超夯麥芽蜜地瓜",
            "ep_number": 52,
            "rating": 1,
            "content_type": "show",
            "p_start": 1762254300000,
            "vod_channel_description": "本集來到台中，要帶大家到各個市場裡挖寶，尋找超限量美食～包含早上1小時就完售的「浮誇水果三明治」、排隊排到市場外的「手工油飯」、1天限量15份的「超巨大蝦壽司」，還有「秒殺級蜜地瓜」、人氣點心「厚蔥餅」也都不能錯過～"
          }
        ],
        "total_length": 136535000,
        "focus_index": 43,
        "next_index": 44,
        "time": 1986745,
        "focus_program": {
          "content_id": "VOD00372720",
          "time_codes": [
            1232000,
            1862000,
            2554000
          ],
          "timecode_duration": [],
          "length": 2850000,
          "asset_id": "vod72199-000048M001",
          "title": "",
          "subtitle": "第48集 台南超俗小吃！50元虱目魚粥、牛肉湯無限續、雞蛋糕捲、巨無霸布丁、10元蔥油餅",
          "ep_number": 48,
          "rating": 1,
          "content_type": "show",
          "p_start": 1762242300000,
          "vod_channel_description": "本集來到台南，要帶大家挖掘觀光客還不知道的台南「超便宜小吃」！包含只要50元的「滿滿魚肉虱目魚粥」、隱身市場裡的「25年從未漲價10元蔥油餅」、成大學生必吃點心「日式手工雞蛋糕捲」，還有「佛心牛肉湯」「古早味手工布丁」，最後還要入住超漂亮的「韓風包棟民宿」！"
        }
      },
      "station_categories": [
        {
          "Name": "綜藝",
          "EngName": "Entertainment",
          "MenuOrder": 8
        }
      ]
    },
    "introduction": {
      "image": "https://p-cdnstatic.svc.litv.tv/pics/vod_channel/logo_3574_ofiii225_mobile_20241211.png",
      "description": "",
      "href_maps": []
    },
    "recommends": [],
    "ua": "Mozilla/5.0 (Windows NT 10.0; Win64; x64) AppleWebKit/537.36 (KHTML, like Gecko) Chrome/91.0.4472.124 Safari/537.36"
  },
  "__N_SSP": true
}