{
  "pageProps": {
    "contentId": "ofiii150",
    "channel": {
      "title": "台灣靈異事件",
      "no": 150,
      "charge_mode": "F",
      "content_id": "ofiii150",
      "content_type": "vod-channel",
      "epg_categories": [
        4
      ],
      "genres": [
        {
          "id": "",
          "name": "VOD_CHANNEL",
          "logo": ""
        }
      ],
      "liad_id": "VODCHNEWOFIWEB",
      "package_info_id": "VOD_CHANNEL_DELUX",
      "picture": "pics/vod_channel/logo_3385_ofiii150_tv_20250221.png",
      "provider": [
        {
          "id": "",
          "name": "華視",
          "logo": ""
        }
      ],
      "quality": "HD",
      "station_id": "station6319",
      "trial": "",
      "selectable": 1,
      "tr_logo": "pics/vod_channel/tr_logo_1719370477.png",
      "tl_logo": "",
      "br_logo": "",
      "bl_logo": "",
      "menu_type": 1,
      "vod_channel_schedule": {
        "channel_id": 150,
        "cdn_code": "ofiii150",
        "start_time": 1761897870000,
        "programs": [
          {
            "content_id": "VOD00047830",
            "time_codes": [
              900000,
              1800000,
              2700000
            ],
            "timecode_duration": [],
            "length": 4227000,
            "asset_id": "vod11385-000001M001",
            "title": "",
            "subtitle": "第1集",
            "ep_number": 1,
            "rating": 1,
            "content_type": "drama",
            "p_start": 1739846700000,
            "vod_channel_description": "《台灣靈異事件》台劇線上看。社會寫實單元劇，以現代辦案的角度來切入鬼神之說，用以警惕世人。篤信科學辦案精神的刑警尚智（謝祖武）有心理學博士學位，他與先天具有陰陽眼的搭檔王玉芳（趙英華），共同調查各種無法用科學解釋的案件，為死者伸冤…"
          },
          {
            "content_id": "VOD00047831",
            "time_codes": [
              900000,
              1800000,
              2700000
            ],
            "timecode_duration": [],
            "length": 4148000,
            "asset_id": "vod11385-000002M001",
            "title": "",
            "subtitle": "第2集",
            "ep_number": 2,
            "rating": 1,
            "content_type": "drama",
            "p_start": 1739851200000,
            "vod_channel_description": "社會寫實單元劇，劇情效法《X檔案》，以現代辦案的角度來切入鬼神之說，用以警惕世人。篤信科學辦案精神的刑警尚智（謝祖武）有心理學博士學位，他與先天具有陰陽眼的搭檔王玉芳（趙英華），共同調查各種無法用科學解釋的案件，為死者伸冤…劇中常出現名言：「正義往往會遲到，可是它遲早會到。」"
          },
          {
            "content_id": "VOD00047864",
            "time_codes": [
              900000,
              1800000,
              2700000
            ],
            "timecode_duration": [],
            "length": 4175000,
            "asset_id": "vod11385-000003M001",
            "title": "",
            "subtitle": "第3集",
            "ep_number": 3,
            "rating": 1,
            "content_type": "drama",
            "p_start": 1739855700000,
            "vod_channel_description": "社會寫實單元劇，劇情效法《X檔案》，以現代辦案的角度來切入鬼神之說，用以警惕世人。篤信科學辦案精神的刑警尚智（謝祖武）有心理學博士學位，他與先天具有陰陽眼的搭檔王玉芳（趙英華），共同調查各種無法用科學解釋的案件，為死者伸冤…劇中常出現名言：「正義往往會遲到，可是它遲早會到。」"
          },
          {
            "content_id": "VOD00047865",
            "time_codes": [
              900000,
              1800000,
              2700000
            ],
            "timecode_duration": [],
            "length": 4174000,
            "asset_id": "vod11385-000004M001",
            "title": "",
            "subtitle": "第4集",
            "ep_number": 4,
            "rating": 1,
            "content_type": "drama",
            "p_start": 1739860200000,
            "vod_channel_description": "社會寫實單元劇，劇情效法《X檔案》，以現代辦案的角度來切入鬼神之說，用以警惕世人。篤信科學辦案精神的刑警尚智（謝祖武）有心理學博士學位，他與先天具有陰陽眼的搭檔王玉芳（趙英華），共同調查各種無法用科學解釋的案件，為死者伸冤…劇中常出現名言：「正義往往會遲到，可是它遲早會到。」"
          },
          {
            "content_id": "VOD00047866",
            "time_codes": [
              900000,
              1800000,
              2700000
            ],
            "timecode_duration": [],
            "length": 4166000,
            "asset_id": "vod11385-000005M001",
            "title": "",
            "subtitle": "第5集",
            "ep_number": 5,
            "rating": 1,
            "content_type": "drama",
            "p_start": 1739864700000,
            "vod_channel_description": "社會寫實單元劇，劇情效法《X檔案》，以現代辦案的角度來切入鬼神之說，用以警惕世人。篤信科學辦案精神的刑警尚智（謝祖武）有心理學博士學位，他與先天具有陰陽眼的搭檔王玉芳（趙英華），共同調查各種無法用科學解釋的案件，為死者伸冤…劇中常出現名言：「正義往往會遲到，可是它遲早會到。」"
          },
          {
            "content_id": "VOD00047867",
            "time_codes": [
              900000,
              1800000,
              2700000
            ],
            "timecode_duration": [],
            "length": 4182000,
            "asset_id": "vod11385-000006M001",
            "title": "",
            "subtitle": "第6集",
            "ep_number": 6,
            "rating": 1,
            "content_type": "drama",
            "p_start": 1739869200000,
            "vod_channel_description": "社會寫實單元劇，劇情效法《X檔案》，以現代辦案的角度來切入鬼神之說，用以警惕世人。篤信科學辦案精神的刑警尚智（謝祖武）有心理學博士學位，他與先天具有陰陽眼的搭檔王玉芳（趙英華），共同調查各種無法用科學解釋的案件，為死者伸冤…劇中常出現名言：「正義往往會遲到，可是它遲早會到。」"
          },
          {
            "content_id": "VOD00047868",
            "time_codes": [
              900000,
              1800000,
              2700000
            ],
            "timecode_duration": [],
            "length": 4194000,
            "asset_id": "vod11385-000007M001",
            "title": "",
            "subtitle": "第7集",
            "ep_number": 7,
            "rating": 1,
            "content_type": "drama",
            "p_start": 1739873700000,
            "vod_channel_description": "社會寫實單元劇，劇情效法《X檔案》，以現代辦案的角度來切入鬼神之說，用以警惕世人。篤信科學辦案精神的刑警尚智（謝祖武）有心理學博士學位，他與先天具有陰陽眼的搭檔王玉芳（趙英華），共同調查各種無法用科學解釋的案件，為死者伸冤…劇中常出現名言：「正義往往會遲到，可是它遲早會到。」"
          },
          {
            "content_id": "VOD00047869",
            "time_codes": [
              900000,
              1800000,
              2700000
            ],
            "timecode_duration": [],
            "length": 4187000,
            "asset_id": "vod11385-000008M001",
            "title": "",
            "subtitle": "第8集",
            "ep_number": 8,
            "rating": 1,
            "content_type": "drama",
            "p_start": 1739878200000,
            "vod_channel_description": "社會寫實單元劇，劇情效法《X檔案》，以現代辦案的角度來切入鬼神之說，用以警惕世人。篤信科學辦案精神的刑警尚智（謝祖武）有心理學博士學位，他與先天具有陰陽眼的搭檔王玉芳（趙英華），共同調查各種無法用科學解釋的案件，為死者伸冤…劇中常出現名言：「正義往往會遲到，可是它遲早會到。」"
          },
          {
            "content_id": "VOD00047870",
            "time_codes": [
              900000,
              1800000,
              2700000
            ],
            "timecode_duration": [],
            "length": 4195000,
            "asset_id": "vod11385-000009M001",
            "title": "",
            "subtitle": "第9集",
            "ep_number": 9,
            "rating": 1,
            "content_type": "drama",
            "p_start": 1739882700000,
            "vod_channel_description": "社會寫實單元劇，劇情效法《X檔案》，以現代辦案的角度來切入鬼神之說，用以警惕世人。篤信科學辦案精神的刑警尚智（謝祖武）有心理學博士學位，他與先天具有陰陽眼的搭檔王玉芳（趙英華），共同調查各種無法用科學解釋的案件，為死者伸冤…劇中常出現名言：「正義往往會遲到，可是它遲早會到。」"
          },
          {
            "content_id": "VOD00047871",
            "time_codes": [
              900000,
              1800000,
              2700000
            ],
            "timecode_duration": [],
            "length": 4192000,
            "asset_id": "vod11385-000010M001",
            "title": "",
            "subtitle": "第10集",
            "ep_number": 10,
            "rating": 1,
            "content_type": "drama",
            "p_start": 1739887200000,
            "vod_channel_description": "社會寫實單元劇，劇情效法《X檔案》，以現代辦案的角度來切入鬼神之說，用以警惕世人。篤信科學辦案精神的刑警尚智（謝祖武）有心理學博士學位，他與先天具有陰陽眼的搭檔王玉芳（趙英華），共同調查各種無法用科學解釋的案件，為死者伸冤…劇中常出現名言：「正義往往會遲到，可是它遲早會到。」"
          },
          {
            "content_id": "VOD00047872",
            "time_codes": [
              900000,
              1800000,
              2700000
            ],
            "timecode_duration": [],
            "length": 4187000,
            "asset_id": "vod11385-000011M001",
            "title": "",
            "subtitle": "第11集",
            "ep_number": 11,
            "rating": 1,
            "content_type": "drama",
            "p_start": 1739891700000,
            "vod_channel_description": "社會寫實單元劇，劇情效法《X檔案》，以現代辦案的角度來切入鬼神之說，用以警惕世人。篤信科學辦案精神的刑警尚智（謝祖武）有心理學博士學位，他與先天具有陰陽眼的搭檔王玉芳（趙英華），共同調查各種無法用科學解釋的案件，為死者伸冤…劇中常出現名言：「正義往往會遲到，可是它遲早會到。」"
          },
          {
            "content_id": "VOD00047873",
            "time_codes": [
              900000,
              1800000,
              2700000
            ],
            "timecode_duration": [],
            "length": 4185000,
            "asset_id": "vod11385-000012M001",
            "title": "",
            "subtitle": "第12集",
            "ep_number": 12,
            "rating": 1,
            "content_type": "drama",
            "p_start": 1739896200000,
            "vod_channel_description": "社會寫實單元劇，劇情效法《X檔案》，以現代辦案的角度來切入鬼神之說，用以警惕世人。篤信科學辦案精神的刑警尚智（謝祖武）有心理學博士學位，他與先天具有陰陽眼的搭檔王玉芳（趙英華），共同調查各種無法用科學解釋的案件，為死者伸冤…劇中常出現名言：「正義往往會遲到，可是它遲早會到。」"
          },
          {
            "content_id": "VOD00047874",
            "time_codes": [
              900000,
              1800000,
              2700000
            ],
            "timecode_duration": [],
            "length": 4180000,
            "asset_id": "vod11385-000013M001",
            "title": "",
            "subtitle": "第13集",
            "ep_number": 13,
            "rating": 1,
            "content_type": "drama",
            "p_start": 1739900700000,
            "vod_channel_description": "社會寫實單元劇，劇情效法《X檔案》，以現代辦案的角度來切入鬼神之說，用以警惕世人。篤信科學辦案精神的刑警尚智（謝祖武）有心理學博士學位，他與先天具有陰陽眼的搭檔王玉芳（趙英華），共同調查各種無法用科學解釋的案件，為死者伸冤…劇中常出現名言：「正義往往會遲到，可是它遲早會到。」"
          },
          {
            "content_id": "VOD00047875",
            "time_codes": [
              900000,
              1800000,
              2700000
            ],
            "timecode_duration": [],
            "length": 4194000,
            "asset_id": "vod11385-000014M001",
            "title": "",
            "subtitle": "第14集",
            "ep_number": 14,
            "rating": 1,
            "content_type": "drama",
            "p_start": 1739905200000,
            "vod_channel_description": "社會寫實單元劇，劇情效法《X檔案》，以現代辦案的角度來切入鬼神之說，用以警惕世人。篤信科學辦案精神的刑警尚智（謝祖武）有心理學博士學位，他與先天具有陰陽眼的搭檔王玉芳（趙英華），共同調查各種無法用科學解釋的案件，為死者伸冤…劇中常出現名言：「正義往往會遲到，可是它遲早會到。」"
          },
          {
            "content_id": "VOD00047876",
            "time_codes": [
              900000,
              1800000,
              2700000
            ],
            "timecode_duration": [],
            "length": 4171000,
            "asset_id": "vod11385-000015M001",
            "title": "",
            "subtitle": "第15集",
            "ep_number": 15,
            "rating": 1,
            "content_type": "drama",
            "p_start": 1739909700000,
            "vod_channel_description": "社會寫實單元劇，劇情效法《X檔案》，以現代辦案的角度來切入鬼神之說，用以警惕世人。篤信科學辦案精神的刑警尚智（謝祖武）有心理學博士學位，他與先天具有陰陽眼的搭檔王玉芳（趙英華），共同調查各種無法用科學解釋的案件，為死者伸冤…劇中常出現名言：「正義往往會遲到，可是它遲早會到。」"
          },
          {
            "content_id": "VOD00047877",
            "time_codes": [
              900000,
              1800000,
              2700000
            ],
            "timecode_duration": [],
            "length": 4156000,
            "asset_id": "vod11385-000016M001",
            "title": "",
            "subtitle": "第16集",
            "ep_number": 16,
            "rating": 1,
            "content_type": "drama",
            "p_start": 1739914200000,
            "vod_channel_description": "社會寫實單元劇，劇情效法《X檔案》，以現代辦案的角度來切入鬼神之說，用以警惕世人。篤信科學辦案精神的刑警尚智（謝祖武）有心理學博士學位，他與先天具有陰陽眼的搭檔王玉芳（趙英華），共同調查各種無法用科學解釋的案件，為死者伸冤…劇中常出現名言：「正義往往會遲到，可是它遲早會到。」"
          },
          {
            "content_id": "VOD00047878",
            "time_codes": [
              900000,
              1800000,
              2700000
            ],
            "timecode_duration": [],
            "length": 4195000,
            "asset_id": "vod11385-000017M001",
            "title": "",
            "subtitle": "第17集",
            "ep_number": 17,
            "rating": 1,
            "content_type": "drama",
            "p_start": 1739918700000,
            "vod_channel_description": "社會寫實單元劇，劇情效法《X檔案》，以現代辦案的角度來切入鬼神之說，用以警惕世人。篤信科學辦案精神的刑警尚智（謝祖武）有心理學博士學位，他與先天具有陰陽眼的搭檔王玉芳（趙英華），共同調查各種無法用科學解釋的案件，為死者伸冤…劇中常出現名言：「正義往往會遲到，可是它遲早會到。」"
          },
          {
            "content_id": "VOD00047879",
            "time_codes": [
              900000,
              1800000,
              2700000
            ],
            "timecode_duration": [],
            "length": 4200000,
            "asset_id": "vod11385-000018M001",
            "title": "",
            "subtitle": "第18集",
            "ep_number": 18,
            "rating": 1,
            "content_type": "drama",
            "p_start": 1739923200000,
            "vod_channel_description": "社會寫實單元劇，劇情效法《X檔案》，以現代辦案的角度來切入鬼神之說，用以警惕世人。篤信科學辦案精神的刑警尚智（謝祖武）有心理學博士學位，他與先天具有陰陽眼的搭檔王玉芳（趙英華），共同調查各種無法用科學解釋的案件，為死者伸冤…劇中常出現名言：「正義往往會遲到，可是它遲早會到。」"
          },
          {
            "content_id": "VOD00047880",
            "time_codes": [
              900000,
              1800000,
              2700000
            ],
            "timecode_duration": [],
            "length": 4133000,
            "asset_id": "vod11385-000019M001",
            "title": "",
            "subtitle": "第19集",
            "ep_number": 19,
            "rating": 1,
            "content_type": "drama",
            "p_start": 1739927700000,
            "vod_channel_description": "社會寫實單元劇，劇情效法《X檔案》，以現代辦案的角度來切入鬼神之說，用以警惕世人。篤信科學辦案精神的刑警尚智（謝祖武）有心理學博士學位，他與先天具有陰陽眼的搭檔王玉芳（趙英華），共同調查各種無法用科學解釋的案件，為死者伸冤…劇中常出現名言：「正義往往會遲到，可是它遲早會到。」"
          },
          {
            "content_id": "VOD00047881",
            "time_codes": [
              900000,
              1800000,
              2700000
            ],
            "timecode_duration": [],
            "length": 4129000,
            "asset_id": "vod11385-000020M001",
            "title": "",
            "subtitle": "第20集",
            "ep_number": 20,
            "rating": 1,
            "content_type": "drama",
            "p_start": 1739931900000,
            "vod_channel_description": "社會寫實單元劇，劇情效法《X檔案》，以現代辦案的角度來切入鬼神之說，用以警惕世人。篤信科學辦案精神的刑警尚智（謝祖武）有心理學博士學位，他與先天具有陰陽眼的搭檔王玉芳（趙英華），共同調查各種無法用科學解釋的案件，為死者伸冤…劇中常出現名言：「正義往往會遲到，可是它遲早會到。」"
          },
          {
            "content_id": "VOD00047893",
            "time_codes": [
              900000,
              1800000,
              2700000
            ],
            "timecode_duration": [],
            "length": 4182000,
            "asset_id": "vod11385-000021M001",
            "title": "",
            "subtitle": "第21集",
            "ep_number": 21,
            "rating": 1,
            "content_type": "drama",
            "p_start": 1739936100000,
            "vod_channel_description": "社會寫實單元劇，劇情效法《X檔案》，以現代辦案的角度來切入鬼神之說，用以警惕世人。篤信科學辦案精神的刑警尚智（謝祖武）有心理學博士學位，他與先天具有陰陽眼的搭檔王玉芳（趙英華），共同調查各種無法用科學解釋的案件，為死者伸冤…劇中常出現名言：「正義往往會遲到，可是它遲早會到。」"
          },
          {
            "content_id": "VOD00047894",
            "time_codes": [
              900000,
              1800000,
              2700000
            ],
            "timecode_duration": [],
            "length": 4197000,
            "asset_id": "vod11385-000022M001",
            "title": "",
            "subtitle": "第22集",
            "ep_number": 22,
            "rating": 1,
            "content_type": "drama",
            "p_start": 1739940600000,
            "vod_channel_description": "社會寫實單元劇，劇情效法《X檔案》，以現代辦案的角度來切入鬼神之說，用以警惕世人。篤信科學辦案精神的刑警尚智（謝祖武）有心理學博士學位，他與先天具有陰陽眼的搭檔王玉芳（趙英華），共同調查各種無法用科學解釋的案件，為死者伸冤…劇中常出現名言：「正義往往會遲到，可是它遲早會到。」"
          },
          {
            "content_id": "VOD00047895",
            "time_codes": [
              900000,
              1800000,
              2700000
            ],
            "timecode_duration": [],
            "length": 4104000,
            "asset_id": "vod11385-000023M001",
            "title": "",
            "subtitle": "第23集",
            "ep_number": 23,
            "rating": 1,
            "content_type": "drama",
            "p_start": 1739945100000,
            "vod_channel_description": "社會寫實單元劇，劇情效法《X檔案》，以現代辦案的角度來切入鬼神之說，用以警惕世人。篤信科學辦案精神的刑警尚智（謝祖武）有心理學博士學位，他與先天具有陰陽眼的搭檔王玉芳（趙英華），共同調查各種無法用科學解釋的案件，為死者伸冤…劇中常出現名言：「正義往往會遲到，可是它遲早會到。」"
          },
          {
            "content_id": "VOD00047896",
            "time_codes": [
              900000,
              1800000,
              2700000
            ],
            "timecode_duration": [],
            "length": 4154000,
            "asset_id": "vod11385-000024M001",
            "title": "",
            "subtitle": "第24集",
            "ep_number": 24,
            "rating": 1,
            "content_type": "drama",
            "p_start": 1739949300000,
            "vod_channel_description": "社會寫實單元劇，劇情效法《X檔案》，以現代辦案的角度來切入鬼神之說，用以警惕世人。篤信科學辦案精神的刑警尚智（謝祖武）有心理學博士學位，他與先天具有陰陽眼的搭檔王玉芳（趙英華），共同調查各種無法用科學解釋的案件，為死者伸冤…劇中常出現名言：「正義往往會遲到，可是它遲早會到。」"
          },
          {
            "content_id": "VOD00047897",
            "time_codes": [
              900000,
              1800000,
              2700000
            ],
            "timecode_duration": [],
            "length": 4153000,
            "asset_id": "vod11385-000025M001",
            "title": "",
            "subtitle": "第25集",
            "ep_number": 25,
            "rating": 1,
            "content_type": "drama",
            "p_start": 1739953800000,
            "vod_channel_description": "社會寫實單元劇，劇情效法《X檔案》，以現代辦案的角度來切入鬼神之說，用以警惕世人。篤信科學辦案精神的刑警尚智（謝祖武）有心理學博士學位，他與先天具有陰陽眼的搭檔王玉芳（趙英華），共同調查各種無法用科學解釋的案件，為死者伸冤…劇中常出現名言：「正義往往會遲到，可是它遲早會到。」"
          },
          {
            "content_id": "VOD00047898",
            "time_codes": [
              900000,
              1800000,
              2700000
            ],
            "timecode_duration": [],
            "length": 4125000,
            "asset_id": "vod11385-000026M001",
            "title": "",
            "subtitle": "第26集",
            "ep_number": 26,
            "rating": 1,
            "content_type": "drama",
            "p_start": 1739958300000,
            "vod_channel_description": "社會寫實單元劇，劇情效法《X檔案》，以現代辦案的角度來切入鬼神之說，用以警惕世人。篤信科學辦案精神的刑警尚智（謝祖武）有心理學博士學位，他與先天具有陰陽眼的搭檔王玉芳（趙英華），共同調查各種無法用科學解釋的案件，為死者伸冤…劇中常出現名言：「正義往往會遲到，可是它遲早會到。」"
          },
          {
            "content_id": "VOD00047899",
            "time_codes": [
              900000,
              1800000,
              2700000
            ],
            "timecode_duration": [],
            "length": 4171000,
            "asset_id": "vod11385-000027M001",
            "title": "",
            "subtitle": "第27集",
            "ep_number": 27,
            "rating": 1,
            "content_type": "drama",
            "p_start": 1739962500000,
            "vod_channel_description": "社會寫實單元劇，劇情效法《X檔案》，以現代辦案的角度來切入鬼神之說，用以警惕世人。篤信科學辦案精神的刑警尚智（謝祖武）有心理學博士學位，他與先天具有陰陽眼的搭檔王玉芳（趙英華），共同調查各種無法用科學解釋的案件，為死者伸冤…劇中常出現名言：「正義往往會遲到，可是它遲早會到。」"
          },
          {
            "content_id": "VOD00047900",
            "time_codes": [
              900000,
              1800000,
              2700000
            ],
            "timecode_duration": [],
            "length": 4054000,
            "asset_id": "vod11385-000028M001",
            "title": "",
            "subtitle": "第28集",
            "ep_number": 28,
            "rating": 1,
            "content_type": "drama",
            "p_start": 1739967000000,
            "vod_channel_description": "社會寫實單元劇，劇情效法《X檔案》，以現代辦案的角度來切入鬼神之說，用以警惕世人。篤信科學辦案精神的刑警尚智（謝祖武）有心理學博士學位，他與先天具有陰陽眼的搭檔王玉芳（趙英華），共同調查各種無法用科學解釋的案件，為死者伸冤…劇中常出現名言：「正義往往會遲到，可是它遲早會到。」"
          },
          {
            "content_id": "VOD00047901",
            "time_codes": [
              900000,
              1800000,
              2700000
            ],
            "timecode_duration": [],
            "length": 4062000,
            "asset_id": "vod11385-000029M001",
            "title": "",
            "subtitle": "第29集",
            "ep_number": 29,
            "rating": 1,
            "content_type": "drama",
            "p_start": 1739971200000,
            "vod_channel_description": "社會寫實單元劇，劇情效法《X檔案》，以現代辦案的角度來切入鬼神之說，用以警惕世人。篤信科學辦案精神的刑警尚智（謝祖武）有心理學博士學位，他與先天具有陰陽眼的搭檔王玉芳（趙英華），共同調查各種無法用科學解釋的案件，為死者伸冤…劇中常出現名言：「正義往往會遲到，可是它遲早會到。」"
          },
          {
            "content_id": "VOD00047902",
            "time_codes": [
              900000,
              1800000,
              2700000
            ],
            "timecode_duration": [],
            "length": 3955000,
            "asset_id": "vod11385-000030M001",
            "title": "",
            "subtitle": "第30集",
            "ep_number": 30,
            "rating": 1,
            "content_type": "drama",
            "p_start": 1739975400000,
            "vod_channel_description": "社會寫實單元劇，劇情效法《X檔案》，以現代辦案的角度來切入鬼神之說，用以警惕世人。篤信科學辦案精神的刑警尚智（謝祖武）有心理學博士學位，他與先天具有陰陽眼的搭檔王玉芳（趙英華），共同調查各種無法用科學解釋的案件，為死者伸冤…劇中常出現名言：「正義往往會遲到，可是它遲早會到。」"
          },
          {
            "content_id": "VOD00047950",
            "time_codes": [
              900000,
              1800000,
              2700000
            ],
            "timecode_duration": [],
            "length": 4014000,
            "asset_id": "vod11385-000031M001",
            "title": "",
            "subtitle": "第31集",
            "ep_number": 31,
            "rating": 1,
            "content_type": "drama",
            "p_start": 1739979600000,
            "vod_channel_description": "社會寫實單元劇，劇情效法《X檔案》，以現代辦案的角度來切入鬼神之說，用以警惕世人。篤信科學辦案精神的刑警尚智（謝祖武）有心理學博士學位，他與先天具有陰陽眼的搭檔王玉芳（趙英華），共同調查各種無法用科學解釋的案件，為死者伸冤…劇中常出現名言：「正義往往會遲到，可是它遲早會到。」"
          },
          {
            "content_id": "VOD00047951",
            "time_codes": [
              900000,
              1800000,
              2700000
            ],
            "timecode_duration": [],
            "length": 4071000,
            "asset_id": "vod11385-000032M001",
            "title": "",
            "subtitle": "第32集",
            "ep_number": 32,
            "rating": 1,
            "content_type": "drama",
            "p_start": 1739983800000,
            "vod_channel_description": "社會寫實單元劇，劇情效法《X檔案》，以現代辦案的角度來切入鬼神之說，用以警惕世人。篤信科學辦案精神的刑警尚智（謝祖武）有心理學博士學位，他與先天具有陰陽眼的搭檔王玉芳（趙英華），共同調查各種無法用科學解釋的案件，為死者伸冤…劇中常出現名言：「正義往往會遲到，可是它遲早會到。」"
          },
          {
            "content_id": "VOD00047952",
            "time_codes": [
              900000,
              1800000,
              2700000
            ],
            "timecode_duration": [],
            "length": 4086000,
            "asset_id": "vod11385-000033M001",
            "title": "",
            "subtitle": "第33集",
            "ep_number": 33,
            "rating": 1,
            "content_type": "drama",
            "p_start": 1739988000000,
            "vod_channel_description": "社會寫實單元劇，劇情效法《X檔案》，以現代辦案的角度來切入鬼神之說，用以警惕世人。篤信科學辦案精神的刑警尚智（謝祖武）有心理學博士學位，他與先天具有陰陽眼的搭檔王玉芳（趙英華），共同調查各種無法用科學解釋的案件，為死者伸冤…劇中常出現名言：「正義往往會遲到，可是它遲早會到。」"
          },
          {
            "content_id": "VOD00047953",
            "time_codes": [
              900000,
              1800000,
              2700000
            ],
            "timecode_duration": [],
            "length": 4070000,
            "asset_id": "vod11385-000034M001",
            "title": "",
            "subtitle": "第34集",
            "ep_number": 34,
            "rating": 1,
            "content_type": "drama",
            "p_start": 1739992200000,
            "vod_channel_description": "社會寫實單元劇，劇情效法《X檔案》，以現代辦案的角度來切入鬼神之說，用以警惕世人。篤信科學辦案精神的刑警尚智（謝祖武）有心理學博士學位，他與先天具有陰陽眼的搭檔王玉芳（趙英華），共同調查各種無法用科學解釋的案件，為死者伸冤…劇中常出現名言：「正義往往會遲到，可是它遲早會到。」"
          },
          {
            "content_id": "VOD00047954",
            "time_codes": [
              900000,
              1800000,
              2700000
            ],
            "timecode_duration": [],
            "length": 4061000,
            "asset_id": "vod11385-000035M001",
            "title": "",
            "subtitle": "第35集",
            "ep_number": 35,
            "rating": 1,
            "content_type": "drama",
            "p_start": 1739996400000,
            "vod_channel_description": "社會寫實單元劇，劇情效法《X檔案》，以現代辦案的角度來切入鬼神之說，用以警惕世人。篤信科學辦案精神的刑警尚智（謝祖武）有心理學博士學位，他與先天具有陰陽眼的搭檔王玉芳（趙英華），共同調查各種無法用科學解釋的案件，為死者伸冤…劇中常出現名言：「正義往往會遲到，可是它遲早會到。」"
          },
          {
            "content_id": "VOD00047955",
            "time_codes": [
              900000,
              1800000,
              2700000
            ],
            "timecode_duration": [],
            "length": 4104000,
            "asset_id": "vod11385-000036M001",
            "title": "",
            "subtitle": "第36集",
            "ep_number": 36,
            "rating": 1,
            "content_type": "drama",
            "p_start": 1740000600000,
            "vod_channel_description": "社會寫實單元劇，劇情效法《X檔案》，以現代辦案的角度來切入鬼神之說，用以警惕世人。篤信科學辦案精神的刑警尚智（謝祖武）有心理學博士學位，他與先天具有陰陽眼的搭檔王玉芳（趙英華），共同調查各種無法用科學解釋的案件，為死者伸冤…劇中常出現名言：「正義往往會遲到，可是它遲早會到。」"
          },
          {
            "content_id": "VOD00047956",
            "time_codes": [
              900000,
              1800000,
              2700000
            ],
            "timecode_duration": [],
            "length": 4044000,
            "asset_id": "vod11385-000037M001",
            "title": "",
            "subtitle": "第37集",
            "ep_number": 37,
            "rating": 1,
            "content_type": "drama",
            "p_start": 1740004800000,
            "vod_channel_description": "社會寫實單元劇，劇情效法《X檔案》，以現代辦案的角度來切入鬼神之說，用以警惕世人。篤信科學辦案精神的刑警尚智（謝祖武）有心理學博士學位，他與先天具有陰陽眼的搭檔王玉芳（趙英華），共同調查各種無法用科學解釋的案件，為死者伸冤…劇中常出現名言：「正義往往會遲到，可是它遲早會到。」"
          },
          {
            "content_id": "VOD00047957",
            "time_codes": [
              900000,
              1800000,
              2700000
            ],
            "timecode_duration": [],
            "length": 3963000,
            "asset_id": "vod11385-000038M001",
            "title": "",
            "subtitle": "第38集",
            "ep_number": 38,
            "rating": 1,
            "content_type": "drama",
            "p_start": 1740009000000,
            "vod_channel_description": "社會寫實單元劇，劇情效法《X檔案》，以現代辦案的角度來切入鬼神之說，用以警惕世人。篤信科學辦案精神的刑警尚智（謝祖武）有心理學博士學位，他與先天具有陰陽眼的搭檔王玉芳（趙英華），共同調查各種無法用科學解釋的案件，為死者伸冤…劇中常出現名言：「正義往往會遲到，可是它遲早會到。」"
          },
          {
            "content_id": "VOD00047958",
            "time_codes": [
              900000,
              1800000,
              2700000
            ],
            "timecode_duration": [],
            "length": 4067000,
            "asset_id": "vod11385-000039M001",
            "title": "",
            "subtitle": "第39集",
            "ep_number": 39,
            "rating": 1,
            "content_type": "drama",
            "p_start": 1740013200000,
            "vod_channel_description": "社會寫實單元劇，劇情效法《X檔案》，以現代辦案的角度來切入鬼神之說，用以警惕世人。篤信科學辦案精神的刑警尚智（謝祖武）有心理學博士學位，他與先天具有陰陽眼的搭檔王玉芳（趙英華），共同調查各種無法用科學解釋的案件，為死者伸冤…劇中常出現名言：「正義往往會遲到，可是它遲早會到。」"
          },
          {
            "content_id": "VOD00047959",
            "time_codes": [
              900000,
              1800000,
              2700000
            ],
            "timecode_duration": [],
            "length": 3916000,
            "asset_id": "vod11385-000040M001",
            "title": "",
            "subtitle": "第40集",
            "ep_number": 40,
            "rating": 1,
            "content_type": "drama",
            "p_start": 1740017400000,
            "vod_channel_description": "社會寫實單元劇，劇情效法《X檔案》，以現代辦案的角度來切入鬼神之說，用以警惕世人。篤信科學辦案精神的刑警尚智（謝祖武）有心理學博士學位，他與先天具有陰陽眼的搭檔王玉芳（趙英華），共同調查各種無法用科學解釋的案件，為死者伸冤…劇中常出現名言：「正義往往會遲到，可是它遲早會到。」"
          },
          {
            "content_id": "VOD00047960",
            "time_codes": [
              900000,
              1800000,
              2700000
            ],
            "timecode_duration": [],
            "length": 4056000,
            "asset_id": "vod11385-000041M001",
            "title": "",
            "subtitle": "第41集",
            "ep_number": 41,
            "rating": 1,
            "content_type": "drama",
            "p_start": 1740021600000,
            "vod_channel_description": "社會寫實單元劇，劇情效法《X檔案》，以現代辦案的角度來切入鬼神之說，用以警惕世人。篤信科學辦案精神的刑警尚智（謝祖武）有心理學博士學位，他與先天具有陰陽眼的搭檔王玉芳（趙英華），共同調查各種無法用科學解釋的案件，為死者伸冤…劇中常出現名言：「正義往往會遲到，可是它遲早會到。」"
          },
          {
            "content_id": "VOD00047961",
            "time_codes": [
              900000,
              1800000,
              2700000
            ],
            "timecode_duration": [],
            "length": 3876000,
            "asset_id": "vod11385-000042M001",
            "title": "",
            "subtitle": "第42集",
            "ep_number": 42,
            "rating": 1,
            "content_type": "drama",
            "p_start": 1740025800000,
            "vod_channel_description": "社會寫實單元劇，劇情效法《X檔案》，以現代辦案的角度來切入鬼神之說，用以警惕世人。篤信科學辦案精神的刑警尚智（謝祖武）有心理學博士學位，他與先天具有陰陽眼的搭檔王玉芳（趙英華），共同調查各種無法用科學解釋的案件，為死者伸冤…劇中常出現名言：「正義往往會遲到，可是它遲早會到。」"
          },
          {
            "content_id": "VOD00047962",
            "time_codes": [
              900000,
              1800000,
              2700000
            ],
            "timecode_duration": [],
            "length": 4033000,
            "asset_id": "vod11385-000043M001",
            "title": "",
            "subtitle": "第43集",
            "ep_number": 43,
            "rating": 1,
            "content_type": "drama",
            "p_start": 1740030000000,
            "vod_channel_description": "社會寫實單元劇，劇情效法《X檔案》，以現代辦案的角度來切入鬼神之說，用以警惕世人。篤信科學辦案精神的刑警尚智（謝祖武）有心理學博士學位，他與先天具有陰陽眼的搭檔王玉芳（趙英華），共同調查各種無法用科學解釋的案件，為死者伸冤…劇中常出現名言：「正義往往會遲到，可是它遲早會到。」"
          },
          {
            "content_id": "VOD00047963",
            "time_codes": [
              900000,
              1800000,
              2700000
            ],
            "timecode_duration": [],
            "length": 3849000,
            "asset_id": "vod11385-000044M001",
            "title": "",
            "subtitle": "第44集",
            "ep_number": 44,
            "rating": 1,
            "content_type": "drama",
            "p_start": 1740034200000,
            "vod_channel_description": "社會寫實單元劇，劇情效法《X檔案》，以現代辦案的角度來切入鬼神之說，用以警惕世人。篤信科學辦案精神的刑警尚智（謝祖武）有心理學博士學位，他與先天具有陰陽眼的搭檔王玉芳（趙英華），共同調查各種無法用科學解釋的案件，為死者伸冤…劇中常出現名言：「正義往往會遲到，可是它遲早會到。」"
          },
          {
            "content_id": "VOD00047964",
            "time_codes": [
              900000,
              1800000,
              2700000
            ],
            "timecode_duration": [],
            "length": 4166000,
            "asset_id": "vod11385-000045M001",
            "title": "",
            "subtitle": "第45集",
            "ep_number": 45,
            "rating": 1,
            "content_type": "drama",
            "p_start": 1740038400000,
            "vod_channel_description": "社會寫實單元劇，劇情效法《X檔案》，以現代辦案的角度來切入鬼神之說，用以警惕世人。篤信科學辦案精神的刑警尚智（謝祖武）有心理學博士學位，他與先天具有陰陽眼的搭檔王玉芳（趙英華），共同調查各種無法用科學解釋的案件，為死者伸冤…劇中常出現名言：「正義往往會遲到，可是它遲早會到。」"
          },
          {
            "content_id": "VOD00047965",
            "time_codes": [
              900000,
              1800000,
              2700000
            ],
            "timecode_duration": [],
            "length": 4018000,
            "asset_id": "vod11385-000046M001",
            "title": "",
            "subtitle": "第46集",
            "ep_number": 46,
            "rating": 1,
            "content_type": "drama",
            "p_start": 1740042900000,
            "vod_channel_description": "社會寫實單元劇，劇情效法《X檔案》，以現代辦案的角度來切入鬼神之說，用以警惕世人。篤信科學辦案精神的刑警尚智（謝祖武）有心理學博士學位，他與先天具有陰陽眼的搭檔王玉芳（趙英華），共同調查各種無法用科學解釋的案件，為死者伸冤…劇中常出現名言：「正義往往會遲到，可是它遲早會到。」"
          },
          {
            "content_id": "VOD00047966",
            "time_codes": [
              900000,
              1800000,
              2700000
            ],
            "timecode_duration": [],
            "length": 3989000,
            "asset_id": "vod11385-000047M001",
            "title": "",
            "subtitle": "第47集",
            "ep_number": 47,
            "rating": 1,
            "content_type": "drama",
            "p_start": 1740047100000,
            "vod_channel_description": "社會寫實單元劇，劇情效法《X檔案》，以現代辦案的角度來切入鬼神之說，用以警惕世人。篤信科學辦案精神的刑警尚智（謝祖武）有心理學博士學位，他與先天具有陰陽眼的搭檔王玉芳（趙英華），共同調查各種無法用科學解釋的案件，為死者伸冤…劇中常出現名言：「正義往往會遲到，可是它遲早會到。」"
          },
          {
            "content_id": "VOD00047967",
            "time_codes": [
              900000,
              1800000,
              2700000
            ],
            "timecode_duration": [],
            "length": 4014000,
            "asset_id": "vod11385-000048M001",
            "title": "",
            "subtitle": "第48集",
            "ep_number": 48,
            "rating": 1,
            "content_type": "drama",
            "p_start": 1740051300000,
            "vod_channel_description": "社會寫實單元劇，劇情效法《X檔案》，以現代辦案的角度來切入鬼神之說，用以警惕世人。篤信科學辦案精神的刑警尚智（謝祖武）有心理學博士學位，他與先天具有陰陽眼的搭檔王玉芳（趙英華），共同調查各種無法用科學解釋的案件，為死者伸冤…劇中常出現名言：「正義往往會遲到，可是它遲早會到。」"
          },
          {
            "content_id": "VOD00047968",
            "time_codes": [
              900000,
              1800000,
              2700000
            ],
            "timecode_duration": [],
            "length": 3987000,
            "asset_id": "vod11385-000049M001",
            "title": "",
            "subtitle": "第49集",
            "ep_number": 49,
            "rating": 1,
            "content_type": "drama",
            "p_start": 1740055500000,
            "vod_channel_description": "社會寫實單元劇，劇情效法《X檔案》，以現代辦案的角度來切入鬼神之說，用以警惕世人。篤信科學辦案精神的刑警尚智（謝祖武）有心理學博士學位，他與先天具有陰陽眼的搭檔王玉芳（趙英華），共同調查各種無法用科學解釋的案件，為死者伸冤…劇中常出現名言：「正義往往會遲到，可是它遲早會到。」"
          },
          {
            "content_id": "VOD00047969",
            "time_codes": [
              900000,
              1800000,
              2700000
            ],
            "timecode_duration": [],
            "length": 4000000,
            "asset_id": "vod11385-000050M001",
            "title": "",
            "subtitle": "第50集",
            "ep_number": 50,
            "rating": 1,
            "content_type": "drama",
            "p_start": 1740059700000,
            "vod_channel_description": "社會寫實單元劇，劇情效法《X檔案》，以現代辦案的角度來切入鬼神之說，用以警惕世人。篤信科學辦案精神的刑警尚智（謝祖武）有心理學博士學位，他與先天具有陰陽眼的搭檔王玉芳（趙英華），共同調查各種無法用科學解釋的案件，為死者伸冤…劇中常出現名言：「正義往往會遲到，可是它遲早會到。」"
          },
          {
            "content_id": "VOD00048293",
            "time_codes": [
              900000,
              1800000,
              2700000
            ],
            "timecode_duration": [],
            "length": 4085000,
            "asset_id": "vod11385-000051M001",
            "title": "",
            "subtitle": "第51集",
            "ep_number": 51,
            "rating": 1,
            "content_type": "drama",
            "p_start": 1740063900000,
            "vod_channel_description": "社會寫實單元劇，劇情效法《X檔案》，以現代辦案的角度來切入鬼神之說，用以警惕世人。篤信科學辦案精神的刑警尚智（謝祖武）有心理學博士學位，他與先天具有陰陽眼的搭檔王玉芳（趙英華），共同調查各種無法用科學解釋的案件，為死者伸冤…劇中常出現名言：「正義往往會遲到，可是它遲早會到。」"
          },
          {
            "content_id": "VOD00048296",
            "time_codes": [
              900000,
              1800000,
              2700000
            ],
            "timecode_duration": [],
            "length": 3956000,
            "asset_id": "vod11385-000052M001",
            "title": "",
            "subtitle": "第52集",
            "ep_number": 52,
            "rating": 1,
            "content_type": "drama",
            "p_start": 1740068100000,
            "vod_channel_description": "社會寫實單元劇，劇情效法《X檔案》，以現代辦案的角度來切入鬼神之說，用以警惕世人。篤信科學辦案精神的刑警尚智（謝祖武）有心理學博士學位，他與先天具有陰陽眼的搭檔王玉芳（趙英華），共同調查各種無法用科學解釋的案件，為死者伸冤…劇中常出現名言：「正義往往會遲到，可是它遲早會到。」"
          },
          {
            "content_id": "VOD00048298",
            "time_codes": [
              900000,
              1800000,
              2700000
            ],
            "timecode_duration": [],
            "length": 3997000,
            "asset_id": "vod11385-000053M001",
            "title": "",
            "subtitle": "第53集",
            "ep_number": 53,
            "rating": 1,
            "content_type": "drama",
            "p_start": 1740072300000,
            "vod_channel_description": "社會寫實單元劇，劇情效法《X檔案》，以現代辦案的角度來切入鬼神之說，用以警惕世人。篤信科學辦案精神的刑警尚智（謝祖武）有心理學博士學位，他與先天具有陰陽眼的搭檔王玉芳（趙英華），共同調查各種無法用科學解釋的案件，為死者伸冤…劇中常出現名言：「正義往往會遲到，可是它遲早會到。」"
          },
          {
            "content_id": "VOD00048300",
            "time_codes": [
              900000,
              1800000,
              2700000
            ],
            "timecode_duration": [],
            "length": 4054000,
            "asset_id": "vod11385-000054M001",
            "title": "",
            "subtitle": "第54集",
            "ep_number": 54,
            "rating": 1,
            "content_type": "drama",
            "p_start": 1740076500000,
            "vod_channel_description": "社會寫實單元劇，劇情效法《X檔案》，以現代辦案的角度來切入鬼神之說，用以警惕世人。篤信科學辦案精神的刑警尚智（謝祖武）有心理學博士學位，他與先天具有陰陽眼的搭檔王玉芳（趙英華），共同調查各種無法用科學解釋的案件，為死者伸冤…劇中常出現名言：「正義往往會遲到，可是它遲早會到。」"
          },
          {
            "content_id": "VOD00048302",
            "time_codes": [
              900000,
              1800000,
              2700000
            ],
            "timecode_duration": [],
            "length": 3965000,
            "asset_id": "vod11385-000055M001",
            "title": "",
            "subtitle": "第55集",
            "ep_number": 55,
            "rating": 1,
            "content_type": "drama",
            "p_start": 1740080700000,
            "vod_channel_description": "社會寫實單元劇，劇情效法《X檔案》，以現代辦案的角度來切入鬼神之說，用以警惕世人。篤信科學辦案精神的刑警尚智（謝祖武）有心理學博士學位，他與先天具有陰陽眼的搭檔王玉芳（趙英華），共同調查各種無法用科學解釋的案件，為死者伸冤…劇中常出現名言：「正義往往會遲到，可是它遲早會到。」"
          },
          {
            "content_id": "VOD00048304",
            "time_codes": [
              900000,
              1800000,
              2700000
            ],
            "timecode_duration": [],
            "length": 4090000,
            "asset_id": "vod11385-000056M001",
            "title": "",
            "subtitle": "第56集",
            "ep_number": 56,
            "rating": 1,
            "content_type": "drama",
            "p_start": 1740084900000,
            "vod_channel_description": "社會寫實單元劇，劇情效法《X檔案》，以現代辦案的角度來切入鬼神之說，用以警惕世人。篤信科學辦案精神的刑警尚智（謝祖武）有心理學博士學位，他與先天具有陰陽眼的搭檔王玉芳（趙英華），共同調查各種無法用科學解釋的案件，為死者伸冤…劇中常出現名言：「正義往往會遲到，可是它遲早會到。」"
          },
          {
            "content_id": "VOD00048305",
            "time_codes": [
              900000,
              1800000,
              2700000
            ],
            "timecode_duration": [],
            "length": 3966000,
            "asset_id": "vod11385-000057M001",
            "title": "",
            "subtitle": "第57集",
            "ep_number": 57,
            "rating": 1,
            "content_type": "drama",
            "p_start": 1740089100000,
            "vod_channel_description": "社會寫實單元劇，劇情效法《X檔案》，以現代辦案的角度來切入鬼神之說，用以警惕世人。篤信科學辦案精神的刑警尚智（謝祖武）有心理學博士學位，他與先天具有陰陽眼的搭檔王玉芳（趙英華），共同調查各種無法用科學解釋的案件，為死者伸冤…劇中常出現名言：「正義往往會遲到，可是它遲早會到。」"
          },
          {
            "content_id": "VOD00048306",
            "time_codes": [
              900000,
              1800000,
              2700000
            ],
            "timecode_duration": [],
            "length": 4023000,
            "asset_id": "vod11385-000058M001",
            "title": "",
            "subtitle": "第58集",
            "ep_number": 58,
            "rating": 1,
            "content_type": "drama",
            "p_start": 1740093300000,
            "vod_channel_description": "社會寫實單元劇，劇情效法《X檔案》，以現代辦案的角度來切入鬼神之說，用以警惕世人。篤信科學辦案精神的刑警尚智（謝祖武）有心理學博士學位，他與先天具有陰陽眼的搭檔王玉芳（趙英華），共同調查各種無法用科學解釋的案件，為死者伸冤…劇中常出現名言：「正義往往會遲到，可是它遲早會到。」"
          },
          {
            "content_id": "VOD00048308",
            "time_codes": [
              900000,
              1800000,
              2700000
            ],
            "timecode_duration": [],
            "length": 4070000,
            "asset_id": "vod11385-000059M001",
            "title": "",
            "subtitle": "第59集",
            "ep_number": 59,
            "rating": 1,
            "content_type": "drama",
            "p_start": 1740097500000,
            "vod_channel_description": "社會寫實單元劇，劇情效法《X檔案》，以現代辦案的角度來切入鬼神之說，用以警惕世人。篤信科學辦案精神的刑警尚智（謝祖武）有心理學博士學位，他與先天具有陰陽眼的搭檔王玉芳（趙英華），共同調查各種無法用科學解釋的案件，為死者伸冤…劇中常出現名言：「正義往往會遲到，可是它遲早會到。」"
          },
          {
            "content_id": "VOD00048309",
            "time_codes": [
              900000,
              1800000,
              2700000
            ],
            "timecode_duration": [],
            "length": 3978000,
            "asset_id": "vod11385-000060M001",
            "title": "",
            "subtitle": "第60集",
            "ep_number": 60,
            "rating": 1,
            "content_type": "drama",
            "p_start": 1740101700000,
            "vod_channel_description": "社會寫實單元劇，劇情效法《X檔案》，以現代辦案的角度來切入鬼神之說，用以警惕世人。篤信科學辦案精神的刑警尚智（謝祖武）有心理學博士學位，他與先天具有陰陽眼的搭檔王玉芳（趙英華），共同調查各種無法用科學解釋的案件，為死者伸冤…劇中常出現名言：「正義往往會遲到，可是它遲早會到。」"
          },
          {
            "content_id": "VOD00048312",
            "time_codes": [
              900000,
              1800000,
              2700000
            ],
            "timecode_duration": [],
            "length": 4048000,
            "asset_id": "vod11385-000061M001",
            "title": "",
            "subtitle": "第61集",
            "ep_number": 61,
            "rating": 1,
            "content_type": "drama",
            "p_start": 1740105900000,
            "vod_channel_description": "社會寫實單元劇，劇情效法《X檔案》，以現代辦案的角度來切入鬼神之說，用以警惕世人。篤信科學辦案精神的刑警尚智（謝祖武）有心理學博士學位，他與先天具有陰陽眼的搭檔王玉芳（趙英華），共同調查各種無法用科學解釋的案件，為死者伸冤…劇中常出現名言：「正義往往會遲到，可是它遲早會到。」"
          },
          {
            "content_id": "VOD00048313",
            "time_codes": [
              900000,
              1800000,
              2700000
            ],
            "timecode_duration": [],
            "length": 3991000,
            "asset_id": "vod11385-000062M001",
            "title": "",
            "subtitle": "第62集",
            "ep_number": 62,
            "rating": 1,
            "content_type": "drama",
            "p_start": 1740110100000,
            "vod_channel_description": "社會寫實單元劇，劇情效法《X檔案》，以現代辦案的角度來切入鬼神之說，用以警惕世人。篤信科學辦案精神的刑警尚智（謝祖武）有心理學博士學位，他與先天具有陰陽眼的搭檔王玉芳（趙英華），共同調查各種無法用科學解釋的案件，為死者伸冤…劇中常出現名言：「正義往往會遲到，可是它遲早會到。」"
          },
          {
            "content_id": "VOD00048314",
            "time_codes": [
              900000,
              1800000,
              2700000
            ],
            "timecode_duration": [],
            "length": 4150000,
            "asset_id": "vod11385-000063M001",
            "title": "",
            "subtitle": "第63集",
            "ep_number": 63,
            "rating": 1,
            "content_type": "drama",
            "p_start": 1740114300000,
            "vod_channel_description": "社會寫實單元劇，劇情效法《X檔案》，以現代辦案的角度來切入鬼神之說，用以警惕世人。篤信科學辦案精神的刑警尚智（謝祖武）有心理學博士學位，他與先天具有陰陽眼的搭檔王玉芳（趙英華），共同調查各種無法用科學解釋的案件，為死者伸冤…劇中常出現名言：「正義往往會遲到，可是它遲早會到。」"
          },
          {
            "content_id": "VOD00048315",
            "time_codes": [
              900000,
              1800000,
              2700000
            ],
            "timecode_duration": [],
            "length": 3848000,
            "asset_id": "vod11385-000064M001",
            "title": "",
            "subtitle": "第64集",
            "ep_number": 64,
            "rating": 1,
            "content_type": "drama",
            "p_start": 1740118800000,
            "vod_channel_description": "社會寫實單元劇，劇情效法《X檔案》，以現代辦案的角度來切入鬼神之說，用以警惕世人。篤信科學辦案精神的刑警尚智（謝祖武）有心理學博士學位，他與先天具有陰陽眼的搭檔王玉芳（趙英華），共同調查各種無法用科學解釋的案件，為死者伸冤…劇中常出現名言：「正義往往會遲到，可是它遲早會到。」"
          },
          {
            "content_id": "VOD00048317",
            "time_codes": [
              900000,
              1800000,
              2700000
            ],
            "timecode_duration": [],
            "length": 4162000,
            "asset_id": "vod11385-000065M001",
            "title": "",
            "subtitle": "第65集",
            "ep_number": 65,
            "rating": 1,
            "content_type": "drama",
            "p_start": 1740123000000,
            "vod_channel_description": "社會寫實單元劇，劇情效法《X檔案》，以現代辦案的角度來切入鬼神之說，用以警惕世人。篤信科學辦案精神的刑警尚智（謝祖武）有心理學博士學位，他與先天具有陰陽眼的搭檔王玉芳（趙英華），共同調查各種無法用科學解釋的案件，為死者伸冤…劇中常出現名言：「正義往往會遲到，可是它遲早會到。」"
          },
          {
            "content_id": "VOD00048319",
            "time_codes": [
              900000,
              1800000,
              2700000
            ],
            "timecode_duration": [],
            "length": 4121000,
            "asset_id": "vod11385-000066M001",
            "title": "",
            "subtitle": "第66集",
            "ep_number": 66,
            "rating": 1,
            "content_type": "drama",
            "p_start": 1740127500000,
            "vod_channel_description": "社會寫實單元劇，劇情效法《X檔案》，以現代辦案的角度來切入鬼神之說，用以警惕世人。篤信科學辦案精神的刑警尚智（謝祖武）有心理學博士學位，他與先天具有陰陽眼的搭檔王玉芳（趙英華），共同調查各種無法用科學解釋的案件，為死者伸冤…劇中常出現名言：「正義往往會遲到，可是它遲早會到。」"
          },
          {
            "content_id": "VOD00048321",
            "time_codes": [
              900000,
              1800000,
              2700000
            ],
            "timecode_duration": [],
            "length": 3985000,
            "asset_id": "vod11385-000067M001",
            "title": "",
            "subtitle": "第67集",
            "ep_number": 67,
            "rating": 1,
            "content_type": "drama",
            "p_start": 1740131700000,
            "vod_channel_description": "社會寫實單元劇，劇情效法《X檔案》，以現代辦案的角度來切入鬼神之說，用以警惕世人。篤信科學辦案精神的刑警尚智（謝祖武）有心理學博士學位，他與先天具有陰陽眼的搭檔王玉芳（趙英華），共同調查各種無法用科學解釋的案件，為死者伸冤…劇中常出現名言：「正義往往會遲到，可是它遲早會到。」"
          },
          {
            "content_id": "VOD00048323",
            "time_codes": [
              900000,
              1800000,
              2700000
            ],
            "timecode_duration": [],
            "length": 3841000,
            "asset_id": "vod11385-000068M001",
            "title": "",
            "subtitle": "第68集",
            "ep_number": 68,
            "rating": 1,
            "content_type": "drama",
            "p_start": 1740135900000,
            "vod_channel_description": "社會寫實單元劇，劇情效法《X檔案》，以現代辦案的角度來切入鬼神之說，用以警惕世人。篤信科學辦案精神的刑警尚智（謝祖武）有心理學博士學位，他與先天具有陰陽眼的搭檔王玉芳（趙英華），共同調查各種無法用科學解釋的案件，為死者伸冤…劇中常出現名言：「正義往往會遲到，可是它遲早會到。」"
          },
          {
            "content_id": "VOD00048325",
            "time_codes": [
              900000,
              1800000,
              2700000
            ],
            "timecode_duration": [],
            "length": 4016000,
            "asset_id": "vod11385-000069M001",
            "title": "",
            "subtitle": "第69集",
            "ep_number": 69,
            "rating": 1,
            "content_type": "drama",
            "p_start": 1740140100000,
            "vod_channel_description": "社會寫實單元劇，劇情效法《X檔案》，以現代辦案的角度來切入鬼神之說，用以警惕世人。篤信科學辦案精神的刑警尚智（謝祖武）有心理學博士學位，他與先天具有陰陽眼的搭檔王玉芳（趙英華），共同調查各種無法用科學解釋的案件，為死者伸冤…劇中常出現名言：「正義往往會遲到，可是它遲早會到。」"
          },
          {
            "content_id": "VOD00048327",
            "time_codes": [
              900000,
              1800000,
              2700000
            ],
            "timecode_duration": [],
            "length": 3973000,
            "asset_id": "vod11385-000070M001",
            "title": "",
            "subtitle": "第70集",
            "ep_number": 70,
            "rating": 1,
            "content_type": "drama",
            "p_start": 1740144300000,
            "vod_channel_description": "社會寫實單元劇，劇情效法《X檔案》，以現代辦案的角度來切入鬼神之說，用以警惕世人。篤信科學辦案精神的刑警尚智（謝祖武）有心理學博士學位，他與先天具有陰陽眼的搭檔王玉芳（趙英華），共同調查各種無法用科學解釋的案件，為死者伸冤…劇中常出現名言：「正義往往會遲到，可是它遲早會到。」"
          },
          {
            "content_id": "VOD00048328",
            "time_codes": [
              900000,
              1800000,
              2700000
            ],
            "timecode_duration": [],
            "length": 4070000,
            "asset_id": "vod11385-000071M001",
            "title": "",
            "subtitle": "第71集",
            "ep_number": 71,
            "rating": 1,
            "content_type": "drama",
            "p_start": 1740148500000,
            "vod_channel_description": "社會寫實單元劇，劇情效法《X檔案》，以現代辦案的角度來切入鬼神之說，用以警惕世人。篤信科學辦案精神的刑警尚智（謝祖武）有心理學博士學位，他與先天具有陰陽眼的搭檔王玉芳（趙英華），共同調查各種無法用科學解釋的案件，為死者伸冤…劇中常出現名言：「正義往往會遲到，可是它遲早會到。」"
          },
          {
            "content_id": "VOD00048329",
            "time_codes": [
              900000,
              1800000,
              2700000
            ],
            "timecode_duration": [],
            "length": 4061000,
            "asset_id": "vod11385-000072M001",
            "title": "",
            "subtitle": "第72集",
            "ep_number": 72,
            "rating": 1,
            "content_type": "drama",
            "p_start": 1740152700000,
            "vod_channel_description": "社會寫實單元劇，劇情效法《X檔案》，以現代辦案的角度來切入鬼神之說，用以警惕世人。篤信科學辦案精神的刑警尚智（謝祖武）有心理學博士學位，他與先天具有陰陽眼的搭檔王玉芳（趙英華），共同調查各種無法用科學解釋的案件，為死者伸冤…劇中常出現名言：「正義往往會遲到，可是它遲早會到。」"
          },
          {
            "content_id": "VOD00048330",
            "time_codes": [
              900000,
              1800000,
              2700000
            ],
            "timecode_duration": [],
            "length": 4039000,
            "asset_id": "vod11385-000073M001",
            "title": "",
            "subtitle": "第73集",
            "ep_number": 73,
            "rating": 1,
            "content_type": "drama",
            "p_start": 1740156900000,
            "vod_channel_description": "社會寫實單元劇，劇情效法《X檔案》，以現代辦案的角度來切入鬼神之說，用以警惕世人。篤信科學辦案精神的刑警尚智（謝祖武）有心理學博士學位，他與先天具有陰陽眼的搭檔王玉芳（趙英華），共同調查各種無法用科學解釋的案件，為死者伸冤…劇中常出現名言：「正義往往會遲到，可是它遲早會到。」"
          },
          {
            "content_id": "VOD00048331",
            "time_codes": [
              900000,
              1800000,
              2700000
            ],
            "timecode_duration": [],
            "length": 4069000,
            "asset_id": "vod11385-000074M001",
            "title": "",
            "subtitle": "第74集",
            "ep_number": 74,
            "rating": 1,
            "content_type": "drama",
            "p_start": 1740161100000,
            "vod_channel_description": "社會寫實單元劇，劇情效法《X檔案》，以現代辦案的角度來切入鬼神之說，用以警惕世人。篤信科學辦案精神的刑警尚智（謝祖武）有心理學博士學位，他與先天具有陰陽眼的搭檔王玉芳（趙英華），共同調查各種無法用科學解釋的案件，為死者伸冤…劇中常出現名言：「正義往往會遲到，可是它遲早會到。」"
          },
          {
            "content_id": "VOD00048332",
            "time_codes": [
              900000,
              1800000,
              2700000
            ],
            "timecode_duration": [],
            "length": 4090000,
            "asset_id": "vod11385-000075M001",
            "title": "",
            "subtitle": "第75集",
            "ep_number": 75,
            "rating": 1,
            "content_type": "drama",
            "p_start": 1740165300000,
            "vod_channel_description": "社會寫實單元劇，劇情效法《X檔案》，以現代辦案的角度來切入鬼神之說，用以警惕世人。篤信科學辦案精神的刑警尚智（謝祖武）有心理學博士學位，他與先天具有陰陽眼的搭檔王玉芳（趙英華），共同調查各種無法用科學解釋的案件，為死者伸冤…劇中常出現名言：「正義往往會遲到，可是它遲早會到。」"
          },
          {
            "content_id": "VOD00048333",
            "time_codes": [
              900000,
              1800000,
              2700000
            ],
            "timecode_duration": [],
            "length": 3969000,
            "asset_id": "vod11385-000076M001",
            "title": "",
            "subtitle": "第76集",
            "ep_number": 76,
            "rating": 1,
            "content_type": "drama",
            "p_start": 1740169500000,
            "vod_channel_description": "社會寫實單元劇，劇情效法《X檔案》，以現代辦案的角度來切入鬼神之說，用以警惕世人。篤信科學辦案精神的刑警尚智（謝祖武）有心理學博士學位，他與先天具有陰陽眼的搭檔王玉芳（趙英華），共同調查各種無法用科學解釋的案件，為死者伸冤…劇中常出現名言：「正義往往會遲到，可是它遲早會到。」"
          },
          {
            "content_id": "VOD00048334",
            "time_codes": [
              900000,
              1800000,
              2700000
            ],
            "timecode_duration": [],
            "length": 4088000,
            "asset_id": "vod11385-000077M001",
            "title": "",
            "subtitle": "第77集",
            "ep_number": 77,
            "rating": 1,
            "content_type": "drama",
            "p_start": 1740173700000,
            "vod_channel_description": "社會寫實單元劇，劇情效法《X檔案》，以現代辦案的角度來切入鬼神之說，用以警惕世人。篤信科學辦案精神的刑警尚智（謝祖武）有心理學博士學位，他與先天具有陰陽眼的搭檔王玉芳（趙英華），共同調查各種無法用科學解釋的案件，為死者伸冤…劇中常出現名言：「正義往往會遲到，可是它遲早會到。」"
          },
          {
            "content_id": "VOD00048336",
            "time_codes": [
              900000,
              1800000,
              2700000
            ],
            "timecode_duration": [],
            "length": 4008000,
            "asset_id": "vod11385-000078M001",
            "title": "",
            "subtitle": "第78集",
            "ep_number": 78,
            "rating": 1,
            "content_type": "drama",
            "p_start": 1740177900000,
            "vod_channel_description": "社會寫實單元劇，劇情效法《X檔案》，以現代辦案的角度來切入鬼神之說，用以警惕世人。篤信科學辦案精神的刑警尚智（謝祖武）有心理學博士學位，他與先天具有陰陽眼的搭檔王玉芳（趙英華），共同調查各種無法用科學解釋的案件，為死者伸冤…劇中常出現名言：「正義往往會遲到，可是它遲早會到。」"
          },
          {
            "content_id": "VOD00048337",
            "time_codes": [
              900000,
              1800000,
              2700000
            ],
            "timecode_duration": [],
            "length": 4005000,
            "asset_id": "vod11385-000079M001",
            "title": "",
            "subtitle": "第79集",
            "ep_number": 79,
            "rating": 1,
            "content_type": "drama",
            "p_start": 1740182100000,
            "vod_channel_description": "社會寫實單元劇，劇情效法《X檔案》，以現代辦案的角度來切入鬼神之說，用以警惕世人。篤信科學辦案精神的刑警尚智（謝祖武）有心理學博士學位，他與先天具有陰陽眼的搭檔王玉芳（趙英華），共同調查各種無法用科學解釋的案件，為死者伸冤…劇中常出現名言：「正義往往會遲到，可是它遲早會到。」"
          },
          {
            "content_id": "VOD00048338",
            "time_codes": [
              900000,
              1800000,
              2700000
            ],
            "timecode_duration": [],
            "length": 3871000,
            "asset_id": "vod11385-000080M001",
            "title": "",
            "subtitle": "第80集",
            "ep_number": 80,
            "rating": 1,
            "content_type": "drama",
            "p_start": 1740186300000,
            "vod_channel_description": "社會寫實單元劇，劇情效法《X檔案》，以現代辦案的角度來切入鬼神之說，用以警惕世人。篤信科學辦案精神的刑警尚智（謝祖武）有心理學博士學位，他與先天具有陰陽眼的搭檔王玉芳（趙英華），共同調查各種無法用科學解釋的案件，為死者伸冤…劇中常出現名言：「正義往往會遲到，可是它遲早會到。」"
          },
          {
            "content_id": "VOD00048339",
            "time_codes": [
              900000,
              1800000,
              2700000
            ],
            "timecode_duration": [],
            "length": 4027000,
            "asset_id": "vod11385-000081M001",
            "title": "",
            "subtitle": "第81集",
            "ep_number": 81,
            "rating": 1,
            "content_type": "drama",
            "p_start": 1740190500000,
            "vod_channel_description": "社會寫實單元劇，劇情效法《X檔案》，以現代辦案的角度來切入鬼神之說，用以警惕世人。篤信科學辦案精神的刑警尚智（謝祖武）有心理學博士學位，他與先天具有陰陽眼的搭檔王玉芳（趙英華），共同調查各種無法用科學解釋的案件，為死者伸冤…劇中常出現名言：「正義往往會遲到，可是它遲早會到。」"
          },
          {
            "content_id": "VOD00048340",
            "time_codes": [
              900000,
              1800000,
              2700000
            ],
            "timecode_duration": [],
            "length": 5512000,
            "asset_id": "vod11385-000082M001",
            "title": "",
            "subtitle": "第82集",
            "ep_number": 82,
            "rating": 1,
            "content_type": "drama",
            "p_start": 1740194700000,
            "vod_channel_description": "社會寫實單元劇，劇情效法《X檔案》，以現代辦案的角度來切入鬼神之說，用以警惕世人。篤信科學辦案精神的刑警尚智（謝祖武）有心理學博士學位，他與先天具有陰陽眼的搭檔王玉芳（趙英華），共同調查各種無法用科學解釋的案件，為死者伸冤…劇中常出現名言：「正義往往會遲到，可是它遲早會到。」"
          },
          {
            "content_id": "VOD00048341",
            "time_codes": [
              900000,
              1800000,
              2700000
            ],
            "timecode_duration": [],
            "length": 4088000,
            "asset_id": "vod11385-000083M001",
            "title": "",
            "subtitle": "第83集",
            "ep_number": 83,
            "rating": 1,
            "content_type": "drama",
            "p_start": 1740200400000,
            "vod_channel_description": "社會寫實單元劇，劇情效法《X檔案》，以現代辦案的角度來切入鬼神之說，用以警惕世人。篤信科學辦案精神的刑警尚智（謝祖武）有心理學博士學位，他與先天具有陰陽眼的搭檔王玉芳（趙英華），共同調查各種無法用科學解釋的案件，為死者伸冤…劇中常出現名言：「正義往往會遲到，可是它遲早會到。」"
          },
          {
            "content_id": "VOD00048342",
            "time_codes": [
              900000,
              1800000,
              2700000
            ],
            "timecode_duration": [],
            "length": 4055000,
            "asset_id": "vod11385-000084M001",
            "title": "",
            "subtitle": "第84集",
            "ep_number": 84,
            "rating": 1,
            "content_type": "drama",
            "p_start": 1740204600000,
            "vod_channel_description": "社會寫實單元劇，劇情效法《X檔案》，以現代辦案的角度來切入鬼神之說，用以警惕世人。篤信科學辦案精神的刑警尚智（謝祖武）有心理學博士學位，他與先天具有陰陽眼的搭檔王玉芳（趙英華），共同調查各種無法用科學解釋的案件，為死者伸冤…劇中常出現名言：「正義往往會遲到，可是它遲早會到。」"
          },
          {
            "content_id": "VOD00048343",
            "time_codes": [
              900000,
              1800000,
              2700000
            ],
            "timecode_duration": [],
            "length": 4057000,
            "asset_id": "vod11385-000085M001",
            "title": "",
            "subtitle": "第85集",
            "ep_number": 85,
            "rating": 1,
            "content_type": "drama",
            "p_start": 1740208800000,
            "vod_channel_description": "社會寫實單元劇，劇情效法《X檔案》，以現代辦案的角度來切入鬼神之說，用以警惕世人。篤信科學辦案精神的刑警尚智（謝祖武）有心理學博士學位，他與先天具有陰陽眼的搭檔王玉芳（趙英華），共同調查各種無法用科學解釋的案件，為死者伸冤…劇中常出現名言：「正義往往會遲到，可是它遲早會到。」"
          },
          {
            "content_id": "VOD00048344",
            "time_codes": [
              900000,
              1800000,
              2700000
            ],
            "timecode_duration": [],
            "length": 4011000,
            "asset_id": "vod11385-000086M001",
            "title": "",
            "subtitle": "第86集",
            "ep_number": 86,
            "rating": 1,
            "content_type": "drama",
            "p_start": 1740213000000,
            "vod_channel_description": "社會寫實單元劇，劇情效法《X檔案》，以現代辦案的角度來切入鬼神之說，用以警惕世人。篤信科學辦案精神的刑警尚智（謝祖武）有心理學博士學位，他與先天具有陰陽眼的搭檔王玉芳（趙英華），共同調查各種無法用科學解釋的案件，為死者伸冤…劇中常出現名言：「正義往往會遲到，可是它遲早會到。」"
          },
          {
            "content_id": "VOD00048345",
            "time_codes": [
              900000,
              1800000,
              2700000
            ],
            "timecode_duration": [],
            "length": 4023000,
            "asset_id": "vod11385-000087M001",
            "title": "",
            "subtitle": "第87集",
            "ep_number": 87,
            "rating": 1,
            "content_type": "drama",
            "p_start": 1740217200000,
            "vod_channel_description": "社會寫實單元劇，劇情效法《X檔案》，以現代辦案的角度來切入鬼神之說，用以警惕世人。篤信科學辦案精神的刑警尚智（謝祖武）有心理學博士學位，他與先天具有陰陽眼的搭檔王玉芳（趙英華），共同調查各種無法用科學解釋的案件，為死者伸冤…劇中常出現名言：「正義往往會遲到，可是它遲早會到。」"
          },
          {
            "content_id": "VOD00048346",
            "time_codes": [
              900000,
              1800000,
              2700000
            ],
            "timecode_duration": [],
            "length": 4071000,
            "asset_id": "vod11385-000088M001",
            "title": "",
            "subtitle": "第88集",
            "ep_number": 88,
            "rating": 1,
            "content_type": "drama",
            "p_start": 1740221400000,
            "vod_channel_description": "社會寫實單元劇，劇情效法《X檔案》，以現代辦案的角度來切入鬼神之說，用以警惕世人。篤信科學辦案精神的刑警尚智（謝祖武）有心理學博士學位，他與先天具有陰陽眼的搭檔王玉芳（趙英華），共同調查各種無法用科學解釋的案件，為死者伸冤…劇中常出現名言：「正義往往會遲到，可是它遲早會到。」"
          },
          {
            "content_id": "VOD00048347",
            "time_codes": [
              900000,
              1800000,
              2700000
            ],
            "timecode_duration": [],
            "length": 4084000,
            "asset_id": "vod11385-000089M001",
            "title": "",
            "subtitle": "第89集",
            "ep_number": 89,
            "rating": 1,
            "content_type": "drama",
            "p_start": 1740225600000,
            "vod_channel_description": "社會寫實單元劇，劇情效法《X檔案》，以現代辦案的角度來切入鬼神之說，用以警惕世人。篤信科學辦案精神的刑警尚智（謝祖武）有心理學博士學位，他與先天具有陰陽眼的搭檔王玉芳（趙英華），共同調查各種無法用科學解釋的案件，為死者伸冤…劇中常出現名言：「正義往往會遲到，可是它遲早會到。」"
          },
          {
            "content_id": "VOD00048348",
            "time_codes": [
              900000,
              1800000,
              2700000
            ],
            "timecode_duration": [],
            "length": 4046000,
            "asset_id": "vod11385-000090M001",
            "title": "",
            "subtitle": "第90集",
            "ep_number": 90,
            "rating": 1,
            "content_type": "drama",
            "p_start": 1740229800000,
            "vod_channel_description": "社會寫實單元劇，劇情效法《X檔案》，以現代辦案的角度來切入鬼神之說，用以警惕世人。篤信科學辦案精神的刑警尚智（謝祖武）有心理學博士學位，他與先天具有陰陽眼的搭檔王玉芳（趙英華），共同調查各種無法用科學解釋的案件，為死者伸冤…劇中常出現名言：「正義往往會遲到，可是它遲早會到。」"
          },
          {
            "content_id": "VOD00048349",
            "time_codes": [
              900000,
              1800000,
              2700000
            ],
            "timecode_duration": [],
            "length": 4084000,
            "asset_id": "vod11385-000091M001",
            "title": "",
            "subtitle": "第91集",
            "ep_number": 91,
            "rating": 1,
            "content_type": "drama",
            "p_start": 1740234000000,
            "vod_channel_description": "社會寫實單元劇，劇情效法《X檔案》，以現代辦案的角度來切入鬼神之說，用以警惕世人。篤信科學辦案精神的刑警尚智（謝祖武）有心理學博士學位，他與先天具有陰陽眼的搭檔王玉芳（趙英華），共同調查各種無法用科學解釋的案件，為死者伸冤…劇中常出現名言：「正義往往會遲到，可是它遲早會到。」"
          },
          {
            "content_id": "VOD00048350",
            "time_codes": [
              900000,
              1800000,
              2700000
            ],
            "timecode_duration": [],
            "length": 4075000,
            "asset_id": "vod11385-000092M001",
            "title": "",
            "subtitle": "第92集",
            "ep_number": 92,
            "rating": 1,
            "content_type": "drama",
            "p_start": 1740238200000,
            "vod_channel_description": "社會寫實單元劇，劇情效法《X檔案》，以現代辦案的角度來切入鬼神之說，用以警惕世人。篤信科學辦案精神的刑警尚智（謝祖武）有心理學博士學位，他與先天具有陰陽眼的搭檔王玉芳（趙英華），共同調查各種無法用科學解釋的案件，為死者伸冤…劇中常出現名言：「正義往往會遲到，可是它遲早會到。」"
          },
          {
            "content_id": "VOD00048351",
            "time_codes": [
              900000,
              1800000,
              2700000
            ],
            "timecode_duration": [],
            "length": 4005000,
            "asset_id": "vod11385-000093M001",
            "title": "",
            "subtitle": "第93集",
            "ep_number": 93,
            "rating": 1,
            "content_type": "drama",
            "p_start": 1740242400000,
            "vod_channel_description": "社會寫實單元劇，劇情效法《X檔案》，以現代辦案的角度來切入鬼神之說，用以警惕世人。篤信科學辦案精神的刑警尚智（謝祖武）有心理學博士學位，他與先天具有陰陽眼的搭檔王玉芳（趙英華），共同調查各種無法用科學解釋的案件，為死者伸冤…劇中常出現名言：「正義往往會遲到，可是它遲早會到。」"
          },
          {
            "content_id": "VOD00048352",
            "time_codes": [
              900000,
              1800000,
              2700000
            ],
            "timecode_duration": [],
            "length": 4095000,
            "asset_id": "vod11385-000094M001",
            "title": "",
            "subtitle": "第94集",
            "ep_number": 94,
            "rating": 1,
            "content_type": "drama",
            "p_start": 1740246600000,
            "vod_channel_description": "社會寫實單元劇，劇情效法《X檔案》，以現代辦案的角度來切入鬼神之說，用以警惕世人。篤信科學辦案精神的刑警尚智（謝祖武）有心理學博士學位，他與先天具有陰陽眼的搭檔王玉芳（趙英華），共同調查各種無法用科學解釋的案件，為死者伸冤…劇中常出現名言：「正義往往會遲到，可是它遲早會到。」"
          },
          {
            "content_id": "VOD00048353",
            "time_codes": [
              900000,
              1800000,
              2700000
            ],
            "timecode_duration": [],
            "length": 4053000,
            "asset_id": "vod11385-000095M001",
            "title": "",
            "subtitle": "第95集",
            "ep_number": 95,
            "rating": 1,
            "content_type": "drama",
            "p_start": 1740250800000,
            "vod_channel_description": "社會寫實單元劇，劇情效法《X檔案》，以現代辦案的角度來切入鬼神之說，用以警惕世人。篤信科學辦案精神的刑警尚智（謝祖武）有心理學博士學位，他與先天具有陰陽眼的搭檔王玉芳（趙英華），共同調查各種無法用科學解釋的案件，為死者伸冤…劇中常出現名言：「正義往往會遲到，可是它遲早會到。」"
          },
          {
            "content_id": "VOD00048354",
            "time_codes": [
              900000,
              1800000,
              2700000
            ],
            "timecode_duration": [],
            "length": 4095000,
            "asset_id": "vod11385-000096M001",
            "title": "",
            "subtitle": "第96集",
            "ep_number": 96,
            "rating": 1,
            "content_type": "drama",
            "p_start": 1740255000000,
            "vod_channel_description": "社會寫實單元劇，劇情效法《X檔案》，以現代辦案的角度來切入鬼神之說，用以警惕世人。篤信科學辦案精神的刑警尚智（謝祖武）有心理學博士學位，他與先天具有陰陽眼的搭檔王玉芳（趙英華），共同調查各種無法用科學解釋的案件，為死者伸冤…劇中常出現名言：「正義往往會遲到，可是它遲早會到。」"
          },
          {
            "content_id": "VOD00048355",
            "time_codes": [
              900000,
              1800000,
              2700000
            ],
            "timecode_duration": [],
            "length": 4057000,
            "asset_id": "vod11385-000097M001",
            "title": "",
            "subtitle": "第97集",
            "ep_number": 97,
            "rating": 1,
            "content_type": "drama",
            "p_start": 1740259200000,
            "vod_channel_description": "社會寫實單元劇，劇情效法《X檔案》，以現代辦案的角度來切入鬼神之說，用以警惕世人。篤信科學辦案精神的刑警尚智（謝祖武）有心理學博士學位，他與先天具有陰陽眼的搭檔王玉芳（趙英華），共同調查各種無法用科學解釋的案件，為死者伸冤…劇中常出現名言：「正義往往會遲到，可是它遲早會到。」"
          },
          {
            "content_id": "VOD00048357",
            "time_codes": [
              900000,
              1800000,
              2700000
            ],
            "timecode_duration": [],
            "length": 4065000,
            "asset_id": "vod11385-000098M001",
            "title": "",
            "subtitle": "第98集",
            "ep_number": 98,
            "rating": 1,
            "content_type": "drama",
            "p_start": 1740263400000,
            "vod_channel_description": "社會寫實單元劇，劇情效法《X檔案》，以現代辦案的角度來切入鬼神之說，用以警惕世人。篤信科學辦案精神的刑警尚智（謝祖武）有心理學博士學位，他與先天具有陰陽眼的搭檔王玉芳（趙英華），共同調查各種無法用科學解釋的案件，為死者伸冤…劇中常出現名言：「正義往往會遲到，可是它遲早會到。」"
          },
          {
            "content_id": "VOD00048359",
            "time_codes": [
              900000,
              1800000,
              2700000
            ],
            "timecode_duration": [],
            "length": 4078000,
            "asset_id": "vod11385-000099M001",
            "title": "",
            "subtitle": "第99集",
            "ep_number": 99,
            "rating": 1,
            "content_type": "drama",
            "p_start": 1740267600000,
            "vod_channel_description": "社會寫實單元劇，劇情效法《X檔案》，以現代辦案的角度來切入鬼神之說，用以警惕世人。篤信科學辦案精神的刑警尚智（謝祖武）有心理學博士學位，他與先天具有陰陽眼的搭檔王玉芳（趙英華），共同調查各種無法用科學解釋的案件，為死者伸冤…劇中常出現名言：「正義往往會遲到，可是它遲早會到。」"
          },
          {
            "content_id": "VOD00048361",
            "time_codes": [
              900000,
              1800000,
              2700000
            ],
            "timecode_duration": [],
            "length": 4074000,
            "asset_id": "vod11385-000100M001",
            "title": "",
            "subtitle": "第100集",
            "ep_number": 100,
            "rating": 1,
            "content_type": "drama",
            "p_start": 1740271800000,
            "vod_channel_description": "社會寫實單元劇，劇情效法《X檔案》，以現代辦案的角度來切入鬼神之說，用以警惕世人。篤信科學辦案精神的刑警尚智（謝祖武）有心理學博士學位，他與先天具有陰陽眼的搭檔王玉芳（趙英華），共同調查各種無法用科學解釋的案件，為死者伸冤…劇中常出現名言：「正義往往會遲到，可是它遲早會到。」"
          }
        ],
        "total_length": 408355000,
        "focus_index": 83,
        "next_index": 84,
        "time": 214865,
        "focus_program": {
          "content_id": "VOD00048342",
          "time_codes": [
            900000,
            1800000,
            2700000
          ],
          "timecode_duration": [],
          "length": 4055000,
          "asset_id": "vod11385-000084M001",
          "title": "",
          "subtitle": "第84集",
          "ep_number": 84,
          "rating": 1,
          "content_type": "drama",
          "p_start": 1740204600000,
          "vod_channel_description": "社會寫實單元劇，劇情效法《X檔案》，以現代辦案的角度來切入鬼神之說，用以警惕世人。篤信科學辦案精神的刑警尚智（謝祖武）有心理學博士學位，他與先天具有陰陽眼的搭檔王玉芳（趙英華），共同調查各種無法用科學解釋的案件，為死者伸冤…劇中常出現名言：「正義往往會遲到，可是它遲早會到。」"
        }
      },
      "station_categories": [
        {
          "Name": "戲劇",
          "EngName": "Drama",
          "MenuOrder": 7
        }
      ]
    },
    "introduction": {
      "image": "https://p-cdnstatic.svc.litv.tv/pics/vod_channel/logo_3385_litv-vchannel146_mobile_20240626.png",
      "description": "",
      "href_maps": []
    },
    "recommends": [],
    "ua": "Mozilla/5.0 (Windows NT 10.0; Win64; x64) AppleWebKit/537.36 (KHTML, like Gecko) Chrome/91.0.4472.124 Safari/537.36"
  },
  "__N_SSP": true
}