{
  "pageProps": {
    "contentId": "ofiii241",
    "channel": {
      "title": "台灣真善美",
      "no": 241,
      "charge_mode": "F",
      "content_id": "ofiii241",
      "content_type": "vod-channel",
      "epg_categories": [
        18
      ],
      "genres": [
        {
          "id": "",
          "name": "VOD_CHANNEL",
          "logo": ""
        }
      ],
      "liad_id": "VODCHNEWOFIWEB",
      "package_info_id": "VOD_CHANNEL_DELUX",
      "picture": "pics/vod_channel/logo_3635_ofiii241_tv_20250221.png",
      "provider": [
        {
          "id": "",
          "name": "非凡",
          "logo": ""
        }
      ],
      "quality": "HD",
      "station_id": "station6569",
      "trial": "",
      "selectable": 1,
      "tr_logo": "pics/vod_channel/tr_logo_1738923249.png",
      "tl_logo": "",
      "br_logo": "",
      "bl_logo": "",
      "menu_type": 0,
      "vod_channel_schedule": {
        "channel_id": 241,
        "cdn_code": "ofiii241",
        "start_time": 1762112100000,
        "programs": [
          {
            "content_id": "VOD00055913",
            "time_codes": [
              625000,
              1214000,
              2379000
            ],
            "timecode_duration": [],
            "length": 2999000,
            "asset_id": "vod14686-000563M001",
            "title": "",
            "subtitle": "第563集 有機村泥火山豆腐",
            "ep_number": 563,
            "rating": 1,
            "content_type": "show",
            "p_start": 1762112100000,
            "vod_channel_description": "人生有三苦，打鐵、撐船、磨豆腐！花蓮羅山村的林運枝，用天然鹽滷的泥火山水做豆腐，含水量低、口感綿密紮實；台中摩天嶺的柿子，全台產量最多、品質最好，堅持不灑農藥、不施肥，只靠土地的養分，種出風味濃郁的日本甜柿；爽脆多汁，但賣相不佳的美麗的醜芭樂，從挫折中找到生機，獲神農獎的肯定。"
          },
          {
            "content_id": "VOD00055914",
            "time_codes": [
              1153000,
              1748000,
              2356000
            ],
            "timecode_duration": [],
            "length": 2977000,
            "asset_id": "vod14686-000564M001",
            "title": "",
            "subtitle": "第564集 古法日曬的蓮藕粉",
            "ep_number": 564,
            "rating": 1,
            "content_type": "show",
            "p_start": 1762115400000,
            "vod_channel_description": "每年10-12月是台南白河蓮藕粉的產季，返鄉打拚的曾智郎，堅持古法製作，從挖藕、洗粉到日曬，耗時4天才能完成的蓮藕粉質純量少；芋頭種植蟲害問題多，不噴農藥很難生存，台中農民賴阿金，轉作有機，憑著傻勁種出來的芋頭鬆軟、香Q；台灣第一個有機村在花蓮富里，鄉民如何用簡單健康的方式生產、生活？"
          },
          {
            "content_id": "VOD00055915",
            "time_codes": [
              756000,
              1504000,
              2249000
            ],
            "timecode_duration": [],
            "length": 2979000,
            "asset_id": "vod14686-000565M001",
            "title": "",
            "subtitle": "第565集 二代青年農村新體驗",
            "ep_number": 565,
            "rating": 1,
            "content_type": "show",
            "p_start": 1762118700000,
            "vod_channel_description": "來到盛產稻米的台東池上，有一群在地青年串連8家業者，規畫深度的農家體驗，品嘗在地食材，透過共同網站一起行銷池上的美；雲林是農業大縣，有7家農產加工的業者，成立群聚網站，結合創業故事，開創自有品牌，成功擺脫代工命運；嘉義有9位創業婦女，用團體戰行銷手作伴手禮，成功開創群聚商機。"
          },
          {
            "content_id": "VOD00055916",
            "time_codes": [
              804000,
              1549000,
              2255000
            ],
            "timecode_duration": [],
            "length": 3001000,
            "asset_id": "vod14686-000566M001",
            "title": "",
            "subtitle": "第566集 台東成功漁村再生",
            "ep_number": 566,
            "rating": 1,
            "content_type": "show",
            "p_start": 1762122000000,
            "vod_channel_description": "美麗的三仙台海岸，隨著漁業資源銳減，台東成功逐漸沒落，一群在地青年，重新思考家鄉產業的價值，聯手打造漁村觀光！旅遊旺季一過，觀光客銳減的花蓮豐濱，有十幾家業者成立社團和粉絲專頁一起網路行銷，讓豐濱的海岸之美，和原民藝術家的創作，被更多人看見。"
          },
          {
            "content_id": "VOD00055917",
            "time_codes": [
              599000,
              1774000,
              2366000
            ],
            "timecode_duration": [],
            "length": 2989000,
            "asset_id": "vod14686-000567M001",
            "title": "",
            "subtitle": "第567集 失聰鐵雕師廢鐵成金",
            "ep_number": 567,
            "rating": 1,
            "content_type": "show",
            "p_start": 1762125300000,
            "vod_channel_description": "從小右耳失聰的江承堯，善用廢車零件，打造動物鐵雕，作品栩栩如生，曾受邀到日本參展；罹患罕病疾病的柯亞，用無毒水果熬製出真材實料，口感豐富的果醬，不但重新找回了自己的人生意義，也幫助其他小農找到出路；台東釋迦聞名全台，四兄弟分工合作，用草生栽培，種出皮薄肉多，口感Q嫩的冠軍釋迦。"
          },
          {
            "content_id": "VOD00055918",
            "time_codes": [
              647000,
              1309000,
              1984000
            ],
            "timecode_duration": [],
            "length": 2968000,
            "asset_id": "vod14686-000568M001",
            "title": "",
            "subtitle": "第568集 潛水設備創新突圍",
            "ep_number": 568,
            "rating": 1,
            "content_type": "show",
            "p_start": 1762128600000,
            "vod_channel_description": "台灣中小企業從代工轉型自有品牌，如何開創企業新生命？台中一家潛水設備業者，過去幫歐美大廠 OEM 累積實力，發展自有品牌，如何提升行銷力，讓年營收成長三成？近年來，MIT 的汽車零件產品在國際大放異彩，瑞芳一家汽車門把手製造商，透過虛實整合，成功開拓外銷市場。"
          },
          {
            "content_id": "VOD00055919",
            "time_codes": [
              1230000,
              1827000,
              2402000
            ],
            "timecode_duration": [],
            "length": 2999000,
            "asset_id": "vod14686-000569M001",
            "title": "",
            "subtitle": "第569集 復興茶籽天然洗劑",
            "ep_number": 569,
            "rating": 1,
            "content_type": "show",
            "p_start": 1762131900000,
            "vod_channel_description": "食安風暴，可以榨成油的苦茶籽行情看漲，趙志明不捨妻子飽受富貴手的困擾，研發出的天然茶籽洗潔劑，耗時費工。紡織廠老闆莊正燈，返鄉堅持栽種無毒地瓜，口感細緻鬆軟、甜份高；從嬌嬌女變農婦的徐怡君，用籃耕離地栽培法，隔絕地面病菌，種出來的桃太郎番茄，外型大顆，皮薄多汁。"
          },
          {
            "content_id": "VOD00055920",
            "time_codes": [
              1129000,
              1706000,
              2328000
            ],
            "timecode_duration": [],
            "length": 2970000,
            "asset_id": "vod14686-000571M001",
            "title": "",
            "subtitle": "第571集 理化老師種水果玉米",
            "ep_number": 571,
            "rating": 1,
            "content_type": "show",
            "p_start": 1762135200000,
            "vod_channel_description": "30歲的劉育承返鄉務農，不用農藥，用益生菌種出甜度高達16度的水果玉米；雲林農民李應期，溫室栽種洋香瓜，每株只留一棵，讓養份集中！種出來的洋香瓜網紋漂亮，甜度達到16-17度；逐漸沒落的銅鑼藝術，60歲的吳宗霖堅持手作，把這項傳統工藝，繼續傳承下去！"
          },
          {
            "content_id": "VOD00055921",
            "time_codes": [
              1052000,
              1631000,
              2210000
            ],
            "timecode_duration": [],
            "length": 3000000,
            "asset_id": "vod14686-000572M001",
            "title": "",
            "subtitle": "第572集 為愛重生天然果乾",
            "ep_number": 572,
            "rating": 1,
            "content_type": "show",
            "p_start": 1762138500000,
            "vod_channel_description": "一個被醫生判定：不換肝活不過十年的報社主管續均健，為了愛女他不向命運低頭，改行賣天然果乾，籌措換肝醫藥費，要勇敢活下去；負債千萬的家具廠老闆，轉行種有機地瓜，重新找回自信人生；棄醫從農的林威佑，用豆漿種出細緻的美人柑，還研發出古早味的柑仔糖！"
          },
          {
            "content_id": "VOD00055922",
            "time_codes": [
              589000,
              1740000,
              2346000
            ],
            "timecode_duration": [],
            "length": 2979000,
            "asset_id": "vod14686-000573M001",
            "title": "",
            "subtitle": "第573集 煙燻七天的湖南臘味",
            "ep_number": 573,
            "rating": 1,
            "content_type": "show",
            "p_start": 1762141800000,
            "vod_channel_description": "不到冬天不出江湖的湖南臘肉，一年只開店四個月，老闆李嘉陵堅持古法日曬，用稻穀煙燻七天，讓臘肉美味天成，歷任將官都青睞！曾經是婚紗攝影師的鄭俊達，為何甘願放下相機拿鋤頭，用豆漿種出爽脆鮮甜的彩色芭樂；沒有務農經驗的謝秋芸，在風勢大、土壤鹽份高的海邊，挑戰有機種出海風草莓。"
          },
          {
            "content_id": "VOD00056178",
            "time_codes": [
              1107000,
              1725000,
              2356000
            ],
            "timecode_duration": [],
            "length": 2970000,
            "asset_id": "vod14686-000574M001",
            "title": "",
            "subtitle": "第574集 重現阿嬤ㄟ菜頭粿",
            "ep_number": 574,
            "rating": 1,
            "content_type": "show",
            "p_start": 1762145100000,
            "vod_channel_description": "古法製作的美味，總是令人回味！在嘉義民雄做粿的徐英傑，重現阿嬤時代的作法，在三合院裡，以柴火、大灶來炊粿，用純米做成的菜頭粿，口感扎實綿密，有著淡淡柴香；出生於務農世家的李日貴夫婦，從小排斥農業，卻在生命轉彎時回歸農田，改種無毒蔬菜自產自銷，提供營養午餐，為學童健康把關！"
          },
          {
            "content_id": "VOD00056179",
            "time_codes": [
              1102000,
              1691000,
              2335000
            ],
            "timecode_duration": [],
            "length": 3000000,
            "asset_id": "vod14686-000575M001",
            "title": "",
            "subtitle": "第575集 二十四小時柴燒年糕",
            "ep_number": 575,
            "rating": 1,
            "content_type": "show",
            "p_start": 1762148400000,
            "vod_channel_description": "在講究效率的年代，還是有人堅持要慢慢來！為了重現阿嬤ㄟ的古早味，邱家人從種米到做粿，歷經24小時的柴燒，細火慢熬的年糕，飄著濃郁的焦糖香；紮實不黏牙的上海年糕，傳承自84歲的袁奶奶，領著兒孫一起做年糕，讓家鄉的年味代代相傳；高雄六龜的陳振山，讓十年長成的胡椒樹，四個月就開花結果！"
          },
          {
            "content_id": "VOD00056180",
            "time_codes": [
              587000,
              1182000,
              2263000
            ],
            "timecode_duration": [],
            "length": 2970000,
            "asset_id": "vod14686-000576M001",
            "title": "",
            "subtitle": "第576集 深山的柴燒蘿蔔糕",
            "ep_number": 576,
            "rating": 1,
            "content_type": "show",
            "p_start": 1762151700000,
            "vod_channel_description": "傳統柴燒的蘿蔔糕，獨特風味總是耐人尋味！新竹峨眉的莊煥章，堅持每條蘿蔔絲都要均勻沾上米漿，柴燒6小時，用時間換來好味道；化身農夫攝影師的賴仲由，用影像記錄生態，把自己的果園變成小朋友的自然教室，體驗現採現吃的樂趣；曾是補教老師的林瑋聰，放棄百萬年收，回鄉種植香甜多汁的雪蜜棗！"
          },
          {
            "content_id": "VOD00056181",
            "time_codes": [
              579000,
              1737000,
              2370000
            ],
            "timecode_duration": [],
            "length": 2989000,
            "asset_id": "vod14686-000578M001",
            "title": "",
            "subtitle": "第578集 手作的感動鵝毛耳扒",
            "ep_number": 578,
            "rating": 1,
            "content_type": "show",
            "p_start": 1762155000000,
            "vod_channel_description": "看似簡單的鵝毛耳扒，其實大有學問！老師傅許正義，從剖竹、削竹到綁鵝毛，堅持純手工，一隻鵝只用一小撮尾椎毛來製作，細膩的手工堪稱一絕；從軍職轉種石蓮花的魏三峰，利用花生殼改善土壤排水性，種出來的石蓮花鮮脆多汁，富含膳食纖維；為愛而做的水果乾，讓屏東竹田的退休老師，開創出人生第二春！"
          },
          {
            "content_id": "VOD00056182",
            "time_codes": [
              1134000,
              1738000,
              2311000
            ],
            "timecode_duration": [],
            "length": 2967000,
            "asset_id": "vod14686-000579M001",
            "title": "",
            "subtitle": "第579集 天然鮮豔彩色花椰菜",
            "ep_number": 579,
            "rating": 1,
            "content_type": "show",
            "p_start": 1762158300000,
            "vod_channel_description": "色彩鮮艷的花椰菜，可以吃，也可以裝飾！農民葉榮昌克服台灣多雨及蟲害問題，種出甜度高，價格貴上一倍的彩色花椰菜；農藥商楊協翰，為了健康，決心轉種有機地瓜，口感鬆綿，加工的地瓜脆片，成了網購搶手貨；提倡環保的工藝家劉慶河，結合鐵工和木工，利用漂流木或廢棄木頭創作出實用家具！"
          },
          {
            "content_id": "VOD00056183",
            "time_codes": [
              1091000,
              1701000,
              2294000
            ],
            "timecode_duration": [],
            "length": 2969000,
            "asset_id": "vod14686-000580M001",
            "title": "",
            "subtitle": "第580集 柴燒日曬手工豆皮",
            "ep_number": 580,
            "rating": 1,
            "content_type": "show",
            "p_start": 1762161600000,
            "vod_channel_description": "高雄一家手工豆皮，堅持不添加漂白劑，延續古法柴燒日曬，顏色深淺不一，賣相不佳但守住了家傳美味；單親媽媽鄭惠甄先後罹患五種癌症，她不向病魔低頭，靠著賣水餃和手工餅乾養活一家四口，還成立愛心社，募集物資送愛到偏鄉。傳承三代的竹籠廠，從剖竹、編籠身到火烤固定，為延續傳統竹編工藝而努力。"
          },
          {
            "content_id": "VOD00056611",
            "time_codes": [
              1160000,
              1771000,
              2347000
            ],
            "timecode_duration": [],
            "length": 2974000,
            "asset_id": "vod14686-000581M001",
            "title": "",
            "subtitle": "第581集 阿里山上的手工黑糖",
            "ep_number": 581,
            "rating": 1,
            "content_type": "show",
            "p_start": 1762164900000,
            "vod_channel_description": "產茶聞名的阿里山，手工黑糖闖出新商機；羅玉聰種植無毒甘蔗熬製黑糖，6斤的甘蔗汁才能熬出1斤黑糖，耗時費工；住溫室，聽音樂長大的玉女番茄，台中清水的黃文慶，克服蟲害種出皮薄多汁，甜度高達12度；來自掌心最純真的感動，美濃窯場的憨兒，靠雙手自食其力，做出獨一無二的陶藝品！"
          },
          {
            "content_id": "VOD00056612",
            "time_codes": [
              1255000,
              1857000,
              2346000
            ],
            "timecode_duration": [],
            "length": 2970000,
            "asset_id": "vod14686-000582M001",
            "title": "",
            "subtitle": "第582集 棄醫轉做卡榫工藝",
            "ep_number": 582,
            "rating": 1,
            "content_type": "show",
            "p_start": 1762168200000,
            "vod_channel_description": "一個出身醫生世家，卻選擇棄醫做木工的劉育亨，為了做出市場區隔，只用傳統卡榫接合家具，不用一根釘子，堅固又耐用；從小立志當農夫的吳成富，鑽研特殊品種彩色菠菜，以高價進軍台北高檔百貨；曾經是叛逆少年的宋明諺，勤練武術修身養性，成為世界級的總合武術格鬥選手！"
          },
          {
            "content_id": "VOD00056613",
            "time_codes": [
              1067000,
              1740000,
              2309000
            ],
            "timecode_duration": [],
            "length": 2940000,
            "asset_id": "vod14686-000583M001",
            "title": "",
            "subtitle": "第583集 台灣農業潛力股",
            "ep_number": 583,
            "rating": 1,
            "content_type": "show",
            "p_start": 1762171500000,
            "vod_channel_description": "台灣農業新出路，挑戰種植罕見稀有蔬果，成功開創新綠金；小小一顆香檬，維他命C是檸檬的30倍，一年可以外銷日本創造上千萬；稀奇的黃金果營養價值豐富，一顆可以賣到200塊，讓中年轉行的莊庭溪，再創事業高峰；屏東興起種可可豆風潮，賴錫賢從種植到加工，再自創品牌，希望本土巧克力也能闖出名號。"
          },
          {
            "content_id": "VOD00056614",
            "time_codes": [
              667000,
              1279000,
              1861000
            ],
            "timecode_duration": [],
            "length": 2989000,
            "asset_id": "vod14686-000584M001",
            "title": "",
            "subtitle": "第584集 失落的傳統工藝",
            "ep_number": 584,
            "rating": 1,
            "content_type": "show",
            "p_start": 1762174500000,
            "vod_channel_description": "台南家傳五代的紙紮店，老闆洪銘宏將紙紮結合剪紙、書法和繪畫工藝，為傳承紙紮文化而努力。家傳四代的陳萬能將錫製品結合藝術，讓老金屬有了新市場，還榮獲薪傳獎的肯定；在弓弦上用力撥動，把棉花彈鬆，快要失傳的彈棉被，80歲的殷煌明堅持傳統製被的方法，一條保暖的棉被傳遞了半世紀的溫暖。"
          },
          {
            "content_id": "VOD00056615",
            "time_codes": [
              694000,
              1881000,
              2465000
            ],
            "timecode_duration": [],
            "length": 3000000,
            "asset_id": "vod14686-000585M001",
            "title": "",
            "subtitle": "第585集 安心吃!堅持走對的路",
            "ep_number": 585,
            "rating": 1,
            "content_type": "show",
            "p_start": 1762177800000,
            "vod_channel_description": "食安問題層出不窮，假米粉充斥的年代，新竹百年米粉廠，堅持純米製作，即使成本高，曾面臨歇業，也不放棄祖傳的好味道；雲林西螺的老醬油廠，用台灣黑豆醬缸發酵，長達六個月的等待，柴燒釀出真正的甘醇；石碇的王家父子，用自己種的小麥草和糯米熬煮12小時，古法柴燒麥芽膏，找回了記憶中那份古早味。"
          },
          {
            "content_id": "VOD00056616",
            "time_codes": [
              1113000,
              1709000,
              2321000
            ],
            "timecode_duration": [],
            "length": 2980000,
            "asset_id": "vod14686-000586M001",
            "title": "",
            "subtitle": "第586集 小農經濟出頭天",
            "ep_number": 586,
            "rating": 1,
            "content_type": "show",
            "p_start": 1762181100000,
            "vod_channel_description": "黃金農夫顛覆傳統，用價值提升價格，贏得市場高價！冬天也能吃到的當季芒果，是來自日本卓安南品種，蔡瑞棠花了十年，克服氣候與技術問題，種出一台斤400元的高價，比夏天芒果高出5倍；通常量大價格就便宜，但何秉洋種的鳳梨，量大又高貴，年產70萬顆，排名全國產值前三大，還曾創下一顆200元的天價。"
          },
          {
            "content_id": "VOD00056617",
            "time_codes": [
              1151000,
              1751000,
              2345000
            ],
            "timecode_duration": [],
            "length": 2970000,
            "asset_id": "vod14686-000587M001",
            "title": "",
            "subtitle": "第587集 紅藜復耕部落重生",
            "ep_number": 587,
            "rating": 1,
            "content_type": "show",
            "p_start": 1762184400000,
            "vod_channel_description": "曾經是原民主食的紅藜，營養價值高，屏東佳暮部落的柯信雄推動復耕，用自然農法種出一台斤700元的高價，成為屏東新綠金；甜點師傅潘世屆，力挺屏東小農，用 NG 洋蔥柴燒洋蔥醬，賦予 NG 農產品新生命；為癌父返鄉務農的鍾仁輝，用豆漿種出來的無毒枇杷，香甜多汁！"
          },
          {
            "content_id": "VOD00056618",
            "time_codes": [
              581000,
              1152000,
              2278000
            ],
            "timecode_duration": [],
            "length": 2989000,
            "asset_id": "vod14686-000588M001",
            "title": "",
            "subtitle": "第588集 博士回鄉推小麥復耕",
            "ep_number": 588,
            "rating": 1,
            "content_type": "show",
            "p_start": 1762187700000,
            "vod_channel_description": "台灣小麥復耕一波波湧現，農業博士馬聿安回鄉推動無毒耕作，說服在地老農加入復耕；全台青梅，因大陸削價、風災衝擊，產值下降，高雄桃源的部落媽媽成立手作坊，努力提升青梅價值；留美的音樂人葉志雄，回鄉種香蕉，種出全台第一張歐盟認證的無毒香蕉！"
          },
          {
            "content_id": "VOD00056619",
            "time_codes": [
              1052000,
              1736000,
              2339000
            ],
            "timecode_duration": [],
            "length": 2924000,
            "asset_id": "vod14686-000589M001",
            "title": "",
            "subtitle": "第589集 天然絲瓜水凝聚愛心",
            "ep_number": 589,
            "rating": 1,
            "content_type": "show",
            "p_start": 1762191000000,
            "vod_channel_description": "屏東九如是絲瓜的故鄉，有一群志工看上絲瓜的剩餘價值，到處拜訪農民，收集絲瓜水販售，將全部所得，用來照顧社區的獨居老人；浪子回頭的何益華，年輕時怕苦沉迷酒店，一場大地震死裡逃生，回家學做手工榻榻米，就算再辛苦，他都堅持守住花蓮唯一手工榻榻米老店！"
          },
          {
            "content_id": "VOD00056620",
            "time_codes": [
              1174000,
              1762000,
              2381000
            ],
            "timecode_duration": [],
            "length": 2979000,
            "asset_id": "vod14686-000590M001",
            "title": "",
            "subtitle": "第590集 養快樂雞生健康蛋",
            "ep_number": 590,
            "rating": 1,
            "content_type": "show",
            "p_start": 1762194000000,
            "vod_channel_description": "快樂雞生健康蛋，蛋黃紮實可以用手抓！曾明治種樹給雞乘涼，種諾麗果給雞當點心，人道飼養的健康蛋，價格翻一倍！科技農夫打造環控式菇寮，幫杏鮑菇做 SPA，產能提升，價格也翻一倍；桃園偏鄉部落的五月桃，過去被盤商剝削，在三光國小的協助下，行銷改善部落經濟。"
          },
          {
            "content_id": "VOD00056621",
            "time_codes": [
              1143000,
              1804000,
              2369000
            ],
            "timecode_duration": [],
            "length": 3000000,
            "asset_id": "vod14686-000591M001",
            "title": "",
            "subtitle": "第591集 高價三星蔥創綠金",
            "ep_number": 591,
            "rating": 1,
            "content_type": "show",
            "p_start": 1762197300000,
            "vod_channel_description": "清甜不嗆辣的三星蔥，也能成為人生中閃耀的綠金！從房仲業務轉做農夫的蕭健棋，用有益菌，增強蔥的抵抗力，種出的高價三星蔥，為他帶來上百萬年收；花蓮創始的剝皮辣椒，陳秋金嚐試不同品種，才找到的神香辣椒，研發出的獨門醬菜，苦熬三年等待才賣出名氣！"
          },
          {
            "content_id": "VOD00056622",
            "time_codes": [
              1173000,
              1748000,
              2336000
            ],
            "timecode_duration": [],
            "length": 2950000,
            "asset_id": "vod14686-000592M001",
            "title": "",
            "subtitle": "第592集 茶王父子檔青出於藍",
            "ep_number": 592,
            "rating": 1,
            "content_type": "show",
            "p_start": 1762200600000,
            "vod_channel_description": "曾經拿下超過六百面獎牌的宜蘭茶王父子檔，如何突破傳統，不斷提升製茶技術，成為比賽的常勝軍；全台產量最大的珠蔥王蔡建煌，用有機方式栽種，種出來細嫩不嗆辣，一斤要價150元，仍供不應求！從業務轉行賣家傳 XO 醬，用10萬創業拼到年營收上千萬。"
          },
          {
            "content_id": "VOD00056623",
            "time_codes": [
              631000,
              1260000,
              1921000
            ],
            "timecode_duration": [],
            "length": 2940000,
            "asset_id": "vod14686-000593M001",
            "title": "",
            "subtitle": "第593集 視障者的幸福咖啡廳",
            "ep_number": 593,
            "rating": 1,
            "content_type": "show",
            "p_start": 1762203900000,
            "vod_channel_description": "重度弱視的林佳箴，創業開咖啡廳，還雇用4位視障朋友，她要證明視力不好依然可以勇敢追夢。濁水溪的河床沙地，種出的西瓜脆甜多汁，但風險高！瓜農林武淵曾經慘賠千萬，他發揮拚命三郎的精神，靠好品質賺大錢；百年糊紙店的第四代張徐展，發揮創意拍出紙偶動畫，用創新思維來延續祖傳的百年工藝。"
          },
          {
            "content_id": "VOD00056624",
            "time_codes": [
              1172000,
              1763000,
              2330000
            ],
            "timecode_duration": [],
            "length": 2994000,
            "asset_id": "vod14686-000594M001",
            "title": "",
            "subtitle": "第594集 鴨子助耕種有機米",
            "ep_number": 594,
            "rating": 1,
            "content_type": "show",
            "p_start": 1762206900000,
            "vod_channel_description": "請鴨子幫忙種田，利用稻鴨農法，種出來的有機米，施彥同經歷重重考驗，實踐有機生活的理念；返鄉種芒果的董昱劭，改用無毒農法提升價值，主攻宅配通路，成功開創新人生！面臨大小隻蝦價差十倍的困境，李信義把小蝦低溫油炸，做成零嘴，年營業額上億元。"
          },
          {
            "content_id": "VOD00056625",
            "time_codes": [
              582000,
              1202000,
              2177000
            ],
            "timecode_duration": [],
            "length": 2909000,
            "asset_id": "vod14686-000595M001",
            "title": "",
            "subtitle": "第595集 孝心種福田療育弱勢",
            "ep_number": 595,
            "rating": 1,
            "content_type": "show",
            "p_start": 1762210200000,
            "vod_channel_description": "結實纍纍的南瓜隧道，是苗栗造橋季節限定的美景！退休教官潘福田，為完成父親遺願，用孝心灌溉的無毒南瓜，滋味特別香甜，他還教導身心障礙的孩子，學習農耕；台南後壁有一群身心障礙的孩子，在老師們的教導下，藉由園藝療育的觀念，學習種植無毒蔬果，克服重重障礙，靠自己的雙手，種出健康安心蔬果！"
          },
          {
            "content_id": "VOD00056626",
            "time_codes": [
              773000,
              1377000,
              2039000
            ],
            "timecode_duration": [],
            "length": 2960000,
            "asset_id": "vod14686-000596M001",
            "title": "",
            "subtitle": "第596集 睡吊床的有機西瓜",
            "ep_number": 596,
            "rating": 1,
            "content_type": "show",
            "p_start": 1762213200000,
            "vod_channel_description": "西瓜也要睡吊床，還睡出黃金身價，瓜農鄭聰祥用直立式栽種，護網保護，讓果肉細緻，甜度高達13度，高價依然搶手；兩次農藥中毒，改種有機檸檬的郭仁慈，種出皮薄汁多，香氣濃郁；石碇深山的手工麵線，堅持天然日曬的好味道，吸引遊客體驗，成功開創新商機！"
          },
          {
            "content_id": "VOD00056627",
            "time_codes": [
              1144000,
              1765000,
              2421000
            ],
            "timecode_duration": [],
            "length": 3008000,
            "asset_id": "vod14686-000597M001",
            "title": "",
            "subtitle": "第597集 連皮吃的水晶葡萄",
            "ep_number": 597,
            "rating": 1,
            "content_type": "show",
            "p_start": 1762216500000,
            "vod_channel_description": "彰化葡萄產量居全台之冠！果農吳清泉創新改良，種出帶有芭樂香、荔枝味的水晶葡萄，果粒小但皮薄汁多，連皮都可以吃；台灣鮮少人種的萊姆，農民曾文增從兩棵種到上千棵，他打破滯銷窘境，大賺萊姆財；近年來，馬祖掀起追淚熱潮！那藍色螢光海的奇景，為何被稱作藍眼淚？"
          },
          {
            "content_id": "VOD00056628",
            "time_codes": [
              640000,
              1403000,
              2116000
            ],
            "timecode_duration": [],
            "length": 2940000,
            "asset_id": "vod14686-000598M001",
            "title": "",
            "subtitle": "第598集 千元洋香瓜的自奮學",
            "ep_number": 598,
            "rating": 1,
            "content_type": "show",
            "p_start": 1762219800000,
            "vod_channel_description": "成功不是偶然，要靠自己努力爭取！66歲的陳水良家境貧窮，國小只唸了三天，靠自己摸索朝精緻農業轉型，到處聽演講吸收農業知識，苦熬七年，種出一顆要價千元的洋香瓜，人生苦盡甘來！原本到處打零工的葉欽源，從市場叫賣生鐵鍋，到堅持手工製鍋，刻苦耐勞的製鍋精神，讓市場小攤成為網路傳奇！"
          },
          {
            "content_id": "VOD00056629",
            "time_codes": [
              701000,
              1379000,
              2144000
            ],
            "timecode_duration": [],
            "length": 2950000,
            "asset_id": "vod14686-000599M001",
            "title": "",
            "subtitle": "第599集 來馬祖大坵樂當島主",
            "ep_number": 599,
            "rating": 1,
            "content_type": "show",
            "p_start": 1762222800000,
            "vod_channel_description": "一個人要離群索居，住無人島，需要多大的勇氣？馬祖的大坵曾是無人島，釣客胡進江的偶然拜訪成了島主，開起了唯一的民宿，只有梅花鹿與他做伴，無人島的快樂與孤獨，他如何詮釋；三星的上將梨，是全台最高價的梨子，曾經農藥中毒的翁松根，改種有機，提升價值！"
          }
        ],
        "total_length": 104092000,
        "focus_index": 7,
        "next_index": 8,
        "time": 499912,
        "focus_program": {
          "content_id": "VOD00055920",
          "time_codes": [
            1129000,
            1706000,
            2328000
          ],
          "timecode_duration": [],
          "length": 2970000,
          "asset_id": "vod14686-000571M001",
          "title": "",
          "subtitle": "第571集 理化老師種水果玉米",
          "ep_number": 571,
          "rating": 1,
          "content_type": "show",
          "p_start": 1762135200000,
          "vod_channel_description": "30歲的劉育承返鄉務農，不用農藥，用益生菌種出甜度高達16度的水果玉米；雲林農民李應期，溫室栽種洋香瓜，每株只留一棵，讓養份集中！種出來的洋香瓜網紋漂亮，甜度達到16-17度；逐漸沒落的銅鑼藝術，60歲的吳宗霖堅持手作，把這項傳統工藝，繼續傳承下去！"
        }
      },
      "station_categories": [
        {
          "Name": "綜藝",
          "EngName": "Entertainment",
          "MenuOrder": 8
        }
      ]
    },
    "introduction": null,
    "recommends": null,
    "ua": "Mozilla/5.0 (Windows NT 10.0; Win64; x64) AppleWebKit/537.36 (KHTML, like Gecko) Chrome/91.0.4472.124 Safari/537.36"
  },
  "__N_SSP": true
}