{
  "pageProps": {
    "contentId": "ofiii145",
    "channel": {
      "title": "回到20歲",
      "no": 145,
      "charge_mode": "F",
      "content_id": "ofiii145",
      "content_type": "vod-channel",
      "epg_categories": [
        4
      ],
      "genres": [
        {
          "id": "",
          "name": "VOD_CHANNEL",
          "logo": ""
        }
      ],
      "liad_id": "VODCHNEWOFIWEB",
      "package_info_id": "VOD_CHANNEL_DELUX",
      "picture": "pics/vod_channel/logo_3661_ofiii145_tv_20250305.png",
      "provider": [
        {
          "id": "",
          "name": "世詮多媒體",
          "logo": ""
        }
      ],
      "quality": "HD",
      "station_id": "station6595",
      "trial": "",
      "selectable": 1,
      "tr_logo": "pics/vod_channel/tr_logo_1741166107.png",
      "tl_logo": "",
      "br_logo": "",
      "bl_logo": "",
      "menu_type": 1,
      "vod_channel_schedule": {
        "channel_id": 145,
        "cdn_code": "ofiii145",
        "start_time": 1762144768000,
        "programs": [
          {
            "content_id": "VOD00355145",
            "time_codes": [
              678000,
              1418000,
              2179000,
              2986000
            ],
            "timecode_duration": [],
            "length": 3661000,
            "asset_id": "vod76029-000001M001",
            "title": "",
            "subtitle": "第1集",
            "ep_number": 1,
            "rating": 1,
            "content_type": "drama",
            "p_start": 1741618800000,
            "vod_channel_description": "個性倔強的老奶奶「吳末順」，竟然一夜之間變成了女團練習生「吳杜莉」？！回到年輕時代的她，實現了過去未完成的夢想，享受再度閃耀的全盛時期。"
          },
          {
            "content_id": "VOD00355146",
            "time_codes": [
              717000,
              1480000,
              2214000,
              2968000
            ],
            "timecode_duration": [],
            "length": 3707000,
            "asset_id": "vod76029-000002M001",
            "title": "",
            "subtitle": "第2集",
            "ep_number": 2,
            "rating": 1,
            "content_type": "drama",
            "p_start": 1741622700000,
            "vod_channel_description": "個性倔強的老奶奶「吳末順」，竟然一夜之間變成了女團練習生「吳杜莉」？！回到年輕時代的她，實現了過去未完成的夢想，享受再度閃耀的全盛時期。"
          },
          {
            "content_id": "VOD00355147",
            "time_codes": [
              772000,
              1462000,
              2149000,
              2910000
            ],
            "timecode_duration": [],
            "length": 3694000,
            "asset_id": "vod76029-000003M001",
            "title": "",
            "subtitle": "第3集",
            "ep_number": 3,
            "rating": 1,
            "content_type": "drama",
            "p_start": 1741626600000,
            "vod_channel_description": "個性倔強的老奶奶「吳末順」，竟然一夜之間變成了女團練習生「吳杜莉」？！回到年輕時代的她，實現了過去未完成的夢想，享受再度閃耀的全盛時期。"
          },
          {
            "content_id": "VOD00355148",
            "time_codes": [
              744000,
              1429000,
              2189000,
              2991000
            ],
            "timecode_duration": [],
            "length": 3710000,
            "asset_id": "vod76029-000004M001",
            "title": "",
            "subtitle": "第4集",
            "ep_number": 4,
            "rating": 1,
            "content_type": "drama",
            "p_start": 1741630500000,
            "vod_channel_description": "個性倔強的老奶奶「吳末順」，竟然一夜之間變成了女團練習生「吳杜莉」？！回到年輕時代的她，實現了過去未完成的夢想，享受再度閃耀的全盛時期。"
          },
          {
            "content_id": "VOD00355149",
            "time_codes": [
              696000,
              1412000,
              2170000,
              2948000
            ],
            "timecode_duration": [],
            "length": 3683000,
            "asset_id": "vod76029-000005M001",
            "title": "",
            "subtitle": "第5集",
            "ep_number": 5,
            "rating": 1,
            "content_type": "drama",
            "p_start": 1741634400000,
            "vod_channel_description": "個性倔強的老奶奶「吳末順」，竟然一夜之間變成了女團練習生「吳杜莉」？！回到年輕時代的她，實現了過去未完成的夢想，享受再度閃耀的全盛時期。"
          },
          {
            "content_id": "VOD00355150",
            "time_codes": [
              841000,
              1497000,
              2133000,
              2994000
            ],
            "timecode_duration": [],
            "length": 3660000,
            "asset_id": "vod76029-000006M001",
            "title": "",
            "subtitle": "第6集",
            "ep_number": 6,
            "rating": 1,
            "content_type": "drama",
            "p_start": 1741638300000,
            "vod_channel_description": "個性倔強的老奶奶「吳末順」，竟然一夜之間變成了女團練習生「吳杜莉」？！回到年輕時代的她，實現了過去未完成的夢想，享受再度閃耀的全盛時期。"
          },
          {
            "content_id": "VOD00355151",
            "time_codes": [
              683000,
              1440000,
              2203000,
              2929000
            ],
            "timecode_duration": [],
            "length": 3679000,
            "asset_id": "vod76029-000007M001",
            "title": "",
            "subtitle": "第7集",
            "ep_number": 7,
            "rating": 1,
            "content_type": "drama",
            "p_start": 1741642200000,
            "vod_channel_description": "個性倔強的老奶奶「吳末順」，竟然一夜之間變成了女團練習生「吳杜莉」？！回到年輕時代的她，實現了過去未完成的夢想，享受再度閃耀的全盛時期。"
          },
          {
            "content_id": "VOD00355152",
            "time_codes": [
              688000,
              1476000,
              2133000,
              2990000
            ],
            "timecode_duration": [],
            "length": 3690000,
            "asset_id": "vod76029-000008M001",
            "title": "",
            "subtitle": "第8集",
            "ep_number": 8,
            "rating": 1,
            "content_type": "drama",
            "p_start": 1741646100000,
            "vod_channel_description": "個性倔強的老奶奶「吳末順」，竟然一夜之間變成了女團練習生「吳杜莉」？！回到年輕時代的她，實現了過去未完成的夢想，享受再度閃耀的全盛時期。"
          },
          {
            "content_id": "VOD00355153",
            "time_codes": [
              668000,
              1454000,
              2204000,
              2930000
            ],
            "timecode_duration": [],
            "length": 3698000,
            "asset_id": "vod76029-000009M001",
            "title": "",
            "subtitle": "第9集",
            "ep_number": 9,
            "rating": 1,
            "content_type": "drama",
            "p_start": 1741650000000,
            "vod_channel_description": "個性倔強的老奶奶「吳末順」，竟然一夜之間變成了女團練習生「吳杜莉」？！回到年輕時代的她，實現了過去未完成的夢想，享受再度閃耀的全盛時期。"
          },
          {
            "content_id": "VOD00355154",
            "time_codes": [
              711000,
              1418000,
              2139000,
              2941000
            ],
            "timecode_duration": [],
            "length": 3685000,
            "asset_id": "vod76029-000010M001",
            "title": "",
            "subtitle": "第10集",
            "ep_number": 10,
            "rating": 1,
            "content_type": "drama",
            "p_start": 1741653900000,
            "vod_channel_description": "個性倔強的老奶奶「吳末順」，竟然一夜之間變成了女團練習生「吳杜莉」？！回到年輕時代的她，實現了過去未完成的夢想，享受再度閃耀的全盛時期。"
          },
          {
            "content_id": "VOD00355155",
            "time_codes": [
              779000,
              1483000,
              2134000,
              2997000
            ],
            "timecode_duration": [],
            "length": 3689000,
            "asset_id": "vod76029-000011M001",
            "title": "",
            "subtitle": "第11集",
            "ep_number": 11,
            "rating": 1,
            "content_type": "drama",
            "p_start": 1741657800000,
            "vod_channel_description": "個性倔強的老奶奶「吳末順」，竟然一夜之間變成了女團練習生「吳杜莉」？！回到年輕時代的她，實現了過去未完成的夢想，享受再度閃耀的全盛時期。"
          },
          {
            "content_id": "VOD00355156",
            "time_codes": [
              664000,
              1487000,
              2176000,
              3013000
            ],
            "timecode_duration": [],
            "length": 3681000,
            "asset_id": "vod76029-000012M001",
            "title": "",
            "subtitle": "第12集",
            "ep_number": 12,
            "rating": 1,
            "content_type": "drama",
            "p_start": 1741661700000,
            "vod_channel_description": "個性倔強的老奶奶「吳末順」，竟然一夜之間變成了女團練習生「吳杜莉」？！回到年輕時代的她，實現了過去未完成的夢想，享受再度閃耀的全盛時期。"
          }
        ],
        "total_length": 44237000,
        "focus_index": 1,
        "next_index": 2,
        "time": 496876,
        "focus_program": {
          "content_id": "VOD00355146",
          "time_codes": [
            717000,
            1480000,
            2214000,
            2968000
          ],
          "timecode_duration": [],
          "length": 3707000,
          "asset_id": "vod76029-000002M001",
          "title": "",
          "subtitle": "第2集",
          "ep_number": 2,
          "rating": 1,
          "content_type": "drama",
          "p_start": 1741622700000,
          "vod_channel_description": "個性倔強的老奶奶「吳末順」，竟然一夜之間變成了女團練習生「吳杜莉」？！回到年輕時代的她，實現了過去未完成的夢想，享受再度閃耀的全盛時期。"
        }
      },
      "station_categories": [
        {
          "Name": "戲劇",
          "EngName": "Drama",
          "MenuOrder": 7
        }
      ]
    },
    "introduction": null,
    "recommends": null,
    "ua": "Mozilla/5.0 (Windows NT 10.0; Win64; x64) AppleWebKit/537.36 (KHTML, like Gecko) Chrome/91.0.4472.124 Safari/537.36"
  },
  "__N_SSP": true
}