{
  "pageProps": {
    "contentId": "ofiii116",
    "channel": {
      "title": "去有風的地方",
      "no": 116,
      "charge_mode": "F",
      "content_id": "ofiii116",
      "content_type": "vod-channel",
      "epg_categories": [
        21,
        4
      ],
      "genres": [
        {
          "id": "",
          "name": "VOD_CHANNEL",
          "logo": ""
        }
      ],
      "liad_id": "VODCHNEWOFIWEB",
      "package_info_id": "VOD_CHANNEL_DELUX",
      "picture": "pics/vod_channel/logo_2591_ofiii116_tv_20250221.png",
      "provider": [
        {
          "id": "",
          "name": "世詮_2倍",
          "logo": ""
        }
      ],
      "quality": "HD",
      "station_id": "station5525",
      "trial": "",
      "selectable": 1,
      "tr_logo": "pics/vod_channel/tr_logo_1679019674.png",
      "tl_logo": "",
      "br_logo": "",
      "bl_logo": "",
      "menu_type": 1,
      "vod_channel_schedule": {
        "channel_id": 116,
        "cdn_code": "ofiii116",
        "start_time": 1762180960000,
        "programs": [
          {
            "content_id": "VOD00280721",
            "time_codes": [
              671000,
              1383000,
              2116000
            ],
            "timecode_duration": [],
            "length": 2567000,
            "asset_id": "vod61027-000001M001",
            "title": "",
            "subtitle": "第1集",
            "ep_number": 1,
            "rating": 1,
            "content_type": "drama",
            "p_start": 1740143700000,
            "vod_channel_description": "《去有風的地方》陸劇線上看。許紅豆在閨蜜去世後陷入低谷，於是獨自來到大理雲苗村\"有風小院\"落腳休息，在那裏認識了回鄉創業的青年謝之遙。在有風小院結識了帶著不同故事來到這裡的短暫租客，從陌生到熟悉，一群毫無相識的人，在這裡為各自點燃不期而遇的溫暖，愛情也悄悄展開..."
          },
          {
            "content_id": "VOD00280722",
            "time_codes": [
              703000,
              1442000,
              2190000
            ],
            "timecode_duration": [],
            "length": 2706000,
            "asset_id": "vod61027-000002M001",
            "title": "",
            "subtitle": "第2集",
            "ep_number": 2,
            "rating": 1,
            "content_type": "drama",
            "p_start": 1740146400000,
            "vod_channel_description": "許紅豆在閨蜜去世後陷入低谷，於是獨自來到大理雲苗村\"有風小院\"落腳休息，在那裏認識了回鄉創業的青年謝之遙。在有風小院結識了帶著不同故事來到這裡的短暫租客，從陌生到熟悉，一群毫無相識的人，在這裡為各自點燃不期而遇的溫暖，而許紅豆與謝之遙兩人意料之外的愛情也悄悄展開..."
          },
          {
            "content_id": "VOD00280723",
            "time_codes": [
              769000,
              1499000,
              2181000
            ],
            "timecode_duration": [],
            "length": 2757000,
            "asset_id": "vod61027-000003M001",
            "title": "",
            "subtitle": "第3集",
            "ep_number": 3,
            "rating": 1,
            "content_type": "drama",
            "p_start": 1740149400000,
            "vod_channel_description": "許紅豆在閨蜜去世後陷入低谷，於是獨自來到大理雲苗村\"有風小院\"落腳休息，在那裏認識了回鄉創業的青年謝之遙。在有風小院結識了帶著不同故事來到這裡的短暫租客，從陌生到熟悉，一群毫無相識的人，在這裡為各自點燃不期而遇的溫暖，而許紅豆與謝之遙兩人意料之外的愛情也悄悄展開..."
          },
          {
            "content_id": "VOD00280724",
            "time_codes": [
              661000,
              1478000,
              2203000
            ],
            "timecode_duration": [],
            "length": 2883000,
            "asset_id": "vod61027-000004M001",
            "title": "",
            "subtitle": "第4集",
            "ep_number": 4,
            "rating": 1,
            "content_type": "drama",
            "p_start": 1740152400000,
            "vod_channel_description": "許紅豆在閨蜜去世後陷入低谷，於是獨自來到大理雲苗村\"有風小院\"落腳休息，在那裏認識了回鄉創業的青年謝之遙。在有風小院結識了帶著不同故事來到這裡的短暫租客，從陌生到熟悉，一群毫無相識的人，在這裡為各自點燃不期而遇的溫暖，而許紅豆與謝之遙兩人意料之外的愛情也悄悄展開..."
          },
          {
            "content_id": "VOD00280725",
            "time_codes": [
              732000,
              1391000,
              2157000
            ],
            "timecode_duration": [],
            "length": 2702000,
            "asset_id": "vod61027-000005M001",
            "title": "",
            "subtitle": "第5集",
            "ep_number": 5,
            "rating": 1,
            "content_type": "drama",
            "p_start": 1740155400000,
            "vod_channel_description": "許紅豆在閨蜜去世後陷入低谷，於是獨自來到大理雲苗村\"有風小院\"落腳休息，在那裏認識了回鄉創業的青年謝之遙。在有風小院結識了帶著不同故事來到這裡的短暫租客，從陌生到熟悉，一群毫無相識的人，在這裡為各自點燃不期而遇的溫暖，而許紅豆與謝之遙兩人意料之外的愛情也悄悄展開..."
          },
          {
            "content_id": "VOD00280726",
            "time_codes": [
              668000,
              1481000,
              2146000
            ],
            "timecode_duration": [],
            "length": 2715000,
            "asset_id": "vod61027-000006M001",
            "title": "",
            "subtitle": "第6集",
            "ep_number": 6,
            "rating": 1,
            "content_type": "drama",
            "p_start": 1740158400000,
            "vod_channel_description": "許紅豆在閨蜜去世後陷入低谷，於是獨自來到大理雲苗村\"有風小院\"落腳休息，在那裏認識了回鄉創業的青年謝之遙。在有風小院結識了帶著不同故事來到這裡的短暫租客，從陌生到熟悉，一群毫無相識的人，在這裡為各自點燃不期而遇的溫暖，而許紅豆與謝之遙兩人意料之外的愛情也悄悄展開..."
          },
          {
            "content_id": "VOD00280727",
            "time_codes": [
              704000,
              1495000,
              2139000
            ],
            "timecode_duration": [],
            "length": 2742000,
            "asset_id": "vod61027-000007M001",
            "title": "",
            "subtitle": "第7集",
            "ep_number": 7,
            "rating": 1,
            "content_type": "drama",
            "p_start": 1740161400000,
            "vod_channel_description": "許紅豆在閨蜜去世後陷入低谷，於是獨自來到大理雲苗村\"有風小院\"落腳休息，在那裏認識了回鄉創業的青年謝之遙。在有風小院結識了帶著不同故事來到這裡的短暫租客，從陌生到熟悉，一群毫無相識的人，在這裡為各自點燃不期而遇的溫暖，而許紅豆與謝之遙兩人意料之外的愛情也悄悄展開..."
          },
          {
            "content_id": "VOD00280728",
            "time_codes": [
              745000,
              1399000,
              2111000
            ],
            "timecode_duration": [],
            "length": 2738000,
            "asset_id": "vod61027-000008M001",
            "title": "",
            "subtitle": "第8集",
            "ep_number": 8,
            "rating": 1,
            "content_type": "drama",
            "p_start": 1740164400000,
            "vod_channel_description": "許紅豆在閨蜜去世後陷入低谷，於是獨自來到大理雲苗村\"有風小院\"落腳休息，在那裏認識了回鄉創業的青年謝之遙。在有風小院結識了帶著不同故事來到這裡的短暫租客，從陌生到熟悉，一群毫無相識的人，在這裡為各自點燃不期而遇的溫暖，而許紅豆與謝之遙兩人意料之外的愛情也悄悄展開..."
          },
          {
            "content_id": "VOD00280729",
            "time_codes": [
              670000,
              1406000,
              2141000
            ],
            "timecode_duration": [],
            "length": 2772000,
            "asset_id": "vod61027-000009M001",
            "title": "",
            "subtitle": "第9集",
            "ep_number": 9,
            "rating": 1,
            "content_type": "drama",
            "p_start": 1740167400000,
            "vod_channel_description": "許紅豆在閨蜜去世後陷入低谷，於是獨自來到大理雲苗村\"有風小院\"落腳休息，在那裏認識了回鄉創業的青年謝之遙。在有風小院結識了帶著不同故事來到這裡的短暫租客，從陌生到熟悉，一群毫無相識的人，在這裡為各自點燃不期而遇的溫暖，而許紅豆與謝之遙兩人意料之外的愛情也悄悄展開..."
          },
          {
            "content_id": "VOD00280730",
            "time_codes": [
              700000,
              1461000,
              2136000
            ],
            "timecode_duration": [],
            "length": 2828000,
            "asset_id": "vod61027-000010M001",
            "title": "",
            "subtitle": "第10集",
            "ep_number": 10,
            "rating": 1,
            "content_type": "drama",
            "p_start": 1740170400000,
            "vod_channel_description": "許紅豆在閨蜜去世後陷入低谷，於是獨自來到大理雲苗村\"有風小院\"落腳休息，在那裏認識了回鄉創業的青年謝之遙。在有風小院結識了帶著不同故事來到這裡的短暫租客，從陌生到熟悉，一群毫無相識的人，在這裡為各自點燃不期而遇的溫暖，而許紅豆與謝之遙兩人意料之外的愛情也悄悄展開..."
          },
          {
            "content_id": "VOD00280731",
            "time_codes": [
              682000,
              1475000,
              2135000
            ],
            "timecode_duration": [],
            "length": 2736000,
            "asset_id": "vod61027-000011M001",
            "title": "",
            "subtitle": "第11集",
            "ep_number": 11,
            "rating": 1,
            "content_type": "drama",
            "p_start": 1740173400000,
            "vod_channel_description": "許紅豆在閨蜜去世後陷入低谷，於是獨自來到大理雲苗村\"有風小院\"落腳休息，在那裏認識了回鄉創業的青年謝之遙。在有風小院結識了帶著不同故事來到這裡的短暫租客，從陌生到熟悉，一群毫無相識的人，在這裡為各自點燃不期而遇的溫暖，而許紅豆與謝之遙兩人意料之外的愛情也悄悄展開..."
          },
          {
            "content_id": "VOD00280732",
            "time_codes": [
              751000,
              1394000,
              2209000
            ],
            "timecode_duration": [],
            "length": 2713000,
            "asset_id": "vod61027-000012M001",
            "title": "",
            "subtitle": "第12集",
            "ep_number": 12,
            "rating": 1,
            "content_type": "drama",
            "p_start": 1740176400000,
            "vod_channel_description": "許紅豆在閨蜜去世後陷入低谷，於是獨自來到大理雲苗村\"有風小院\"落腳休息，在那裏認識了回鄉創業的青年謝之遙。在有風小院結識了帶著不同故事來到這裡的短暫租客，從陌生到熟悉，一群毫無相識的人，在這裡為各自點燃不期而遇的溫暖，而許紅豆與謝之遙兩人意料之外的愛情也悄悄展開..."
          },
          {
            "content_id": "VOD00280733",
            "time_codes": [
              737000,
              1483000,
              2183000
            ],
            "timecode_duration": [],
            "length": 2700000,
            "asset_id": "vod61027-000013M001",
            "title": "",
            "subtitle": "第13集",
            "ep_number": 13,
            "rating": 1,
            "content_type": "drama",
            "p_start": 1740179400000,
            "vod_channel_description": "許紅豆在閨蜜去世後陷入低谷，於是獨自來到大理雲苗村\"有風小院\"落腳休息，在那裏認識了回鄉創業的青年謝之遙。在有風小院結識了帶著不同故事來到這裡的短暫租客，從陌生到熟悉，一群毫無相識的人，在這裡為各自點燃不期而遇的溫暖，而許紅豆與謝之遙兩人意料之外的愛情也悄悄展開..."
          },
          {
            "content_id": "VOD00280734",
            "time_codes": [
              714000,
              1387000,
              2103000
            ],
            "timecode_duration": [],
            "length": 2799000,
            "asset_id": "vod61027-000014M001",
            "title": "",
            "subtitle": "第14集",
            "ep_number": 14,
            "rating": 1,
            "content_type": "drama",
            "p_start": 1740182400000,
            "vod_channel_description": "許紅豆在閨蜜去世後陷入低谷，於是獨自來到大理雲苗村\"有風小院\"落腳休息，在那裏認識了回鄉創業的青年謝之遙。在有風小院結識了帶著不同故事來到這裡的短暫租客，從陌生到熟悉，一群毫無相識的人，在這裡為各自點燃不期而遇的溫暖，而許紅豆與謝之遙兩人意料之外的愛情也悄悄展開..."
          },
          {
            "content_id": "VOD00280735",
            "time_codes": [
              669000,
              1435000,
              2136000
            ],
            "timecode_duration": [],
            "length": 2637000,
            "asset_id": "vod61027-000015M001",
            "title": "",
            "subtitle": "第15集",
            "ep_number": 15,
            "rating": 1,
            "content_type": "drama",
            "p_start": 1740185400000,
            "vod_channel_description": "許紅豆在閨蜜去世後陷入低谷，於是獨自來到大理雲苗村\"有風小院\"落腳休息，在那裏認識了回鄉創業的青年謝之遙。在有風小院結識了帶著不同故事來到這裡的短暫租客，從陌生到熟悉，一群毫無相識的人，在這裡為各自點燃不期而遇的溫暖，而許紅豆與謝之遙兩人意料之外的愛情也悄悄展開..."
          },
          {
            "content_id": "VOD00280736",
            "time_codes": [
              674000,
              1436000,
              2162000
            ],
            "timecode_duration": [],
            "length": 2784000,
            "asset_id": "vod61027-000016M001",
            "title": "",
            "subtitle": "第16集",
            "ep_number": 16,
            "rating": 1,
            "content_type": "drama",
            "p_start": 1740188100000,
            "vod_channel_description": "許紅豆在閨蜜去世後陷入低谷，於是獨自來到大理雲苗村\"有風小院\"落腳休息，在那裏認識了回鄉創業的青年謝之遙。在有風小院結識了帶著不同故事來到這裡的短暫租客，從陌生到熟悉，一群毫無相識的人，在這裡為各自點燃不期而遇的溫暖，而許紅豆與謝之遙兩人意料之外的愛情也悄悄展開..."
          },
          {
            "content_id": "VOD00280737",
            "time_codes": [
              731000,
              1624000,
              2263000
            ],
            "timecode_duration": [],
            "length": 2681000,
            "asset_id": "vod61027-000017M001",
            "title": "",
            "subtitle": "第17集",
            "ep_number": 17,
            "rating": 1,
            "content_type": "drama",
            "p_start": 1740191100000,
            "vod_channel_description": "許紅豆在閨蜜去世後陷入低谷，於是獨自來到大理雲苗村\"有風小院\"落腳休息，在那裏認識了回鄉創業的青年謝之遙。在有風小院結識了帶著不同故事來到這裡的短暫租客，從陌生到熟悉，一群毫無相識的人，在這裡為各自點燃不期而遇的溫暖，而許紅豆與謝之遙兩人意料之外的愛情也悄悄展開..."
          },
          {
            "content_id": "VOD00280738",
            "time_codes": [
              744000,
              1492000,
              2183000
            ],
            "timecode_duration": [],
            "length": 2725000,
            "asset_id": "vod61027-000018M001",
            "title": "",
            "subtitle": "第18集",
            "ep_number": 18,
            "rating": 1,
            "content_type": "drama",
            "p_start": 1740194100000,
            "vod_channel_description": "許紅豆在閨蜜去世後陷入低谷，於是獨自來到大理雲苗村\"有風小院\"落腳休息，在那裏認識了回鄉創業的青年謝之遙。在有風小院結識了帶著不同故事來到這裡的短暫租客，從陌生到熟悉，一群毫無相識的人，在這裡為各自點燃不期而遇的溫暖，而許紅豆與謝之遙兩人意料之外的愛情也悄悄展開..."
          },
          {
            "content_id": "VOD00280739",
            "time_codes": [
              687000,
              1386000,
              2131000
            ],
            "timecode_duration": [],
            "length": 2778000,
            "asset_id": "vod61027-000019M001",
            "title": "",
            "subtitle": "第19集",
            "ep_number": 19,
            "rating": 1,
            "content_type": "drama",
            "p_start": 1740197100000,
            "vod_channel_description": "許紅豆在閨蜜去世後陷入低谷，於是獨自來到大理雲苗村\"有風小院\"落腳休息，在那裏認識了回鄉創業的青年謝之遙。在有風小院結識了帶著不同故事來到這裡的短暫租客，從陌生到熟悉，一群毫無相識的人，在這裡為各自點燃不期而遇的溫暖，而許紅豆與謝之遙兩人意料之外的愛情也悄悄展開..."
          },
          {
            "content_id": "VOD00280740",
            "time_codes": [
              761000,
              1427000,
              2168000
            ],
            "timecode_duration": [],
            "length": 2717000,
            "asset_id": "vod61027-000020M001",
            "title": "",
            "subtitle": "第20集",
            "ep_number": 20,
            "rating": 1,
            "content_type": "drama",
            "p_start": 1740200100000,
            "vod_channel_description": "許紅豆在閨蜜去世後陷入低谷，於是獨自來到大理雲苗村\"有風小院\"落腳休息，在那裏認識了回鄉創業的青年謝之遙。在有風小院結識了帶著不同故事來到這裡的短暫租客，從陌生到熟悉，一群毫無相識的人，在這裡為各自點燃不期而遇的溫暖，而許紅豆與謝之遙兩人意料之外的愛情也悄悄展開..."
          },
          {
            "content_id": "VOD00280741",
            "time_codes": [
              744000,
              1470000,
              2174000
            ],
            "timecode_duration": [],
            "length": 2856000,
            "asset_id": "vod61027-000021M001",
            "title": "",
            "subtitle": "第21集",
            "ep_number": 21,
            "rating": 1,
            "content_type": "drama",
            "p_start": 1740203100000,
            "vod_channel_description": "許紅豆在閨蜜去世後陷入低谷，於是獨自來到大理雲苗村\"有風小院\"落腳休息，在那裏認識了回鄉創業的青年謝之遙。在有風小院結識了帶著不同故事來到這裡的短暫租客，從陌生到熟悉，一群毫無相識的人，在這裡為各自點燃不期而遇的溫暖，而許紅豆與謝之遙兩人意料之外的愛情也悄悄展開..."
          },
          {
            "content_id": "VOD00280742",
            "time_codes": [
              779000,
              1392000,
              2175000
            ],
            "timecode_duration": [],
            "length": 2866000,
            "asset_id": "vod61027-000022M001",
            "title": "",
            "subtitle": "第22集",
            "ep_number": 22,
            "rating": 1,
            "content_type": "drama",
            "p_start": 1740206100000,
            "vod_channel_description": "許紅豆在閨蜜去世後陷入低谷，於是獨自來到大理雲苗村\"有風小院\"落腳休息，在那裏認識了回鄉創業的青年謝之遙。在有風小院結識了帶著不同故事來到這裡的短暫租客，從陌生到熟悉，一群毫無相識的人，在這裡為各自點燃不期而遇的溫暖，而許紅豆與謝之遙兩人意料之外的愛情也悄悄展開..."
          },
          {
            "content_id": "VOD00280743",
            "time_codes": [
              692000,
              1446000,
              2218000
            ],
            "timecode_duration": [],
            "length": 2653000,
            "asset_id": "vod61027-000023M001",
            "title": "",
            "subtitle": "第23集",
            "ep_number": 23,
            "rating": 1,
            "content_type": "drama",
            "p_start": 1740209100000,
            "vod_channel_description": "許紅豆在閨蜜去世後陷入低谷，於是獨自來到大理雲苗村\"有風小院\"落腳休息，在那裏認識了回鄉創業的青年謝之遙。在有風小院結識了帶著不同故事來到這裡的短暫租客，從陌生到熟悉，一群毫無相識的人，在這裡為各自點燃不期而遇的溫暖，而許紅豆與謝之遙兩人意料之外的愛情也悄悄展開..."
          },
          {
            "content_id": "VOD00280744",
            "time_codes": [
              701000,
              1439000,
              2125000
            ],
            "timecode_duration": [],
            "length": 2779000,
            "asset_id": "vod61027-000024M001",
            "title": "",
            "subtitle": "第24集",
            "ep_number": 24,
            "rating": 1,
            "content_type": "drama",
            "p_start": 1740212100000,
            "vod_channel_description": "許紅豆在閨蜜去世後陷入低谷，於是獨自來到大理雲苗村\"有風小院\"落腳休息，在那裏認識了回鄉創業的青年謝之遙。在有風小院結識了帶著不同故事來到這裡的短暫租客，從陌生到熟悉，一群毫無相識的人，在這裡為各自點燃不期而遇的溫暖，而許紅豆與謝之遙兩人意料之外的愛情也悄悄展開..."
          },
          {
            "content_id": "VOD00280745",
            "time_codes": [
              762000,
              1455000,
              2216000
            ],
            "timecode_duration": [],
            "length": 2858000,
            "asset_id": "vod61027-000025M001",
            "title": "",
            "subtitle": "第25集",
            "ep_number": 25,
            "rating": 1,
            "content_type": "drama",
            "p_start": 1740215100000,
            "vod_channel_description": "許紅豆在閨蜜去世後陷入低谷，於是獨自來到大理雲苗村\"有風小院\"落腳休息，在那裏認識了回鄉創業的青年謝之遙。在有風小院結識了帶著不同故事來到這裡的短暫租客，從陌生到熟悉，一群毫無相識的人，在這裡為各自點燃不期而遇的溫暖，而許紅豆與謝之遙兩人意料之外的愛情也悄悄展開..."
          },
          {
            "content_id": "VOD00280746",
            "time_codes": [
              700000,
              1441000,
              2172000
            ],
            "timecode_duration": [],
            "length": 2829000,
            "asset_id": "vod61027-000026M001",
            "title": "",
            "subtitle": "第26集",
            "ep_number": 26,
            "rating": 1,
            "content_type": "drama",
            "p_start": 1740218100000,
            "vod_channel_description": "許紅豆在閨蜜去世後陷入低谷，於是獨自來到大理雲苗村\"有風小院\"落腳休息，在那裏認識了回鄉創業的青年謝之遙。在有風小院結識了帶著不同故事來到這裡的短暫租客，從陌生到熟悉，一群毫無相識的人，在這裡為各自點燃不期而遇的溫暖，而許紅豆與謝之遙兩人意料之外的愛情也悄悄展開..."
          },
          {
            "content_id": "VOD00280747",
            "time_codes": [
              662000,
              1383000,
              2133000
            ],
            "timecode_duration": [],
            "length": 2733000,
            "asset_id": "vod61027-000027M001",
            "title": "",
            "subtitle": "第27集",
            "ep_number": 27,
            "rating": 1,
            "content_type": "drama",
            "p_start": 1740221100000,
            "vod_channel_description": "許紅豆在閨蜜去世後陷入低谷，於是獨自來到大理雲苗村\"有風小院\"落腳休息，在那裏認識了回鄉創業的青年謝之遙。在有風小院結識了帶著不同故事來到這裡的短暫租客，從陌生到熟悉，一群毫無相識的人，在這裡為各自點燃不期而遇的溫暖，而許紅豆與謝之遙兩人意料之外的愛情也悄悄展開..."
          },
          {
            "content_id": "VOD00280748",
            "time_codes": [
              743000,
              1499000,
              2164000
            ],
            "timecode_duration": [],
            "length": 2700000,
            "asset_id": "vod61027-000028M001",
            "title": "",
            "subtitle": "第28集",
            "ep_number": 28,
            "rating": 1,
            "content_type": "drama",
            "p_start": 1740224100000,
            "vod_channel_description": "許紅豆在閨蜜去世後陷入低谷，於是獨自來到大理雲苗村\"有風小院\"落腳休息，在那裏認識了回鄉創業的青年謝之遙。在有風小院結識了帶著不同故事來到這裡的短暫租客，從陌生到熟悉，一群毫無相識的人，在這裡為各自點燃不期而遇的溫暖，而許紅豆與謝之遙兩人意料之外的愛情也悄悄展開..."
          },
          {
            "content_id": "VOD00280749",
            "time_codes": [
              765000,
              1412000,
              2182000
            ],
            "timecode_duration": [],
            "length": 2965000,
            "asset_id": "vod61027-000029M001",
            "title": "",
            "subtitle": "第29集",
            "ep_number": 29,
            "rating": 1,
            "content_type": "drama",
            "p_start": 1740227100000,
            "vod_channel_description": "許紅豆在閨蜜去世後陷入低谷，於是獨自來到大理雲苗村\"有風小院\"落腳休息，在那裏認識了回鄉創業的青年謝之遙。在有風小院結識了帶著不同故事來到這裡的短暫租客，從陌生到熟悉，一群毫無相識的人，在這裡為各自點燃不期而遇的溫暖，而許紅豆與謝之遙兩人意料之外的愛情也悄悄展開..."
          },
          {
            "content_id": "VOD00280750",
            "time_codes": [
              716000,
              1448000,
              2105000
            ],
            "timecode_duration": [],
            "length": 2840000,
            "asset_id": "vod61027-000030M001",
            "title": "",
            "subtitle": "第30集",
            "ep_number": 30,
            "rating": 1,
            "content_type": "drama",
            "p_start": 1740230400000,
            "vod_channel_description": "許紅豆在閨蜜去世後陷入低谷，於是獨自來到大理雲苗村\"有風小院\"落腳休息，在那裏認識了回鄉創業的青年謝之遙。在有風小院結識了帶著不同故事來到這裡的短暫租客，從陌生到熟悉，一群毫無相識的人，在這裡為各自點燃不期而遇的溫暖，而許紅豆與謝之遙兩人意料之外的愛情也悄悄展開..."
          },
          {
            "content_id": "VOD00280751",
            "time_codes": [
              740000,
              1478000,
              2109000
            ],
            "timecode_duration": [],
            "length": 2890000,
            "asset_id": "vod61027-000031M001",
            "title": "",
            "subtitle": "第31集",
            "ep_number": 31,
            "rating": 1,
            "content_type": "drama",
            "p_start": 1740233400000,
            "vod_channel_description": "許紅豆在閨蜜去世後陷入低谷，於是獨自來到大理雲苗村\"有風小院\"落腳休息，在那裏認識了回鄉創業的青年謝之遙。在有風小院結識了帶著不同故事來到這裡的短暫租客，從陌生到熟悉，一群毫無相識的人，在這裡為各自點燃不期而遇的溫暖，而許紅豆與謝之遙兩人意料之外的愛情也悄悄展開..."
          },
          {
            "content_id": "VOD00280752",
            "time_codes": [
              745000,
              1479000,
              2204000
            ],
            "timecode_duration": [],
            "length": 2880000,
            "asset_id": "vod61027-000032M001",
            "title": "",
            "subtitle": "第32集",
            "ep_number": 32,
            "rating": 1,
            "content_type": "drama",
            "p_start": 1740236400000,
            "vod_channel_description": "許紅豆在閨蜜去世後陷入低谷，於是獨自來到大理雲苗村\"有風小院\"落腳休息，在那裏認識了回鄉創業的青年謝之遙。在有風小院結識了帶著不同故事來到這裡的短暫租客，從陌生到熟悉，一群毫無相識的人，在這裡為各自點燃不期而遇的溫暖，而許紅豆與謝之遙兩人意料之外的愛情也悄悄展開..."
          },
          {
            "content_id": "VOD00280753",
            "time_codes": [
              664000,
              1413000,
              2141000
            ],
            "timecode_duration": [],
            "length": 2725000,
            "asset_id": "vod61027-000033M001",
            "title": "",
            "subtitle": "第33集",
            "ep_number": 33,
            "rating": 1,
            "content_type": "drama",
            "p_start": 1740239400000,
            "vod_channel_description": "許紅豆在閨蜜去世後陷入低谷，於是獨自來到大理雲苗村\"有風小院\"落腳休息，在那裏認識了回鄉創業的青年謝之遙。在有風小院結識了帶著不同故事來到這裡的短暫租客，從陌生到熟悉，一群毫無相識的人，在這裡為各自點燃不期而遇的溫暖，而許紅豆與謝之遙兩人意料之外的愛情也悄悄展開..."
          },
          {
            "content_id": "VOD00280754",
            "time_codes": [
              773000,
              1440000,
              2183000
            ],
            "timecode_duration": [],
            "length": 2785000,
            "asset_id": "vod61027-000034M001",
            "title": "",
            "subtitle": "第34集",
            "ep_number": 34,
            "rating": 1,
            "content_type": "drama",
            "p_start": 1740242400000,
            "vod_channel_description": "許紅豆在閨蜜去世後陷入低谷，於是獨自來到大理雲苗村\"有風小院\"落腳休息，在那裏認識了回鄉創業的青年謝之遙。在有風小院結識了帶著不同故事來到這裡的短暫租客，從陌生到熟悉，一群毫無相識的人，在這裡為各自點燃不期而遇的溫暖，而許紅豆與謝之遙兩人意料之外的愛情也悄悄展開..."
          },
          {
            "content_id": "VOD00280755",
            "time_codes": [
              777000,
              1446000,
              2195000
            ],
            "timecode_duration": [],
            "length": 2526000,
            "asset_id": "vod61027-000035M001",
            "title": "",
            "subtitle": "第35集",
            "ep_number": 35,
            "rating": 1,
            "content_type": "drama",
            "p_start": 1740245400000,
            "vod_channel_description": "許紅豆在閨蜜去世後陷入低谷，於是獨自來到大理雲苗村\"有風小院\"落腳休息，在那裏認識了回鄉創業的青年謝之遙。在有風小院結識了帶著不同故事來到這裡的短暫租客，從陌生到熟悉，一群毫無相識的人，在這裡為各自點燃不期而遇的溫暖，而許紅豆與謝之遙兩人意料之外的愛情也悄悄展開..."
          },
          {
            "content_id": "VOD00280756",
            "time_codes": [
              720000,
              1423000,
              2209000
            ],
            "timecode_duration": [],
            "length": 2862000,
            "asset_id": "vod61027-000036M001",
            "title": "",
            "subtitle": "第36集",
            "ep_number": 36,
            "rating": 1,
            "content_type": "drama",
            "p_start": 1740248100000,
            "vod_channel_description": "許紅豆在閨蜜去世後陷入低谷，於是獨自來到大理雲苗村\"有風小院\"落腳休息，在那裏認識了回鄉創業的青年謝之遙。在有風小院結識了帶著不同故事來到這裡的短暫租客，從陌生到熟悉，一群毫無相識的人，在這裡為各自點燃不期而遇的溫暖，而許紅豆與謝之遙兩人意料之外的愛情也悄悄展開..."
          },
          {
            "content_id": "VOD00280757",
            "time_codes": [
              764000,
              1411000,
              2118000
            ],
            "timecode_duration": [],
            "length": 2842000,
            "asset_id": "vod61027-000037M001",
            "title": "",
            "subtitle": "第37集",
            "ep_number": 37,
            "rating": 1,
            "content_type": "drama",
            "p_start": 1740251100000,
            "vod_channel_description": "許紅豆在閨蜜去世後陷入低谷，於是獨自來到大理雲苗村\"有風小院\"落腳休息，在那裏認識了回鄉創業的青年謝之遙。在有風小院結識了帶著不同故事來到這裡的短暫租客，從陌生到熟悉，一群毫無相識的人，在這裡為各自點燃不期而遇的溫暖，而許紅豆與謝之遙兩人意料之外的愛情也悄悄展開..."
          },
          {
            "content_id": "VOD00280758",
            "time_codes": [
              726000,
              1392000,
              2136000
            ],
            "timecode_duration": [],
            "length": 2855000,
            "asset_id": "vod61027-000038M001",
            "title": "",
            "subtitle": "第38集",
            "ep_number": 38,
            "rating": 1,
            "content_type": "drama",
            "p_start": 1740254100000,
            "vod_channel_description": "許紅豆在閨蜜去世後陷入低谷，於是獨自來到大理雲苗村\"有風小院\"落腳休息，在那裏認識了回鄉創業的青年謝之遙。在有風小院結識了帶著不同故事來到這裡的短暫租客，從陌生到熟悉，一群毫無相識的人，在這裡為各自點燃不期而遇的溫暖，而許紅豆與謝之遙兩人意料之外的愛情也悄悄展開..."
          },
          {
            "content_id": "VOD00280759",
            "time_codes": [
              704000,
              1419000,
              2169000
            ],
            "timecode_duration": [],
            "length": 2960000,
            "asset_id": "vod61027-000039M001",
            "title": "",
            "subtitle": "第39集",
            "ep_number": 39,
            "rating": 1,
            "content_type": "drama",
            "p_start": 1740257100000,
            "vod_channel_description": "許紅豆在閨蜜去世後陷入低谷，於是獨自來到大理雲苗村\"有風小院\"落腳休息，在那裏認識了回鄉創業的青年謝之遙。在有風小院結識了帶著不同故事來到這裡的短暫租客，從陌生到熟悉，一群毫無相識的人，在這裡為各自點燃不期而遇的溫暖，而許紅豆與謝之遙兩人意料之外的愛情也悄悄展開..."
          },
          {
            "content_id": "VOD00280760",
            "time_codes": [
              707000,
              1446000,
              2132000
            ],
            "timecode_duration": [],
            "length": 2656000,
            "asset_id": "vod61027-000040M001",
            "title": "",
            "subtitle": "第40集",
            "ep_number": 40,
            "rating": 1,
            "content_type": "drama",
            "p_start": 1740260400000,
            "vod_channel_description": "許紅豆在閨蜜去世後陷入低谷，於是獨自來到大理雲苗村\"有風小院\"落腳休息，在那裏認識了回鄉創業的青年謝之遙。在有風小院結識了帶著不同故事來到這裡的短暫租客，從陌生到熟悉，一群毫無相識的人，在這裡為各自點燃不期而遇的溫暖，而許紅豆與謝之遙兩人意料之外的愛情也悄悄展開..."
          }
        ],
        "total_length": 110740000,
        "focus_index": 20,
        "next_index": 21,
        "time": 1686643,
        "focus_program": {
          "content_id": "VOD00280741",
          "time_codes": [
            744000,
            1470000,
            2174000
          ],
          "timecode_duration": [],
          "length": 2856000,
          "asset_id": "vod61027-000021M001",
          "title": "",
          "subtitle": "第21集",
          "ep_number": 21,
          "rating": 1,
          "content_type": "drama",
          "p_start": 1740203100000,
          "vod_channel_description": "許紅豆在閨蜜去世後陷入低谷，於是獨自來到大理雲苗村\"有風小院\"落腳休息，在那裏認識了回鄉創業的青年謝之遙。在有風小院結識了帶著不同故事來到這裡的短暫租客，從陌生到熟悉，一群毫無相識的人，在這裡為各自點燃不期而遇的溫暖，而許紅豆與謝之遙兩人意料之外的愛情也悄悄展開..."
        }
      },
      "station_categories": [
        {
          "Name": "熱門收視頻道",
          "EngName": "TOP50",
          "MenuOrder": 1
        },
        {
          "Name": "戲劇",
          "EngName": "Drama",
          "MenuOrder": 7
        }
      ]
    },
    "introduction": {
      "image": "https://p-cdnstatic.svc.litv.tv/pics/vod_channel/logo_ofiii116_mobile_20230329.png",
      "description": "《去有風的地方》陸劇線上看。許紅豆在閨蜜去世後陷入低谷，於是獨自來到大理雲苗村\"有風小院\"落腳休息，在那裏認識了回鄉創業的青年謝之遙。在有風小院結識了帶著不同故事來到這裡的短暫租客，從陌生到熟悉，一群毫無相識的人，在這裡為各自點燃不期而遇的溫暖，愛情也悄悄展開...",
      "href_maps": []
    },
    "recommends": [],
    "ua": "Mozilla/5.0 (Windows NT 10.0; Win64; x64) AppleWebKit/537.36 (KHTML, like Gecko) Chrome/91.0.4472.124 Safari/537.36"
  },
  "__N_SSP": true
}