{
  "pageProps": {
    "contentId": "4gtv-4gtv084",
    "channel": {
      "title": "國會頻道1台",
      "no": 66,
      "charge_mode": "F",
      "content_id": "4gtv-4gtv084",
      "content_type": "channel",
      "epg_categories": [
        5
      ],
      "genres": [
        {
          "id": "",
          "name": "News & Finance",
          "logo": ""
        }
      ],
      "liad_id": "CHOFIWEB",
      "package_info_id": "VOD_CHANNEL_DELUX",
      "picture": "pics/logo_litv_4gtv-4gtv084_tv.png",
      "provider": [
        {
          "id": "",
          "name": "4gTV",
          "logo": ""
        }
      ],
      "quality": "HD",
      "station_id": "",
      "trial": "CH_TRAIL",
      "selectable": 0,
      "tr_logo": "",
      "tl_logo": "",
      "br_logo": "",
      "bl_logo": "",
      "menu_type": 0,
      "StationID": 1172,
      "Name": "國會頻道1",
      "CallSign": "國會頻道1台",
      "TuningChannel": "66",
      "Categories": [
        5
      ],
      "ChannelId": "",
      "CdnCode": "4gtv-4gtv084",
      "IsHD": true,
      "Schedule": [
        {
          "StationId": 1172,
          "ProgramId": "00000001000079",
          "AirDateTime": "2025-11-04T10:00:00Z",
          "Duration": 21600,
          "PartNumber": 0,
          "NumberParts": 0,
          "Repeat": false,
          "PremiereFinale": 0,
          "LiveDelay": 3,
          "ClosedCaption": false,
          "Subtitled": false,
          "TvRating": 1,
          "SexRating": false,
          "ViolenceRating": false,
          "LanguageRating": false,
          "FVRating": false,
          "BroadcastFormat": "4x3",
          "EndTime": "0001-01-01T00:00:00Z",
          "program": {
            "ProgramId": "00000001000079",
            "Title": "當日立法院會議轉播",
            "ShowType": "1"
          }
        },
        {
          "StationId": 1172,
          "ProgramId": "00000001000080",
          "AirDateTime": "2025-11-04T16:00:00Z",
          "Duration": 18000,
          "PartNumber": 0,
          "NumberParts": 0,
          "Repeat": false,
          "PremiereFinale": 0,
          "LiveDelay": 3,
          "ClosedCaption": false,
          "Subtitled": false,
          "TvRating": 1,
          "SexRating": false,
          "ViolenceRating": false,
          "LanguageRating": false,
          "FVRating": false,
          "BroadcastFormat": "4x3",
          "EndTime": "0001-01-01T00:00:00Z",
          "program": {
            "ProgramId": "00000001000080",
            "Title": "前日立法院會議轉播",
            "ShowType": "1"
          }
        },
        {
          "StationId": 1172,
          "ProgramId": "00000001000080",
          "AirDateTime": "2025-11-04T21:00:00Z",
          "Duration": 13620,
          "PartNumber": 0,
          "NumberParts": 0,
          "Repeat": false,
          "PremiereFinale": 0,
          "LiveDelay": 3,
          "ClosedCaption": false,
          "Subtitled": false,
          "TvRating": 1,
          "SexRating": false,
          "ViolenceRating": false,
          "LanguageRating": false,
          "FVRating": false,
          "BroadcastFormat": "4x3",
          "EndTime": "0001-01-01T00:00:00Z",
          "program": {
            "ProgramId": "00000001000080",
            "Title": "前日立法院會議轉播",
            "ShowType": "1"
          }
        },
        {
          "StationId": 1172,
          "ProgramId": "00000001000082",
          "AirDateTime": "2025-11-05T00:47:00Z",
          "Duration": 780,
          "PartNumber": 0,
          "NumberParts": 0,
          "Repeat": false,
          "PremiereFinale": 0,
          "LiveDelay": 3,
          "ClosedCaption": false,
          "Subtitled": false,
          "TvRating": 1,
          "SexRating": false,
          "ViolenceRating": false,
          "LanguageRating": false,
          "FVRating": false,
          "BroadcastFormat": "4x3",
          "EndTime": "0001-01-01T00:00:00Z",
          "program": {
            "ProgramId": "00000001000082",
            "Title": "週三會議預報",
            "ShowType": "1"
          }
        },
        {
          "StationId": 1172,
          "ProgramId": "00000001000078",
          "AirDateTime": "2025-11-05T01:00:00Z",
          "Duration": 32400,
          "PartNumber": 0,
          "NumberParts": 0,
          "Repeat": false,
          "PremiereFinale": 0,
          "LiveDelay": 3,
          "ClosedCaption": false,
          "Subtitled": false,
          "TvRating": 1,
          "SexRating": false,
          "ViolenceRating": false,
          "LanguageRating": false,
          "FVRating": false,
          "BroadcastFormat": "4x3",
          "EndTime": "0001-01-01T00:00:00Z",
          "program": {
            "ProgramId": "00000001000078",
            "Title": "立法院會議直播",
            "ShowType": "1"
          }
        },
        {
          "StationId": 1172,
          "ProgramId": "00000001000079",
          "AirDateTime": "2025-11-05T10:00:00Z",
          "Duration": 21600,
          "PartNumber": 0,
          "NumberParts": 0,
          "Repeat": false,
          "PremiereFinale": 0,
          "LiveDelay": 3,
          "ClosedCaption": false,
          "Subtitled": false,
          "TvRating": 1,
          "SexRating": false,
          "ViolenceRating": false,
          "LanguageRating": false,
          "FVRating": false,
          "BroadcastFormat": "4x3",
          "EndTime": "0001-01-01T00:00:00Z",
          "program": {
            "ProgramId": "00000001000079",
            "Title": "當日立法院會議轉播",
            "ShowType": "1"
          }
        },
        {
          "StationId": 1172,
          "ProgramId": "00000001000080",
          "AirDateTime": "2025-11-05T16:00:00Z",
          "Duration": 18000,
          "PartNumber": 0,
          "NumberParts": 0,
          "Repeat": false,
          "PremiereFinale": 0,
          "LiveDelay": 3,
          "ClosedCaption": false,
          "Subtitled": false,
          "TvRating": 1,
          "SexRating": false,
          "ViolenceRating": false,
          "LanguageRating": false,
          "FVRating": false,
          "BroadcastFormat": "4x3",
          "EndTime": "0001-01-01T00:00:00Z",
          "program": {
            "ProgramId": "00000001000080",
            "Title": "前日立法院會議轉播",
            "ShowType": "1"
          }
        },
        {
          "StationId": 1172,
          "ProgramId": "00000001000080",
          "AirDateTime": "2025-11-05T21:00:00Z",
          "Duration": 13620,
          "PartNumber": 0,
          "NumberParts": 0,
          "Repeat": false,
          "PremiereFinale": 0,
          "LiveDelay": 3,
          "ClosedCaption": false,
          "Subtitled": false,
          "TvRating": 1,
          "SexRating": false,
          "ViolenceRating": false,
          "LanguageRating": false,
          "FVRating": false,
          "BroadcastFormat": "4x3",
          "EndTime": "0001-01-01T00:00:00Z",
          "program": {
            "ProgramId": "00000001000080",
            "Title": "前日立法院會議轉播",
            "ShowType": "1"
          }
        },
        {
          "StationId": 1172,
          "ProgramId": "00000001000083",
          "AirDateTime": "2025-11-06T00:47:00Z",
          "Duration": 780,
          "PartNumber": 0,
          "NumberParts": 0,
          "Repeat": false,
          "PremiereFinale": 0,
          "LiveDelay": 3,
          "ClosedCaption": false,
          "Subtitled": false,
          "TvRating": 1,
          "SexRating": false,
          "ViolenceRating": false,
          "LanguageRating": false,
          "FVRating": false,
          "BroadcastFormat": "4x3",
          "EndTime": "0001-01-01T00:00:00Z",
          "program": {
            "ProgramId": "00000001000083",
            "Title": "週四會議預報",
            "ShowType": "1"
          }
        },
        {
          "StationId": 1172,
          "ProgramId": "00000001000078",
          "AirDateTime": "2025-11-06T01:00:00Z",
          "Duration": 32400,
          "PartNumber": 0,
          "NumberParts": 0,
          "Repeat": false,
          "PremiereFinale": 0,
          "LiveDelay": 3,
          "ClosedCaption": false,
          "Subtitled": false,
          "TvRating": 1,
          "SexRating": false,
          "ViolenceRating": false,
          "LanguageRating": false,
          "FVRating": false,
          "BroadcastFormat": "4x3",
          "EndTime": "0001-01-01T00:00:00Z",
          "program": {
            "ProgramId": "00000001000078",
            "Title": "立法院會議直播",
            "ShowType": "1"
          }
        },
        {
          "StationId": 1172,
          "ProgramId": "00000001000079",
          "AirDateTime": "2025-11-06T10:00:00Z",
          "Duration": 21600,
          "PartNumber": 0,
          "NumberParts": 0,
          "Repeat": false,
          "PremiereFinale": 0,
          "LiveDelay": 3,
          "ClosedCaption": false,
          "Subtitled": false,
          "TvRating": 1,
          "SexRating": false,
          "ViolenceRating": false,
          "LanguageRating": false,
          "FVRating": false,
          "BroadcastFormat": "4x3",
          "EndTime": "0001-01-01T00:00:00Z",
          "program": {
            "ProgramId": "00000001000079",
            "Title": "當日立法院會議轉播",
            "ShowType": "1"
          }
        },
        {
          "StationId": 1172,
          "ProgramId": "00000001000080",
          "AirDateTime": "2025-11-06T16:00:00Z",
          "Duration": 18000,
          "PartNumber": 0,
          "NumberParts": 0,
          "Repeat": false,
          "PremiereFinale": 0,
          "LiveDelay": 3,
          "ClosedCaption": false,
          "Subtitled": false,
          "TvRating": 1,
          "SexRating": false,
          "ViolenceRating": false,
          "LanguageRating": false,
          "FVRating": false,
          "BroadcastFormat": "4x3",
          "EndTime": "0001-01-01T00:00:00Z",
          "program": {
            "ProgramId": "00000001000080",
            "Title": "前日立法院會議轉播",
            "ShowType": "1"
          }
        },
        {
          "StationId": 1172,
          "ProgramId": "00000001000080",
          "AirDateTime": "2025-11-06T21:00:00Z",
          "Duration": 13620,
          "PartNumber": 0,
          "NumberParts": 0,
          "Repeat": false,
          "PremiereFinale": 0,
          "LiveDelay": 3,
          "ClosedCaption": false,
          "Subtitled": false,
          "TvRating": 1,
          "SexRating": false,
          "ViolenceRating": false,
          "LanguageRating": false,
          "FVRating": false,
          "BroadcastFormat": "4x3",
          "EndTime": "0001-01-01T00:00:00Z",
          "program": {
            "ProgramId": "00000001000080",
            "Title": "前日立法院會議轉播",
            "ShowType": "1"
          }
        },
        {
          "StationId": 1172,
          "ProgramId": "00000001000084",
          "AirDateTime": "2025-11-07T00:47:00Z",
          "Duration": 780,
          "PartNumber": 0,
          "NumberParts": 0,
          "Repeat": false,
          "PremiereFinale": 0,
          "LiveDelay": 3,
          "ClosedCaption": false,
          "Subtitled": false,
          "TvRating": 1,
          "SexRating": false,
          "ViolenceRating": false,
          "LanguageRating": false,
          "FVRating": false,
          "BroadcastFormat": "4x3",
          "EndTime": "0001-01-01T00:00:00Z",
          "program": {
            "ProgramId": "00000001000084",
            "Title": "週五會議預報",
            "ShowType": "1"
          }
        },
        {
          "StationId": 1172,
          "ProgramId": "00000001000078",
          "AirDateTime": "2025-11-07T01:00:00Z",
          "Duration": 32400,
          "PartNumber": 0,
          "NumberParts": 0,
          "Repeat": false,
          "PremiereFinale": 0,
          "LiveDelay": 3,
          "ClosedCaption": false,
          "Subtitled": false,
          "TvRating": 1,
          "SexRating": false,
          "ViolenceRating": false,
          "LanguageRating": false,
          "FVRating": false,
          "BroadcastFormat": "4x3",
          "EndTime": "0001-01-01T00:00:00Z",
          "program": {
            "ProgramId": "00000001000078",
            "Title": "立法院會議直播",
            "ShowType": "1"
          }
        },
        {
          "StationId": 1172,
          "ProgramId": "00000001000079",
          "AirDateTime": "2025-11-07T10:00:00Z",
          "Duration": 21600,
          "PartNumber": 0,
          "NumberParts": 0,
          "Repeat": false,
          "PremiereFinale": 0,
          "LiveDelay": 3,
          "ClosedCaption": false,
          "Subtitled": false,
          "TvRating": 1,
          "SexRating": false,
          "ViolenceRating": false,
          "LanguageRating": false,
          "FVRating": false,
          "BroadcastFormat": "4x3",
          "EndTime": "0001-01-01T00:00:00Z",
          "program": {
            "ProgramId": "00000001000079",
            "Title": "當日立法院會議轉播",
            "ShowType": "1"
          }
        },
        {
          "StationId": 1172,
          "ProgramId": "00000001000080",
          "AirDateTime": "2025-11-07T16:00:00Z",
          "Duration": 18000,
          "PartNumber": 0,
          "NumberParts": 0,
          "Repeat": false,
          "PremiereFinale": 0,
          "LiveDelay": 3,
          "ClosedCaption": false,
          "Subtitled": false,
          "TvRating": 1,
          "SexRating": false,
          "ViolenceRating": false,
          "LanguageRating": false,
          "FVRating": false,
          "BroadcastFormat": "4x3",
          "EndTime": "0001-01-01T00:00:00Z",
          "program": {
            "ProgramId": "00000001000080",
            "Title": "前日立法院會議轉播",
            "ShowType": "1"
          }
        },
        {
          "StationId": 1172,
          "ProgramId": "00000001000085",
          "AirDateTime": "2025-11-07T21:00:00Z",
          "Duration": 14400,
          "PartNumber": 0,
          "NumberParts": 0,
          "Repeat": false,
          "PremiereFinale": 0,
          "LiveDelay": 3,
          "ClosedCaption": false,
          "Subtitled": false,
          "TvRating": 1,
          "SexRating": false,
          "ViolenceRating": false,
          "LanguageRating": false,
          "FVRating": false,
          "BroadcastFormat": "4x3",
          "EndTime": "0001-01-01T00:00:00Z",
          "program": {
            "ProgramId": "00000001000085",
            "Title": "本週立法院會議轉播",
            "ShowType": "1"
          }
        },
        {
          "StationId": 1172,
          "ProgramId": "00000001000085",
          "AirDateTime": "2025-11-08T01:00:00Z",
          "Duration": 14400,
          "PartNumber": 0,
          "NumberParts": 0,
          "Repeat": false,
          "PremiereFinale": 0,
          "LiveDelay": 3,
          "ClosedCaption": false,
          "Subtitled": false,
          "TvRating": 1,
          "SexRating": false,
          "ViolenceRating": false,
          "LanguageRating": false,
          "FVRating": false,
          "BroadcastFormat": "4x3",
          "EndTime": "0001-01-01T00:00:00Z",
          "program": {
            "ProgramId": "00000001000085",
            "Title": "本週立法院會議轉播",
            "ShowType": "1"
          }
        },
        {
          "StationId": 1172,
          "ProgramId": "00000001000085",
          "AirDateTime": "2025-11-08T05:00:00Z",
          "Duration": 14400,
          "PartNumber": 0,
          "NumberParts": 0,
          "Repeat": false,
          "PremiereFinale": 0,
          "LiveDelay": 3,
          "ClosedCaption": false,
          "Subtitled": false,
          "TvRating": 1,
          "SexRating": false,
          "ViolenceRating": false,
          "LanguageRating": false,
          "FVRating": false,
          "BroadcastFormat": "4x3",
          "EndTime": "0001-01-01T00:00:00Z",
          "program": {
            "ProgramId": "00000001000085",
            "Title": "本週立法院會議轉播",
            "ShowType": "1"
          }
        },
        {
          "StationId": 1172,
          "ProgramId": "00000001000085",
          "AirDateTime": "2025-11-08T09:00:00Z",
          "Duration": 14400,
          "PartNumber": 0,
          "NumberParts": 0,
          "Repeat": false,
          "PremiereFinale": 0,
          "LiveDelay": 3,
          "ClosedCaption": false,
          "Subtitled": false,
          "TvRating": 1,
          "SexRating": false,
          "ViolenceRating": false,
          "LanguageRating": false,
          "FVRating": false,
          "BroadcastFormat": "4x3",
          "EndTime": "0001-01-01T00:00:00Z",
          "program": {
            "ProgramId": "00000001000085",
            "Title": "本週立法院會議轉播",
            "ShowType": "1"
          }
        },
        {
          "StationId": 1172,
          "ProgramId": "00000001000085",
          "AirDateTime": "2025-11-08T13:00:00Z",
          "Duration": 14400,
          "PartNumber": 0,
          "NumberParts": 0,
          "Repeat": false,
          "PremiereFinale": 0,
          "LiveDelay": 3,
          "ClosedCaption": false,
          "Subtitled": false,
          "TvRating": 1,
          "SexRating": false,
          "ViolenceRating": false,
          "LanguageRating": false,
          "FVRating": false,
          "BroadcastFormat": "4x3",
          "EndTime": "0001-01-01T00:00:00Z",
          "program": {
            "ProgramId": "00000001000085",
            "Title": "本週立法院會議轉播",
            "ShowType": "1"
          }
        },
        {
          "StationId": 1172,
          "ProgramId": "00000001000085",
          "AirDateTime": "2025-11-08T17:00:00Z",
          "Duration": 14400,
          "PartNumber": 0,
          "NumberParts": 0,
          "Repeat": false,
          "PremiereFinale": 0,
          "LiveDelay": 3,
          "ClosedCaption": false,
          "Subtitled": false,
          "TvRating": 1,
          "SexRating": false,
          "ViolenceRating": false,
          "LanguageRating": false,
          "FVRating": false,
          "BroadcastFormat": "4x3",
          "EndTime": "0001-01-01T00:00:00Z",
          "program": {
            "ProgramId": "00000001000085",
            "Title": "本週立法院會議轉播",
            "ShowType": "1"
          }
        },
        {
          "StationId": 1172,
          "ProgramId": "00000001000085",
          "AirDateTime": "2025-11-08T21:00:00Z",
          "Duration": 14400,
          "PartNumber": 0,
          "NumberParts": 0,
          "Repeat": false,
          "PremiereFinale": 0,
          "LiveDelay": 3,
          "ClosedCaption": false,
          "Subtitled": false,
          "TvRating": 1,
          "SexRating": false,
          "ViolenceRating": false,
          "LanguageRating": false,
          "FVRating": false,
          "BroadcastFormat": "4x3",
          "EndTime": "0001-01-01T00:00:00Z",
          "program": {
            "ProgramId": "00000001000085",
            "Title": "本週立法院會議轉播",
            "ShowType": "1"
          }
        },
        {
          "StationId": 1172,
          "ProgramId": "00000001000085",
          "AirDateTime": "2025-11-09T01:00:00Z",
          "Duration": 14400,
          "PartNumber": 0,
          "NumberParts": 0,
          "Repeat": false,
          "PremiereFinale": 0,
          "LiveDelay": 3,
          "ClosedCaption": false,
          "Subtitled": false,
          "TvRating": 1,
          "SexRating": false,
          "ViolenceRating": false,
          "LanguageRating": false,
          "FVRating": false,
          "BroadcastFormat": "4x3",
          "EndTime": "0001-01-01T00:00:00Z",
          "program": {
            "ProgramId": "00000001000085",
            "Title": "本週立法院會議轉播",
            "ShowType": "1"
          }
        },
        {
          "StationId": 1172,
          "ProgramId": "00000001000085",
          "AirDateTime": "2025-11-09T05:00:00Z",
          "Duration": 14400,
          "PartNumber": 0,
          "NumberParts": 0,
          "Repeat": false,
          "PremiereFinale": 0,
          "LiveDelay": 3,
          "ClosedCaption": false,
          "Subtitled": false,
          "TvRating": 1,
          "SexRating": false,
          "ViolenceRating": false,
          "LanguageRating": false,
          "FVRating": false,
          "BroadcastFormat": "4x3",
          "EndTime": "0001-01-01T00:00:00Z",
          "program": {
            "ProgramId": "00000001000085",
            "Title": "本週立法院會議轉播",
            "ShowType": "1"
          }
        }
      ],
      "Logo": "logo_litv_4gtv-4gtv084_pc.png",
      "station_categories": [
        {
          "Name": "新聞‧財經",
          "EngName": "News & Finance",
          "MenuOrder": 3
        }
      ]
    },
    "introduction": {
      "image": "https://p-cdnstatic.svc.litv.tv/pics/logo_litv_4gtv-4gtv084_mobile.png",
      "description": "國會頻道提供大眾一個最直接的管道，審視由大家選票選出的立法委員的議事過程，打破長久以來為人詬病的密室協商，讓全民都能夠直接參與時下最貼近生活的政治。",
      "href_maps": []
    },
    "recommends": [],
    "ua": "Mozilla/5.0 (Windows NT 10.0; Win64; x64) AppleWebKit/537.36 (KHTML, like Gecko) Chrome/142.0.0.0 Safari/537.36"
  },
  "__N_SSP": true
}