{
  "pageProps": {
    "contentId": "4gtv-4gtv158",
    "channel": {
      "title": "寰宇財經台",
      "no": 57,
      "charge_mode": "F",
      "content_id": "4gtv-4gtv158",
      "content_type": "channel",
      "epg_categories": [
        21,
        5,
        6
      ],
      "genres": [
        {
          "id": "",
          "name": "News & Finance",
          "logo": ""
        }
      ],
      "liad_id": "CHOFIWEB",
      "package_info_id": "VOD_CHANNEL_DELUX",
      "picture": "pics/logo_litv_litv-longturn23_tv.png",
      "provider": [
        {
          "id": "",
          "name": "4gTV",
          "logo": ""
        }
      ],
      "quality": "HD",
      "station_id": "",
      "trial": "CH_TRAIL",
      "selectable": 0,
      "tr_logo": "",
      "tl_logo": "",
      "br_logo": "",
      "bl_logo": "",
      "menu_type": 0,
      "StationID": 91,
      "Name": "寰宇財經台",
      "CallSign": "寰宇財經台",
      "TuningChannel": "57",
      "Categories": [
        5,
        6,
        21
      ],
      "ChannelId": "",
      "CdnCode": "4gtv-4gtv158",
      "IsHD": true,
      "Schedule": [
        {
          "StationId": 91,
          "ProgramId": "00083185000000",
          "AirDateTime": "2025-11-05T15:00:00Z",
          "Duration": 3600,
          "PartNumber": 0,
          "NumberParts": 0,
          "Repeat": false,
          "PremiereFinale": 0,
          "LiveDelay": 3,
          "ClosedCaption": false,
          "Subtitled": false,
          "TvRating": 1,
          "SexRating": false,
          "ViolenceRating": false,
          "LanguageRating": false,
          "FVRating": false,
          "BroadcastFormat": "4x3",
          "EndTime": "0001-01-01T00:00:00Z",
          "program": {
            "ProgramId": "00083185000000",
            "Title": "關鍵時刻",
            "Description": "行政院勞工委員會勞工安全衛生研究所製作的3D立體動畫「關鍵時刻」，於第十八屆世界職業安全衛生大會榮獲國際安全衛生影片首獎，大會並以「非常創新的手法」盛讚得獎單位-行政院勞委會勞工安全衛生研究所，對於職場安全衛生教育宣導所做出的貢獻。",
            "ShowType": "1"
          }
        },
        {
          "StationId": 91,
          "ProgramId": "00178333000000",
          "AirDateTime": "2025-11-05T16:00:00Z",
          "Duration": 3600,
          "PartNumber": 0,
          "NumberParts": 0,
          "Repeat": false,
          "PremiereFinale": 0,
          "LiveDelay": 3,
          "ClosedCaption": false,
          "Subtitled": false,
          "TvRating": 1,
          "SexRating": false,
          "ViolenceRating": false,
          "LanguageRating": false,
          "FVRating": false,
          "BroadcastFormat": "4x3",
          "EndTime": "0001-01-01T00:00:00Z",
          "program": {
            "ProgramId": "00178333000000",
            "Title": "銅板美食呷透透",
            "Description": "東森新聞製播的美食特輯，記者深入台灣各地，尋找令人回味無窮的美食記憶，介紹各種好吃又便宜的店家。",
            "ShowType": "1"
          }
        },
        {
          "StationId": 91,
          "ProgramId": "00000001000003",
          "AirDateTime": "2025-11-05T17:00:00Z",
          "Duration": 3600,
          "PartNumber": 0,
          "NumberParts": 0,
          "Repeat": false,
          "PremiereFinale": 0,
          "LiveDelay": 3,
          "ClosedCaption": false,
          "Subtitled": false,
          "TvRating": 1,
          "SexRating": false,
          "ViolenceRating": false,
          "LanguageRating": false,
          "FVRating": false,
          "BroadcastFormat": "4x3",
          "EndTime": "0001-01-01T00:00:00Z",
          "program": {
            "ProgramId": "00000001000003",
            "Title": "搜查事件簿",
            "ShowType": "1"
          }
        },
        {
          "StationId": 91,
          "ProgramId": "00000001000005",
          "AirDateTime": "2025-11-05T18:00:00Z",
          "Duration": 3600,
          "PartNumber": 0,
          "NumberParts": 0,
          "Repeat": false,
          "PremiereFinale": 0,
          "LiveDelay": 3,
          "ClosedCaption": false,
          "Subtitled": false,
          "TvRating": 1,
          "SexRating": false,
          "ViolenceRating": false,
          "LanguageRating": false,
          "FVRating": false,
          "BroadcastFormat": "4x3",
          "EndTime": "0001-01-01T00:00:00Z",
          "program": {
            "ProgramId": "00000001000005",
            "Title": "小食光台味誌",
            "ShowType": "1"
          }
        },
        {
          "StationId": 91,
          "ProgramId": "00000001000006",
          "AirDateTime": "2025-11-05T19:00:00Z",
          "Duration": 3600,
          "PartNumber": 0,
          "NumberParts": 0,
          "Repeat": false,
          "PremiereFinale": 0,
          "LiveDelay": 3,
          "ClosedCaption": false,
          "Subtitled": false,
          "TvRating": 1,
          "SexRating": false,
          "ViolenceRating": false,
          "LanguageRating": false,
          "FVRating": false,
          "BroadcastFormat": "4x3",
          "EndTime": "0001-01-01T00:00:00Z",
          "program": {
            "ProgramId": "00000001000006",
            "Title": "打卡吧!我的炫FOOD日記",
            "ShowType": "1"
          }
        },
        {
          "StationId": 91,
          "ProgramId": "00000001000004",
          "AirDateTime": "2025-11-05T20:00:00Z",
          "Duration": 3600,
          "PartNumber": 0,
          "NumberParts": 0,
          "Repeat": false,
          "PremiereFinale": 0,
          "LiveDelay": 3,
          "ClosedCaption": false,
          "Subtitled": false,
          "TvRating": 1,
          "SexRating": false,
          "ViolenceRating": false,
          "LanguageRating": false,
          "FVRating": false,
          "BroadcastFormat": "4x3",
          "EndTime": "0001-01-01T00:00:00Z",
          "program": {
            "ProgramId": "00000001000004",
            "Title": "美食打卡趣",
            "ShowType": "1"
          }
        },
        {
          "StationId": 91,
          "ProgramId": "00178333000000",
          "AirDateTime": "2025-11-05T21:00:00Z",
          "Duration": 3600,
          "PartNumber": 0,
          "NumberParts": 0,
          "Repeat": false,
          "PremiereFinale": 0,
          "LiveDelay": 3,
          "ClosedCaption": false,
          "Subtitled": false,
          "TvRating": 1,
          "SexRating": false,
          "ViolenceRating": false,
          "LanguageRating": false,
          "FVRating": false,
          "BroadcastFormat": "4x3",
          "EndTime": "0001-01-01T00:00:00Z",
          "program": {
            "ProgramId": "00178333000000",
            "Title": "銅板美食呷透透",
            "Description": "東森新聞製播的美食特輯，記者深入台灣各地，尋找令人回味無窮的美食記憶，介紹各種好吃又便宜的店家。",
            "ShowType": "1"
          }
        },
        {
          "StationId": 91,
          "ProgramId": "00172929000000",
          "AirDateTime": "2025-11-05T22:00:00Z",
          "Duration": 3600,
          "PartNumber": 0,
          "NumberParts": 0,
          "Repeat": false,
          "PremiereFinale": 0,
          "LiveDelay": 3,
          "ClosedCaption": false,
          "Subtitled": false,
          "TvRating": 1,
          "SexRating": false,
          "ViolenceRating": false,
          "LanguageRating": false,
          "FVRating": false,
          "BroadcastFormat": "4x3",
          "EndTime": "0001-01-01T00:00:00Z",
          "program": {
            "ProgramId": "00172929000000",
            "Title": "理財達人秀",
            "Description": "全台灣最精采好懂的理財影片！保險、股市、房地產、基金、投資觀念，最實用的知識一看就通！投資新手到專家的討論園地。",
            "ShowType": "1"
          }
        },
        {
          "StationId": 91,
          "ProgramId": "00172929000000",
          "AirDateTime": "2025-11-05T23:00:00Z",
          "Duration": 3600,
          "PartNumber": 0,
          "NumberParts": 0,
          "Repeat": false,
          "PremiereFinale": 0,
          "LiveDelay": 3,
          "ClosedCaption": false,
          "Subtitled": false,
          "TvRating": 1,
          "SexRating": false,
          "ViolenceRating": false,
          "LanguageRating": false,
          "FVRating": false,
          "BroadcastFormat": "4x3",
          "EndTime": "0001-01-01T00:00:00Z",
          "program": {
            "ProgramId": "00172929000000",
            "Title": "理財達人秀",
            "Description": "全台灣最精采好懂的理財影片！保險、股市、房地產、基金、投資觀念，最實用的知識一看就通！投資新手到專家的討論園地。",
            "ShowType": "1"
          }
        },
        {
          "StationId": 91,
          "ProgramId": "00000001000001",
          "AirDateTime": "2025-11-06T00:00:00Z",
          "Duration": 3600,
          "PartNumber": 0,
          "NumberParts": 0,
          "Repeat": false,
          "PremiereFinale": 0,
          "LiveDelay": 3,
          "ClosedCaption": false,
          "Subtitled": false,
          "TvRating": 1,
          "SexRating": false,
          "ViolenceRating": false,
          "LanguageRating": false,
          "FVRating": false,
          "BroadcastFormat": "4x3",
          "EndTime": "0001-01-01T00:00:00Z",
          "program": {
            "ProgramId": "00000001000001",
            "Title": "財經透視線",
            "ShowType": "1"
          }
        },
        {
          "StationId": 91,
          "ProgramId": "00000001000002",
          "AirDateTime": "2025-11-06T01:00:00Z",
          "Duration": 3600,
          "PartNumber": 0,
          "NumberParts": 0,
          "Repeat": false,
          "PremiereFinale": 0,
          "LiveDelay": 3,
          "ClosedCaption": false,
          "Subtitled": false,
          "TvRating": 1,
          "SexRating": false,
          "ViolenceRating": false,
          "LanguageRating": false,
          "FVRating": false,
          "BroadcastFormat": "4x3",
          "EndTime": "0001-01-01T00:00:00Z",
          "program": {
            "ProgramId": "00000001000002",
            "Title": "台股線上",
            "ShowType": "1"
          }
        },
        {
          "StationId": 91,
          "ProgramId": "00000001000002",
          "AirDateTime": "2025-11-06T02:00:00Z",
          "Duration": 3600,
          "PartNumber": 0,
          "NumberParts": 0,
          "Repeat": false,
          "PremiereFinale": 0,
          "LiveDelay": 3,
          "ClosedCaption": false,
          "Subtitled": false,
          "TvRating": 1,
          "SexRating": false,
          "ViolenceRating": false,
          "LanguageRating": false,
          "FVRating": false,
          "BroadcastFormat": "4x3",
          "EndTime": "0001-01-01T00:00:00Z",
          "program": {
            "ProgramId": "00000001000002",
            "Title": "台股線上",
            "ShowType": "1"
          }
        },
        {
          "StationId": 91,
          "ProgramId": "00000001000002",
          "AirDateTime": "2025-11-06T03:00:00Z",
          "Duration": 3600,
          "PartNumber": 0,
          "NumberParts": 0,
          "Repeat": false,
          "PremiereFinale": 0,
          "LiveDelay": 3,
          "ClosedCaption": false,
          "Subtitled": false,
          "TvRating": 1,
          "SexRating": false,
          "ViolenceRating": false,
          "LanguageRating": false,
          "FVRating": false,
          "BroadcastFormat": "4x3",
          "EndTime": "0001-01-01T00:00:00Z",
          "program": {
            "ProgramId": "00000001000002",
            "Title": "台股線上",
            "ShowType": "1"
          }
        },
        {
          "StationId": 91,
          "ProgramId": "00000001000002",
          "AirDateTime": "2025-11-06T04:00:00Z",
          "Duration": 3600,
          "PartNumber": 0,
          "NumberParts": 0,
          "Repeat": false,
          "PremiereFinale": 0,
          "LiveDelay": 3,
          "ClosedCaption": false,
          "Subtitled": false,
          "TvRating": 1,
          "SexRating": false,
          "ViolenceRating": false,
          "LanguageRating": false,
          "FVRating": false,
          "BroadcastFormat": "4x3",
          "EndTime": "0001-01-01T00:00:00Z",
          "program": {
            "ProgramId": "00000001000002",
            "Title": "台股線上",
            "ShowType": "1"
          }
        },
        {
          "StationId": 91,
          "ProgramId": "00000001000002",
          "AirDateTime": "2025-11-06T05:00:00Z",
          "Duration": 3600,
          "PartNumber": 0,
          "NumberParts": 0,
          "Repeat": false,
          "PremiereFinale": 0,
          "LiveDelay": 3,
          "ClosedCaption": false,
          "Subtitled": false,
          "TvRating": 1,
          "SexRating": false,
          "ViolenceRating": false,
          "LanguageRating": false,
          "FVRating": false,
          "BroadcastFormat": "4x3",
          "EndTime": "0001-01-01T00:00:00Z",
          "program": {
            "ProgramId": "00000001000002",
            "Title": "台股線上",
            "ShowType": "1"
          }
        },
        {
          "StationId": 91,
          "ProgramId": "00186448000000",
          "AirDateTime": "2025-11-06T06:00:00Z",
          "Duration": 3600,
          "PartNumber": 0,
          "NumberParts": 0,
          "Repeat": false,
          "PremiereFinale": 0,
          "LiveDelay": 3,
          "ClosedCaption": false,
          "Subtitled": false,
          "TvRating": 1,
          "SexRating": false,
          "ViolenceRating": false,
          "LanguageRating": false,
          "FVRating": false,
          "BroadcastFormat": "4x3",
          "EndTime": "0001-01-01T00:00:00Z",
          "program": {
            "ProgramId": "00186448000000",
            "Title": "股海大丈夫",
            "ShowType": "1"
          }
        },
        {
          "StationId": 91,
          "ProgramId": "00178333000000",
          "AirDateTime": "2025-11-06T07:00:00Z",
          "Duration": 3600,
          "PartNumber": 0,
          "NumberParts": 0,
          "Repeat": false,
          "PremiereFinale": 0,
          "LiveDelay": 3,
          "ClosedCaption": false,
          "Subtitled": false,
          "TvRating": 1,
          "SexRating": false,
          "ViolenceRating": false,
          "LanguageRating": false,
          "FVRating": false,
          "BroadcastFormat": "4x3",
          "EndTime": "0001-01-01T00:00:00Z",
          "program": {
            "ProgramId": "00178333000000",
            "Title": "銅板美食呷透透",
            "Description": "東森新聞製播的美食特輯，記者深入台灣各地，尋找令人回味無窮的美食記憶，介紹各種好吃又便宜的店家。",
            "ShowType": "1"
          }
        },
        {
          "StationId": 91,
          "ProgramId": "00000001000003",
          "AirDateTime": "2025-11-06T08:00:00Z",
          "Duration": 3600,
          "PartNumber": 0,
          "NumberParts": 0,
          "Repeat": false,
          "PremiereFinale": 0,
          "LiveDelay": 3,
          "ClosedCaption": false,
          "Subtitled": false,
          "TvRating": 1,
          "SexRating": false,
          "ViolenceRating": false,
          "LanguageRating": false,
          "FVRating": false,
          "BroadcastFormat": "4x3",
          "EndTime": "0001-01-01T00:00:00Z",
          "program": {
            "ProgramId": "00000001000003",
            "Title": "搜查事件簿",
            "ShowType": "1"
          }
        },
        {
          "StationId": 91,
          "ProgramId": "00000001000004",
          "AirDateTime": "2025-11-06T09:00:00Z",
          "Duration": 3600,
          "PartNumber": 0,
          "NumberParts": 0,
          "Repeat": false,
          "PremiereFinale": 0,
          "LiveDelay": 3,
          "ClosedCaption": false,
          "Subtitled": false,
          "TvRating": 1,
          "SexRating": false,
          "ViolenceRating": false,
          "LanguageRating": false,
          "FVRating": false,
          "BroadcastFormat": "4x3",
          "EndTime": "0001-01-01T00:00:00Z",
          "program": {
            "ProgramId": "00000001000004",
            "Title": "美食打卡趣",
            "ShowType": "1"
          }
        },
        {
          "StationId": 91,
          "ProgramId": "00000001000005",
          "AirDateTime": "2025-11-06T10:00:00Z",
          "Duration": 3600,
          "PartNumber": 0,
          "NumberParts": 0,
          "Repeat": false,
          "PremiereFinale": 0,
          "LiveDelay": 3,
          "ClosedCaption": false,
          "Subtitled": false,
          "TvRating": 1,
          "SexRating": false,
          "ViolenceRating": false,
          "LanguageRating": false,
          "FVRating": false,
          "BroadcastFormat": "4x3",
          "EndTime": "0001-01-01T00:00:00Z",
          "program": {
            "ProgramId": "00000001000005",
            "Title": "小食光台味誌",
            "ShowType": "1"
          }
        },
        {
          "StationId": 91,
          "ProgramId": "00000001000006",
          "AirDateTime": "2025-11-06T11:00:00Z",
          "Duration": 3600,
          "PartNumber": 0,
          "NumberParts": 0,
          "Repeat": false,
          "PremiereFinale": 0,
          "LiveDelay": 3,
          "ClosedCaption": false,
          "Subtitled": false,
          "TvRating": 1,
          "SexRating": false,
          "ViolenceRating": false,
          "LanguageRating": false,
          "FVRating": false,
          "BroadcastFormat": "4x3",
          "EndTime": "0001-01-01T00:00:00Z",
          "program": {
            "ProgramId": "00000001000006",
            "Title": "打卡吧!我的炫FOOD日記",
            "ShowType": "1"
          }
        },
        {
          "StationId": 91,
          "ProgramId": "00172929000000",
          "AirDateTime": "2025-11-06T12:00:00Z",
          "Duration": 3600,
          "PartNumber": 0,
          "NumberParts": 0,
          "Repeat": false,
          "PremiereFinale": 0,
          "LiveDelay": 3,
          "ClosedCaption": false,
          "Subtitled": false,
          "TvRating": 1,
          "SexRating": false,
          "ViolenceRating": false,
          "LanguageRating": false,
          "FVRating": false,
          "BroadcastFormat": "4x3",
          "EndTime": "0001-01-01T00:00:00Z",
          "program": {
            "ProgramId": "00172929000000",
            "Title": "理財達人秀",
            "Description": "全台灣最精采好懂的理財影片！保險、股市、房地產、基金、投資觀念，最實用的知識一看就通！投資新手到專家的討論園地。",
            "ShowType": "1"
          }
        },
        {
          "StationId": 91,
          "ProgramId": "00000001000007",
          "AirDateTime": "2025-11-06T13:00:00Z",
          "Duration": 3600,
          "PartNumber": 0,
          "NumberParts": 0,
          "Repeat": false,
          "PremiereFinale": 0,
          "LiveDelay": 3,
          "ClosedCaption": false,
          "Subtitled": false,
          "TvRating": 1,
          "SexRating": false,
          "ViolenceRating": false,
          "LanguageRating": false,
          "FVRating": false,
          "BroadcastFormat": "4x3",
          "EndTime": "0001-01-01T00:00:00Z",
          "program": {
            "ProgramId": "00000001000007",
            "Title": "理財必修課1106",
            "ShowType": "1"
          }
        },
        {
          "StationId": 91,
          "ProgramId": "00083185000000",
          "AirDateTime": "2025-11-06T14:00:00Z",
          "Duration": 3600,
          "PartNumber": 0,
          "NumberParts": 0,
          "Repeat": false,
          "PremiereFinale": 0,
          "LiveDelay": 3,
          "ClosedCaption": false,
          "Subtitled": false,
          "TvRating": 1,
          "SexRating": false,
          "ViolenceRating": false,
          "LanguageRating": false,
          "FVRating": false,
          "BroadcastFormat": "4x3",
          "EndTime": "0001-01-01T00:00:00Z",
          "program": {
            "ProgramId": "00083185000000",
            "Title": "關鍵時刻",
            "Description": "行政院勞工委員會勞工安全衛生研究所製作的3D立體動畫「關鍵時刻」，於第十八屆世界職業安全衛生大會榮獲國際安全衛生影片首獎，大會並以「非常創新的手法」盛讚得獎單位-行政院勞委會勞工安全衛生研究所，對於職場安全衛生教育宣導所做出的貢獻。",
            "ShowType": "1"
          }
        },
        {
          "StationId": 91,
          "ProgramId": "00083185000000",
          "AirDateTime": "2025-11-06T15:00:00Z",
          "Duration": 3600,
          "PartNumber": 0,
          "NumberParts": 0,
          "Repeat": false,
          "PremiereFinale": 0,
          "LiveDelay": 3,
          "ClosedCaption": false,
          "Subtitled": false,
          "TvRating": 1,
          "SexRating": false,
          "ViolenceRating": false,
          "LanguageRating": false,
          "FVRating": false,
          "BroadcastFormat": "4x3",
          "EndTime": "0001-01-01T00:00:00Z",
          "program": {
            "ProgramId": "00083185000000",
            "Title": "關鍵時刻",
            "Description": "行政院勞工委員會勞工安全衛生研究所製作的3D立體動畫「關鍵時刻」，於第十八屆世界職業安全衛生大會榮獲國際安全衛生影片首獎，大會並以「非常創新的手法」盛讚得獎單位-行政院勞委會勞工安全衛生研究所，對於職場安全衛生教育宣導所做出的貢獻。",
            "ShowType": "1"
          }
        },
        {
          "StationId": 91,
          "ProgramId": "00178333000000",
          "AirDateTime": "2025-11-06T16:00:00Z",
          "Duration": 3600,
          "PartNumber": 0,
          "NumberParts": 0,
          "Repeat": false,
          "PremiereFinale": 0,
          "LiveDelay": 3,
          "ClosedCaption": false,
          "Subtitled": false,
          "TvRating": 1,
          "SexRating": false,
          "ViolenceRating": false,
          "LanguageRating": false,
          "FVRating": false,
          "BroadcastFormat": "4x3",
          "EndTime": "0001-01-01T00:00:00Z",
          "program": {
            "ProgramId": "00178333000000",
            "Title": "銅板美食呷透透",
            "Description": "東森新聞製播的美食特輯，記者深入台灣各地，尋找令人回味無窮的美食記憶，介紹各種好吃又便宜的店家。",
            "ShowType": "1"
          }
        },
        {
          "StationId": 91,
          "ProgramId": "00194448000000",
          "AirDateTime": "2025-11-06T17:00:00Z",
          "Duration": 3600,
          "PartNumber": 0,
          "NumberParts": 0,
          "Repeat": false,
          "PremiereFinale": 0,
          "LiveDelay": 3,
          "ClosedCaption": false,
          "Subtitled": false,
          "TvRating": 1,
          "SexRating": false,
          "ViolenceRating": false,
          "LanguageRating": false,
          "FVRating": false,
          "BroadcastFormat": "4x3",
          "EndTime": "0001-01-01T00:00:00Z",
          "program": {
            "ProgramId": "00194448000000",
            "Title": "怪奇物語",
            "Description": "東森新聞",
            "ShowType": "1"
          }
        },
        {
          "StationId": 91,
          "ProgramId": "00000001000005",
          "AirDateTime": "2025-11-06T18:00:00Z",
          "Duration": 3600,
          "PartNumber": 0,
          "NumberParts": 0,
          "Repeat": false,
          "PremiereFinale": 0,
          "LiveDelay": 3,
          "ClosedCaption": false,
          "Subtitled": false,
          "TvRating": 1,
          "SexRating": false,
          "ViolenceRating": false,
          "LanguageRating": false,
          "FVRating": false,
          "BroadcastFormat": "4x3",
          "EndTime": "0001-01-01T00:00:00Z",
          "program": {
            "ProgramId": "00000001000005",
            "Title": "小食光台味誌",
            "ShowType": "1"
          }
        },
        {
          "StationId": 91,
          "ProgramId": "00000001000006",
          "AirDateTime": "2025-11-06T19:00:00Z",
          "Duration": 3600,
          "PartNumber": 0,
          "NumberParts": 0,
          "Repeat": false,
          "PremiereFinale": 0,
          "LiveDelay": 3,
          "ClosedCaption": false,
          "Subtitled": false,
          "TvRating": 1,
          "SexRating": false,
          "ViolenceRating": false,
          "LanguageRating": false,
          "FVRating": false,
          "BroadcastFormat": "4x3",
          "EndTime": "0001-01-01T00:00:00Z",
          "program": {
            "ProgramId": "00000001000006",
            "Title": "打卡吧!我的炫FOOD日記",
            "ShowType": "1"
          }
        },
        {
          "StationId": 91,
          "ProgramId": "00000001000004",
          "AirDateTime": "2025-11-06T20:00:00Z",
          "Duration": 3600,
          "PartNumber": 0,
          "NumberParts": 0,
          "Repeat": false,
          "PremiereFinale": 0,
          "LiveDelay": 3,
          "ClosedCaption": false,
          "Subtitled": false,
          "TvRating": 1,
          "SexRating": false,
          "ViolenceRating": false,
          "LanguageRating": false,
          "FVRating": false,
          "BroadcastFormat": "4x3",
          "EndTime": "0001-01-01T00:00:00Z",
          "program": {
            "ProgramId": "00000001000004",
            "Title": "美食打卡趣",
            "ShowType": "1"
          }
        },
        {
          "StationId": 91,
          "ProgramId": "00178333000000",
          "AirDateTime": "2025-11-06T21:00:00Z",
          "Duration": 3600,
          "PartNumber": 0,
          "NumberParts": 0,
          "Repeat": false,
          "PremiereFinale": 0,
          "LiveDelay": 3,
          "ClosedCaption": false,
          "Subtitled": false,
          "TvRating": 1,
          "SexRating": false,
          "ViolenceRating": false,
          "LanguageRating": false,
          "FVRating": false,
          "BroadcastFormat": "4x3",
          "EndTime": "0001-01-01T00:00:00Z",
          "program": {
            "ProgramId": "00178333000000",
            "Title": "銅板美食呷透透",
            "Description": "東森新聞製播的美食特輯，記者深入台灣各地，尋找令人回味無窮的美食記憶，介紹各種好吃又便宜的店家。",
            "ShowType": "1"
          }
        },
        {
          "StationId": 91,
          "ProgramId": "00000001000005",
          "AirDateTime": "2025-11-06T22:00:00Z",
          "Duration": 3600,
          "PartNumber": 0,
          "NumberParts": 0,
          "Repeat": false,
          "PremiereFinale": 0,
          "LiveDelay": 3,
          "ClosedCaption": false,
          "Subtitled": false,
          "TvRating": 1,
          "SexRating": false,
          "ViolenceRating": false,
          "LanguageRating": false,
          "FVRating": false,
          "BroadcastFormat": "4x3",
          "EndTime": "0001-01-01T00:00:00Z",
          "program": {
            "ProgramId": "00000001000005",
            "Title": "小食光台味誌",
            "ShowType": "1"
          }
        },
        {
          "StationId": 91,
          "ProgramId": "00172929000000",
          "AirDateTime": "2025-11-06T23:00:00Z",
          "Duration": 3600,
          "PartNumber": 0,
          "NumberParts": 0,
          "Repeat": false,
          "PremiereFinale": 0,
          "LiveDelay": 3,
          "ClosedCaption": false,
          "Subtitled": false,
          "TvRating": 1,
          "SexRating": false,
          "ViolenceRating": false,
          "LanguageRating": false,
          "FVRating": false,
          "BroadcastFormat": "4x3",
          "EndTime": "0001-01-01T00:00:00Z",
          "program": {
            "ProgramId": "00172929000000",
            "Title": "理財達人秀",
            "Description": "全台灣最精采好懂的理財影片！保險、股市、房地產、基金、投資觀念，最實用的知識一看就通！投資新手到專家的討論園地。",
            "ShowType": "1"
          }
        },
        {
          "StationId": 91,
          "ProgramId": "00000001000001",
          "AirDateTime": "2025-11-07T00:00:00Z",
          "Duration": 3600,
          "PartNumber": 0,
          "NumberParts": 0,
          "Repeat": false,
          "PremiereFinale": 0,
          "LiveDelay": 3,
          "ClosedCaption": false,
          "Subtitled": false,
          "TvRating": 1,
          "SexRating": false,
          "ViolenceRating": false,
          "LanguageRating": false,
          "FVRating": false,
          "BroadcastFormat": "4x3",
          "EndTime": "0001-01-01T00:00:00Z",
          "program": {
            "ProgramId": "00000001000001",
            "Title": "財經透視線",
            "ShowType": "1"
          }
        },
        {
          "StationId": 91,
          "ProgramId": "00000001000002",
          "AirDateTime": "2025-11-07T01:00:00Z",
          "Duration": 3600,
          "PartNumber": 0,
          "NumberParts": 0,
          "Repeat": false,
          "PremiereFinale": 0,
          "LiveDelay": 3,
          "ClosedCaption": false,
          "Subtitled": false,
          "TvRating": 1,
          "SexRating": false,
          "ViolenceRating": false,
          "LanguageRating": false,
          "FVRating": false,
          "BroadcastFormat": "4x3",
          "EndTime": "0001-01-01T00:00:00Z",
          "program": {
            "ProgramId": "00000001000002",
            "Title": "台股線上",
            "ShowType": "1"
          }
        },
        {
          "StationId": 91,
          "ProgramId": "00000001000002",
          "AirDateTime": "2025-11-07T02:00:00Z",
          "Duration": 3600,
          "PartNumber": 0,
          "NumberParts": 0,
          "Repeat": false,
          "PremiereFinale": 0,
          "LiveDelay": 3,
          "ClosedCaption": false,
          "Subtitled": false,
          "TvRating": 1,
          "SexRating": false,
          "ViolenceRating": false,
          "LanguageRating": false,
          "FVRating": false,
          "BroadcastFormat": "4x3",
          "EndTime": "0001-01-01T00:00:00Z",
          "program": {
            "ProgramId": "00000001000002",
            "Title": "台股線上",
            "ShowType": "1"
          }
        },
        {
          "StationId": 91,
          "ProgramId": "00000001000002",
          "AirDateTime": "2025-11-07T03:00:00Z",
          "Duration": 3600,
          "PartNumber": 0,
          "NumberParts": 0,
          "Repeat": false,
          "PremiereFinale": 0,
          "LiveDelay": 3,
          "ClosedCaption": false,
          "Subtitled": false,
          "TvRating": 1,
          "SexRating": false,
          "ViolenceRating": false,
          "LanguageRating": false,
          "FVRating": false,
          "BroadcastFormat": "4x3",
          "EndTime": "0001-01-01T00:00:00Z",
          "program": {
            "ProgramId": "00000001000002",
            "Title": "台股線上",
            "ShowType": "1"
          }
        },
        {
          "StationId": 91,
          "ProgramId": "00000001000002",
          "AirDateTime": "2025-11-07T04:00:00Z",
          "Duration": 3600,
          "PartNumber": 0,
          "NumberParts": 0,
          "Repeat": false,
          "PremiereFinale": 0,
          "LiveDelay": 3,
          "ClosedCaption": false,
          "Subtitled": false,
          "TvRating": 1,
          "SexRating": false,
          "ViolenceRating": false,
          "LanguageRating": false,
          "FVRating": false,
          "BroadcastFormat": "4x3",
          "EndTime": "0001-01-01T00:00:00Z",
          "program": {
            "ProgramId": "00000001000002",
            "Title": "台股線上",
            "ShowType": "1"
          }
        },
        {
          "StationId": 91,
          "ProgramId": "00000001000002",
          "AirDateTime": "2025-11-07T05:00:00Z",
          "Duration": 3600,
          "PartNumber": 0,
          "NumberParts": 0,
          "Repeat": false,
          "PremiereFinale": 0,
          "LiveDelay": 3,
          "ClosedCaption": false,
          "Subtitled": false,
          "TvRating": 1,
          "SexRating": false,
          "ViolenceRating": false,
          "LanguageRating": false,
          "FVRating": false,
          "BroadcastFormat": "4x3",
          "EndTime": "0001-01-01T00:00:00Z",
          "program": {
            "ProgramId": "00000001000002",
            "Title": "台股線上",
            "ShowType": "1"
          }
        },
        {
          "StationId": 91,
          "ProgramId": "00186448000000",
          "AirDateTime": "2025-11-07T06:00:00Z",
          "Duration": 3600,
          "PartNumber": 0,
          "NumberParts": 0,
          "Repeat": false,
          "PremiereFinale": 0,
          "LiveDelay": 3,
          "ClosedCaption": false,
          "Subtitled": false,
          "TvRating": 1,
          "SexRating": false,
          "ViolenceRating": false,
          "LanguageRating": false,
          "FVRating": false,
          "BroadcastFormat": "4x3",
          "EndTime": "0001-01-01T00:00:00Z",
          "program": {
            "ProgramId": "00186448000000",
            "Title": "股海大丈夫",
            "ShowType": "1"
          }
        },
        {
          "StationId": 91,
          "ProgramId": "00178333000000",
          "AirDateTime": "2025-11-07T07:00:00Z",
          "Duration": 3600,
          "PartNumber": 0,
          "NumberParts": 0,
          "Repeat": false,
          "PremiereFinale": 0,
          "LiveDelay": 3,
          "ClosedCaption": false,
          "Subtitled": false,
          "TvRating": 1,
          "SexRating": false,
          "ViolenceRating": false,
          "LanguageRating": false,
          "FVRating": false,
          "BroadcastFormat": "4x3",
          "EndTime": "0001-01-01T00:00:00Z",
          "program": {
            "ProgramId": "00178333000000",
            "Title": "銅板美食呷透透",
            "Description": "東森新聞製播的美食特輯，記者深入台灣各地，尋找令人回味無窮的美食記憶，介紹各種好吃又便宜的店家。",
            "ShowType": "1"
          }
        },
        {
          "StationId": 91,
          "ProgramId": "00000001000003",
          "AirDateTime": "2025-11-07T08:00:00Z",
          "Duration": 3600,
          "PartNumber": 0,
          "NumberParts": 0,
          "Repeat": false,
          "PremiereFinale": 0,
          "LiveDelay": 3,
          "ClosedCaption": false,
          "Subtitled": false,
          "TvRating": 1,
          "SexRating": false,
          "ViolenceRating": false,
          "LanguageRating": false,
          "FVRating": false,
          "BroadcastFormat": "4x3",
          "EndTime": "0001-01-01T00:00:00Z",
          "program": {
            "ProgramId": "00000001000003",
            "Title": "搜查事件簿",
            "ShowType": "1"
          }
        },
        {
          "StationId": 91,
          "ProgramId": "00000001000004",
          "AirDateTime": "2025-11-07T09:00:00Z",
          "Duration": 3600,
          "PartNumber": 0,
          "NumberParts": 0,
          "Repeat": false,
          "PremiereFinale": 0,
          "LiveDelay": 3,
          "ClosedCaption": false,
          "Subtitled": false,
          "TvRating": 1,
          "SexRating": false,
          "ViolenceRating": false,
          "LanguageRating": false,
          "FVRating": false,
          "BroadcastFormat": "4x3",
          "EndTime": "0001-01-01T00:00:00Z",
          "program": {
            "ProgramId": "00000001000004",
            "Title": "美食打卡趣",
            "ShowType": "1"
          }
        },
        {
          "StationId": 91,
          "ProgramId": "00000001000005",
          "AirDateTime": "2025-11-07T10:00:00Z",
          "Duration": 3600,
          "PartNumber": 0,
          "NumberParts": 0,
          "Repeat": false,
          "PremiereFinale": 0,
          "LiveDelay": 3,
          "ClosedCaption": false,
          "Subtitled": false,
          "TvRating": 1,
          "SexRating": false,
          "ViolenceRating": false,
          "LanguageRating": false,
          "FVRating": false,
          "BroadcastFormat": "4x3",
          "EndTime": "0001-01-01T00:00:00Z",
          "program": {
            "ProgramId": "00000001000005",
            "Title": "小食光台味誌",
            "ShowType": "1"
          }
        },
        {
          "StationId": 91,
          "ProgramId": "00000001000006",
          "AirDateTime": "2025-11-07T11:00:00Z",
          "Duration": 3600,
          "PartNumber": 0,
          "NumberParts": 0,
          "Repeat": false,
          "PremiereFinale": 0,
          "LiveDelay": 3,
          "ClosedCaption": false,
          "Subtitled": false,
          "TvRating": 1,
          "SexRating": false,
          "ViolenceRating": false,
          "LanguageRating": false,
          "FVRating": false,
          "BroadcastFormat": "4x3",
          "EndTime": "0001-01-01T00:00:00Z",
          "program": {
            "ProgramId": "00000001000006",
            "Title": "打卡吧!我的炫FOOD日記",
            "ShowType": "1"
          }
        },
        {
          "StationId": 91,
          "ProgramId": "00172929000000",
          "AirDateTime": "2025-11-07T12:00:00Z",
          "Duration": 3600,
          "PartNumber": 0,
          "NumberParts": 0,
          "Repeat": false,
          "PremiereFinale": 0,
          "LiveDelay": 3,
          "ClosedCaption": false,
          "Subtitled": false,
          "TvRating": 1,
          "SexRating": false,
          "ViolenceRating": false,
          "LanguageRating": false,
          "FVRating": false,
          "BroadcastFormat": "4x3",
          "EndTime": "0001-01-01T00:00:00Z",
          "program": {
            "ProgramId": "00172929000000",
            "Title": "理財達人秀",
            "Description": "全台灣最精采好懂的理財影片！保險、股市、房地產、基金、投資觀念，最實用的知識一看就通！投資新手到專家的討論園地。",
            "ShowType": "1"
          }
        },
        {
          "StationId": 91,
          "ProgramId": "00000001000008",
          "AirDateTime": "2025-11-07T13:00:00Z",
          "Duration": 3600,
          "PartNumber": 0,
          "NumberParts": 0,
          "Repeat": false,
          "PremiereFinale": 0,
          "LiveDelay": 3,
          "ClosedCaption": false,
          "Subtitled": false,
          "TvRating": 1,
          "SexRating": false,
          "ViolenceRating": false,
          "LanguageRating": false,
          "FVRating": false,
          "BroadcastFormat": "4x3",
          "EndTime": "0001-01-01T00:00:00Z",
          "program": {
            "ProgramId": "00000001000008",
            "Title": "兆華艾綸說",
            "ShowType": "1"
          }
        },
        {
          "StationId": 91,
          "ProgramId": "00083185000000",
          "AirDateTime": "2025-11-07T14:00:00Z",
          "Duration": 3600,
          "PartNumber": 0,
          "NumberParts": 0,
          "Repeat": false,
          "PremiereFinale": 0,
          "LiveDelay": 3,
          "ClosedCaption": false,
          "Subtitled": false,
          "TvRating": 1,
          "SexRating": false,
          "ViolenceRating": false,
          "LanguageRating": false,
          "FVRating": false,
          "BroadcastFormat": "4x3",
          "EndTime": "0001-01-01T00:00:00Z",
          "program": {
            "ProgramId": "00083185000000",
            "Title": "關鍵時刻",
            "Description": "行政院勞工委員會勞工安全衛生研究所製作的3D立體動畫「關鍵時刻」，於第十八屆世界職業安全衛生大會榮獲國際安全衛生影片首獎，大會並以「非常創新的手法」盛讚得獎單位-行政院勞委會勞工安全衛生研究所，對於職場安全衛生教育宣導所做出的貢獻。",
            "ShowType": "1"
          }
        },
        {
          "StationId": 91,
          "ProgramId": "00083185000000",
          "AirDateTime": "2025-11-07T15:00:00Z",
          "Duration": 3600,
          "PartNumber": 0,
          "NumberParts": 0,
          "Repeat": false,
          "PremiereFinale": 0,
          "LiveDelay": 3,
          "ClosedCaption": false,
          "Subtitled": false,
          "TvRating": 1,
          "SexRating": false,
          "ViolenceRating": false,
          "LanguageRating": false,
          "FVRating": false,
          "BroadcastFormat": "4x3",
          "EndTime": "0001-01-01T00:00:00Z",
          "program": {
            "ProgramId": "00083185000000",
            "Title": "關鍵時刻",
            "Description": "行政院勞工委員會勞工安全衛生研究所製作的3D立體動畫「關鍵時刻」，於第十八屆世界職業安全衛生大會榮獲國際安全衛生影片首獎，大會並以「非常創新的手法」盛讚得獎單位-行政院勞委會勞工安全衛生研究所，對於職場安全衛生教育宣導所做出的貢獻。",
            "ShowType": "1"
          }
        },
        {
          "StationId": 91,
          "ProgramId": "00178333000000",
          "AirDateTime": "2025-11-07T16:00:00Z",
          "Duration": 3600,
          "PartNumber": 0,
          "NumberParts": 0,
          "Repeat": false,
          "PremiereFinale": 0,
          "LiveDelay": 3,
          "ClosedCaption": false,
          "Subtitled": false,
          "TvRating": 1,
          "SexRating": false,
          "ViolenceRating": false,
          "LanguageRating": false,
          "FVRating": false,
          "BroadcastFormat": "4x3",
          "EndTime": "0001-01-01T00:00:00Z",
          "program": {
            "ProgramId": "00178333000000",
            "Title": "銅板美食呷透透",
            "Description": "東森新聞製播的美食特輯，記者深入台灣各地，尋找令人回味無窮的美食記憶，介紹各種好吃又便宜的店家。",
            "ShowType": "1"
          }
        },
        {
          "StationId": 91,
          "ProgramId": "00000001000003",
          "AirDateTime": "2025-11-07T17:00:00Z",
          "Duration": 3600,
          "PartNumber": 0,
          "NumberParts": 0,
          "Repeat": false,
          "PremiereFinale": 0,
          "LiveDelay": 3,
          "ClosedCaption": false,
          "Subtitled": false,
          "TvRating": 1,
          "SexRating": false,
          "ViolenceRating": false,
          "LanguageRating": false,
          "FVRating": false,
          "BroadcastFormat": "4x3",
          "EndTime": "0001-01-01T00:00:00Z",
          "program": {
            "ProgramId": "00000001000003",
            "Title": "搜查事件簿",
            "ShowType": "1"
          }
        },
        {
          "StationId": 91,
          "ProgramId": "00000001000005",
          "AirDateTime": "2025-11-07T18:00:00Z",
          "Duration": 3600,
          "PartNumber": 0,
          "NumberParts": 0,
          "Repeat": false,
          "PremiereFinale": 0,
          "LiveDelay": 3,
          "ClosedCaption": false,
          "Subtitled": false,
          "TvRating": 1,
          "SexRating": false,
          "ViolenceRating": false,
          "LanguageRating": false,
          "FVRating": false,
          "BroadcastFormat": "4x3",
          "EndTime": "0001-01-01T00:00:00Z",
          "program": {
            "ProgramId": "00000001000005",
            "Title": "小食光台味誌",
            "ShowType": "1"
          }
        },
        {
          "StationId": 91,
          "ProgramId": "00000001000006",
          "AirDateTime": "2025-11-07T19:00:00Z",
          "Duration": 3600,
          "PartNumber": 0,
          "NumberParts": 0,
          "Repeat": false,
          "PremiereFinale": 0,
          "LiveDelay": 3,
          "ClosedCaption": false,
          "Subtitled": false,
          "TvRating": 1,
          "SexRating": false,
          "ViolenceRating": false,
          "LanguageRating": false,
          "FVRating": false,
          "BroadcastFormat": "4x3",
          "EndTime": "0001-01-01T00:00:00Z",
          "program": {
            "ProgramId": "00000001000006",
            "Title": "打卡吧!我的炫FOOD日記",
            "ShowType": "1"
          }
        },
        {
          "StationId": 91,
          "ProgramId": "00000001000004",
          "AirDateTime": "2025-11-07T20:00:00Z",
          "Duration": 3600,
          "PartNumber": 0,
          "NumberParts": 0,
          "Repeat": false,
          "PremiereFinale": 0,
          "LiveDelay": 3,
          "ClosedCaption": false,
          "Subtitled": false,
          "TvRating": 1,
          "SexRating": false,
          "ViolenceRating": false,
          "LanguageRating": false,
          "FVRating": false,
          "BroadcastFormat": "4x3",
          "EndTime": "0001-01-01T00:00:00Z",
          "program": {
            "ProgramId": "00000001000004",
            "Title": "美食打卡趣",
            "ShowType": "1"
          }
        },
        {
          "StationId": 91,
          "ProgramId": "00178333000000",
          "AirDateTime": "2025-11-07T21:00:00Z",
          "Duration": 3600,
          "PartNumber": 0,
          "NumberParts": 0,
          "Repeat": false,
          "PremiereFinale": 0,
          "LiveDelay": 3,
          "ClosedCaption": false,
          "Subtitled": false,
          "TvRating": 1,
          "SexRating": false,
          "ViolenceRating": false,
          "LanguageRating": false,
          "FVRating": false,
          "BroadcastFormat": "4x3",
          "EndTime": "0001-01-01T00:00:00Z",
          "program": {
            "ProgramId": "00178333000000",
            "Title": "銅板美食呷透透",
            "Description": "東森新聞製播的美食特輯，記者深入台灣各地，尋找令人回味無窮的美食記憶，介紹各種好吃又便宜的店家。",
            "ShowType": "1"
          }
        },
        {
          "StationId": 91,
          "ProgramId": "00000001000005",
          "AirDateTime": "2025-11-07T22:00:00Z",
          "Duration": 3600,
          "PartNumber": 0,
          "NumberParts": 0,
          "Repeat": false,
          "PremiereFinale": 0,
          "LiveDelay": 3,
          "ClosedCaption": false,
          "Subtitled": false,
          "TvRating": 1,
          "SexRating": false,
          "ViolenceRating": false,
          "LanguageRating": false,
          "FVRating": false,
          "BroadcastFormat": "4x3",
          "EndTime": "0001-01-01T00:00:00Z",
          "program": {
            "ProgramId": "00000001000005",
            "Title": "小食光台味誌",
            "ShowType": "1"
          }
        },
        {
          "StationId": 91,
          "ProgramId": "00172929000000",
          "AirDateTime": "2025-11-07T23:00:00Z",
          "Duration": 3600,
          "PartNumber": 0,
          "NumberParts": 0,
          "Repeat": false,
          "PremiereFinale": 0,
          "LiveDelay": 3,
          "ClosedCaption": false,
          "Subtitled": false,
          "TvRating": 1,
          "SexRating": false,
          "ViolenceRating": false,
          "LanguageRating": false,
          "FVRating": false,
          "BroadcastFormat": "4x3",
          "EndTime": "0001-01-01T00:00:00Z",
          "program": {
            "ProgramId": "00172929000000",
            "Title": "理財達人秀",
            "Description": "全台灣最精采好懂的理財影片！保險、股市、房地產、基金、投資觀念，最實用的知識一看就通！投資新手到專家的討論園地。",
            "ShowType": "1"
          }
        },
        {
          "StationId": 91,
          "ProgramId": "00158597000001",
          "AirDateTime": "2025-11-08T00:00:00Z",
          "Duration": 3600,
          "PartNumber": 0,
          "NumberParts": 0,
          "Repeat": false,
          "PremiereFinale": 0,
          "LiveDelay": 3,
          "ClosedCaption": false,
          "Subtitled": false,
          "TvRating": 1,
          "SexRating": false,
          "ViolenceRating": false,
          "LanguageRating": false,
          "FVRating": false,
          "BroadcastFormat": "4x3",
          "EndTime": "0001-01-01T00:00:00Z",
          "program": {
            "ProgramId": "00158597000001",
            "Title": "台灣大代誌",
            "SubTitle": "#1",
            "Description": "時間播回1996年，當時爆發了兩國論台海危機，李登輝總統拋出了兩國論，大陸方面做出對台導彈試射進行威脅，不過李登輝總統說出了一句話：「他說不用怕啦！他們射出的都是啞巴彈空包彈，根本就是在作秀」大陸查到底是誰掀底牌的，分別是劉連昆、邵正宗，誰為他們牽線佈下整個情報脈絡的呢？",
            "ShowType": "1"
          }
        },
        {
          "StationId": 91,
          "ProgramId": "00000001000009",
          "AirDateTime": "2025-11-08T01:00:00Z",
          "Duration": 3600,
          "PartNumber": 0,
          "NumberParts": 0,
          "Repeat": false,
          "PremiereFinale": 0,
          "LiveDelay": 3,
          "ClosedCaption": false,
          "Subtitled": false,
          "TvRating": 1,
          "SexRating": false,
          "ViolenceRating": false,
          "LanguageRating": false,
          "FVRating": false,
          "BroadcastFormat": "4x3",
          "EndTime": "0001-01-01T00:00:00Z",
          "program": {
            "ProgramId": "00000001000009",
            "Title": "巷弄美食家",
            "ShowType": "1"
          }
        },
        {
          "StationId": 91,
          "ProgramId": "00000001000006",
          "AirDateTime": "2025-11-08T02:00:00Z",
          "Duration": 3600,
          "PartNumber": 0,
          "NumberParts": 0,
          "Repeat": false,
          "PremiereFinale": 0,
          "LiveDelay": 3,
          "ClosedCaption": false,
          "Subtitled": false,
          "TvRating": 1,
          "SexRating": false,
          "ViolenceRating": false,
          "LanguageRating": false,
          "FVRating": false,
          "BroadcastFormat": "4x3",
          "EndTime": "0001-01-01T00:00:00Z",
          "program": {
            "ProgramId": "00000001000006",
            "Title": "打卡吧!我的炫FOOD日記",
            "ShowType": "1"
          }
        },
        {
          "StationId": 91,
          "ProgramId": "00000001000005",
          "AirDateTime": "2025-11-08T03:00:00Z",
          "Duration": 3600,
          "PartNumber": 0,
          "NumberParts": 0,
          "Repeat": false,
          "PremiereFinale": 0,
          "LiveDelay": 3,
          "ClosedCaption": false,
          "Subtitled": false,
          "TvRating": 1,
          "SexRating": false,
          "ViolenceRating": false,
          "LanguageRating": false,
          "FVRating": false,
          "BroadcastFormat": "4x3",
          "EndTime": "0001-01-01T00:00:00Z",
          "program": {
            "ProgramId": "00000001000005",
            "Title": "小食光台味誌",
            "ShowType": "1"
          }
        },
        {
          "StationId": 91,
          "ProgramId": "00178333000000",
          "AirDateTime": "2025-11-08T04:00:00Z",
          "Duration": 3600,
          "PartNumber": 0,
          "NumberParts": 0,
          "Repeat": false,
          "PremiereFinale": 0,
          "LiveDelay": 3,
          "ClosedCaption": false,
          "Subtitled": false,
          "TvRating": 1,
          "SexRating": false,
          "ViolenceRating": false,
          "LanguageRating": false,
          "FVRating": false,
          "BroadcastFormat": "4x3",
          "EndTime": "0001-01-01T00:00:00Z",
          "program": {
            "ProgramId": "00178333000000",
            "Title": "銅板美食呷透透",
            "Description": "東森新聞製播的美食特輯，記者深入台灣各地，尋找令人回味無窮的美食記憶，介紹各種好吃又便宜的店家。",
            "ShowType": "1"
          }
        },
        {
          "StationId": 91,
          "ProgramId": "00000001000009",
          "AirDateTime": "2025-11-08T05:00:00Z",
          "Duration": 3600,
          "PartNumber": 0,
          "NumberParts": 0,
          "Repeat": false,
          "PremiereFinale": 0,
          "LiveDelay": 3,
          "ClosedCaption": false,
          "Subtitled": false,
          "TvRating": 1,
          "SexRating": false,
          "ViolenceRating": false,
          "LanguageRating": false,
          "FVRating": false,
          "BroadcastFormat": "4x3",
          "EndTime": "0001-01-01T00:00:00Z",
          "program": {
            "ProgramId": "00000001000009",
            "Title": "巷弄美食家",
            "ShowType": "1"
          }
        },
        {
          "StationId": 91,
          "ProgramId": "00000001000004",
          "AirDateTime": "2025-11-08T06:00:00Z",
          "Duration": 3600,
          "PartNumber": 0,
          "NumberParts": 0,
          "Repeat": false,
          "PremiereFinale": 0,
          "LiveDelay": 3,
          "ClosedCaption": false,
          "Subtitled": false,
          "TvRating": 1,
          "SexRating": false,
          "ViolenceRating": false,
          "LanguageRating": false,
          "FVRating": false,
          "BroadcastFormat": "4x3",
          "EndTime": "0001-01-01T00:00:00Z",
          "program": {
            "ProgramId": "00000001000004",
            "Title": "美食打卡趣",
            "ShowType": "1"
          }
        },
        {
          "StationId": 91,
          "ProgramId": "00000001000006",
          "AirDateTime": "2025-11-08T07:00:00Z",
          "Duration": 3600,
          "PartNumber": 0,
          "NumberParts": 0,
          "Repeat": false,
          "PremiereFinale": 0,
          "LiveDelay": 3,
          "ClosedCaption": false,
          "Subtitled": false,
          "TvRating": 1,
          "SexRating": false,
          "ViolenceRating": false,
          "LanguageRating": false,
          "FVRating": false,
          "BroadcastFormat": "4x3",
          "EndTime": "0001-01-01T00:00:00Z",
          "program": {
            "ProgramId": "00000001000006",
            "Title": "打卡吧!我的炫FOOD日記",
            "ShowType": "1"
          }
        },
        {
          "StationId": 91,
          "ProgramId": "00178333000000",
          "AirDateTime": "2025-11-08T08:00:00Z",
          "Duration": 3600,
          "PartNumber": 0,
          "NumberParts": 0,
          "Repeat": false,
          "PremiereFinale": 0,
          "LiveDelay": 3,
          "ClosedCaption": false,
          "Subtitled": false,
          "TvRating": 1,
          "SexRating": false,
          "ViolenceRating": false,
          "LanguageRating": false,
          "FVRating": false,
          "BroadcastFormat": "4x3",
          "EndTime": "0001-01-01T00:00:00Z",
          "program": {
            "ProgramId": "00178333000000",
            "Title": "銅板美食呷透透",
            "Description": "東森新聞製播的美食特輯，記者深入台灣各地，尋找令人回味無窮的美食記憶，介紹各種好吃又便宜的店家。",
            "ShowType": "1"
          }
        },
        {
          "StationId": 91,
          "ProgramId": "00070217000000",
          "AirDateTime": "2025-11-08T09:00:00Z",
          "Duration": 3600,
          "PartNumber": 0,
          "NumberParts": 0,
          "Repeat": false,
          "PremiereFinale": 0,
          "LiveDelay": 3,
          "ClosedCaption": false,
          "Subtitled": false,
          "TvRating": 1,
          "SexRating": false,
          "ViolenceRating": false,
          "LanguageRating": false,
          "FVRating": false,
          "BroadcastFormat": "4x3",
          "EndTime": "0001-01-01T00:00:00Z",
          "program": {
            "ProgramId": "00070217000000",
            "Title": "現代啟示錄",
            "Description": "過去發生的經濟、金融問題，帶給現代的人們什麼樣的啟示？節目中系列專題報導，要用過去的經驗告訴人們，我們現在面臨的問題將如何解決。",
            "ShowType": "1"
          }
        },
        {
          "StationId": 91,
          "ProgramId": "00158597000001",
          "AirDateTime": "2025-11-08T10:00:00Z",
          "Duration": 3600,
          "PartNumber": 0,
          "NumberParts": 0,
          "Repeat": false,
          "PremiereFinale": 0,
          "LiveDelay": 3,
          "ClosedCaption": false,
          "Subtitled": false,
          "TvRating": 1,
          "SexRating": false,
          "ViolenceRating": false,
          "LanguageRating": false,
          "FVRating": false,
          "BroadcastFormat": "4x3",
          "EndTime": "0001-01-01T00:00:00Z",
          "program": {
            "ProgramId": "00158597000001",
            "Title": "台灣大代誌",
            "SubTitle": "#1",
            "Description": "時間播回1996年，當時爆發了兩國論台海危機，李登輝總統拋出了兩國論，大陸方面做出對台導彈試射進行威脅，不過李登輝總統說出了一句話：「他說不用怕啦！他們射出的都是啞巴彈空包彈，根本就是在作秀」大陸查到底是誰掀底牌的，分別是劉連昆、邵正宗，誰為他們牽線佈下整個情報脈絡的呢？",
            "ShowType": "1"
          }
        },
        {
          "StationId": 91,
          "ProgramId": "00000001000008",
          "AirDateTime": "2025-11-08T11:00:00Z",
          "Duration": 3600,
          "PartNumber": 0,
          "NumberParts": 0,
          "Repeat": false,
          "PremiereFinale": 0,
          "LiveDelay": 3,
          "ClosedCaption": false,
          "Subtitled": false,
          "TvRating": 1,
          "SexRating": false,
          "ViolenceRating": false,
          "LanguageRating": false,
          "FVRating": false,
          "BroadcastFormat": "4x3",
          "EndTime": "0001-01-01T00:00:00Z",
          "program": {
            "ProgramId": "00000001000008",
            "Title": "兆華艾綸說",
            "ShowType": "1"
          }
        },
        {
          "StationId": 91,
          "ProgramId": "00194448000000",
          "AirDateTime": "2025-11-08T12:00:00Z",
          "Duration": 3600,
          "PartNumber": 0,
          "NumberParts": 0,
          "Repeat": false,
          "PremiereFinale": 0,
          "LiveDelay": 3,
          "ClosedCaption": false,
          "Subtitled": false,
          "TvRating": 1,
          "SexRating": false,
          "ViolenceRating": false,
          "LanguageRating": false,
          "FVRating": false,
          "BroadcastFormat": "4x3",
          "EndTime": "0001-01-01T00:00:00Z",
          "program": {
            "ProgramId": "00194448000000",
            "Title": "怪奇物語",
            "Description": "東森新聞",
            "ShowType": "1"
          }
        },
        {
          "StationId": 91,
          "ProgramId": "00178333000000",
          "AirDateTime": "2025-11-08T13:00:00Z",
          "Duration": 3600,
          "PartNumber": 0,
          "NumberParts": 0,
          "Repeat": false,
          "PremiereFinale": 0,
          "LiveDelay": 3,
          "ClosedCaption": false,
          "Subtitled": false,
          "TvRating": 1,
          "SexRating": false,
          "ViolenceRating": false,
          "LanguageRating": false,
          "FVRating": false,
          "BroadcastFormat": "4x3",
          "EndTime": "0001-01-01T00:00:00Z",
          "program": {
            "ProgramId": "00178333000000",
            "Title": "銅板美食呷透透",
            "Description": "東森新聞製播的美食特輯，記者深入台灣各地，尋找令人回味無窮的美食記憶，介紹各種好吃又便宜的店家。",
            "ShowType": "1"
          }
        },
        {
          "StationId": 91,
          "ProgramId": "00000001000008",
          "AirDateTime": "2025-11-08T14:00:00Z",
          "Duration": 3600,
          "PartNumber": 0,
          "NumberParts": 0,
          "Repeat": false,
          "PremiereFinale": 0,
          "LiveDelay": 3,
          "ClosedCaption": false,
          "Subtitled": false,
          "TvRating": 1,
          "SexRating": false,
          "ViolenceRating": false,
          "LanguageRating": false,
          "FVRating": false,
          "BroadcastFormat": "4x3",
          "EndTime": "0001-01-01T00:00:00Z",
          "program": {
            "ProgramId": "00000001000008",
            "Title": "兆華艾綸說",
            "ShowType": "1"
          }
        },
        {
          "StationId": 91,
          "ProgramId": "00000001000010",
          "AirDateTime": "2025-11-08T15:00:00Z",
          "Duration": 3600,
          "PartNumber": 0,
          "NumberParts": 0,
          "Repeat": false,
          "PremiereFinale": 0,
          "LiveDelay": 3,
          "ClosedCaption": false,
          "Subtitled": false,
          "TvRating": 1,
          "SexRating": false,
          "ViolenceRating": false,
          "LanguageRating": false,
          "FVRating": false,
          "BroadcastFormat": "4x3",
          "EndTime": "0001-01-01T00:00:00Z",
          "program": {
            "ProgramId": "00000001000010",
            "Title": "寰宇追追追",
            "ShowType": "1"
          }
        },
        {
          "StationId": 91,
          "ProgramId": "00000001000006",
          "AirDateTime": "2025-11-08T16:00:00Z",
          "Duration": 3600,
          "PartNumber": 0,
          "NumberParts": 0,
          "Repeat": false,
          "PremiereFinale": 0,
          "LiveDelay": 3,
          "ClosedCaption": false,
          "Subtitled": false,
          "TvRating": 1,
          "SexRating": false,
          "ViolenceRating": false,
          "LanguageRating": false,
          "FVRating": false,
          "BroadcastFormat": "4x3",
          "EndTime": "0001-01-01T00:00:00Z",
          "program": {
            "ProgramId": "00000001000006",
            "Title": "打卡吧!我的炫FOOD日記",
            "ShowType": "1"
          }
        },
        {
          "StationId": 91,
          "ProgramId": "00178333000000",
          "AirDateTime": "2025-11-08T17:00:00Z",
          "Duration": 3600,
          "PartNumber": 0,
          "NumberParts": 0,
          "Repeat": false,
          "PremiereFinale": 0,
          "LiveDelay": 3,
          "ClosedCaption": false,
          "Subtitled": false,
          "TvRating": 1,
          "SexRating": false,
          "ViolenceRating": false,
          "LanguageRating": false,
          "FVRating": false,
          "BroadcastFormat": "4x3",
          "EndTime": "0001-01-01T00:00:00Z",
          "program": {
            "ProgramId": "00178333000000",
            "Title": "銅板美食呷透透",
            "Description": "東森新聞製播的美食特輯，記者深入台灣各地，尋找令人回味無窮的美食記憶，介紹各種好吃又便宜的店家。",
            "ShowType": "1"
          }
        },
        {
          "StationId": 91,
          "ProgramId": "00070217000000",
          "AirDateTime": "2025-11-08T18:00:00Z",
          "Duration": 3600,
          "PartNumber": 0,
          "NumberParts": 0,
          "Repeat": false,
          "PremiereFinale": 0,
          "LiveDelay": 3,
          "ClosedCaption": false,
          "Subtitled": false,
          "TvRating": 1,
          "SexRating": false,
          "ViolenceRating": false,
          "LanguageRating": false,
          "FVRating": false,
          "BroadcastFormat": "4x3",
          "EndTime": "0001-01-01T00:00:00Z",
          "program": {
            "ProgramId": "00070217000000",
            "Title": "現代啟示錄",
            "Description": "過去發生的經濟、金融問題，帶給現代的人們什麼樣的啟示？節目中系列專題報導，要用過去的經驗告訴人們，我們現在面臨的問題將如何解決。",
            "ShowType": "1"
          }
        },
        {
          "StationId": 91,
          "ProgramId": "00000001000006",
          "AirDateTime": "2025-11-08T19:00:00Z",
          "Duration": 3600,
          "PartNumber": 0,
          "NumberParts": 0,
          "Repeat": false,
          "PremiereFinale": 0,
          "LiveDelay": 3,
          "ClosedCaption": false,
          "Subtitled": false,
          "TvRating": 1,
          "SexRating": false,
          "ViolenceRating": false,
          "LanguageRating": false,
          "FVRating": false,
          "BroadcastFormat": "4x3",
          "EndTime": "0001-01-01T00:00:00Z",
          "program": {
            "ProgramId": "00000001000006",
            "Title": "打卡吧!我的炫FOOD日記",
            "ShowType": "1"
          }
        },
        {
          "StationId": 91,
          "ProgramId": "00000001000010",
          "AirDateTime": "2025-11-08T20:00:00Z",
          "Duration": 3600,
          "PartNumber": 0,
          "NumberParts": 0,
          "Repeat": false,
          "PremiereFinale": 0,
          "LiveDelay": 3,
          "ClosedCaption": false,
          "Subtitled": false,
          "TvRating": 1,
          "SexRating": false,
          "ViolenceRating": false,
          "LanguageRating": false,
          "FVRating": false,
          "BroadcastFormat": "4x3",
          "EndTime": "0001-01-01T00:00:00Z",
          "program": {
            "ProgramId": "00000001000010",
            "Title": "寰宇追追追",
            "ShowType": "1"
          }
        },
        {
          "StationId": 91,
          "ProgramId": "00000001000003",
          "AirDateTime": "2025-11-08T21:00:00Z",
          "Duration": 3600,
          "PartNumber": 0,
          "NumberParts": 0,
          "Repeat": false,
          "PremiereFinale": 0,
          "LiveDelay": 3,
          "ClosedCaption": false,
          "Subtitled": false,
          "TvRating": 1,
          "SexRating": false,
          "ViolenceRating": false,
          "LanguageRating": false,
          "FVRating": false,
          "BroadcastFormat": "4x3",
          "EndTime": "0001-01-01T00:00:00Z",
          "program": {
            "ProgramId": "00000001000003",
            "Title": "搜查事件簿",
            "ShowType": "1"
          }
        },
        {
          "StationId": 91,
          "ProgramId": "00170940000000",
          "AirDateTime": "2025-11-08T22:00:00Z",
          "Duration": 3600,
          "PartNumber": 0,
          "NumberParts": 0,
          "Repeat": false,
          "PremiereFinale": 0,
          "LiveDelay": 3,
          "ClosedCaption": false,
          "Subtitled": false,
          "TvRating": 1,
          "SexRating": false,
          "ViolenceRating": false,
          "LanguageRating": false,
          "FVRating": false,
          "BroadcastFormat": "4x3",
          "EndTime": "0001-01-01T00:00:00Z",
          "program": {
            "ProgramId": "00170940000000",
            "Title": "57怪奇物語",
            "Description": "東森財經",
            "ShowType": "1"
          }
        },
        {
          "StationId": 91,
          "ProgramId": "00000001000004",
          "AirDateTime": "2025-11-08T23:00:00Z",
          "Duration": 3600,
          "PartNumber": 0,
          "NumberParts": 0,
          "Repeat": false,
          "PremiereFinale": 0,
          "LiveDelay": 3,
          "ClosedCaption": false,
          "Subtitled": false,
          "TvRating": 1,
          "SexRating": false,
          "ViolenceRating": false,
          "LanguageRating": false,
          "FVRating": false,
          "BroadcastFormat": "4x3",
          "EndTime": "0001-01-01T00:00:00Z",
          "program": {
            "ProgramId": "00000001000004",
            "Title": "美食打卡趣",
            "ShowType": "1"
          }
        },
        {
          "StationId": 91,
          "ProgramId": "00000001000009",
          "AirDateTime": "2025-11-09T00:00:00Z",
          "Duration": 3600,
          "PartNumber": 0,
          "NumberParts": 0,
          "Repeat": false,
          "PremiereFinale": 0,
          "LiveDelay": 3,
          "ClosedCaption": false,
          "Subtitled": false,
          "TvRating": 1,
          "SexRating": false,
          "ViolenceRating": false,
          "LanguageRating": false,
          "FVRating": false,
          "BroadcastFormat": "4x3",
          "EndTime": "0001-01-01T00:00:00Z",
          "program": {
            "ProgramId": "00000001000009",
            "Title": "巷弄美食家",
            "ShowType": "1"
          }
        },
        {
          "StationId": 91,
          "ProgramId": "00000001000011",
          "AirDateTime": "2025-11-09T01:00:00Z",
          "Duration": 3600,
          "PartNumber": 0,
          "NumberParts": 0,
          "Repeat": false,
          "PremiereFinale": 0,
          "LiveDelay": 3,
          "ClosedCaption": false,
          "Subtitled": false,
          "TvRating": 1,
          "SexRating": false,
          "ViolenceRating": false,
          "LanguageRating": false,
          "FVRating": false,
          "BroadcastFormat": "4x3",
          "EndTime": "0001-01-01T00:00:00Z",
          "program": {
            "ProgramId": "00000001000011",
            "Title": "基金理財加油站7",
            "ShowType": "1"
          }
        },
        {
          "StationId": 91,
          "ProgramId": "00000001000005",
          "AirDateTime": "2025-11-09T02:00:00Z",
          "Duration": 3600,
          "PartNumber": 0,
          "NumberParts": 0,
          "Repeat": false,
          "PremiereFinale": 0,
          "LiveDelay": 3,
          "ClosedCaption": false,
          "Subtitled": false,
          "TvRating": 1,
          "SexRating": false,
          "ViolenceRating": false,
          "LanguageRating": false,
          "FVRating": false,
          "BroadcastFormat": "4x3",
          "EndTime": "0001-01-01T00:00:00Z",
          "program": {
            "ProgramId": "00000001000005",
            "Title": "小食光台味誌",
            "ShowType": "1"
          }
        },
        {
          "StationId": 91,
          "ProgramId": "00000001000010",
          "AirDateTime": "2025-11-09T03:00:00Z",
          "Duration": 3600,
          "PartNumber": 0,
          "NumberParts": 0,
          "Repeat": false,
          "PremiereFinale": 0,
          "LiveDelay": 3,
          "ClosedCaption": false,
          "Subtitled": false,
          "TvRating": 1,
          "SexRating": false,
          "ViolenceRating": false,
          "LanguageRating": false,
          "FVRating": false,
          "BroadcastFormat": "4x3",
          "EndTime": "0001-01-01T00:00:00Z",
          "program": {
            "ProgramId": "00000001000010",
            "Title": "寰宇追追追",
            "ShowType": "1"
          }
        },
        {
          "StationId": 91,
          "ProgramId": "00178333000000",
          "AirDateTime": "2025-11-09T04:00:00Z",
          "Duration": 3600,
          "PartNumber": 0,
          "NumberParts": 0,
          "Repeat": false,
          "PremiereFinale": 0,
          "LiveDelay": 3,
          "ClosedCaption": false,
          "Subtitled": false,
          "TvRating": 1,
          "SexRating": false,
          "ViolenceRating": false,
          "LanguageRating": false,
          "FVRating": false,
          "BroadcastFormat": "4x3",
          "EndTime": "0001-01-01T00:00:00Z",
          "program": {
            "ProgramId": "00178333000000",
            "Title": "銅板美食呷透透",
            "Description": "東森新聞製播的美食特輯，記者深入台灣各地，尋找令人回味無窮的美食記憶，介紹各種好吃又便宜的店家。",
            "ShowType": "1"
          }
        },
        {
          "StationId": 91,
          "ProgramId": "00000001000009",
          "AirDateTime": "2025-11-09T05:00:00Z",
          "Duration": 3600,
          "PartNumber": 0,
          "NumberParts": 0,
          "Repeat": false,
          "PremiereFinale": 0,
          "LiveDelay": 3,
          "ClosedCaption": false,
          "Subtitled": false,
          "TvRating": 1,
          "SexRating": false,
          "ViolenceRating": false,
          "LanguageRating": false,
          "FVRating": false,
          "BroadcastFormat": "4x3",
          "EndTime": "0001-01-01T00:00:00Z",
          "program": {
            "ProgramId": "00000001000009",
            "Title": "巷弄美食家",
            "ShowType": "1"
          }
        },
        {
          "StationId": 91,
          "ProgramId": "00000001000004",
          "AirDateTime": "2025-11-09T06:00:00Z",
          "Duration": 3600,
          "PartNumber": 0,
          "NumberParts": 0,
          "Repeat": false,
          "PremiereFinale": 0,
          "LiveDelay": 3,
          "ClosedCaption": false,
          "Subtitled": false,
          "TvRating": 1,
          "SexRating": false,
          "ViolenceRating": false,
          "LanguageRating": false,
          "FVRating": false,
          "BroadcastFormat": "4x3",
          "EndTime": "0001-01-01T00:00:00Z",
          "program": {
            "ProgramId": "00000001000004",
            "Title": "美食打卡趣",
            "ShowType": "1"
          }
        },
        {
          "StationId": 91,
          "ProgramId": "00000001000005",
          "AirDateTime": "2025-11-09T07:00:00Z",
          "Duration": 3600,
          "PartNumber": 0,
          "NumberParts": 0,
          "Repeat": false,
          "PremiereFinale": 0,
          "LiveDelay": 3,
          "ClosedCaption": false,
          "Subtitled": false,
          "TvRating": 1,
          "SexRating": false,
          "ViolenceRating": false,
          "LanguageRating": false,
          "FVRating": false,
          "BroadcastFormat": "4x3",
          "EndTime": "0001-01-01T00:00:00Z",
          "program": {
            "ProgramId": "00000001000005",
            "Title": "小食光台味誌",
            "ShowType": "1"
          }
        },
        {
          "StationId": 91,
          "ProgramId": "00000001000006",
          "AirDateTime": "2025-11-09T08:00:00Z",
          "Duration": 3600,
          "PartNumber": 0,
          "NumberParts": 0,
          "Repeat": false,
          "PremiereFinale": 0,
          "LiveDelay": 3,
          "ClosedCaption": false,
          "Subtitled": false,
          "TvRating": 1,
          "SexRating": false,
          "ViolenceRating": false,
          "LanguageRating": false,
          "FVRating": false,
          "BroadcastFormat": "4x3",
          "EndTime": "0001-01-01T00:00:00Z",
          "program": {
            "ProgramId": "00000001000006",
            "Title": "打卡吧!我的炫FOOD日記",
            "ShowType": "1"
          }
        },
        {
          "StationId": 91,
          "ProgramId": "00000001000003",
          "AirDateTime": "2025-11-09T09:00:00Z",
          "Duration": 3600,
          "PartNumber": 0,
          "NumberParts": 0,
          "Repeat": false,
          "PremiereFinale": 0,
          "LiveDelay": 3,
          "ClosedCaption": false,
          "Subtitled": false,
          "TvRating": 1,
          "SexRating": false,
          "ViolenceRating": false,
          "LanguageRating": false,
          "FVRating": false,
          "BroadcastFormat": "4x3",
          "EndTime": "0001-01-01T00:00:00Z",
          "program": {
            "ProgramId": "00000001000003",
            "Title": "搜查事件簿",
            "ShowType": "1"
          }
        },
        {
          "StationId": 91,
          "ProgramId": "00000001000010",
          "AirDateTime": "2025-11-09T10:00:00Z",
          "Duration": 3600,
          "PartNumber": 0,
          "NumberParts": 0,
          "Repeat": false,
          "PremiereFinale": 0,
          "LiveDelay": 3,
          "ClosedCaption": false,
          "Subtitled": false,
          "TvRating": 1,
          "SexRating": false,
          "ViolenceRating": false,
          "LanguageRating": false,
          "FVRating": false,
          "BroadcastFormat": "4x3",
          "EndTime": "0001-01-01T00:00:00Z",
          "program": {
            "ProgramId": "00000001000010",
            "Title": "寰宇追追追",
            "ShowType": "1"
          }
        },
        {
          "StationId": 91,
          "ProgramId": "00178333000000",
          "AirDateTime": "2025-11-09T11:00:00Z",
          "Duration": 3600,
          "PartNumber": 0,
          "NumberParts": 0,
          "Repeat": false,
          "PremiereFinale": 0,
          "LiveDelay": 3,
          "ClosedCaption": false,
          "Subtitled": false,
          "TvRating": 1,
          "SexRating": false,
          "ViolenceRating": false,
          "LanguageRating": false,
          "FVRating": false,
          "BroadcastFormat": "4x3",
          "EndTime": "0001-01-01T00:00:00Z",
          "program": {
            "ProgramId": "00178333000000",
            "Title": "銅板美食呷透透",
            "Description": "東森新聞製播的美食特輯，記者深入台灣各地，尋找令人回味無窮的美食記憶，介紹各種好吃又便宜的店家。",
            "ShowType": "1"
          }
        },
        {
          "StationId": 91,
          "ProgramId": "00194448000000",
          "AirDateTime": "2025-11-09T12:00:00Z",
          "Duration": 3600,
          "PartNumber": 0,
          "NumberParts": 0,
          "Repeat": false,
          "PremiereFinale": 0,
          "LiveDelay": 3,
          "ClosedCaption": false,
          "Subtitled": false,
          "TvRating": 1,
          "SexRating": false,
          "ViolenceRating": false,
          "LanguageRating": false,
          "FVRating": false,
          "BroadcastFormat": "4x3",
          "EndTime": "0001-01-01T00:00:00Z",
          "program": {
            "ProgramId": "00194448000000",
            "Title": "怪奇物語",
            "Description": "東森新聞",
            "ShowType": "1"
          }
        },
        {
          "StationId": 91,
          "ProgramId": "00000001000005",
          "AirDateTime": "2025-11-09T13:00:00Z",
          "Duration": 3600,
          "PartNumber": 0,
          "NumberParts": 0,
          "Repeat": false,
          "PremiereFinale": 0,
          "LiveDelay": 3,
          "ClosedCaption": false,
          "Subtitled": false,
          "TvRating": 1,
          "SexRating": false,
          "ViolenceRating": false,
          "LanguageRating": false,
          "FVRating": false,
          "BroadcastFormat": "4x3",
          "EndTime": "0001-01-01T00:00:00Z",
          "program": {
            "ProgramId": "00000001000005",
            "Title": "小食光台味誌",
            "ShowType": "1"
          }
        },
        {
          "StationId": 91,
          "ProgramId": "00070217000000",
          "AirDateTime": "2025-11-09T14:00:00Z",
          "Duration": 3600,
          "PartNumber": 0,
          "NumberParts": 0,
          "Repeat": false,
          "PremiereFinale": 0,
          "LiveDelay": 3,
          "ClosedCaption": false,
          "Subtitled": false,
          "TvRating": 1,
          "SexRating": false,
          "ViolenceRating": false,
          "LanguageRating": false,
          "FVRating": false,
          "BroadcastFormat": "4x3",
          "EndTime": "0001-01-01T00:00:00Z",
          "program": {
            "ProgramId": "00070217000000",
            "Title": "現代啟示錄",
            "Description": "過去發生的經濟、金融問題，帶給現代的人們什麼樣的啟示？節目中系列專題報導，要用過去的經驗告訴人們，我們現在面臨的問題將如何解決。",
            "ShowType": "1"
          }
        },
        {
          "StationId": 91,
          "ProgramId": "00158597000001",
          "AirDateTime": "2025-11-09T15:00:00Z",
          "Duration": 3600,
          "PartNumber": 0,
          "NumberParts": 0,
          "Repeat": false,
          "PremiereFinale": 0,
          "LiveDelay": 3,
          "ClosedCaption": false,
          "Subtitled": false,
          "TvRating": 1,
          "SexRating": false,
          "ViolenceRating": false,
          "LanguageRating": false,
          "FVRating": false,
          "BroadcastFormat": "4x3",
          "EndTime": "0001-01-01T00:00:00Z",
          "program": {
            "ProgramId": "00158597000001",
            "Title": "台灣大代誌",
            "SubTitle": "#1",
            "Description": "時間播回1996年，當時爆發了兩國論台海危機，李登輝總統拋出了兩國論，大陸方面做出對台導彈試射進行威脅，不過李登輝總統說出了一句話：「他說不用怕啦！他們射出的都是啞巴彈空包彈，根本就是在作秀」大陸查到底是誰掀底牌的，分別是劉連昆、邵正宗，誰為他們牽線佈下整個情報脈絡的呢？",
            "ShowType": "1"
          }
        },
        {
          "StationId": 91,
          "ProgramId": "00000001000005",
          "AirDateTime": "2025-11-09T16:00:00Z",
          "Duration": 3600,
          "PartNumber": 0,
          "NumberParts": 0,
          "Repeat": false,
          "PremiereFinale": 0,
          "LiveDelay": 3,
          "ClosedCaption": false,
          "Subtitled": false,
          "TvRating": 1,
          "SexRating": false,
          "ViolenceRating": false,
          "LanguageRating": false,
          "FVRating": false,
          "BroadcastFormat": "4x3",
          "EndTime": "0001-01-01T00:00:00Z",
          "program": {
            "ProgramId": "00000001000005",
            "Title": "小食光台味誌",
            "ShowType": "1"
          }
        },
        {
          "StationId": 91,
          "ProgramId": "00000001000009",
          "AirDateTime": "2025-11-09T17:00:00Z",
          "Duration": 3600,
          "PartNumber": 0,
          "NumberParts": 0,
          "Repeat": false,
          "PremiereFinale": 0,
          "LiveDelay": 3,
          "ClosedCaption": false,
          "Subtitled": false,
          "TvRating": 1,
          "SexRating": false,
          "ViolenceRating": false,
          "LanguageRating": false,
          "FVRating": false,
          "BroadcastFormat": "4x3",
          "EndTime": "0001-01-01T00:00:00Z",
          "program": {
            "ProgramId": "00000001000009",
            "Title": "巷弄美食家",
            "ShowType": "1"
          }
        },
        {
          "StationId": 91,
          "ProgramId": "00000001000004",
          "AirDateTime": "2025-11-09T18:00:00Z",
          "Duration": 3600,
          "PartNumber": 0,
          "NumberParts": 0,
          "Repeat": false,
          "PremiereFinale": 0,
          "LiveDelay": 3,
          "ClosedCaption": false,
          "Subtitled": false,
          "TvRating": 1,
          "SexRating": false,
          "ViolenceRating": false,
          "LanguageRating": false,
          "FVRating": false,
          "BroadcastFormat": "4x3",
          "EndTime": "0001-01-01T00:00:00Z",
          "program": {
            "ProgramId": "00000001000004",
            "Title": "美食打卡趣",
            "ShowType": "1"
          }
        },
        {
          "StationId": 91,
          "ProgramId": "00000001000006",
          "AirDateTime": "2025-11-09T19:00:00Z",
          "Duration": 3600,
          "PartNumber": 0,
          "NumberParts": 0,
          "Repeat": false,
          "PremiereFinale": 0,
          "LiveDelay": 3,
          "ClosedCaption": false,
          "Subtitled": false,
          "TvRating": 1,
          "SexRating": false,
          "ViolenceRating": false,
          "LanguageRating": false,
          "FVRating": false,
          "BroadcastFormat": "4x3",
          "EndTime": "0001-01-01T00:00:00Z",
          "program": {
            "ProgramId": "00000001000006",
            "Title": "打卡吧!我的炫FOOD日記",
            "ShowType": "1"
          }
        },
        {
          "StationId": 91,
          "ProgramId": "00178333000000",
          "AirDateTime": "2025-11-09T20:00:00Z",
          "Duration": 3600,
          "PartNumber": 0,
          "NumberParts": 0,
          "Repeat": false,
          "PremiereFinale": 0,
          "LiveDelay": 3,
          "ClosedCaption": false,
          "Subtitled": false,
          "TvRating": 1,
          "SexRating": false,
          "ViolenceRating": false,
          "LanguageRating": false,
          "FVRating": false,
          "BroadcastFormat": "4x3",
          "EndTime": "0001-01-01T00:00:00Z",
          "program": {
            "ProgramId": "00178333000000",
            "Title": "銅板美食呷透透",
            "Description": "東森新聞製播的美食特輯，記者深入台灣各地，尋找令人回味無窮的美食記憶，介紹各種好吃又便宜的店家。",
            "ShowType": "1"
          }
        },
        {
          "StationId": 91,
          "ProgramId": "00000001000009",
          "AirDateTime": "2025-11-09T21:00:00Z",
          "Duration": 3600,
          "PartNumber": 0,
          "NumberParts": 0,
          "Repeat": false,
          "PremiereFinale": 0,
          "LiveDelay": 3,
          "ClosedCaption": false,
          "Subtitled": false,
          "TvRating": 1,
          "SexRating": false,
          "ViolenceRating": false,
          "LanguageRating": false,
          "FVRating": false,
          "BroadcastFormat": "4x3",
          "EndTime": "0001-01-01T00:00:00Z",
          "program": {
            "ProgramId": "00000001000009",
            "Title": "巷弄美食家",
            "ShowType": "1"
          }
        },
        {
          "StationId": 91,
          "ProgramId": "00178333000000",
          "AirDateTime": "2025-11-09T22:00:00Z",
          "Duration": 3600,
          "PartNumber": 0,
          "NumberParts": 0,
          "Repeat": false,
          "PremiereFinale": 0,
          "LiveDelay": 3,
          "ClosedCaption": false,
          "Subtitled": false,
          "TvRating": 1,
          "SexRating": false,
          "ViolenceRating": false,
          "LanguageRating": false,
          "FVRating": false,
          "BroadcastFormat": "4x3",
          "EndTime": "0001-01-01T00:00:00Z",
          "program": {
            "ProgramId": "00178333000000",
            "Title": "銅板美食呷透透",
            "Description": "東森新聞製播的美食特輯，記者深入台灣各地，尋找令人回味無窮的美食記憶，介紹各種好吃又便宜的店家。",
            "ShowType": "1"
          }
        },
        {
          "StationId": 91,
          "ProgramId": "00172929000000",
          "AirDateTime": "2025-11-09T23:00:00Z",
          "Duration": 3600,
          "PartNumber": 0,
          "NumberParts": 0,
          "Repeat": false,
          "PremiereFinale": 0,
          "LiveDelay": 3,
          "ClosedCaption": false,
          "Subtitled": false,
          "TvRating": 1,
          "SexRating": false,
          "ViolenceRating": false,
          "LanguageRating": false,
          "FVRating": false,
          "BroadcastFormat": "4x3",
          "EndTime": "0001-01-01T00:00:00Z",
          "program": {
            "ProgramId": "00172929000000",
            "Title": "理財達人秀",
            "Description": "全台灣最精采好懂的理財影片！保險、股市、房地產、基金、投資觀念，最實用的知識一看就通！投資新手到專家的討論園地。",
            "ShowType": "1"
          }
        },
        {
          "StationId": 91,
          "ProgramId": "00000001000001",
          "AirDateTime": "2025-11-10T00:00:00Z",
          "Duration": 3600,
          "PartNumber": 0,
          "NumberParts": 0,
          "Repeat": false,
          "PremiereFinale": 0,
          "LiveDelay": 3,
          "ClosedCaption": false,
          "Subtitled": false,
          "TvRating": 1,
          "SexRating": false,
          "ViolenceRating": false,
          "LanguageRating": false,
          "FVRating": false,
          "BroadcastFormat": "4x3",
          "EndTime": "0001-01-01T00:00:00Z",
          "program": {
            "ProgramId": "00000001000001",
            "Title": "財經透視線",
            "ShowType": "1"
          }
        },
        {
          "StationId": 91,
          "ProgramId": "00000001000002",
          "AirDateTime": "2025-11-10T01:00:00Z",
          "Duration": 3600,
          "PartNumber": 0,
          "NumberParts": 0,
          "Repeat": false,
          "PremiereFinale": 0,
          "LiveDelay": 3,
          "ClosedCaption": false,
          "Subtitled": false,
          "TvRating": 1,
          "SexRating": false,
          "ViolenceRating": false,
          "LanguageRating": false,
          "FVRating": false,
          "BroadcastFormat": "4x3",
          "EndTime": "0001-01-01T00:00:00Z",
          "program": {
            "ProgramId": "00000001000002",
            "Title": "台股線上",
            "ShowType": "1"
          }
        },
        {
          "StationId": 91,
          "ProgramId": "00000001000002",
          "AirDateTime": "2025-11-10T02:00:00Z",
          "Duration": 3600,
          "PartNumber": 0,
          "NumberParts": 0,
          "Repeat": false,
          "PremiereFinale": 0,
          "LiveDelay": 3,
          "ClosedCaption": false,
          "Subtitled": false,
          "TvRating": 1,
          "SexRating": false,
          "ViolenceRating": false,
          "LanguageRating": false,
          "FVRating": false,
          "BroadcastFormat": "4x3",
          "EndTime": "0001-01-01T00:00:00Z",
          "program": {
            "ProgramId": "00000001000002",
            "Title": "台股線上",
            "ShowType": "1"
          }
        },
        {
          "StationId": 91,
          "ProgramId": "00000001000002",
          "AirDateTime": "2025-11-10T03:00:00Z",
          "Duration": 3600,
          "PartNumber": 0,
          "NumberParts": 0,
          "Repeat": false,
          "PremiereFinale": 0,
          "LiveDelay": 3,
          "ClosedCaption": false,
          "Subtitled": false,
          "TvRating": 1,
          "SexRating": false,
          "ViolenceRating": false,
          "LanguageRating": false,
          "FVRating": false,
          "BroadcastFormat": "4x3",
          "EndTime": "0001-01-01T00:00:00Z",
          "program": {
            "ProgramId": "00000001000002",
            "Title": "台股線上",
            "ShowType": "1"
          }
        },
        {
          "StationId": 91,
          "ProgramId": "00000001000002",
          "AirDateTime": "2025-11-10T04:00:00Z",
          "Duration": 3600,
          "PartNumber": 0,
          "NumberParts": 0,
          "Repeat": false,
          "PremiereFinale": 0,
          "LiveDelay": 3,
          "ClosedCaption": false,
          "Subtitled": false,
          "TvRating": 1,
          "SexRating": false,
          "ViolenceRating": false,
          "LanguageRating": false,
          "FVRating": false,
          "BroadcastFormat": "4x3",
          "EndTime": "0001-01-01T00:00:00Z",
          "program": {
            "ProgramId": "00000001000002",
            "Title": "台股線上",
            "ShowType": "1"
          }
        },
        {
          "StationId": 91,
          "ProgramId": "00000001000002",
          "AirDateTime": "2025-11-10T05:00:00Z",
          "Duration": 3600,
          "PartNumber": 0,
          "NumberParts": 0,
          "Repeat": false,
          "PremiereFinale": 0,
          "LiveDelay": 3,
          "ClosedCaption": false,
          "Subtitled": false,
          "TvRating": 1,
          "SexRating": false,
          "ViolenceRating": false,
          "LanguageRating": false,
          "FVRating": false,
          "BroadcastFormat": "4x3",
          "EndTime": "0001-01-01T00:00:00Z",
          "program": {
            "ProgramId": "00000001000002",
            "Title": "台股線上",
            "ShowType": "1"
          }
        },
        {
          "StationId": 91,
          "ProgramId": "00186448000000",
          "AirDateTime": "2025-11-10T06:00:00Z",
          "Duration": 3600,
          "PartNumber": 0,
          "NumberParts": 0,
          "Repeat": false,
          "PremiereFinale": 0,
          "LiveDelay": 3,
          "ClosedCaption": false,
          "Subtitled": false,
          "TvRating": 1,
          "SexRating": false,
          "ViolenceRating": false,
          "LanguageRating": false,
          "FVRating": false,
          "BroadcastFormat": "4x3",
          "EndTime": "0001-01-01T00:00:00Z",
          "program": {
            "ProgramId": "00186448000000",
            "Title": "股海大丈夫",
            "ShowType": "1"
          }
        },
        {
          "StationId": 91,
          "ProgramId": "00000001000004",
          "AirDateTime": "2025-11-10T07:00:00Z",
          "Duration": 3600,
          "PartNumber": 0,
          "NumberParts": 0,
          "Repeat": false,
          "PremiereFinale": 0,
          "LiveDelay": 3,
          "ClosedCaption": false,
          "Subtitled": false,
          "TvRating": 1,
          "SexRating": false,
          "ViolenceRating": false,
          "LanguageRating": false,
          "FVRating": false,
          "BroadcastFormat": "4x3",
          "EndTime": "0001-01-01T00:00:00Z",
          "program": {
            "ProgramId": "00000001000004",
            "Title": "美食打卡趣",
            "ShowType": "1"
          }
        },
        {
          "StationId": 91,
          "ProgramId": "00000001000010",
          "AirDateTime": "2025-11-10T08:00:00Z",
          "Duration": 3600,
          "PartNumber": 0,
          "NumberParts": 0,
          "Repeat": false,
          "PremiereFinale": 0,
          "LiveDelay": 3,
          "ClosedCaption": false,
          "Subtitled": false,
          "TvRating": 1,
          "SexRating": false,
          "ViolenceRating": false,
          "LanguageRating": false,
          "FVRating": false,
          "BroadcastFormat": "4x3",
          "EndTime": "0001-01-01T00:00:00Z",
          "program": {
            "ProgramId": "00000001000010",
            "Title": "寰宇追追追",
            "ShowType": "1"
          }
        }
      ],
      "Logo": "logo_litv_4gtv-4gtv158_pc.png",
      "station_categories": [
        {
          "Name": "新聞‧財經",
          "EngName": "News & Finance",
          "MenuOrder": 3
        },
        {
          "Name": "熱門收視頻道",
          "EngName": "TOP50",
          "MenuOrder": 1
        }
      ]
    },
    "introduction": {
      "image": "https://p-cdnstatic.svc.litv.tv/pics/logo_litv_litv-longturn23_mobile.png",
      "description": "",
      "href_maps": []
    },
    "recommends": [],
    "ua": "Mozilla/5.0 (Windows NT 10.0; Win64; x64) AppleWebKit/537.36 (KHTML, like Gecko) Chrome/91.0.4472.124 Safari/537.36"
  },
  "__N_SSP": true
}