{
  "pageProps": {
    "contentId": "litv-longturn21",
    "channel": {
      "title": "龍華經典台",
      "no": 69,
      "charge_mode": "F",
      "content_id": "litv-longturn21",
      "content_type": "channel",
      "epg_categories": [
        21,
        19
      ],
      "genres": [
        {
          "id": "",
          "name": "Movie",
          "logo": ""
        }
      ],
      "liad_id": "CHOFIWEB",
      "package_info_id": "VOD_CHANNEL_DELUX",
      "picture": "pics/logo_litv_litv-longturn21_tv.png",
      "provider": [
        {
          "id": "",
          "name": "4gTV",
          "logo": ""
        }
      ],
      "quality": "HD",
      "station_id": "",
      "trial": "CH_TRAIL",
      "selectable": 0,
      "tr_logo": "",
      "tl_logo": "",
      "br_logo": "",
      "bl_logo": "",
      "menu_type": 0,
      "StationID": 1188,
      "Name": "龍華經典台",
      "CallSign": "龍華經典台",
      "TuningChannel": "69",
      "Categories": [
        19,
        21
      ],
      "ChannelId": "",
      "CdnCode": "litv-longturn21",
      "IsHD": true,
      "Schedule": [
        {
          "StationId": 1188,
          "ProgramId": "00020575000000",
          "AirDateTime": "2025-11-08T00:25:00Z",
          "Duration": 6900,
          "PartNumber": 0,
          "NumberParts": 0,
          "Repeat": false,
          "PremiereFinale": 0,
          "LiveDelay": 3,
          "ClosedCaption": false,
          "Subtitled": false,
          "TvRating": 1,
          "SexRating": false,
          "ViolenceRating": false,
          "LanguageRating": false,
          "FVRating": false,
          "BroadcastFormat": "4x3",
          "EndTime": "0001-01-01T00:00:00Z",
          "program": {
            "ProgramId": "00020575000000",
            "Title": "師弟出馬",
            "Description": "賽獅大會七年來皆由正風武館奪得勝利金獅，今年賽獅大會特設一難度極高之意頭青，由正風武館及威義武館進行角逐。出賽前正風武館之大師兄失足跌傷腿部，不能出賽，正風武館遂派阿龍（成龍）舞獅頭，與威瞥見威義武館舞獅頭者竟然是裝傷避賽之大師兄…",
            "ShowType": "98"
          }
        },
        {
          "StationId": 1188,
          "ProgramId": "00004267000000",
          "AirDateTime": "2025-11-08T02:20:00Z",
          "Duration": 6600,
          "PartNumber": 0,
          "NumberParts": 0,
          "Repeat": false,
          "PremiereFinale": 0,
          "LiveDelay": 3,
          "ClosedCaption": false,
          "Subtitled": false,
          "TvRating": 1,
          "SexRating": false,
          "ViolenceRating": false,
          "LanguageRating": false,
          "FVRating": false,
          "BroadcastFormat": "4x3",
          "EndTime": "0001-01-01T00:00:00Z",
          "program": {
            "ProgramId": "00004267000000",
            "Title": "荒野大鏢客",
            "SubTitle": "A Fistful of Dollars",
            "Description": "墨西哥邊境小鎮來了一位大鏢客，他得知鎮上勢不兩立的兩大幫派廝殺已久，便決定與兩派斡旋，除去鎮上惡勢力，恢復小鎮的平靜。",
            "ShowType": "98"
          }
        },
        {
          "StationId": 1188,
          "ProgramId": "00030340000000",
          "AirDateTime": "2025-11-08T04:10:00Z",
          "Duration": 9600,
          "PartNumber": 0,
          "NumberParts": 0,
          "Repeat": false,
          "PremiereFinale": 0,
          "LiveDelay": 3,
          "ClosedCaption": false,
          "Subtitled": false,
          "TvRating": 1,
          "SexRating": false,
          "ViolenceRating": false,
          "LanguageRating": false,
          "FVRating": false,
          "BroadcastFormat": "4x3",
          "EndTime": "0001-01-01T00:00:00Z",
          "program": {
            "ProgramId": "00030340000000",
            "Title": "越南大戰",
            "SubTitle": "The Green Berets",
            "Description": "越戰時，麥克柯比上校（約翰韋恩）從陸軍精英特種部隊\"綠扁帽\"成員中挑選隊員，進行秘密任務。第一件任務是要設立一處軍營，而後設法讓越共俘虜；第二件任務則是深入敵境，綁架一名北越的將軍…",
            "ShowType": "98"
          }
        },
        {
          "StationId": 1188,
          "ProgramId": "00174272000000",
          "AirDateTime": "2025-11-08T06:50:00Z",
          "Duration": 7200,
          "PartNumber": 0,
          "NumberParts": 0,
          "Repeat": false,
          "PremiereFinale": 0,
          "LiveDelay": 3,
          "ClosedCaption": false,
          "Subtitled": false,
          "TvRating": 1,
          "SexRating": false,
          "ViolenceRating": false,
          "LanguageRating": false,
          "FVRating": false,
          "BroadcastFormat": "4x3",
          "EndTime": "0001-01-01T00:00:00Z",
          "program": {
            "ProgramId": "00174272000000",
            "Title": "瞞天機密",
            "SubTitle": "Official Secrets",
            "Description": "英國情報機構的翻譯員凱薩琳（綺拉奈特莉）某天收到一封電子郵件，內容為英美政府高層聯合進行非法監聽行動，好讓聯合國安理會同意發動伊拉克戰爭。她勇敢向媒體揭發此事，卻因此引來英美政府聯手施壓，生活、婚姻與自由也因此面臨威脅…",
            "ShowType": "98"
          }
        },
        {
          "StationId": 1188,
          "ProgramId": "00031431000000",
          "AirDateTime": "2025-11-08T08:50:00Z",
          "Duration": 9600,
          "PartNumber": 0,
          "NumberParts": 0,
          "Repeat": false,
          "PremiereFinale": 0,
          "LiveDelay": 3,
          "ClosedCaption": false,
          "Subtitled": false,
          "TvRating": 1,
          "SexRating": false,
          "ViolenceRating": false,
          "LanguageRating": false,
          "FVRating": false,
          "BroadcastFormat": "4x3",
          "EndTime": "0001-01-01T00:00:00Z",
          "program": {
            "ProgramId": "00031431000000",
            "Title": "孤雛淚",
            "ShowType": "5"
          }
        },
        {
          "StationId": 1188,
          "ProgramId": "00003967000000",
          "AirDateTime": "2025-11-08T11:30:00Z",
          "Duration": 5400,
          "PartNumber": 0,
          "NumberParts": 0,
          "Repeat": false,
          "PremiereFinale": 0,
          "LiveDelay": 3,
          "ClosedCaption": false,
          "Subtitled": false,
          "TvRating": 1,
          "SexRating": false,
          "ViolenceRating": false,
          "LanguageRating": false,
          "FVRating": false,
          "BroadcastFormat": "4x3",
          "EndTime": "0001-01-01T00:00:00Z",
          "program": {
            "ProgramId": "00003967000000",
            "Title": "新流星蝴蝶劍",
            "SubTitle": "Butterfly & Sword",
            "Description": "明代東西兩廠首腦形成敵對勢力，東廠曹公公為揭發西廠李公公叛國奸計，遂請「快活林」高老大（楊紫瓊）及其助手孟星魂（梁朝偉）、葉翔（甄子丹）混入李公公仰賴的聚賢山莊，盜取李公公叛圖密函。孟得孫莊主賞識，將其愛妾苗小小給配孟。中秋晚，高、孟、葉圍剿聚賢山莊，取得密函後，三人才駭然發現…",
            "ShowType": "98"
          }
        },
        {
          "StationId": 1188,
          "ProgramId": "00194989000000",
          "AirDateTime": "2025-11-08T13:00:00Z",
          "Duration": 5100,
          "PartNumber": 0,
          "NumberParts": 0,
          "Repeat": false,
          "PremiereFinale": 0,
          "LiveDelay": 3,
          "ClosedCaption": false,
          "Subtitled": false,
          "TvRating": 1,
          "SexRating": false,
          "ViolenceRating": false,
          "LanguageRating": false,
          "FVRating": false,
          "BroadcastFormat": "4x3",
          "EndTime": "0001-01-01T00:00:00Z",
          "program": {
            "ProgramId": "00194989000000",
            "Title": "奇門異人",
            "SubTitle": "Magic Man",
            "Description": "天生具有「身體金屬化」特異功能的冷鋼，在某次的刺殺行動中，被同門殺手重傷，幸得酒館老闆紅籮及其妹妹麥子所救。為了報恩，冷鋼短暫留在酒館，這裡的親情和溫暖，讓一直過著刀尖舔血生活的冷鋼決心要回歸平凡。豈料，極樂幫卻在此時大肆拘捕異能者，而具有「心靈探查」能力的麥子，成了最大的目標…",
            "ShowType": "98"
          }
        },
        {
          "StationId": 1188,
          "ProgramId": "00000001000108",
          "AirDateTime": "2025-11-08T14:25:00Z",
          "Duration": 6300,
          "PartNumber": 0,
          "NumberParts": 0,
          "Repeat": false,
          "PremiereFinale": 0,
          "LiveDelay": 3,
          "ClosedCaption": false,
          "Subtitled": false,
          "TvRating": 1,
          "SexRating": false,
          "ViolenceRating": false,
          "LanguageRating": false,
          "FVRating": false,
          "BroadcastFormat": "4x3",
          "EndTime": "0001-01-01T00:00:00Z",
          "program": {
            "ProgramId": "00000001000108",
            "Title": "太空英雌",
            "ShowType": "1"
          }
        },
        {
          "StationId": 1188,
          "ProgramId": "00180106000000",
          "AirDateTime": "2025-11-08T16:10:00Z",
          "Duration": 6600,
          "PartNumber": 0,
          "NumberParts": 0,
          "Repeat": false,
          "PremiereFinale": 0,
          "LiveDelay": 3,
          "ClosedCaption": false,
          "Subtitled": false,
          "TvRating": 1,
          "SexRating": false,
          "ViolenceRating": false,
          "LanguageRating": false,
          "FVRating": false,
          "BroadcastFormat": "4x3",
          "EndTime": "0001-01-01T00:00:00Z",
          "program": {
            "ProgramId": "00180106000000",
            "Title": "獨帆之聲",
            "SubTitle": "The Mercy",
            "Description": "1968年，唐諾（柯林佛斯）打算參加備受矚目的環行世界獨帆大賽，並成為史上第一位完全不靠岸、獨自航行環繞世界的人。隨著唐諾在比賽中，以史無前例的驚人速度航行，媒體也將他打造成英國家喻戶曉的英雄人物。不過，就在家人歡天喜地準備迎接他凱旋歸來時，遠方竟傳來唐諾消失在茫茫大海中的噩耗…",
            "ShowType": "98"
          }
        },
        {
          "StationId": 1188,
          "ProgramId": "00030437000000",
          "AirDateTime": "2025-11-08T18:00:00Z",
          "Duration": 14400,
          "PartNumber": 0,
          "NumberParts": 0,
          "Repeat": false,
          "PremiereFinale": 0,
          "LiveDelay": 3,
          "ClosedCaption": false,
          "Subtitled": false,
          "TvRating": 1,
          "SexRating": false,
          "ViolenceRating": false,
          "LanguageRating": false,
          "FVRating": false,
          "BroadcastFormat": "4x3",
          "EndTime": "0001-01-01T00:00:00Z",
          "program": {
            "ProgramId": "00030437000000",
            "Title": "收播",
            "SubTitle": "aka:系統測試",
            "Description": "目前無播出節目。",
            "ShowType": "1"
          }
        },
        {
          "StationId": 1188,
          "ProgramId": "00000001000109",
          "AirDateTime": "2025-11-08T22:00:00Z",
          "Duration": 9000,
          "PartNumber": 0,
          "NumberParts": 0,
          "Repeat": false,
          "PremiereFinale": 0,
          "LiveDelay": 3,
          "ClosedCaption": false,
          "Subtitled": false,
          "TvRating": 1,
          "SexRating": false,
          "ViolenceRating": false,
          "LanguageRating": false,
          "FVRating": false,
          "BroadcastFormat": "4x3",
          "EndTime": "0001-01-01T00:00:00Z",
          "program": {
            "ProgramId": "00000001000109",
            "Title": "西蒙娜：世紀之聲",
            "ShowType": "1"
          }
        },
        {
          "StationId": 1188,
          "ProgramId": "00018967000000",
          "AirDateTime": "2025-11-09T00:30:00Z",
          "Duration": 6600,
          "PartNumber": 0,
          "NumberParts": 0,
          "Repeat": false,
          "PremiereFinale": 0,
          "LiveDelay": 3,
          "ClosedCaption": false,
          "Subtitled": false,
          "TvRating": 1,
          "SexRating": false,
          "ViolenceRating": false,
          "LanguageRating": false,
          "FVRating": false,
          "BroadcastFormat": "4x3",
          "EndTime": "0001-01-01T00:00:00Z",
          "program": {
            "ProgramId": "00018967000000",
            "Title": "十兄弟",
            "Description": "紀巧兒（郭可盈）不小心吞下了10粒晶石後，未婚產下千里眼、順風耳、大力三等各懷異能的十兄弟，而被逐出家門，幸得愛慕巧兒的大蝦（林文龍）收留。然而十兄弟古怪的外貌及超能力，卻不斷地帶來麻煩，還被中央專員及險大帥處處利用…",
            "ShowType": "5"
          }
        },
        {
          "StationId": 1188,
          "ProgramId": "00000001000110",
          "AirDateTime": "2025-11-09T02:20:00Z",
          "Duration": 12000,
          "PartNumber": 0,
          "NumberParts": 0,
          "Repeat": false,
          "PremiereFinale": 0,
          "LiveDelay": 3,
          "ClosedCaption": false,
          "Subtitled": false,
          "TvRating": 1,
          "SexRating": false,
          "ViolenceRating": false,
          "LanguageRating": false,
          "FVRating": false,
          "BroadcastFormat": "4x3",
          "EndTime": "0001-01-01T00:00:00Z",
          "program": {
            "ProgramId": "00000001000110",
            "Title": "黃昏三鏢客",
            "ShowType": "1"
          }
        },
        {
          "StationId": 1188,
          "ProgramId": "00000001000111",
          "AirDateTime": "2025-11-09T05:40:00Z",
          "Duration": 4500,
          "PartNumber": 0,
          "NumberParts": 0,
          "Repeat": false,
          "PremiereFinale": 0,
          "LiveDelay": 3,
          "ClosedCaption": false,
          "Subtitled": false,
          "TvRating": 1,
          "SexRating": false,
          "ViolenceRating": false,
          "LanguageRating": false,
          "FVRating": false,
          "BroadcastFormat": "4x3",
          "EndTime": "0001-01-01T00:00:00Z",
          "program": {
            "ProgramId": "00000001000111",
            "Title": "末日錶盤",
            "ShowType": "1"
          }
        },
        {
          "StationId": 1188,
          "ProgramId": "00000001000112",
          "AirDateTime": "2025-11-09T06:55:00Z",
          "Duration": 6000,
          "PartNumber": 0,
          "NumberParts": 0,
          "Repeat": false,
          "PremiereFinale": 0,
          "LiveDelay": 3,
          "ClosedCaption": false,
          "Subtitled": false,
          "TvRating": 1,
          "SexRating": false,
          "ViolenceRating": false,
          "LanguageRating": false,
          "FVRating": false,
          "BroadcastFormat": "4x3",
          "EndTime": "0001-01-01T00:00:00Z",
          "program": {
            "ProgramId": "00000001000112",
            "Title": "地球攻擊命令：哥吉拉對蓋剛",
            "ShowType": "1"
          }
        },
        {
          "StationId": 1188,
          "ProgramId": "00000001000113",
          "AirDateTime": "2025-11-09T08:35:00Z",
          "Duration": 8700,
          "PartNumber": 0,
          "NumberParts": 0,
          "Repeat": false,
          "PremiereFinale": 0,
          "LiveDelay": 3,
          "ClosedCaption": false,
          "Subtitled": false,
          "TvRating": 1,
          "SexRating": false,
          "ViolenceRating": false,
          "LanguageRating": false,
          "FVRating": false,
          "BroadcastFormat": "4x3",
          "EndTime": "0001-01-01T00:00:00Z",
          "program": {
            "ProgramId": "00000001000113",
            "Title": "鐵拉瑪九壯士",
            "ShowType": "1"
          }
        },
        {
          "StationId": 1188,
          "ProgramId": "00000001000114",
          "AirDateTime": "2025-11-09T11:00:00Z",
          "Duration": 7200,
          "PartNumber": 0,
          "NumberParts": 0,
          "Repeat": false,
          "PremiereFinale": 0,
          "LiveDelay": 3,
          "ClosedCaption": false,
          "Subtitled": false,
          "TvRating": 1,
          "SexRating": false,
          "ViolenceRating": false,
          "LanguageRating": false,
          "FVRating": false,
          "BroadcastFormat": "4x3",
          "EndTime": "0001-01-01T00:00:00Z",
          "program": {
            "ProgramId": "00000001000114",
            "Title": "盲女驚魂記",
            "ShowType": "1"
          }
        },
        {
          "StationId": 1188,
          "ProgramId": "00061127000000",
          "AirDateTime": "2025-11-09T13:00:00Z",
          "Duration": 7500,
          "PartNumber": 0,
          "NumberParts": 0,
          "Repeat": false,
          "PremiereFinale": 0,
          "LiveDelay": 3,
          "ClosedCaption": false,
          "Subtitled": false,
          "TvRating": 1,
          "SexRating": false,
          "ViolenceRating": false,
          "LanguageRating": false,
          "FVRating": false,
          "BroadcastFormat": "4x3",
          "EndTime": "0001-01-01T00:00:00Z",
          "program": {
            "ProgramId": "00061127000000",
            "Title": "警網鐵金剛",
            "SubTitle": "Bullitt",
            "Description": "改編自羅伯派克的犯罪小說。多虧導演彼得葉慈出色的執導及史提夫麥昆（「惡魔島」）的完美詮釋，才能將這本精彩的小說經由大銀幕呈現在觀眾眼前。",
            "ShowType": "98"
          }
        },
        {
          "StationId": 1188,
          "ProgramId": "00195422000000",
          "AirDateTime": "2025-11-09T15:05:00Z",
          "Duration": 4500,
          "PartNumber": 0,
          "NumberParts": 0,
          "Repeat": false,
          "PremiereFinale": 0,
          "LiveDelay": 3,
          "ClosedCaption": false,
          "Subtitled": false,
          "TvRating": 1,
          "SexRating": false,
          "ViolenceRating": false,
          "LanguageRating": false,
          "FVRating": false,
          "BroadcastFormat": "4x3",
          "EndTime": "0001-01-01T00:00:00Z",
          "program": {
            "ProgramId": "00195422000000",
            "Title": "哮天神犬勇闖龍宮",
            "SubTitle": "Xiao Tian Dog Fight in The Dragon Palace",
            "Description": "哮天犬（龐景峰）因救龍王三太子有功，得到龍王贈予龍珠。化為人形的哮天犬生性善良，誤中貓妖的詭計被其逃出天牢。玉帝震怒，問責二郎神（錢小豪）的同時將哮天犬貶入人間，令其彌補過失。哮天犬下凡後勇闖銷魂閣捉拿貓妖，卻血戰不敵節節敗退，關鍵時刻二郎神忽然現身…",
            "ShowType": "98"
          }
        },
        {
          "StationId": 1188,
          "ProgramId": "00000001000115",
          "AirDateTime": "2025-11-09T16:20:00Z",
          "Duration": 6000,
          "PartNumber": 0,
          "NumberParts": 0,
          "Repeat": false,
          "PremiereFinale": 0,
          "LiveDelay": 3,
          "ClosedCaption": false,
          "Subtitled": false,
          "TvRating": 1,
          "SexRating": false,
          "ViolenceRating": false,
          "LanguageRating": false,
          "FVRating": false,
          "BroadcastFormat": "4x3",
          "EndTime": "0001-01-01T00:00:00Z",
          "program": {
            "ProgramId": "00000001000115",
            "Title": "大洪荒",
            "ShowType": "1"
          }
        },
        {
          "StationId": 1188,
          "ProgramId": "00030437000000",
          "AirDateTime": "2025-11-09T18:00:00Z",
          "Duration": 14400,
          "PartNumber": 0,
          "NumberParts": 0,
          "Repeat": false,
          "PremiereFinale": 0,
          "LiveDelay": 3,
          "ClosedCaption": false,
          "Subtitled": false,
          "TvRating": 1,
          "SexRating": false,
          "ViolenceRating": false,
          "LanguageRating": false,
          "FVRating": false,
          "BroadcastFormat": "4x3",
          "EndTime": "0001-01-01T00:00:00Z",
          "program": {
            "ProgramId": "00030437000000",
            "Title": "收播",
            "SubTitle": "aka:系統測試",
            "Description": "目前無播出節目。",
            "ShowType": "1"
          }
        },
        {
          "StationId": 1188,
          "ProgramId": "00000001000116",
          "AirDateTime": "2025-11-09T22:00:00Z",
          "Duration": 7200,
          "PartNumber": 0,
          "NumberParts": 0,
          "Repeat": false,
          "PremiereFinale": 0,
          "LiveDelay": 3,
          "ClosedCaption": false,
          "Subtitled": false,
          "TvRating": 1,
          "SexRating": false,
          "ViolenceRating": false,
          "LanguageRating": false,
          "FVRating": false,
          "BroadcastFormat": "4x3",
          "EndTime": "0001-01-01T00:00:00Z",
          "program": {
            "ProgramId": "00000001000116",
            "Title": "天地民心(25-26)",
            "ShowType": "1"
          }
        },
        {
          "StationId": 1188,
          "ProgramId": "00118197000000",
          "AirDateTime": "2025-11-10T00:00:00Z",
          "Duration": 7800,
          "PartNumber": 0,
          "NumberParts": 0,
          "Repeat": false,
          "PremiereFinale": 0,
          "LiveDelay": 3,
          "ClosedCaption": false,
          "Subtitled": false,
          "TvRating": 1,
          "SexRating": false,
          "ViolenceRating": false,
          "LanguageRating": false,
          "FVRating": false,
          "BroadcastFormat": "4x3",
          "EndTime": "0001-01-01T00:00:00Z",
          "program": {
            "ProgramId": "00118197000000",
            "Title": "馴悍記",
            "SubTitle": "The Taming of the Shrew",
            "Description": "改編自莎翁筆下的同名喜劇。十六世紀的維洛納窮紳士彼特魯喬（李察波頓），看上了富商千金凱特琳娜（伊麗莎白泰勒）豐厚的嫁妝，因此不管她個性兇悍暴躁的名聲，對她展開熱烈追求。卻在婚後，開始設法馴服這位惡名昭彰的悍婦…",
            "ShowType": "98"
          }
        },
        {
          "StationId": 1188,
          "ProgramId": "00174341000000",
          "AirDateTime": "2025-11-10T02:10:00Z",
          "Duration": 8100,
          "PartNumber": 0,
          "NumberParts": 0,
          "Repeat": false,
          "PremiereFinale": 0,
          "LiveDelay": 3,
          "ClosedCaption": false,
          "Subtitled": false,
          "TvRating": 1,
          "SexRating": false,
          "ViolenceRating": false,
          "LanguageRating": false,
          "FVRating": false,
          "BroadcastFormat": "4x3",
          "EndTime": "0001-01-01T00:00:00Z",
          "program": {
            "ProgramId": "00174341000000",
            "Title": "極地先鋒",
            "SubTitle": "Amundsen",
            "Description": "舉世聞名的極地探險家阿蒙森，致力於探索人類未知的世界。即使忍受飢餓、渾身凍瘡，他還是憑藉堅強的意志力，成為史上首位征服南極的人。璀璨的成就讓他留名千古，甚至連月球的山脈都以他來命名。不過作為一個男人，阿蒙森的故事卻不止於此，透過他的弟弟與妻子的不同視角，阿蒙森的爭議人生逐一揭曉…",
            "ShowType": "98"
          }
        },
        {
          "StationId": 1188,
          "ProgramId": "00034460000000",
          "AirDateTime": "2025-11-10T04:25:00Z",
          "Duration": 11100,
          "PartNumber": 0,
          "NumberParts": 0,
          "Repeat": false,
          "PremiereFinale": 0,
          "LiveDelay": 3,
          "ClosedCaption": false,
          "Subtitled": false,
          "TvRating": 1,
          "SexRating": false,
          "ViolenceRating": false,
          "LanguageRating": false,
          "FVRating": false,
          "BroadcastFormat": "4x3",
          "EndTime": "0001-01-01T00:00:00Z",
          "program": {
            "ProgramId": "00034460000000",
            "Title": "狂沙十萬里",
            "SubTitle": "Once Upon A Time In The West",
            "Description": "義大利西部片宗師里昂尼的經典之作，被譽為影史上最偉大的西部片。一名神祕客（查理士布朗遜）光臨猶他州一處小鎮，被捲入一名寡婦與鐵路大亨的土地搶奪戰…一向形象正義的亨利方達，在片中顛覆形象，飾演反派的冷面殺手。",
            "ShowType": "98"
          }
        },
        {
          "StationId": 1188,
          "ProgramId": "00000001000117",
          "AirDateTime": "2025-11-10T07:30:00Z",
          "Duration": 6900,
          "PartNumber": 0,
          "NumberParts": 0,
          "Repeat": false,
          "PremiereFinale": 0,
          "LiveDelay": 3,
          "ClosedCaption": false,
          "Subtitled": false,
          "TvRating": 1,
          "SexRating": false,
          "ViolenceRating": false,
          "LanguageRating": false,
          "FVRating": false,
          "BroadcastFormat": "4x3",
          "EndTime": "0001-01-01T00:00:00Z",
          "program": {
            "ProgramId": "00000001000117",
            "Title": "蝙蝠俠1966",
            "ShowType": "1"
          }
        },
        {
          "StationId": 1188,
          "ProgramId": "00020211000000",
          "AirDateTime": "2025-11-10T09:25:00Z",
          "Duration": 5700,
          "PartNumber": 0,
          "NumberParts": 0,
          "Repeat": false,
          "PremiereFinale": 0,
          "LiveDelay": 3,
          "ClosedCaption": false,
          "Subtitled": false,
          "TvRating": 1,
          "SexRating": false,
          "ViolenceRating": false,
          "LanguageRating": false,
          "FVRating": false,
          "BroadcastFormat": "4x3",
          "EndTime": "0001-01-01T00:00:00Z",
          "program": {
            "ProgramId": "00020211000000",
            "Title": "開心鬼撞鬼",
            "Description": "開心鬼(黃百鳴)化身為教師康老師，因誤將一孕婦送錯醫院，讓過氣女歌星徐半香(張曼玉)的鬼魂錯過投胎時間。半香為洩心頭之憤，使用各種方法來戲弄康…",
            "ShowType": "98"
          }
        },
        {
          "StationId": 1188,
          "ProgramId": "00000001000116",
          "AirDateTime": "2025-11-10T11:00:00Z",
          "Duration": 7200,
          "PartNumber": 0,
          "NumberParts": 0,
          "Repeat": false,
          "PremiereFinale": 0,
          "LiveDelay": 3,
          "ClosedCaption": false,
          "Subtitled": false,
          "TvRating": 1,
          "SexRating": false,
          "ViolenceRating": false,
          "LanguageRating": false,
          "FVRating": false,
          "BroadcastFormat": "4x3",
          "EndTime": "0001-01-01T00:00:00Z",
          "program": {
            "ProgramId": "00000001000116",
            "Title": "天地民心(25-26)",
            "ShowType": "1"
          }
        },
        {
          "StationId": 1188,
          "ProgramId": "00000001000118",
          "AirDateTime": "2025-11-10T13:00:00Z",
          "Duration": 11400,
          "PartNumber": 0,
          "NumberParts": 0,
          "Repeat": false,
          "PremiereFinale": 0,
          "LiveDelay": 3,
          "ClosedCaption": false,
          "Subtitled": false,
          "TvRating": 1,
          "SexRating": false,
          "ViolenceRating": false,
          "LanguageRating": false,
          "FVRating": false,
          "BroadcastFormat": "4x3",
          "EndTime": "0001-01-01T00:00:00Z",
          "program": {
            "ProgramId": "00000001000118",
            "Title": "巴頓將軍",
            "ShowType": "1"
          }
        },
        {
          "StationId": 1188,
          "ProgramId": "00179149000000",
          "AirDateTime": "2025-11-10T16:10:00Z",
          "Duration": 6600,
          "PartNumber": 0,
          "NumberParts": 0,
          "Repeat": false,
          "PremiereFinale": 0,
          "LiveDelay": 3,
          "ClosedCaption": false,
          "Subtitled": false,
          "TvRating": 1,
          "SexRating": false,
          "ViolenceRating": false,
          "LanguageRating": false,
          "FVRating": false,
          "BroadcastFormat": "4x3",
          "EndTime": "0001-01-01T00:00:00Z",
          "program": {
            "ProgramId": "00179149000000",
            "Title": "疤面教父",
            "SubTitle": "Capone",
            "Description": "美國最惡名昭彰的黑幫教父的傳記電影。艾爾卡彭（湯姆哈迪）在逃稅長達11年後，與妻子在佛州莊園重獲新生，如今卻因病而身體急速惡化，還被過去的暴力記憶所困。當調查局追查他可能窩藏的巨款之際，他也被困在自己惡夢般的回憶中…",
            "ShowType": "98"
          }
        },
        {
          "StationId": 1188,
          "ProgramId": "00030437000000",
          "AirDateTime": "2025-11-10T18:00:00Z",
          "Duration": 14400,
          "PartNumber": 0,
          "NumberParts": 0,
          "Repeat": false,
          "PremiereFinale": 0,
          "LiveDelay": 3,
          "ClosedCaption": false,
          "Subtitled": false,
          "TvRating": 1,
          "SexRating": false,
          "ViolenceRating": false,
          "LanguageRating": false,
          "FVRating": false,
          "BroadcastFormat": "4x3",
          "EndTime": "0001-01-01T00:00:00Z",
          "program": {
            "ProgramId": "00030437000000",
            "Title": "收播",
            "SubTitle": "aka:系統測試",
            "Description": "目前無播出節目。",
            "ShowType": "1"
          }
        },
        {
          "StationId": 1188,
          "ProgramId": "00000001000119",
          "AirDateTime": "2025-11-10T22:00:00Z",
          "Duration": 7200,
          "PartNumber": 0,
          "NumberParts": 0,
          "Repeat": false,
          "PremiereFinale": 0,
          "LiveDelay": 3,
          "ClosedCaption": false,
          "Subtitled": false,
          "TvRating": 1,
          "SexRating": false,
          "ViolenceRating": false,
          "LanguageRating": false,
          "FVRating": false,
          "BroadcastFormat": "4x3",
          "EndTime": "0001-01-01T00:00:00Z",
          "program": {
            "ProgramId": "00000001000119",
            "Title": "天地民心(27-28)",
            "ShowType": "1"
          }
        },
        {
          "StationId": 1188,
          "ProgramId": "00000001000120",
          "AirDateTime": "2025-11-11T00:00:00Z",
          "Duration": 8400,
          "PartNumber": 0,
          "NumberParts": 0,
          "Repeat": false,
          "PremiereFinale": 0,
          "LiveDelay": 3,
          "ClosedCaption": false,
          "Subtitled": false,
          "TvRating": 1,
          "SexRating": false,
          "ViolenceRating": false,
          "LanguageRating": false,
          "FVRating": false,
          "BroadcastFormat": "4x3",
          "EndTime": "0001-01-01T00:00:00Z",
          "program": {
            "ProgramId": "00000001000120",
            "Title": "老娘滑雪王",
            "ShowType": "1"
          }
        },
        {
          "StationId": 1188,
          "ProgramId": "00000001000107",
          "AirDateTime": "2025-11-11T02:20:00Z",
          "Duration": 10200,
          "PartNumber": 0,
          "NumberParts": 0,
          "Repeat": false,
          "PremiereFinale": 0,
          "LiveDelay": 3,
          "ClosedCaption": false,
          "Subtitled": false,
          "TvRating": 1,
          "SexRating": false,
          "ViolenceRating": false,
          "LanguageRating": false,
          "FVRating": false,
          "BroadcastFormat": "4x3",
          "EndTime": "0001-01-01T00:00:00Z",
          "program": {
            "ProgramId": "00000001000107",
            "Title": "藍徽特攻隊",
            "ShowType": "1"
          }
        },
        {
          "StationId": 1188,
          "ProgramId": "00000001000121",
          "AirDateTime": "2025-11-11T05:10:00Z",
          "Duration": 8700,
          "PartNumber": 0,
          "NumberParts": 0,
          "Repeat": false,
          "PremiereFinale": 0,
          "LiveDelay": 3,
          "ClosedCaption": false,
          "Subtitled": false,
          "TvRating": 1,
          "SexRating": false,
          "ViolenceRating": false,
          "LanguageRating": false,
          "FVRating": false,
          "BroadcastFormat": "4x3",
          "EndTime": "0001-01-01T00:00:00Z",
          "program": {
            "ProgramId": "00000001000121",
            "Title": "野戰雄獅",
            "ShowType": "1"
          }
        },
        {
          "StationId": 1188,
          "ProgramId": "00191819000000",
          "AirDateTime": "2025-11-11T07:35:00Z",
          "Duration": 6000,
          "PartNumber": 0,
          "NumberParts": 0,
          "Repeat": false,
          "PremiereFinale": 0,
          "LiveDelay": 3,
          "ClosedCaption": false,
          "Subtitled": false,
          "TvRating": 1,
          "SexRating": false,
          "ViolenceRating": false,
          "LanguageRating": false,
          "FVRating": false,
          "BroadcastFormat": "4x3",
          "EndTime": "0001-01-01T00:00:00Z",
          "program": {
            "ProgramId": "00191819000000",
            "Title": "費爾的旅程",
            "SubTitle": "Phil's Journey",
            "Description": "1998年，紐西蘭人費爾來臺灣尋找不知所蹤的兒子。遍尋不著愛子的錐心之痛，卻在異鄉被溫暖的加油鼓勵逐漸撫平。感念在臺灣獲得的善意，921地震後，他又再次回到臺灣，以一己之力幫助那些曾經幫助過他的人。一個異國的父親，在最困難的時候，被臺灣人的愛扶起，而當臺灣有難時，他也感念的回報。",
            "ShowType": "98"
          }
        },
        {
          "StationId": 1188,
          "ProgramId": "00128484000000",
          "AirDateTime": "2025-11-11T09:15:00Z",
          "Duration": 6300,
          "PartNumber": 0,
          "NumberParts": 0,
          "Repeat": false,
          "PremiereFinale": 0,
          "LiveDelay": 3,
          "ClosedCaption": false,
          "Subtitled": false,
          "TvRating": 1,
          "SexRating": false,
          "ViolenceRating": false,
          "LanguageRating": false,
          "FVRating": false,
          "BroadcastFormat": "4x3",
          "EndTime": "0001-01-01T00:00:00Z",
          "program": {
            "ProgramId": "00128484000000",
            "Title": "哥吉拉",
            "SubTitle": "Godzilla",
            "Description": "喬的妻子（茱麗葉畢諾許）多年前死於「地震引發的核電事故」。如今，其子福特（亞倫強森）因喬闖入輻射隔離區而被通知前來保釋，又因喬的堅持，陪他闖入舊家拿當年的資料，卻發現科學家芹澤（渡邊謙）在廢核電廠內研究神秘生物「哥吉拉」…",
            "ShowType": "98"
          }
        },
        {
          "StationId": 1188,
          "ProgramId": "00000001000119",
          "AirDateTime": "2025-11-11T11:00:00Z",
          "Duration": 7200,
          "PartNumber": 0,
          "NumberParts": 0,
          "Repeat": false,
          "PremiereFinale": 0,
          "LiveDelay": 3,
          "ClosedCaption": false,
          "Subtitled": false,
          "TvRating": 1,
          "SexRating": false,
          "ViolenceRating": false,
          "LanguageRating": false,
          "FVRating": false,
          "BroadcastFormat": "4x3",
          "EndTime": "0001-01-01T00:00:00Z",
          "program": {
            "ProgramId": "00000001000119",
            "Title": "天地民心(27-28)",
            "ShowType": "1"
          }
        },
        {
          "StationId": 1188,
          "ProgramId": "00000001000122",
          "AirDateTime": "2025-11-11T13:00:00Z",
          "Duration": 6300,
          "PartNumber": 0,
          "NumberParts": 0,
          "Repeat": false,
          "PremiereFinale": 0,
          "LiveDelay": 3,
          "ClosedCaption": false,
          "Subtitled": false,
          "TvRating": 1,
          "SexRating": false,
          "ViolenceRating": false,
          "LanguageRating": false,
          "FVRating": false,
          "BroadcastFormat": "4x3",
          "EndTime": "0001-01-01T00:00:00Z",
          "program": {
            "ProgramId": "00000001000122",
            "Title": "靈幻先生(首)",
            "ShowType": "1"
          }
        },
        {
          "StationId": 1188,
          "ProgramId": "00140364000000",
          "AirDateTime": "2025-11-11T14:45:00Z",
          "Duration": 7200,
          "PartNumber": 0,
          "NumberParts": 0,
          "Repeat": false,
          "PremiereFinale": 0,
          "LiveDelay": 3,
          "ClosedCaption": false,
          "Subtitled": false,
          "TvRating": 1,
          "SexRating": false,
          "ViolenceRating": false,
          "LanguageRating": false,
          "FVRating": false,
          "BroadcastFormat": "4x3",
          "EndTime": "0001-01-01T00:00:00Z",
          "program": {
            "ProgramId": "00140364000000",
            "Title": "虎豹小霸王",
            "SubTitle": "Butch Cassidy and the Sundance Kid",
            "Description": "由喬治羅伊希爾執導，威廉戈德曼編劇。本片大致參照真實事件，講述了舊西部的歹徒勞勃勒羅伊派克，保羅紐曼和勞勃瑞福飾演2名火車大盜，在美國西部闖蕩江湖，同時愛上美麗的凱莎琳蘿絲，兩人在電影中四處犯案逃亡，最後一起逃亡至南美洲。",
            "ShowType": "98"
          }
        },
        {
          "StationId": 1188,
          "ProgramId": "00000001000111",
          "AirDateTime": "2025-11-11T16:45:00Z",
          "Duration": 4500,
          "PartNumber": 0,
          "NumberParts": 0,
          "Repeat": false,
          "PremiereFinale": 0,
          "LiveDelay": 3,
          "ClosedCaption": false,
          "Subtitled": false,
          "TvRating": 1,
          "SexRating": false,
          "ViolenceRating": false,
          "LanguageRating": false,
          "FVRating": false,
          "BroadcastFormat": "4x3",
          "EndTime": "0001-01-01T00:00:00Z",
          "program": {
            "ProgramId": "00000001000111",
            "Title": "末日錶盤",
            "ShowType": "1"
          }
        },
        {
          "StationId": 1188,
          "ProgramId": "00030437000000",
          "AirDateTime": "2025-11-11T18:00:00Z",
          "Duration": 14400,
          "PartNumber": 0,
          "NumberParts": 0,
          "Repeat": false,
          "PremiereFinale": 0,
          "LiveDelay": 3,
          "ClosedCaption": false,
          "Subtitled": false,
          "TvRating": 1,
          "SexRating": false,
          "ViolenceRating": false,
          "LanguageRating": false,
          "FVRating": false,
          "BroadcastFormat": "4x3",
          "EndTime": "0001-01-01T00:00:00Z",
          "program": {
            "ProgramId": "00030437000000",
            "Title": "收播",
            "SubTitle": "aka:系統測試",
            "Description": "目前無播出節目。",
            "ShowType": "1"
          }
        },
        {
          "StationId": 1188,
          "ProgramId": "00000001000123",
          "AirDateTime": "2025-11-11T22:00:00Z",
          "Duration": 7200,
          "PartNumber": 0,
          "NumberParts": 0,
          "Repeat": false,
          "PremiereFinale": 0,
          "LiveDelay": 3,
          "ClosedCaption": false,
          "Subtitled": false,
          "TvRating": 1,
          "SexRating": false,
          "ViolenceRating": false,
          "LanguageRating": false,
          "FVRating": false,
          "BroadcastFormat": "4x3",
          "EndTime": "0001-01-01T00:00:00Z",
          "program": {
            "ProgramId": "00000001000123",
            "Title": "天地民心(29-30)",
            "ShowType": "1"
          }
        },
        {
          "StationId": 1188,
          "ProgramId": "00000001000124",
          "AirDateTime": "2025-11-12T00:00:00Z",
          "Duration": 8100,
          "PartNumber": 0,
          "NumberParts": 0,
          "Repeat": false,
          "PremiereFinale": 0,
          "LiveDelay": 3,
          "ClosedCaption": false,
          "Subtitled": false,
          "TvRating": 1,
          "SexRating": false,
          "ViolenceRating": false,
          "LanguageRating": false,
          "FVRating": false,
          "BroadcastFormat": "4x3",
          "EndTime": "0001-01-01T00:00:00Z",
          "program": {
            "ProgramId": "00000001000124",
            "Title": "大進擊",
            "ShowType": "1"
          }
        },
        {
          "StationId": 1188,
          "ProgramId": "00020019000000",
          "AirDateTime": "2025-11-12T02:15:00Z",
          "Duration": 7200,
          "PartNumber": 0,
          "NumberParts": 0,
          "Repeat": false,
          "PremiereFinale": 0,
          "LiveDelay": 3,
          "ClosedCaption": false,
          "Subtitled": false,
          "TvRating": 1,
          "SexRating": false,
          "ViolenceRating": false,
          "LanguageRating": false,
          "FVRating": false,
          "BroadcastFormat": "4x3",
          "EndTime": "0001-01-01T00:00:00Z",
          "program": {
            "ProgramId": "00020019000000",
            "Title": "九品芝麻官",
            "SubTitle": "Hail the Judge",
            "Description": "九品後補知縣包龍星（周星馳）辦案能力不足，深受百姓唾棄。此時戚家發生滅門慘案，倖存的戚秦氏指認常威為兇手，但常威之父水師提督常昆運用權勢誣陷戚秦氏為犯人，而星亦被調離此案。當夜星與其侄有為回凶案現場找證據翻案，反而被打入大牢。星逃獄後決心替戚秦氏洗刷冤屈，隨一雜技團上京告御狀…",
            "ShowType": "98"
          }
        },
        {
          "StationId": 1188,
          "ProgramId": "00000001000104",
          "AirDateTime": "2025-11-12T04:15:00Z",
          "Duration": 10500,
          "PartNumber": 0,
          "NumberParts": 0,
          "Repeat": false,
          "PremiereFinale": 0,
          "LiveDelay": 3,
          "ClosedCaption": false,
          "Subtitled": false,
          "TvRating": 1,
          "SexRating": false,
          "ViolenceRating": false,
          "LanguageRating": false,
          "FVRating": false,
          "BroadcastFormat": "4x3",
          "EndTime": "0001-01-01T00:00:00Z",
          "program": {
            "ProgramId": "00000001000104",
            "Title": "血染雪山堡",
            "ShowType": "1"
          }
        },
        {
          "StationId": 1188,
          "ProgramId": "00188261000000",
          "AirDateTime": "2025-11-12T07:10:00Z",
          "Duration": 8100,
          "PartNumber": 0,
          "NumberParts": 0,
          "Repeat": false,
          "PremiereFinale": 0,
          "LiveDelay": 3,
          "ClosedCaption": false,
          "Subtitled": false,
          "TvRating": 1,
          "SexRating": false,
          "ViolenceRating": false,
          "LanguageRating": false,
          "FVRating": false,
          "BroadcastFormat": "4x3",
          "EndTime": "0001-01-01T00:00:00Z",
          "program": {
            "ProgramId": "00188261000000",
            "Title": "偷龍轉鳳",
            "Description": "法國巴黎一所博物館將舉行一次藝術品展覽，喜好臨仿並製作贗品的父親竟受邀參加美術展。然而這件被視為偉大傑作的維納斯雕像，其實是她祖父製造的贗品，並且在保險公司未發現是膺品前，投保一百萬美元。不料，保險公司要求技術鑑定，為助父親渡過難關，妮可是否會如願以償，順利偷走雕像呢?",
            "ShowType": "98"
          }
        },
        {
          "StationId": 1188,
          "ProgramId": "00000001000125",
          "AirDateTime": "2025-11-12T09:25:00Z",
          "Duration": 5700,
          "PartNumber": 0,
          "NumberParts": 0,
          "Repeat": false,
          "PremiereFinale": 0,
          "LiveDelay": 3,
          "ClosedCaption": false,
          "Subtitled": false,
          "TvRating": 1,
          "SexRating": false,
          "ViolenceRating": false,
          "LanguageRating": false,
          "FVRating": false,
          "BroadcastFormat": "4x3",
          "EndTime": "0001-01-01T00:00:00Z",
          "program": {
            "ProgramId": "00000001000125",
            "Title": "花田囍事",
            "ShowType": "1"
          }
        },
        {
          "StationId": 1188,
          "ProgramId": "00000001000123",
          "AirDateTime": "2025-11-12T11:00:00Z",
          "Duration": 7200,
          "PartNumber": 0,
          "NumberParts": 0,
          "Repeat": false,
          "PremiereFinale": 0,
          "LiveDelay": 3,
          "ClosedCaption": false,
          "Subtitled": false,
          "TvRating": 1,
          "SexRating": false,
          "ViolenceRating": false,
          "LanguageRating": false,
          "FVRating": false,
          "BroadcastFormat": "4x3",
          "EndTime": "0001-01-01T00:00:00Z",
          "program": {
            "ProgramId": "00000001000123",
            "Title": "天地民心(29-30)",
            "ShowType": "1"
          }
        },
        {
          "StationId": 1188,
          "ProgramId": "00000001000126",
          "AirDateTime": "2025-11-12T13:00:00Z",
          "Duration": 8700,
          "PartNumber": 0,
          "NumberParts": 0,
          "Repeat": false,
          "PremiereFinale": 0,
          "LiveDelay": 3,
          "ClosedCaption": false,
          "Subtitled": false,
          "TvRating": 1,
          "SexRating": false,
          "ViolenceRating": false,
          "LanguageRating": false,
          "FVRating": false,
          "BroadcastFormat": "4x3",
          "EndTime": "0001-01-01T00:00:00Z",
          "program": {
            "ProgramId": "00000001000126",
            "Title": "黃昏雙鏢客",
            "ShowType": "1"
          }
        },
        {
          "StationId": 1188,
          "ProgramId": "00000001000109",
          "AirDateTime": "2025-11-12T15:25:00Z",
          "Duration": 9300,
          "PartNumber": 0,
          "NumberParts": 0,
          "Repeat": false,
          "PremiereFinale": 0,
          "LiveDelay": 3,
          "ClosedCaption": false,
          "Subtitled": false,
          "TvRating": 1,
          "SexRating": false,
          "ViolenceRating": false,
          "LanguageRating": false,
          "FVRating": false,
          "BroadcastFormat": "4x3",
          "EndTime": "0001-01-01T00:00:00Z",
          "program": {
            "ProgramId": "00000001000109",
            "Title": "西蒙娜：世紀之聲",
            "ShowType": "1"
          }
        },
        {
          "StationId": 1188,
          "ProgramId": "00030437000000",
          "AirDateTime": "2025-11-12T18:00:00Z",
          "Duration": 14400,
          "PartNumber": 0,
          "NumberParts": 0,
          "Repeat": false,
          "PremiereFinale": 0,
          "LiveDelay": 3,
          "ClosedCaption": false,
          "Subtitled": false,
          "TvRating": 1,
          "SexRating": false,
          "ViolenceRating": false,
          "LanguageRating": false,
          "FVRating": false,
          "BroadcastFormat": "4x3",
          "EndTime": "0001-01-01T00:00:00Z",
          "program": {
            "ProgramId": "00030437000000",
            "Title": "收播",
            "SubTitle": "aka:系統測試",
            "Description": "目前無播出節目。",
            "ShowType": "1"
          }
        },
        {
          "StationId": 1188,
          "ProgramId": "00000001000127",
          "AirDateTime": "2025-11-12T22:00:00Z",
          "Duration": 7200,
          "PartNumber": 0,
          "NumberParts": 0,
          "Repeat": false,
          "PremiereFinale": 0,
          "LiveDelay": 3,
          "ClosedCaption": false,
          "Subtitled": false,
          "TvRating": 1,
          "SexRating": false,
          "ViolenceRating": false,
          "LanguageRating": false,
          "FVRating": false,
          "BroadcastFormat": "4x3",
          "EndTime": "0001-01-01T00:00:00Z",
          "program": {
            "ProgramId": "00000001000127",
            "Title": "天地民心(31-32)",
            "ShowType": "1"
          }
        },
        {
          "StationId": 1188,
          "ProgramId": "00000001000128",
          "AirDateTime": "2025-11-13T00:00:00Z",
          "Duration": 6000,
          "PartNumber": 0,
          "NumberParts": 0,
          "Repeat": false,
          "PremiereFinale": 0,
          "LiveDelay": 3,
          "ClosedCaption": false,
          "Subtitled": false,
          "TvRating": 1,
          "SexRating": false,
          "ViolenceRating": false,
          "LanguageRating": false,
          "FVRating": false,
          "BroadcastFormat": "4x3",
          "EndTime": "0001-01-01T00:00:00Z",
          "program": {
            "ProgramId": "00000001000128",
            "Title": "上流謀殺案",
            "ShowType": "1"
          }
        },
        {
          "StationId": 1188,
          "ProgramId": "00030340000000",
          "AirDateTime": "2025-11-13T01:40:00Z",
          "Duration": 9600,
          "PartNumber": 0,
          "NumberParts": 0,
          "Repeat": false,
          "PremiereFinale": 0,
          "LiveDelay": 3,
          "ClosedCaption": false,
          "Subtitled": false,
          "TvRating": 1,
          "SexRating": false,
          "ViolenceRating": false,
          "LanguageRating": false,
          "FVRating": false,
          "BroadcastFormat": "4x3",
          "EndTime": "0001-01-01T00:00:00Z",
          "program": {
            "ProgramId": "00030340000000",
            "Title": "越南大戰",
            "SubTitle": "The Green Berets",
            "Description": "越戰時，麥克柯比上校（約翰韋恩）從陸軍精英特種部隊\"綠扁帽\"成員中挑選隊員，進行秘密任務。第一件任務是要設立一處軍營，而後設法讓越共俘虜；第二件任務則是深入敵境，綁架一名北越的將軍…",
            "ShowType": "98"
          }
        },
        {
          "StationId": 1188,
          "ProgramId": "00022197000000",
          "AirDateTime": "2025-11-13T04:20:00Z",
          "Duration": 11400,
          "PartNumber": 0,
          "NumberParts": 0,
          "Repeat": false,
          "PremiereFinale": 0,
          "LiveDelay": 3,
          "ClosedCaption": false,
          "Subtitled": false,
          "TvRating": 1,
          "SexRating": false,
          "ViolenceRating": false,
          "LanguageRating": false,
          "FVRating": false,
          "BroadcastFormat": "4x3",
          "EndTime": "0001-01-01T00:00:00Z",
          "program": {
            "ProgramId": "00022197000000",
            "Title": "教父",
            "SubTitle": "The Godfather",
            "Description": "柯里昂家族雖身為黑道，卻堅決不販毒，因此與販毒集團結下樑子。當被視為下屆教父接班人的長子索尼被亂槍殺死，原不欲插手家族事業的小兒子麥可（艾爾帕西諾）因此被迫接任，他一步步涉入黑道的血腥爭鬥，變成黑手黨的新一代教父。",
            "ShowType": "98"
          }
        },
        {
          "StationId": 1188,
          "ProgramId": "00194758000000",
          "AirDateTime": "2025-11-13T07:30:00Z",
          "Duration": 6000,
          "PartNumber": 0,
          "NumberParts": 0,
          "Repeat": false,
          "PremiereFinale": 0,
          "LiveDelay": 3,
          "ClosedCaption": false,
          "Subtitled": false,
          "TvRating": 1,
          "SexRating": false,
          "ViolenceRating": false,
          "LanguageRating": false,
          "FVRating": false,
          "BroadcastFormat": "4x3",
          "EndTime": "0001-01-01T00:00:00Z",
          "program": {
            "ProgramId": "00194758000000",
            "Title": "庖丁傳奇之金刀御廚",
            "SubTitle": "Legend of Chef – Golden Knife",
            "Description": "在推理王一朵雲的協助下，陸藝珍（李佳穎）和齊寶廚（納豆）逐漸釐清15年前父輩之間劫案的真相，陸藝珍終於明白生父多年來所承受的冤情，也感悟到他與亡者齊逢春之間的情義。最終，在鬥菜大會上，陸藝珍毅然決定和齊寶廚合作，齊心協力做出一道飄香四溢、驚豔四座的「佛跳牆」，共同贏得鬥菜冠軍…",
            "ShowType": "98"
          }
        }
      ],
      "Logo": "logo_litv_litv-longturn21_pc.png",
      "station_categories": [
        {
          "Name": "電影",
          "EngName": "Movie",
          "MenuOrder": 5
        },
        {
          "Name": "熱門收視頻道",
          "EngName": "TOP50",
          "MenuOrder": 1
        }
      ]
    },
    "introduction": {
      "image": "https://p-cdnstatic.svc.litv.tv/pics/logo_litv_litv-longturn21_mobile.png",
      "description": "想看雋永懷舊的老電影嗎？「龍華經典台」有好萊塢膾炙人口、評價優異的著名電影、日本黑澤明導演傾力製作的精彩電影，以及香港早期經典電影，值得您一看再看！",
      "href_maps": []
    },
    "recommends": [],
    "ua": "Mozilla/5.0 (Windows NT 10.0; Win64; x64) AppleWebKit/537.36 (KHTML, like Gecko) Chrome/114.0.0.0 Safari/537.36 Edg/114.0.1823.86"
  },
  "__N_SSP": true
}