{
  "pageProps": {
    "contentId": "litv-longturn02",
    "channel": {
      "title": "龍華洋片台",
      "no": 72,
      "charge_mode": "F",
      "content_id": "litv-longturn02",
      "content_type": "channel",
      "epg_categories": [
        21,
        19
      ],
      "genres": [
        {
          "id": "",
          "name": "Movie",
          "logo": ""
        }
      ],
      "liad_id": "CHOFIWEB",
      "package_info_id": "VOD_CHANNEL_DELUX",
      "picture": "pics/logo_litv_litv-longturn02_tv.png",
      "provider": [
        {
          "id": "",
          "name": "4gTV",
          "logo": ""
        }
      ],
      "quality": "HD",
      "station_id": "",
      "trial": "CH_TRAIL",
      "selectable": 0,
      "tr_logo": "",
      "tl_logo": "",
      "br_logo": "",
      "bl_logo": "",
      "menu_type": 0,
      "StationID": 1231,
      "Name": "龍華洋片台",
      "CallSign": "龍華洋片台",
      "TuningChannel": "72",
      "Categories": [
        19,
        21
      ],
      "ChannelId": "",
      "CdnCode": "litv-longturn02",
      "IsHD": true,
      "Schedule": [
        {
          "StationId": 1231,
          "ProgramId": "00197633000000",
          "AirDateTime": "2025-11-15T23:50:00Z",
          "Duration": 7200,
          "PartNumber": 0,
          "NumberParts": 0,
          "Repeat": false,
          "PremiereFinale": 0,
          "LiveDelay": 3,
          "ClosedCaption": false,
          "Subtitled": false,
          "TvRating": 1,
          "SexRating": false,
          "ViolenceRating": false,
          "LanguageRating": false,
          "FVRating": false,
          "BroadcastFormat": "4x3",
          "EndTime": "0001-01-01T00:00:00Z",
          "program": {
            "ProgramId": "00197633000000",
            "Title": "血戰危城卡爾巴拉",
            "Description": "薩德爾組織份子趁著伊斯蘭年度的阿舒拉節，發起了仇恨不同教派及反對聯軍駐紮的恐怖攻擊事件。80名波蘭及保加利亞士兵被下令守住伊拉克合法政權代表的卡爾巴拉市政廳，在援軍抵達前，僅有的彈藥及補給份量堅持不了72小時，一場生存血戰就此展開！",
            "ShowType": "98"
          }
        },
        {
          "StationId": 1231,
          "ProgramId": "00150998000000",
          "AirDateTime": "2025-11-16T01:50:00Z",
          "Duration": 6000,
          "PartNumber": 0,
          "NumberParts": 0,
          "Repeat": false,
          "PremiereFinale": 0,
          "LiveDelay": 3,
          "ClosedCaption": false,
          "Subtitled": false,
          "TvRating": 1,
          "SexRating": false,
          "ViolenceRating": false,
          "LanguageRating": false,
          "FVRating": false,
          "BroadcastFormat": "4x3",
          "EndTime": "0001-01-01T00:00:00Z",
          "program": {
            "ProgramId": "00150998000000",
            "Title": "終極飆靶",
            "SubTitle": "Precious Cargo",
            "Description": "黑幫老大艾迪（布魯斯威利）懷疑手下凱倫（克萊兒馥蘭妮）背叛他而將她挾持，逼她的神偷前男友傑克（馬克保羅古斯勒）幫他偷一艘貨船上價值數億的寶石。然而行動一旦開始，盟友遭到背叛、道義遭人破壞，傑克、凱倫、艾迪將面臨終極對決…",
            "ShowType": "98"
          }
        },
        {
          "StationId": 1231,
          "ProgramId": "00197634000000",
          "AirDateTime": "2025-11-16T03:30:00Z",
          "Duration": 7800,
          "PartNumber": 0,
          "NumberParts": 0,
          "Repeat": false,
          "PremiereFinale": 0,
          "LiveDelay": 3,
          "ClosedCaption": false,
          "Subtitled": false,
          "TvRating": 1,
          "SexRating": false,
          "ViolenceRating": false,
          "LanguageRating": false,
          "FVRating": false,
          "BroadcastFormat": "4x3",
          "EndTime": "0001-01-01T00:00:00Z",
          "program": {
            "ProgramId": "00197634000000",
            "Title": "反恐行動：獨立日",
            "Description": "12月6日獨立日是芬蘭的國慶日，但今年顯得特別不平靜，總統官邸遭到恐怖份子襲擊，連總統在內的大批貴賓遭挾持成為人質！安全情報局幹員麥克斯被指派為這場人質危機的談判專家，他必須採取大膽行動，找出幕後真凶。不僅人命關天，甚至整個歐洲的未來安危都肩負在麥克斯身上！",
            "ShowType": "98"
          }
        },
        {
          "StationId": 1231,
          "ProgramId": "00110763000000",
          "AirDateTime": "2025-11-16T05:40:00Z",
          "Duration": 6300,
          "PartNumber": 0,
          "NumberParts": 0,
          "Repeat": false,
          "PremiereFinale": 0,
          "LiveDelay": 3,
          "ClosedCaption": false,
          "Subtitled": false,
          "TvRating": 1,
          "SexRating": false,
          "ViolenceRating": false,
          "LanguageRating": false,
          "FVRating": false,
          "BroadcastFormat": "4x3",
          "EndTime": "0001-01-01T00:00:00Z",
          "program": {
            "ProgramId": "00110763000000",
            "Title": "即刻反擊",
            "SubTitle": "Haywire",
            "Description": "在一次救援任務後，梅洛莉（吉娜卡拉諾）在上級肯尼斯（伊旺麥奎格）堅持下，假扮軍情六處探員保羅（麥克法斯賓達）之妻，前往都柏林出任務。但她不久後便發現自己遭人栽贓陷害，而背叛她的正是自己最信任的上級兼前男友，因而決心反擊…",
            "ShowType": "98"
          }
        },
        {
          "StationId": 1231,
          "ProgramId": "00197636000000",
          "AirDateTime": "2025-11-16T07:25:00Z",
          "Duration": 4500,
          "PartNumber": 0,
          "NumberParts": 0,
          "Repeat": false,
          "PremiereFinale": 0,
          "LiveDelay": 3,
          "ClosedCaption": false,
          "Subtitled": false,
          "TvRating": 1,
          "SexRating": false,
          "ViolenceRating": false,
          "LanguageRating": false,
          "FVRating": false,
          "BroadcastFormat": "4x3",
          "EndTime": "0001-01-01T00:00:00Z",
          "program": {
            "ProgramId": "00197636000000",
            "Title": "雪國奇遇記",
            "Description": "來自都市的小牛琪拉很期待今年能在父親的農舍度過聖誕節，卻對於父親不太熱衷於慶祝節日感到失望。當父親外出幫忙剷雪時，琪拉想藉此好好布置整個山莊，竟意外發現農舍守護神：矮人精靈尼斯。在尼斯的幫助下，琪拉打算給農場帶來些聖誕節的裝飾，但她漸漸發現，聖誕節最重要的其實是能和親朋好友齊聚…",
            "ShowType": "98"
          }
        },
        {
          "StationId": 1231,
          "ProgramId": "00181398000000",
          "AirDateTime": "2025-11-16T08:40:00Z",
          "Duration": 6300,
          "PartNumber": 0,
          "NumberParts": 0,
          "Repeat": false,
          "PremiereFinale": 0,
          "LiveDelay": 3,
          "ClosedCaption": false,
          "Subtitled": false,
          "TvRating": 1,
          "SexRating": false,
          "ViolenceRating": false,
          "LanguageRating": false,
          "FVRating": false,
          "BroadcastFormat": "4x3",
          "EndTime": "0001-01-01T00:00:00Z",
          "program": {
            "ProgramId": "00181398000000",
            "Title": "再見街貓BOB",
            "SubTitle": "A Gift From BOB",
            "Description": "《遇見街貓BOB》續作。詹姆斯（路克索德威）為安慰另一落魄街頭藝人，分享自己和街貓BOB去年聖誕的故事。當時詹姆斯沒錢、沒電、健康堪憂，但為照顧唯一的家人BOB，他努力在街頭表演賺錢餬口，不料動物保護人員卻想帶走BOB…",
            "ShowType": "98"
          }
        },
        {
          "StationId": 1231,
          "ProgramId": "00186331000000",
          "AirDateTime": "2025-11-16T10:25:00Z",
          "Duration": 9300,
          "PartNumber": 0,
          "NumberParts": 0,
          "Repeat": false,
          "PremiereFinale": 0,
          "LiveDelay": 3,
          "ClosedCaption": false,
          "Subtitled": false,
          "TvRating": 1,
          "SexRating": false,
          "ViolenceRating": false,
          "LanguageRating": false,
          "FVRating": false,
          "BroadcastFormat": "4x3",
          "EndTime": "0001-01-01T00:00:00Z",
          "program": {
            "ProgramId": "00186331000000",
            "Title": "星際特工瓦雷諾：千星之城",
            "SubTitle": "Valerian and the City of a Thousand Planets",
            "Description": "瓦雷諾與蘿琳娜是時空旅行特務的精英成員，他們不斷在時間與空間中穿梭，維護28世紀的世界秩序。在浩瀚無垠的銀河中，由兩位特工搭檔意外捲入了一個巨大的星際陰謀，從而引發一場關乎7000多個宇宙種族存亡之戰的故事。",
            "ShowType": "98"
          }
        },
        {
          "StationId": 1231,
          "ProgramId": "00197635000000",
          "AirDateTime": "2025-11-16T13:00:00Z",
          "Duration": 7500,
          "PartNumber": 0,
          "NumberParts": 0,
          "Repeat": false,
          "PremiereFinale": 0,
          "LiveDelay": 3,
          "ClosedCaption": false,
          "Subtitled": false,
          "TvRating": 1,
          "SexRating": false,
          "ViolenceRating": false,
          "LanguageRating": false,
          "FVRating": false,
          "BroadcastFormat": "4x3",
          "EndTime": "0001-01-01T00:00:00Z",
          "program": {
            "ProgramId": "00197635000000",
            "Title": "獵空計畫",
            "Description": "在俄國政府的決定下，中校歐列格和上尉康斯坦丁共同被派駐至敘利亞的空軍基地執行任務。性格截然不同的兩人，在戰場上合作無間、立下功勳。未料，在一次摧毀敵方火箭發射器的行動中，他們不慎掉入敵方的陷阱，駕駛的戰機慘遭擊墜，靠著彈射逃生的兩人，雖然逃過一劫但也性命垂危…",
            "ShowType": "98"
          }
        },
        {
          "StationId": 1231,
          "ProgramId": "00160157000000",
          "AirDateTime": "2025-11-16T15:05:00Z",
          "Duration": 6000,
          "PartNumber": 0,
          "NumberParts": 0,
          "Repeat": false,
          "PremiereFinale": 0,
          "LiveDelay": 3,
          "ClosedCaption": false,
          "Subtitled": false,
          "TvRating": 1,
          "SexRating": false,
          "ViolenceRating": false,
          "LanguageRating": false,
          "FVRating": false,
          "BroadcastFormat": "4x3",
          "EndTime": "0001-01-01T00:00:00Z",
          "program": {
            "ProgramId": "00160157000000",
            "Title": "這個殺手必須死",
            "SubTitle": "Killing Gunther",
            "Description": "為奪得地表最強殺手稱號，布萊克（泰倫基蘭姆）決定幹掉從無敗績的傳奇殺手岡瑟（阿諾史瓦辛格），因此不但招集一群身手不凡的好友組成暗殺小隊，還僱用紀錄片團隊充當見證。然而他們的行動卻從開始就不斷凸槌，還被岡瑟玩弄於股掌間…",
            "ShowType": "98"
          }
        },
        {
          "StationId": 1231,
          "ProgramId": "00185907000000",
          "AirDateTime": "2025-11-16T16:45:00Z",
          "Duration": 6000,
          "PartNumber": 0,
          "NumberParts": 0,
          "Repeat": false,
          "PremiereFinale": 0,
          "LiveDelay": 3,
          "ClosedCaption": false,
          "Subtitled": false,
          "TvRating": 1,
          "SexRating": false,
          "ViolenceRating": false,
          "LanguageRating": false,
          "FVRating": false,
          "BroadcastFormat": "4x3",
          "EndTime": "0001-01-01T00:00:00Z",
          "program": {
            "ProgramId": "00185907000000",
            "Title": "重彈爆頭",
            "SubTitle": "Bullet Head",
            "Description": "銀行搶匪史戴西（安德烈布洛迪）、沃克（約翰馬可維奇）和蓋吉逃亡時躲進一間廢棄倉庫，等待隔天才會到的接應車輛。他們在此閒逛時發現一筆巨款，卻不知這是鬥狗主人布魯（安東尼奧班德拉斯）贏的賭金，裡面還有隻曾遭人虐待的凶狠獒犬…",
            "ShowType": "98"
          }
        },
        {
          "StationId": 1231,
          "ProgramId": "00197638000000",
          "AirDateTime": "2025-11-16T18:25:00Z",
          "Duration": 6600,
          "PartNumber": 0,
          "NumberParts": 0,
          "Repeat": false,
          "PremiereFinale": 0,
          "LiveDelay": 3,
          "ClosedCaption": false,
          "Subtitled": false,
          "TvRating": 1,
          "SexRating": false,
          "ViolenceRating": false,
          "LanguageRating": false,
          "FVRating": false,
          "BroadcastFormat": "4x3",
          "EndTime": "0001-01-01T00:00:00Z",
          "program": {
            "ProgramId": "00197638000000",
            "Title": "進擊的地才",
            "Description": "艾莉絲是位追求極致的大一新生，為了考出更高分反復參加考試。加入學校輕艇隊後，她不惜任何代價打敗隊友、進入專業隊伍代表學校參加比賽。與此同時，眾人都擔心她的身體和精神狀態，求勝心切的艾莉絲能否成功得到自己想要的一切？",
            "ShowType": "98"
          }
        },
        {
          "StationId": 1231,
          "ProgramId": "00166631000000",
          "AirDateTime": "2025-11-16T20:15:00Z",
          "Duration": 6300,
          "PartNumber": 0,
          "NumberParts": 0,
          "Repeat": false,
          "PremiereFinale": 0,
          "LiveDelay": 3,
          "ClosedCaption": false,
          "Subtitled": false,
          "TvRating": 1,
          "SexRating": false,
          "ViolenceRating": false,
          "LanguageRating": false,
          "FVRating": false,
          "BroadcastFormat": "4x3",
          "EndTime": "0001-01-01T00:00:00Z",
          "program": {
            "ProgramId": "00166631000000",
            "Title": "失蹤的孩子",
            "SubTitle": "The Stolen",
            "Description": "夏洛特（艾莉絲伊芙）與富有的丈夫一起在紐西蘭過著幸福的生活。某一天晚上，一群不速之客闖入農場，殺了她的丈夫，並綁走了她強褓中的兒子。面對政府當局的冷漠消極，求助無門的她只能孤身踏上拯救兒子的旅程，在危機四伏的荒山野嶺奮力求生，同時還得追查歹徒的下落…",
            "ShowType": "98"
          }
        },
        {
          "StationId": 1231,
          "ProgramId": "00184277000000",
          "AirDateTime": "2025-11-16T22:00:00Z",
          "Duration": 6300,
          "PartNumber": 0,
          "NumberParts": 0,
          "Repeat": false,
          "PremiereFinale": 0,
          "LiveDelay": 3,
          "ClosedCaption": false,
          "Subtitled": false,
          "TvRating": 1,
          "SexRating": false,
          "ViolenceRating": false,
          "LanguageRating": false,
          "FVRating": false,
          "BroadcastFormat": "4x3",
          "EndTime": "0001-01-01T00:00:00Z",
          "program": {
            "ProgramId": "00184277000000",
            "Title": "父愁者聯盟",
            "SubTitle": "It's for Your Own Good",
            "Description": "亞圖、卡雷和尤蘇夫是三個風格迥異的父親，但他們如今有個共通點：女兒都被愛情給沖昏了頭！一個瘋狂迷戀一位霸住別人家的政治激進份子、一個愛上裸體攝影師、一個為毒販男友頻翹課，為了女兒的幸福，三人展開了瘋狂的「勸離行動」…",
            "ShowType": "98"
          }
        },
        {
          "StationId": 1231,
          "ProgramId": "00197639000000",
          "AirDateTime": "2025-11-16T23:45:00Z",
          "Duration": 6000,
          "PartNumber": 0,
          "NumberParts": 0,
          "Repeat": false,
          "PremiereFinale": 0,
          "LiveDelay": 3,
          "ClosedCaption": false,
          "Subtitled": false,
          "TvRating": 1,
          "SexRating": false,
          "ViolenceRating": false,
          "LanguageRating": false,
          "FVRating": false,
          "BroadcastFormat": "4x3",
          "EndTime": "0001-01-01T00:00:00Z",
          "program": {
            "ProgramId": "00197639000000",
            "Title": "梵蒂岡：聖杯的考驗",
            "Description": "1943年，一群芬蘭志願者參與了一場由梵蒂岡主教所策劃的尋寶行動。隨著旅程深入東方邊境，即將成為神父的米勒考斯基必須判斷這場任務究竟是一場神的召喚抑或是可怕的詛咒。",
            "ShowType": "98"
          }
        },
        {
          "StationId": 1231,
          "ProgramId": "00131658000000",
          "AirDateTime": "2025-11-17T01:25:00Z",
          "Duration": 6600,
          "PartNumber": 0,
          "NumberParts": 0,
          "Repeat": false,
          "PremiereFinale": 0,
          "LiveDelay": 3,
          "ClosedCaption": false,
          "Subtitled": false,
          "TvRating": 1,
          "SexRating": false,
          "ViolenceRating": false,
          "LanguageRating": false,
          "FVRating": false,
          "BroadcastFormat": "4x3",
          "EndTime": "0001-01-01T00:00:00Z",
          "program": {
            "ProgramId": "00131658000000",
            "Title": "命運鞋奏曲",
            "SubTitle": "The Cobbler",
            "Description": "麥斯（亞當山德勒）家傳數代經營鞋店，他在一次修鞋時因補鞋機故障，改用祖先傳下的那台舊機器。沒想到被修補過的鞋，竟因此讓人一穿上就能變成鞋子的原主！麥斯於是用補鞋機加工許多客戶的鞋，變成他人看世界，並滿足母親的多年心願…",
            "ShowType": "98"
          }
        },
        {
          "StationId": 1231,
          "ProgramId": "00178813000000",
          "AirDateTime": "2025-11-17T03:15:00Z",
          "Duration": 8400,
          "PartNumber": 0,
          "NumberParts": 0,
          "Repeat": false,
          "PremiereFinale": 0,
          "LiveDelay": 3,
          "ClosedCaption": false,
          "Subtitled": false,
          "TvRating": 1,
          "SexRating": false,
          "ViolenceRating": false,
          "LanguageRating": false,
          "FVRating": false,
          "BroadcastFormat": "4x3",
          "EndTime": "0001-01-01T00:00:00Z",
          "program": {
            "ProgramId": "00178813000000",
            "Title": "72小時前哨救援",
            "SubTitle": "The Outpost",
            "Description": "改編自傑克塔伯的暢銷小說，劇情描述阿富汗卡姆戴希戰役中的英雄事蹟，美軍當時共有54名士兵在世上最危險的前哨站，被400個塔利班暴徒圍攻…",
            "ShowType": "98"
          }
        },
        {
          "StationId": 1231,
          "ProgramId": "00182590000000",
          "AirDateTime": "2025-11-17T05:35:00Z",
          "Duration": 7200,
          "PartNumber": 0,
          "NumberParts": 0,
          "Repeat": false,
          "PremiereFinale": 0,
          "LiveDelay": 3,
          "ClosedCaption": false,
          "Subtitled": false,
          "TvRating": 1,
          "SexRating": false,
          "ViolenceRating": false,
          "LanguageRating": false,
          "FVRating": false,
          "BroadcastFormat": "4x3",
          "EndTime": "0001-01-01T00:00:00Z",
          "program": {
            "ProgramId": "00182590000000",
            "Title": "一級任務",
            "SubTitle": "Voyagers",
            "Description": "地球環境急遽惡化，全球聯合啟動方舟計畫前往86光年外的宜居星球，因路途遙遠，為方便管理，從試管嬰兒開始培育30位男女船員，由唯一成年人理查擔任船長與導師。有兩位青少年發現食物中有抑制欲望與感情的藥物，決定停藥…",
            "ShowType": "98"
          }
        },
        {
          "StationId": 1231,
          "ProgramId": "00197637000000",
          "AirDateTime": "2025-11-17T07:35:00Z",
          "Duration": 6900,
          "PartNumber": 0,
          "NumberParts": 0,
          "Repeat": false,
          "PremiereFinale": 0,
          "LiveDelay": 3,
          "ClosedCaption": false,
          "Subtitled": false,
          "TvRating": 1,
          "SexRating": false,
          "ViolenceRating": false,
          "LanguageRating": false,
          "FVRating": false,
          "BroadcastFormat": "4x3",
          "EndTime": "0001-01-01T00:00:00Z",
          "program": {
            "ProgramId": "00197637000000",
            "Title": "童心馬戲團",
            "Description": "10歲的瑟希樂跟著母親回到鄉下，她還不太適應那裡的生活。此時，來了一組巡迴馬戲團，大家爭先恐後都想一睹小馬波力的風采，但瑟希樂卻發現波力受到主人柏卡魯的虐待。試圖拯救波力的瑟希樂，將波力藏了起來，不讓大人發現。為了逃脫柏卡魯的追尋，瑟希樂跟波力展開了一段充滿驚喜的冒險…",
            "ShowType": "98"
          }
        },
        {
          "StationId": 1231,
          "ProgramId": "00186422000000",
          "AirDateTime": "2025-11-17T09:30:00Z",
          "Duration": 6300,
          "PartNumber": 0,
          "NumberParts": 0,
          "Repeat": false,
          "PremiereFinale": 0,
          "LiveDelay": 3,
          "ClosedCaption": false,
          "Subtitled": false,
          "TvRating": 1,
          "SexRating": false,
          "ViolenceRating": false,
          "LanguageRating": false,
          "FVRating": false,
          "BroadcastFormat": "4x3",
          "EndTime": "0001-01-01T00:00:00Z",
          "program": {
            "ProgramId": "00186422000000",
            "Title": "魔法動物學園",
            "SubTitle": "The School of Magical Animals",
            "Description": "暢銷童書改編。新來的轉學生伊達跟同學格格不入，還遭同學霸凌，唯一的朋友是同樣被排擠的班尼。某天老師向大家介紹一個神奇動物旅行家，沒想到他們倆人竟最先得到神奇動物！此時學校裡不斷發生偷竊事件，他們得設法找出人犯是誰…",
            "ShowType": "98"
          }
        },
        {
          "StationId": 1231,
          "ProgramId": "00073188000000",
          "AirDateTime": "2025-11-17T11:15:00Z",
          "Duration": 6300,
          "PartNumber": 0,
          "NumberParts": 0,
          "Repeat": false,
          "PremiereFinale": 0,
          "LiveDelay": 3,
          "ClosedCaption": false,
          "Subtitled": false,
          "TvRating": 1,
          "SexRating": false,
          "ViolenceRating": false,
          "LanguageRating": false,
          "FVRating": false,
          "BroadcastFormat": "4x3",
          "EndTime": "0001-01-01T00:00:00Z",
          "program": {
            "ProgramId": "00073188000000",
            "Title": "百貨戰警",
            "SubTitle": "Paul Blart: Mall Cop",
            "Description": "單親爸爸保羅布拉茲（凱文詹姆斯）在當地購物中心擔任保全警衛，過著捉襟見肘的生活。然而在聖誕節時，一場挾持犯罪讓購物中心陷入一片恐慌，這時唯有靠保羅挺身而出達成拯救任務，才有可能讓購物中心的人質重獲自由…",
            "ShowType": "98"
          }
        },
        {
          "StationId": 1231,
          "ProgramId": "00197638000000",
          "AirDateTime": "2025-11-17T13:00:00Z",
          "Duration": 6600,
          "PartNumber": 0,
          "NumberParts": 0,
          "Repeat": false,
          "PremiereFinale": 0,
          "LiveDelay": 3,
          "ClosedCaption": false,
          "Subtitled": false,
          "TvRating": 1,
          "SexRating": false,
          "ViolenceRating": false,
          "LanguageRating": false,
          "FVRating": false,
          "BroadcastFormat": "4x3",
          "EndTime": "0001-01-01T00:00:00Z",
          "program": {
            "ProgramId": "00197638000000",
            "Title": "進擊的地才",
            "Description": "艾莉絲是位追求極致的大一新生，為了考出更高分反復參加考試。加入學校輕艇隊後，她不惜任何代價打敗隊友、進入專業隊伍代表學校參加比賽。與此同時，眾人都擔心她的身體和精神狀態，求勝心切的艾莉絲能否成功得到自己想要的一切？",
            "ShowType": "98"
          }
        },
        {
          "StationId": 1231,
          "ProgramId": "00016693000000",
          "AirDateTime": "2025-11-17T14:50:00Z",
          "Duration": 8700,
          "PartNumber": 0,
          "NumberParts": 0,
          "Repeat": false,
          "PremiereFinale": 0,
          "LiveDelay": 3,
          "ClosedCaption": false,
          "Subtitled": false,
          "TvRating": 1,
          "SexRating": false,
          "ViolenceRating": false,
          "LanguageRating": false,
          "FVRating": false,
          "BroadcastFormat": "4x3",
          "EndTime": "0001-01-01T00:00:00Z",
          "program": {
            "ProgramId": "00016693000000",
            "Title": "殘骸密碼",
            "SubTitle": "Empire of the Wolves",
            "Description": "巴黎發生了恐怖的連續凶殺案，三名土耳其婦女慘遭分屍。承辦警員保羅懷疑事件背後有更大的組織涉案，找來熟悉法國土耳其圈子的奇佛（尚雷諾）協助辦案。兩人追查到一位疑似有精神分裂症的政府官員夫人安娜，安娜的身分竟藏有重要的破案關鍵…",
            "ShowType": "98"
          }
        },
        {
          "StationId": 1231,
          "ProgramId": "00197643000000",
          "AirDateTime": "2025-11-17T17:15:00Z",
          "Duration": 8100,
          "PartNumber": 0,
          "NumberParts": 0,
          "Repeat": false,
          "PremiereFinale": 0,
          "LiveDelay": 3,
          "ClosedCaption": false,
          "Subtitled": false,
          "TvRating": 1,
          "SexRating": false,
          "ViolenceRating": false,
          "LanguageRating": false,
          "FVRating": false,
          "BroadcastFormat": "4x3",
          "EndTime": "0001-01-01T00:00:00Z",
          "program": {
            "ProgramId": "00197643000000",
            "Title": "深入戰區",
            "Description": "一名母親偽裝成記者進入戰區，想要尋找被極端組織洗腦而離家加入反政府軍的兒子，但最後被庫德武裝分子包圍。在民兵的伏擊下倖存的她，目睹了一場毀滅性的戰爭和痛苦的世界，但她對孩子的愛給了她戰勝一切的勇氣，唯一的信念就是活下去、並把愛子帶回家。",
            "ShowType": "98"
          }
        },
        {
          "StationId": 1231,
          "ProgramId": "00197644000000",
          "AirDateTime": "2025-11-17T19:30:00Z",
          "Duration": 6600,
          "PartNumber": 0,
          "NumberParts": 0,
          "Repeat": false,
          "PremiereFinale": 0,
          "LiveDelay": 3,
          "ClosedCaption": false,
          "Subtitled": false,
          "TvRating": 1,
          "SexRating": false,
          "ViolenceRating": false,
          "LanguageRating": false,
          "FVRating": false,
          "BroadcastFormat": "4x3",
          "EndTime": "0001-01-01T00:00:00Z",
          "program": {
            "ProgramId": "00197644000000",
            "Title": "逃出瘋人院",
            "Description": "在一座沒落的50年代小鎮上，一位神秘的旅行者向年輕的農場工人唐尼（尼克海曼）伸出援手，協助打倒鎮上以嗜血為樂的殘暴領袖，從精神病院中解救唐尼受困的母親…",
            "ShowType": "98"
          }
        },
        {
          "StationId": 1231,
          "ProgramId": "00181105000000",
          "AirDateTime": "2025-11-17T21:20:00Z",
          "Duration": 6000,
          "PartNumber": 0,
          "NumberParts": 0,
          "Repeat": false,
          "PremiereFinale": 0,
          "LiveDelay": 3,
          "ClosedCaption": false,
          "Subtitled": false,
          "TvRating": 1,
          "SexRating": false,
          "ViolenceRating": false,
          "LanguageRating": false,
          "FVRating": false,
          "BroadcastFormat": "4x3",
          "EndTime": "0001-01-01T00:00:00Z",
          "program": {
            "ProgramId": "00181105000000",
            "Title": "時間守護者",
            "SubTitle": "The Time Guardians",
            "Description": "傳說只要前往黑暗城市，讓鐘塔內靜止的時鐘重新轉動，所有的痛苦和不幸都會消失，一切都能恢復正常。孤兒小女孩庫夏被慈愛的養父母領養，過著幸福的日子，不料邪惡的女巫卻挑撥養父母的感情，讓庫夏美滿的家庭陷入危機。為了改變這一切，庫夏踏上冒險的旅程，前往黑暗城市，讓時鐘重新運轉…",
            "ShowType": "98"
          }
        },
        {
          "StationId": 1231,
          "ProgramId": "00197640000000",
          "AirDateTime": "2025-11-17T23:00:00Z",
          "Duration": 7200,
          "PartNumber": 0,
          "NumberParts": 0,
          "Repeat": false,
          "PremiereFinale": 0,
          "LiveDelay": 3,
          "ClosedCaption": false,
          "Subtitled": false,
          "TvRating": 1,
          "SexRating": false,
          "ViolenceRating": false,
          "LanguageRating": false,
          "FVRating": false,
          "BroadcastFormat": "4x3",
          "EndTime": "0001-01-01T00:00:00Z",
          "program": {
            "ProgramId": "00197640000000",
            "Title": "諜報遊戲",
            "Description": "受卡達爾政府重用的秘密情報員安德拉斯，如今早已退隱江湖，垂垂老矣。沒想到，害他失利的前同事仍畏懼他的影響力，也擔心他會復仇的可能，決定派出手下尾隨，試圖趁機滅口。一場爾虞我詐的危險遊戲於焉展開…",
            "ShowType": "98"
          }
        },
        {
          "StationId": 1231,
          "ProgramId": "00188116000000",
          "AirDateTime": "2025-11-18T01:00:00Z",
          "Duration": 6300,
          "PartNumber": 0,
          "NumberParts": 0,
          "Repeat": false,
          "PremiereFinale": 0,
          "LiveDelay": 3,
          "ClosedCaption": false,
          "Subtitled": false,
          "TvRating": 1,
          "SexRating": false,
          "ViolenceRating": false,
          "LanguageRating": false,
          "FVRating": false,
          "BroadcastFormat": "4x3",
          "EndTime": "0001-01-01T00:00:00Z",
          "program": {
            "ProgramId": "00188116000000",
            "Title": "無間交戰",
            "Description": "自幼是孤兒的他從未感受過家庭的溫暖或羈絆，身份是資深警探的他被派到當地最龐大的販毒集團裡進行滲透，這個由阿拉伯家族掌管的組織作風強悍血腥，在前方等著他的，除了掙扎與考驗外，是黑白兩道界線的含糊",
            "ShowType": "98"
          }
        },
        {
          "StationId": 1231,
          "ProgramId": "00197641000000",
          "AirDateTime": "2025-11-18T02:45:00Z",
          "Duration": 6300,
          "PartNumber": 0,
          "NumberParts": 0,
          "Repeat": false,
          "PremiereFinale": 0,
          "LiveDelay": 3,
          "ClosedCaption": false,
          "Subtitled": false,
          "TvRating": 1,
          "SexRating": false,
          "ViolenceRating": false,
          "LanguageRating": false,
          "FVRating": false,
          "BroadcastFormat": "4x3",
          "EndTime": "0001-01-01T00:00:00Z",
          "program": {
            "ProgramId": "00197641000000",
            "Title": "隱形少女",
            "Description": "少女蘇的母親是位厲害的科學家。某天，蘇在實驗室不小心接觸母親研發的藥水後，變得能夠隱形，因為這項新的能力，本來是學校怪咖的蘇意外交到了一些朋友。然而過不久後，有人覬覦這個隱形藥水的秘密，竟然綁架了她的母親。借助隱形的能力和朋友的幫忙，她要追捕那些綁架者，並從他們手中救回母親！",
            "ShowType": "98"
          }
        },
        {
          "StationId": 1231,
          "ProgramId": "00186450000000",
          "AirDateTime": "2025-11-18T04:30:00Z",
          "Duration": 6600,
          "PartNumber": 0,
          "NumberParts": 0,
          "Repeat": false,
          "PremiereFinale": 0,
          "LiveDelay": 3,
          "ClosedCaption": false,
          "Subtitled": false,
          "TvRating": 1,
          "SexRating": false,
          "ViolenceRating": false,
          "LanguageRating": false,
          "FVRating": false,
          "BroadcastFormat": "4x3",
          "EndTime": "0001-01-01T00:00:00Z",
          "program": {
            "ProgramId": "00186450000000",
            "Title": "迫切救援",
            "Description": "在美國與墨西哥相接的邊境四個州之中，德州發生最多起非法移民死亡案件，邊緣城市受到毒品黑幫與人口販賣的威脅也層出不窮。一名甫畢業的女孩在畢業晚會回家途中遭到綁架，她的哥哥瑞恩必須與時間賽跑，要從專門販賣年輕女孩的人口販子手中救回妹妹，在她被人蛇集團吞噬並消失在這世界之前…",
            "ShowType": "98"
          }
        },
        {
          "StationId": 1231,
          "ProgramId": "00124390000000",
          "AirDateTime": "2025-11-18T06:20:00Z",
          "Duration": 6000,
          "PartNumber": 0,
          "NumberParts": 0,
          "Repeat": false,
          "PremiereFinale": 0,
          "LiveDelay": 3,
          "ClosedCaption": false,
          "Subtitled": false,
          "TvRating": 1,
          "SexRating": false,
          "ViolenceRating": false,
          "LanguageRating": false,
          "FVRating": false,
          "BroadcastFormat": "4x3",
          "EndTime": "0001-01-01T00:00:00Z",
          "program": {
            "ProgramId": "00124390000000",
            "Title": "鎖命橫財",
            "SubTitle": "Good People",
            "Description": "湯姆（詹姆斯法蘭柯）和太太安娜（凱特哈德森）從美國搬到倫敦定居，為整修房子而陷入財務困境時，卻在他們的公寓中發現一位已故房客留下的一大筆現金！夫妻倆原以為天降橫財，打算將之占為己有，不料這筆來路不明的贓款竟引來意外殺機…",
            "ShowType": "98"
          }
        },
        {
          "StationId": 1231,
          "ProgramId": "00197642000000",
          "AirDateTime": "2025-11-18T08:00:00Z",
          "Duration": 6600,
          "PartNumber": 0,
          "NumberParts": 0,
          "Repeat": false,
          "PremiereFinale": 0,
          "LiveDelay": 3,
          "ClosedCaption": false,
          "Subtitled": false,
          "TvRating": 1,
          "SexRating": false,
          "ViolenceRating": false,
          "LanguageRating": false,
          "FVRating": false,
          "BroadcastFormat": "4x3",
          "EndTime": "0001-01-01T00:00:00Z",
          "program": {
            "ProgramId": "00197642000000",
            "Title": "馬麻吉：馬戲團危機",
            "Description": "一組巡迴馬戲團來到了亞希居住的凱登巴赫馬場，亞希與馬戲團男孩卡洛成為了朋友。不久，亞希發現馬戲團裡有一匹年老受傷、名為暴風的馬，仍然被殘忍的馬戲團團長伊里強迫表演。亞希和卡洛找來亞希的忠實黑馬颶風，打算聯手拯救暴風，但伊里卻暗中計劃傷害颶風。在緊要的關頭，他們需要米卡的協助…",
            "ShowType": "98"
          }
        },
        {
          "StationId": 1231,
          "ProgramId": "00174027000000",
          "AirDateTime": "2025-11-18T09:50:00Z",
          "Duration": 5400,
          "PartNumber": 0,
          "NumberParts": 0,
          "Repeat": false,
          "PremiereFinale": 0,
          "LiveDelay": 3,
          "ClosedCaption": false,
          "Subtitled": false,
          "TvRating": 1,
          "SexRating": false,
          "ViolenceRating": false,
          "LanguageRating": false,
          "FVRating": false,
          "BroadcastFormat": "4x3",
          "EndTime": "0001-01-01T00:00:00Z",
          "program": {
            "ProgramId": "00174027000000",
            "Title": "單車總動員",
            "SubTitle": "Bikes",
            "Description": "車輪市是一個住滿腳踏車的美麗城市，沒想到某天城市裡竟然出現了汽油引擎，這些吵雜又會排放廢氣的引擎徹底影響了大家的生活。越野腳踏車旋風為了維護城市的整潔，決定與夥伴齒輪、孟塔娜一起對抗這些可惡的汽油引擎，好讓車輪市恢復乾淨美麗的模樣！",
            "ShowType": "98"
          }
        },
        {
          "StationId": 1231,
          "ProgramId": "00197645000000",
          "AirDateTime": "2025-11-18T11:20:00Z",
          "Duration": 6000,
          "PartNumber": 0,
          "NumberParts": 0,
          "Repeat": false,
          "PremiereFinale": 0,
          "LiveDelay": 3,
          "ClosedCaption": false,
          "Subtitled": false,
          "TvRating": 1,
          "SexRating": false,
          "ViolenceRating": false,
          "LanguageRating": false,
          "FVRating": false,
          "BroadcastFormat": "4x3",
          "EndTime": "0001-01-01T00:00:00Z",
          "program": {
            "ProgramId": "00197645000000",
            "Title": "絕命3小時",
            "Description": "曾是歷史地標的堡高醫院，因長久疏於維護早已荒廢，如今面臨即將拆除的命運。某幫派在醫院中藏了九千萬，消息傳開後，有兩個敵對黑幫正虎視眈眈，想要找出這筆贓款，未料卻被拆除工人麥可搶先發現。如今距離建物爆破拆除僅剩三個小時，隨著時間一分一秒過去，究竟這筆錢會被誰奪走呢？",
            "ShowType": "98"
          }
        },
        {
          "StationId": 1231,
          "ProgramId": "00097954000000",
          "AirDateTime": "2025-11-18T13:00:00Z",
          "Duration": 6300,
          "PartNumber": 0,
          "NumberParts": 0,
          "Repeat": false,
          "PremiereFinale": 0,
          "LiveDelay": 3,
          "ClosedCaption": false,
          "Subtitled": false,
          "TvRating": 1,
          "SexRating": false,
          "ViolenceRating": false,
          "LanguageRating": false,
          "FVRating": false,
          "BroadcastFormat": "4x3",
          "EndTime": "0001-01-01T00:00:00Z",
          "program": {
            "ProgramId": "00097954000000",
            "Title": "魔女神兵",
            "SubTitle": "Season of the Witch",
            "Description": "十四世紀，返鄉的十字軍遭黑死病侵襲，教會將疫情認定為黑魔法，遂命貝爾曼（尼可拉斯凱吉）率領幾位騎士，押送一位以女巫罪名定讞的女子，到深山的修道院進行驅魔儀式。但與女孩這一路的相處，卻令貝爾曼開始質疑這項怪力亂神的任務…",
            "ShowType": "98"
          }
        },
        {
          "StationId": 1231,
          "ProgramId": "00197646000000",
          "AirDateTime": "2025-11-18T14:45:00Z",
          "Duration": 6000,
          "PartNumber": 0,
          "NumberParts": 0,
          "Repeat": false,
          "PremiereFinale": 0,
          "LiveDelay": 3,
          "ClosedCaption": false,
          "Subtitled": false,
          "TvRating": 1,
          "SexRating": false,
          "ViolenceRating": false,
          "LanguageRating": false,
          "FVRating": false,
          "BroadcastFormat": "4x3",
          "EndTime": "0001-01-01T00:00:00Z",
          "program": {
            "ProgramId": "00197646000000",
            "Title": "鎖魂扣",
            "Description": "艾瑪與馬克的11年婚姻猶如一灘死水，某日馬克邀艾瑪到隱密湖邊小屋約會，慶祝結婚紀念日，沒想到隔日醒來艾瑪卻發現自己與死去的丈夫銬在一起！這不過是可怕復仇計劃中的一環，她還得面對兩名受雇前來解決她性命的殺手……",
            "ShowType": "98"
          }
        },
        {
          "StationId": 1231,
          "ProgramId": "00190829000000",
          "AirDateTime": "2025-11-18T16:25:00Z",
          "Duration": 6900,
          "PartNumber": 0,
          "NumberParts": 0,
          "Repeat": false,
          "PremiereFinale": 0,
          "LiveDelay": 3,
          "ClosedCaption": false,
          "Subtitled": false,
          "TvRating": 1,
          "SexRating": false,
          "ViolenceRating": false,
          "LanguageRating": false,
          "FVRating": false,
          "BroadcastFormat": "4x3",
          "EndTime": "0001-01-01T00:00:00Z",
          "program": {
            "ProgramId": "00190829000000",
            "Title": "腥鞋遊戲",
            "Description": "富豪發出名為「搶奪紅色高跟鞋」的高額獎金遊戲，最終贏家可獲得金錢與權力，但這血腥的遊戲設定了病態的規則：突破道德界線的玩法才被認可！殘虐的遊戲就此失控的展開，直到她的出現…",
            "ShowType": "98"
          }
        },
        {
          "StationId": 1231,
          "ProgramId": "00197650000000",
          "AirDateTime": "2025-11-18T18:20:00Z",
          "Duration": 7500,
          "PartNumber": 0,
          "NumberParts": 0,
          "Repeat": false,
          "PremiereFinale": 0,
          "LiveDelay": 3,
          "ClosedCaption": false,
          "Subtitled": false,
          "TvRating": 1,
          "SexRating": false,
          "ViolenceRating": false,
          "LanguageRating": false,
          "FVRating": false,
          "BroadcastFormat": "4x3",
          "EndTime": "0001-01-01T00:00:00Z",
          "program": {
            "ProgramId": "00197650000000",
            "Title": "懸案",
            "Description": "芬克和芬斯戴夫是警察好搭檔，直到一連串可怕的殺人案發生……出現了一個恐怖的連環殺人犯，警察們卻查無頭緒，事情越趨複雜。芬斯戴夫在一次搜查現場時找到疑似的倖存者，精神科醫師蕾娜，在保護她的過程中無法自拔地愛上她，也因此與芬克的友誼起了隔閡。同時，連環殺人犯再次犯案…",
            "ShowType": "98"
          }
        },
        {
          "StationId": 1231,
          "ProgramId": "00197651000000",
          "AirDateTime": "2025-11-18T20:25:00Z",
          "Duration": 5700,
          "PartNumber": 0,
          "NumberParts": 0,
          "Repeat": false,
          "PremiereFinale": 0,
          "LiveDelay": 3,
          "ClosedCaption": false,
          "Subtitled": false,
          "TvRating": 1,
          "SexRating": false,
          "ViolenceRating": false,
          "LanguageRating": false,
          "FVRating": false,
          "BroadcastFormat": "4x3",
          "EndTime": "0001-01-01T00:00:00Z",
          "program": {
            "ProgramId": "00197651000000",
            "Title": "血怪",
            "Description": "一架滿載大學橄欖球隊員的飛機墜落在喜馬拉雅山，大難不死的他們感謝著上蒼，殊不知接踵而來的生存之戰，竟是不讓自己成為盤中飧？！",
            "ShowType": "98"
          }
        },
        {
          "StationId": 1231,
          "ProgramId": "00081252000000",
          "AirDateTime": "2025-11-18T22:00:00Z",
          "Duration": 6000,
          "PartNumber": 0,
          "NumberParts": 0,
          "Repeat": false,
          "PremiereFinale": 0,
          "LiveDelay": 3,
          "ClosedCaption": false,
          "Subtitled": false,
          "TvRating": 1,
          "SexRating": false,
          "ViolenceRating": false,
          "LanguageRating": false,
          "FVRating": false,
          "BroadcastFormat": "4x3",
          "EndTime": "0001-01-01T00:00:00Z",
          "program": {
            "ProgramId": "00081252000000",
            "Title": "真人遊戲",
            "SubTitle": "Gamer",
            "Description": "被誣陷的死囚凱柏（傑拉德巴特勒）成為真人線上遊戲世界的英雄，但在他即將贏得自由之際，遊戲創始人卡索（麥可霍爾）卻設下了致命陷阱，要置他於死地。如今，凱柏不但得保住自己的小命，還得設法解除晶片的控制，以解救妻女的性命…",
            "ShowType": "98"
          }
        },
        {
          "StationId": 1231,
          "ProgramId": "00168426000000",
          "AirDateTime": "2025-11-18T23:40:00Z",
          "Duration": 8400,
          "PartNumber": 0,
          "NumberParts": 0,
          "Repeat": false,
          "PremiereFinale": 0,
          "LiveDelay": 3,
          "ClosedCaption": false,
          "Subtitled": false,
          "TvRating": 1,
          "SexRating": false,
          "ViolenceRating": false,
          "LanguageRating": false,
          "FVRating": false,
          "BroadcastFormat": "4x3",
          "EndTime": "0001-01-01T00:00:00Z",
          "program": {
            "ProgramId": "00168426000000",
            "Title": "牛津解密",
            "SubTitle": "The Professor and the Madman",
            "Description": "莫瑞教授（梅爾吉勃遜）接下牛津字典編纂工作，立志要打造史上搜羅最廣的字典。為縮短龐大人力與時間，他公開徵求詞彙以藉此加快進度。卻發現有位麥納醫生（西恩潘）獨自貢獻上萬多條引語，而他竟因殺人被判定為瘋子，終身監禁在精神病院…",
            "ShowType": "98"
          }
        },
        {
          "StationId": 1231,
          "ProgramId": "00197649000000",
          "AirDateTime": "2025-11-19T02:00:00Z",
          "Duration": 6300,
          "PartNumber": 0,
          "NumberParts": 0,
          "Repeat": false,
          "PremiereFinale": 0,
          "LiveDelay": 3,
          "ClosedCaption": false,
          "Subtitled": false,
          "TvRating": 1,
          "SexRating": false,
          "ViolenceRating": false,
          "LanguageRating": false,
          "FVRating": false,
          "BroadcastFormat": "4x3",
          "EndTime": "0001-01-01T00:00:00Z",
          "program": {
            "ProgramId": "00197649000000",
            "Title": "時限特工",
            "Description": "庫柏米勒是時間座標在1950年的星際特工，工作是逮住破壞星際秩序的外星人。在追捕行動中，利用時光旅行穿越時空來到現在的地球，女警麗莎是他唯一認識且信任的地球人，這對臨時搭檔要在有限的時間內將三個外星人緝捕到案，否則將會有蜂擁而上的外星人穿過蟲洞來到地球…",
            "ShowType": "98"
          }
        },
        {
          "StationId": 1231,
          "ProgramId": "00183968000000",
          "AirDateTime": "2025-11-19T03:45:00Z",
          "Duration": 7200,
          "PartNumber": 0,
          "NumberParts": 0,
          "Repeat": false,
          "PremiereFinale": 0,
          "LiveDelay": 3,
          "ClosedCaption": false,
          "Subtitled": false,
          "TvRating": 1,
          "SexRating": false,
          "ViolenceRating": false,
          "LanguageRating": false,
          "FVRating": false,
          "BroadcastFormat": "4x3",
          "EndTime": "0001-01-01T00:00:00Z",
          "program": {
            "ProgramId": "00183968000000",
            "Title": "疾凍救援",
            "SubTitle": "The Ice Road",
            "Description": "加拿大一處偏遠礦場坍方，26位礦工受困凍土下，當局在評估情勢後，請運輸隊老闆吉姆（勞倫斯費許朋）率隊帶救援工具前往現場。在重賞之下麥克（連恩尼遜）與弟弟葛帝等幾位駕駛加入車隊，礦業公司也派安全顧問湯姆（班傑明沃克）陪同…",
            "ShowType": "98"
          }
        },
        {
          "StationId": 1231,
          "ProgramId": "00192555000000",
          "AirDateTime": "2025-11-19T05:45:00Z",
          "Duration": 8100,
          "PartNumber": 0,
          "NumberParts": 0,
          "Repeat": false,
          "PremiereFinale": 0,
          "LiveDelay": 3,
          "ClosedCaption": false,
          "Subtitled": false,
          "TvRating": 1,
          "SexRating": false,
          "ViolenceRating": false,
          "LanguageRating": false,
          "FVRating": false,
          "BroadcastFormat": "4x3",
          "EndTime": "0001-01-01T00:00:00Z",
          "program": {
            "ProgramId": "00192555000000",
            "Title": "失控特工",
            "SubTitle": "Hero",
            "Description": "15年前，安德烈在父親的安排下，前往一所秘密培養情報局特工的特殊學校接受培訓。多年後，訓練計畫因故被迫中止，安德烈選擇留在歐洲，並試圖忘掉不堪的過去。某天，原以為已經過世的父親突然來電，告知安德烈有不知名人士正通緝他。安德烈只好跑去找同在學校受過訓練的瑪莎，一起尋找真相…",
            "ShowType": "98"
          }
        },
        {
          "StationId": 1231,
          "ProgramId": "00186329000000",
          "AirDateTime": "2025-11-19T08:00:00Z",
          "Duration": 6000,
          "PartNumber": 0,
          "NumberParts": 0,
          "Repeat": false,
          "PremiereFinale": 0,
          "LiveDelay": 3,
          "ClosedCaption": false,
          "Subtitled": false,
          "TvRating": 1,
          "SexRating": false,
          "ViolenceRating": false,
          "LanguageRating": false,
          "FVRating": false,
          "BroadcastFormat": "4x3",
          "EndTime": "0001-01-01T00:00:00Z",
          "program": {
            "ProgramId": "00186329000000",
            "Title": "露西亞的聖誕願望",
            "Description": "露西亞是第一個就讀聖誕學院聖誕老人班的女孩。她朋友奧斯卡被指控偷了冬季國王的魔法水晶，這個水晶正是禮物機的燃料。露西亞決心與不公抗爭，並與奧斯卡一起逃亡，要找到真正的小偷，來證明他的清白。很快，他們碰上了「灰教徒」，這個秘密兄弟會發誓要摧毀水晶，永遠結束聖誕節。",
            "ShowType": "98"
          }
        },
        {
          "StationId": 1231,
          "ProgramId": "00197647000000",
          "AirDateTime": "2025-11-19T09:40:00Z",
          "Duration": 6300,
          "PartNumber": 0,
          "NumberParts": 0,
          "Repeat": false,
          "PremiereFinale": 0,
          "LiveDelay": 3,
          "ClosedCaption": false,
          "Subtitled": false,
          "TvRating": 1,
          "SexRating": false,
          "ViolenceRating": false,
          "LanguageRating": false,
          "FVRating": false,
          "BroadcastFormat": "4x3",
          "EndTime": "0001-01-01T00:00:00Z",
          "program": {
            "ProgramId": "00197647000000",
            "Title": "露西亞的願望：搶救聖誕節",
            "Description": "12歲的露西亞是第一個就讀聖誕學院聖誕老人班的女孩。沒想到，她最好的朋友奧斯卡被指控偷了冬季國王的魔法水晶，而這個水晶正是禮物機的燃料。不顧母親克勞迪亞的反對，露西亞決定與奧斯卡一起逃亡，並找到真正的小偷，來證明他的清白。為了友誼，也為了拯救聖誕節，露西亞和奧斯卡一定會抗戰到底！",
            "ShowType": "98"
          }
        },
        {
          "StationId": 1231,
          "ProgramId": "00122451000000",
          "AirDateTime": "2025-11-19T11:25:00Z",
          "Duration": 5700,
          "PartNumber": 0,
          "NumberParts": 0,
          "Repeat": false,
          "PremiereFinale": 0,
          "LiveDelay": 3,
          "ClosedCaption": false,
          "Subtitled": false,
          "TvRating": 1,
          "SexRating": false,
          "ViolenceRating": false,
          "LanguageRating": false,
          "FVRating": false,
          "BroadcastFormat": "4x3",
          "EndTime": "0001-01-01T00:00:00Z",
          "program": {
            "ProgramId": "00122451000000",
            "Title": "搜索戰",
            "SubTitle": "Reasonable Doubt",
            "Description": "年輕有為的地檢官米契（多明尼克庫柏）開車不小心撞死人後駕車逃逸，戴維斯（山繆傑克森）因被目擊在現場出沒而遭指控為罪嫌。米契出於良心譴責，為他擔任辯護律師。但不久後他便發現這位「無辜」的嫌犯，竟可能是個冷血殺人魔…",
            "ShowType": "98"
          }
        },
        {
          "StationId": 1231,
          "ProgramId": "00169253000000",
          "AirDateTime": "2025-11-19T13:00:00Z",
          "Duration": 6900,
          "PartNumber": 0,
          "NumberParts": 0,
          "Repeat": false,
          "PremiereFinale": 0,
          "LiveDelay": 3,
          "ClosedCaption": false,
          "Subtitled": false,
          "TvRating": 1,
          "SexRating": false,
          "ViolenceRating": false,
          "LanguageRating": false,
          "FVRating": false,
          "BroadcastFormat": "4x3",
          "EndTime": "0001-01-01T00:00:00Z",
          "program": {
            "ProgramId": "00169253000000",
            "Title": "冰血殺機",
            "SubTitle": "Siberia",
            "Description": "美國鑽石商盧卡斯（基努李維）前往聖彼得堡交易稀有的藍鑽，卻發現聯絡人帶著鑽石失蹤了。買家波里斯是心狠手辣的黑幫老大，限盧卡斯要在48小時內交出藍鑽。盧卡斯急著追查藍鑽與聯絡人下落時，卻意外與咖啡廳美女老闆卡蒂亞擦出火花…",
            "ShowType": "98"
          }
        },
        {
          "StationId": 1231,
          "ProgramId": "00197648000000",
          "AirDateTime": "2025-11-19T14:55:00Z",
          "Duration": 7500,
          "PartNumber": 0,
          "NumberParts": 0,
          "Repeat": false,
          "PremiereFinale": 0,
          "LiveDelay": 3,
          "ClosedCaption": false,
          "Subtitled": false,
          "TvRating": 1,
          "SexRating": false,
          "ViolenceRating": false,
          "LanguageRating": false,
          "FVRating": false,
          "BroadcastFormat": "4x3",
          "EndTime": "0001-01-01T00:00:00Z",
          "program": {
            "ProgramId": "00197648000000",
            "Title": "劫獄救援",
            "Description": "正在服刑的艾達沃克（梅莉莎李奧）罹患絕症，時日不多。不甘心就這樣死在牢中的艾達，指導自己的兒子懷特沃克（喬許哈奈特）繼承犯罪家業，並由懷特的叔叔達拉斯沃克從旁協助，預謀發動一場搶案來拯救受困牢獄之災的艾達。究竟他們能否成功完成解救任務，讓艾達在剩餘的生命裡重返自由呢？",
            "ShowType": "98"
          }
        },
        {
          "StationId": 1231,
          "ProgramId": "00197670000000",
          "AirDateTime": "2025-11-19T17:00:00Z",
          "Duration": 5700,
          "PartNumber": 0,
          "NumberParts": 0,
          "Repeat": false,
          "PremiereFinale": 0,
          "LiveDelay": 3,
          "ClosedCaption": false,
          "Subtitled": false,
          "TvRating": 1,
          "SexRating": false,
          "ViolenceRating": false,
          "LanguageRating": false,
          "FVRating": false,
          "BroadcastFormat": "4x3",
          "EndTime": "0001-01-01T00:00:00Z",
          "program": {
            "ProgramId": "00197670000000",
            "Title": "私法捍衛",
            "Description": "擁有不堪過去的法蘭克威爾森（強尼梅斯納）接獲默斯警探的通知，得知自己唯一的兒子被人殺害。原本在鄉下過著退隱生活的他，動身回到城市，打算將兇手繩之以法。沒想到，前幫派分子奧古斯汀諾（史蒂芬席格）竟想從中阻撓。一場對決就此展開，雙方人馬絕不善罷甘休，直到其中一人倒下為止…",
            "ShowType": "98"
          }
        },
        {
          "StationId": 1231,
          "ProgramId": "00197672000000",
          "AirDateTime": "2025-11-19T18:35:00Z",
          "Duration": 6900,
          "PartNumber": 0,
          "NumberParts": 0,
          "Repeat": false,
          "PremiereFinale": 0,
          "LiveDelay": 3,
          "ClosedCaption": false,
          "Subtitled": false,
          "TvRating": 1,
          "SexRating": false,
          "ViolenceRating": false,
          "LanguageRating": false,
          "FVRating": false,
          "BroadcastFormat": "4x3",
          "EndTime": "0001-01-01T00:00:00Z",
          "program": {
            "ProgramId": "00197672000000",
            "Title": "紅杉林懸案",
            "Description": "20年前的一處紅杉林農場，發瘋的主人殺死家人再自殺，從那時候開始，便出現了各種詭異的傳說。一個陌生人想要查出這樁尚未偵破的謀殺案真相，於是便說服一群失去親人的家族成員進入這片荒野中，希望證明臭名昭彰的麻袋蒙面瘋子確有其人。未料，情況突然急轉直下，這群獵人反而變成被追捕的對象…",
            "ShowType": "98"
          }
        },
        {
          "StationId": 1231,
          "ProgramId": "00188296000000",
          "AirDateTime": "2025-11-19T20:30:00Z",
          "Duration": 5400,
          "PartNumber": 0,
          "NumberParts": 0,
          "Repeat": false,
          "PremiereFinale": 0,
          "LiveDelay": 3,
          "ClosedCaption": false,
          "Subtitled": false,
          "TvRating": 1,
          "SexRating": false,
          "ViolenceRating": false,
          "LanguageRating": false,
          "FVRating": false,
          "BroadcastFormat": "4x3",
          "EndTime": "0001-01-01T00:00:00Z",
          "program": {
            "ProgramId": "00188296000000",
            "Title": "震撼戰憶",
            "Description": "狡猾的戰後創傷是個糾纏歷史的幽靈，自麥基越戰退伍後便不曾離開，每天夜裡他哀悼著逝去的弟兄，在壓力的魔掌下掙扎又掙扎，愧疚的種子終究變成巨大陰影，他融入了暴戾生活，卻在一次失敗的搶劫計畫後消失；多年後，他從未認識的兒子雅各，接獲通知：找到麥基了…。",
            "ShowType": "98"
          }
        },
        {
          "StationId": 1231,
          "ProgramId": "00186768000000",
          "AirDateTime": "2025-11-19T22:00:00Z",
          "Duration": 8100,
          "PartNumber": 0,
          "NumberParts": 0,
          "Repeat": false,
          "PremiereFinale": 0,
          "LiveDelay": 3,
          "ClosedCaption": false,
          "Subtitled": false,
          "TvRating": 1,
          "SexRating": false,
          "ViolenceRating": false,
          "LanguageRating": false,
          "FVRating": false,
          "BroadcastFormat": "4x3",
          "EndTime": "0001-01-01T00:00:00Z",
          "program": {
            "ProgramId": "00186768000000",
            "Title": "今夜，我們無罪",
            "Description": "魯貝，法國最貧窮的罪惡城市，警長達烏德帶著新人路易在這座他從小長大的城市內來回奔波，燒毀的車輛、起衝突的人們讓他疲於奔命。一起線索不多的年長女性謀殺案引起他的關注，抽絲剝繭後他發現死者的鄰居—兩位同居的年輕女伴侶涉有重嫌。她們真的有殺人嗎？警探能還她們清白嗎？",
            "ShowType": "98"
          }
        },
        {
          "StationId": 1231,
          "ProgramId": "00197671000000",
          "AirDateTime": "2025-11-20T00:15:00Z",
          "Duration": 7500,
          "PartNumber": 0,
          "NumberParts": 0,
          "Repeat": false,
          "PremiereFinale": 0,
          "LiveDelay": 3,
          "ClosedCaption": false,
          "Subtitled": false,
          "TvRating": 1,
          "SexRating": false,
          "ViolenceRating": false,
          "LanguageRating": false,
          "FVRating": false,
          "BroadcastFormat": "4x3",
          "EndTime": "0001-01-01T00:00:00Z",
          "program": {
            "ProgramId": "00197671000000",
            "Title": "捍衛戰線",
            "Description": "一名英國士兵因其瘋狂殺戮而被自己的軍隊關起來，但在英國占領埃及期間，他被英國人作為秘密武器，釋放出來與亞歷山大港卡穆斯警局的尤瑟夫艾爾馬斯理分局長率領的埃及士兵戰鬥。然而引發這場戰爭的起因是因為兩個慾望衝腦的英國士兵，進而演變成一場占領者與被占領者捍衛民族尊嚴與律法的保衛大戰…",
            "ShowType": "98"
          }
        },
        {
          "StationId": 1231,
          "ProgramId": "00197675000000",
          "AirDateTime": "2025-11-20T02:20:00Z",
          "Duration": 5700,
          "PartNumber": 0,
          "NumberParts": 0,
          "Repeat": false,
          "PremiereFinale": 0,
          "LiveDelay": 3,
          "ClosedCaption": false,
          "Subtitled": false,
          "TvRating": 1,
          "SexRating": false,
          "ViolenceRating": false,
          "LanguageRating": false,
          "FVRating": false,
          "BroadcastFormat": "4x3",
          "EndTime": "0001-01-01T00:00:00Z",
          "program": {
            "ProgramId": "00197675000000",
            "Title": "對決",
            "Description": "掌控了戒備森嚴的監獄與內部囚犯，身為犯罪天才同時也是前洛杉磯警局爆破專家的他，將對上兒子也在獄中的退役特種部隊成員兼人質談判專家。",
            "ShowType": "98"
          }
        },
        {
          "StationId": 1231,
          "ProgramId": "00197676000000",
          "AirDateTime": "2025-11-20T03:55:00Z",
          "Duration": 7800,
          "PartNumber": 0,
          "NumberParts": 0,
          "Repeat": false,
          "PremiereFinale": 0,
          "LiveDelay": 3,
          "ClosedCaption": false,
          "Subtitled": false,
          "TvRating": 1,
          "SexRating": false,
          "ViolenceRating": false,
          "LanguageRating": false,
          "FVRating": false,
          "BroadcastFormat": "4x3",
          "EndTime": "0001-01-01T00:00:00Z",
          "program": {
            "ProgramId": "00197676000000",
            "Title": "庫爾斯克號：深海救援",
            "Description": "改編自歷史上最嚴重艦艇沉沒事件。2000年8月，號稱永不沉沒的庫爾斯克號，在俄羅斯北部進行海軍訓練時發生魚雷自爆意外，造成重大傷亡。在接下來的黃金救援期間，全世界都開始關注這起重大災難，但外國援助行動都被俄羅斯政府嚴正拒絕，所有船員命懸一線…",
            "ShowType": "98"
          }
        },
        {
          "StationId": 1231,
          "ProgramId": "00197673000000",
          "AirDateTime": "2025-11-20T06:05:00Z",
          "Duration": 6000,
          "PartNumber": 0,
          "NumberParts": 0,
          "Repeat": false,
          "PremiereFinale": 0,
          "LiveDelay": 3,
          "ClosedCaption": false,
          "Subtitled": false,
          "TvRating": 1,
          "SexRating": false,
          "ViolenceRating": false,
          "LanguageRating": false,
          "FVRating": false,
          "BroadcastFormat": "4x3",
          "EndTime": "0001-01-01T00:00:00Z",
          "program": {
            "ProgramId": "00197673000000",
            "Title": "限時搶救",
            "Description": "911緊急應變中心接線員帕梅拉（米莎巴頓）的女兒慘遭綁架，歹徒要求她與身為警官的丈夫發布指令給所有的警察和消防部門，將他們調離城市各個區域，以利他們執行犯罪行動。時間分秒必爭，他們被迫在城市與女兒的安危之間做出抉擇…",
            "ShowType": "98"
          }
        },
        {
          "StationId": 1231,
          "ProgramId": "00174348000000",
          "AirDateTime": "2025-11-20T07:45:00Z",
          "Duration": 6300,
          "PartNumber": 0,
          "NumberParts": 0,
          "Repeat": false,
          "PremiereFinale": 0,
          "LiveDelay": 3,
          "ClosedCaption": false,
          "Subtitled": false,
          "TvRating": 1,
          "SexRating": false,
          "ViolenceRating": false,
          "LanguageRating": false,
          "FVRating": false,
          "BroadcastFormat": "4x3",
          "EndTime": "0001-01-01T00:00:00Z",
          "program": {
            "ProgramId": "00174348000000",
            "Title": "萌犬派崔克",
            "SubTitle": "Patrick",
            "Description": "莎拉（比提埃德蒙遜）人生諸事不順，但在奶奶過世後，她的人生卻出現戲劇性的變化：奶奶留給她的巴哥犬「派崔克」成了新的麻煩。派崔克是一隻頑皮、傲慢且非常不受控的小狗，但派崔克可不只會惹麻煩，竟然還幫莎拉吸引到了兩位神秘的追求者。究竟派崔克將為莎拉的生活帶來苦難還是幸福呢？",
            "ShowType": "98"
          }
        },
        {
          "StationId": 1231,
          "ProgramId": "00192143000000",
          "AirDateTime": "2025-11-20T09:30:00Z",
          "Duration": 5700,
          "PartNumber": 0,
          "NumberParts": 0,
          "Repeat": false,
          "PremiereFinale": 0,
          "LiveDelay": 3,
          "ClosedCaption": false,
          "Subtitled": false,
          "TvRating": 1,
          "SexRating": false,
          "ViolenceRating": false,
          "LanguageRating": false,
          "FVRating": false,
          "BroadcastFormat": "4x3",
          "EndTime": "0001-01-01T00:00:00Z",
          "program": {
            "ProgramId": "00192143000000",
            "Title": "巴亞拉魔幻冒險",
            "Description": "「巴亞拉王國」原本是個精靈們與龍和平共處的魔法國度，但在「影精靈」女王歐妃拉的邪惡詭計下，龍蛋被盜走，「太陽精靈」公主蘇拉也被擄至影之王國。長大後的蘇拉奮力逃回太陽王國，偶然間發現龍其實並未消失。於是，新任太陽王國女王賦予蘇拉與好友們一個重責大任，眾人一起踏上護送龍蛋的驚險旅程…",
            "ShowType": "98"
          }
        },
        {
          "StationId": 1231,
          "ProgramId": "00180106000000",
          "AirDateTime": "2025-11-20T11:05:00Z",
          "Duration": 6900,
          "PartNumber": 0,
          "NumberParts": 0,
          "Repeat": false,
          "PremiereFinale": 0,
          "LiveDelay": 3,
          "ClosedCaption": false,
          "Subtitled": false,
          "TvRating": 1,
          "SexRating": false,
          "ViolenceRating": false,
          "LanguageRating": false,
          "FVRating": false,
          "BroadcastFormat": "4x3",
          "EndTime": "0001-01-01T00:00:00Z",
          "program": {
            "ProgramId": "00180106000000",
            "Title": "獨帆之聲",
            "SubTitle": "The Mercy",
            "Description": "1968年，唐諾（柯林佛斯）打算參加備受矚目的環行世界獨帆大賽，並成為史上第一位完全不靠岸、獨自航行環繞世界的人。隨著唐諾在比賽中，以史無前例的驚人速度航行，媒體也將他打造成英國家喻戶曉的英雄人物。不過，就在家人歡天喜地準備迎接他凱旋歸來時，遠方竟傳來唐諾消失在茫茫大海中的噩耗…",
            "ShowType": "98"
          }
        },
        {
          "StationId": 1231,
          "ProgramId": "00173729000000",
          "AirDateTime": "2025-11-20T13:00:00Z",
          "Duration": 6600,
          "PartNumber": 0,
          "NumberParts": 0,
          "Repeat": false,
          "PremiereFinale": 0,
          "LiveDelay": 3,
          "ClosedCaption": false,
          "Subtitled": false,
          "TvRating": 1,
          "SexRating": false,
          "ViolenceRating": false,
          "LanguageRating": false,
          "FVRating": false,
          "BroadcastFormat": "4x3",
          "EndTime": "0001-01-01T00:00:00Z",
          "program": {
            "ProgramId": "00173729000000",
            "Title": "藍波:最後一滴血",
            "SubTitle": "Rambo: Last Blood",
            "Description": "越戰退伍兵藍波（席維斯史特龍）從緬甸歸來後，在父親留下的牧場過著平靜生活。當老友的孫女蓋比到墨西哥尋父卻失蹤時，藍波趕去追查，最後卻只能眼見她死前最後一面。在埋葬視如親人的蓋比並驅散牧場員工後，藍波開始進行血債血償行動…",
            "ShowType": "98"
          }
        },
        {
          "StationId": 1231,
          "ProgramId": "00197674000000",
          "AirDateTime": "2025-11-20T14:50:00Z",
          "Duration": 7800,
          "PartNumber": 0,
          "NumberParts": 0,
          "Repeat": false,
          "PremiereFinale": 0,
          "LiveDelay": 3,
          "ClosedCaption": false,
          "Subtitled": false,
          "TvRating": 1,
          "SexRating": false,
          "ViolenceRating": false,
          "LanguageRating": false,
          "FVRating": false,
          "BroadcastFormat": "4x3",
          "EndTime": "0001-01-01T00:00:00Z",
          "program": {
            "ProgramId": "00197674000000",
            "Title": "追捕偵探",
            "Description": "歷經戰爭後的十幾年，國家試圖重建，但卻有一群不法分子在全國各地遊走犯案。於是一名參議員僱用偵探馬提亞斯布雷徹，追查這幾名兇殘的罪犯，而偵探所擁有的武器只有一把左輪手槍。當他在舊西部尋求正義時，遇到了一個意志堅定的拓荒女子，此時他的決心受到了考驗…",
            "ShowType": "98"
          }
        },
        {
          "StationId": 1231,
          "ProgramId": "00000001000125",
          "AirDateTime": "2025-11-20T17:00:00Z",
          "Duration": 7200,
          "PartNumber": 0,
          "NumberParts": 0,
          "Repeat": false,
          "PremiereFinale": 0,
          "LiveDelay": 3,
          "ClosedCaption": false,
          "Subtitled": false,
          "TvRating": 1,
          "SexRating": false,
          "ViolenceRating": false,
          "LanguageRating": false,
          "FVRating": false,
          "BroadcastFormat": "4x3",
          "EndTime": "0001-01-01T00:00:00Z",
          "program": {
            "ProgramId": "00000001000125",
            "Title": "勒索風雲",
            "ShowType": "1"
          }
        },
        {
          "StationId": 1231,
          "ProgramId": "00178565000000",
          "AirDateTime": "2025-11-20T19:00:00Z",
          "Duration": 7500,
          "PartNumber": 0,
          "NumberParts": 0,
          "Repeat": false,
          "PremiereFinale": 0,
          "LiveDelay": 3,
          "ClosedCaption": false,
          "Subtitled": false,
          "TvRating": 1,
          "SexRating": false,
          "ViolenceRating": false,
          "LanguageRating": false,
          "FVRating": false,
          "BroadcastFormat": "4x3",
          "EndTime": "0001-01-01T00:00:00Z",
          "program": {
            "ProgramId": "00178565000000",
            "Title": "致命誘拐",
            "SubTitle": "The Vanished",
            "Description": "保羅和溫蒂帶著女兒泰勒前往湖邊露營度假，不料夫妻倆稍不注意，女兒竟突然人間蒸發。曾經痛失兒女的貝克警長向他們保證一定會找出泰勒，但案情卻逐漸陷入膠著。儘管沒有直接的證據，保羅和溫蒂仍然懷疑真正的歹徒就在身邊，他們因此鋌而走險，私自進行調查，沒想到反而讓整起事件越發混亂…",
            "ShowType": "98"
          }
        },
        {
          "StationId": 1231,
          "ProgramId": "00187769000000",
          "AirDateTime": "2025-11-20T21:05:00Z",
          "Duration": 6900,
          "PartNumber": 0,
          "NumberParts": 0,
          "Repeat": false,
          "PremiereFinale": 0,
          "LiveDelay": 3,
          "ClosedCaption": false,
          "Subtitled": false,
          "TvRating": 1,
          "SexRating": false,
          "ViolenceRating": false,
          "LanguageRating": false,
          "FVRating": false,
          "BroadcastFormat": "4x3",
          "EndTime": "0001-01-01T00:00:00Z",
          "program": {
            "ProgramId": "00187769000000",
            "Title": "愛情駭客",
            "Description": "身為絕頂聰明的駭客薩姆，卻總是做出錯誤的選擇，緩刑期間他以假冒郵差身分竊取郵件以維持生計；一封來自海軍陸戰隊遺孀的信讓他震撼，渴求這份深刻愛情的溫暖所以藉機接近她，愛情光芒看似再次降臨生命之中，此時，薩姆過去的黑歷史卻讓這段關係立刻凍結…。",
            "ShowType": "98"
          }
        },
        {
          "StationId": 1231,
          "ProgramId": "00167883000000",
          "AirDateTime": "2025-11-20T23:00:00Z",
          "Duration": 6300,
          "PartNumber": 0,
          "NumberParts": 0,
          "Repeat": false,
          "PremiereFinale": 0,
          "LiveDelay": 3,
          "ClosedCaption": false,
          "Subtitled": false,
          "TvRating": 1,
          "SexRating": false,
          "ViolenceRating": false,
          "LanguageRating": false,
          "FVRating": false,
          "BroadcastFormat": "4x3",
          "EndTime": "0001-01-01T00:00:00Z",
          "program": {
            "ProgramId": "00167883000000",
            "Title": "跟著IKEA衣櫥去旅行",
            "SubTitle": "The Extraordinary Journey of the Fakir",
            "Description": "母親意外過世後，阿賈決定帶著母親的骨灰前往巴黎尋找從未謀面的生父。阿賈抵達巴黎後，在IKEA遇見了命中注定的女孩瑪莉，身無分文的他躲進IKEA的衣櫥過夜，沒想到卻連人帶「衣櫥」被送往了英國，還被警方當成非法移民遣返西班牙。阿賈之後輾轉流浪到了羅馬，歷經無數冒險後終於回到法國…",
            "ShowType": "98"
          }
        },
        {
          "StationId": 1231,
          "ProgramId": "00000001000126",
          "AirDateTime": "2025-11-21T00:45:00Z",
          "Duration": 5400,
          "PartNumber": 0,
          "NumberParts": 0,
          "Repeat": false,
          "PremiereFinale": 0,
          "LiveDelay": 3,
          "ClosedCaption": false,
          "Subtitled": false,
          "TvRating": 1,
          "SexRating": false,
          "ViolenceRating": false,
          "LanguageRating": false,
          "FVRating": false,
          "BroadcastFormat": "4x3",
          "EndTime": "0001-01-01T00:00:00Z",
          "program": {
            "ProgramId": "00000001000126",
            "Title": "邊防戰區",
            "ShowType": "1"
          }
        },
        {
          "StationId": 1231,
          "ProgramId": "00186335000000",
          "AirDateTime": "2025-11-21T02:15:00Z",
          "Duration": 6000,
          "PartNumber": 0,
          "NumberParts": 0,
          "Repeat": false,
          "PremiereFinale": 0,
          "LiveDelay": 3,
          "ClosedCaption": false,
          "Subtitled": false,
          "TvRating": 1,
          "SexRating": false,
          "ViolenceRating": false,
          "LanguageRating": false,
          "FVRating": false,
          "BroadcastFormat": "4x3",
          "EndTime": "0001-01-01T00:00:00Z",
          "program": {
            "ProgramId": "00186335000000",
            "Title": "終極鬥士4",
            "SubTitle": "Boyka: Undisputed",
            "Description": "拳擊手波卡（史考特艾金斯）在一場比賽中意外將對手擊斃，懊悔不已的他，找上對手的遺孀艾瑪，希望能補償他們一家人的損失。然而，波卡發現艾瑪和俄國黑幫大老祖拉有債務糾紛，並受黑幫控制，遂決定隻身和祖拉交涉，換回艾瑪一家的自由…",
            "ShowType": "98"
          }
        },
        {
          "StationId": 1231,
          "ProgramId": "00174169000000",
          "AirDateTime": "2025-11-21T03:55:00Z",
          "Duration": 8100,
          "PartNumber": 0,
          "NumberParts": 0,
          "Repeat": false,
          "PremiereFinale": 0,
          "LiveDelay": 3,
          "ClosedCaption": false,
          "Subtitled": false,
          "TvRating": 1,
          "SexRating": false,
          "ViolenceRating": false,
          "LanguageRating": false,
          "FVRating": false,
          "BroadcastFormat": "4x3",
          "EndTime": "0001-01-01T00:00:00Z",
          "program": {
            "ProgramId": "00174169000000",
            "Title": "全面攻佔3:天使救援",
            "SubTitle": "Angel Has Fallen",
            "Description": "密勤局探員班寧（傑拉德巴特勒）伴護總統艾倫（摩根費里曼）度假時，遭武裝無人機攻擊，最後雖保全總統性命，卻因是唯一倖存密勤局探員，與遭人栽贓嫁禍，被誤陷為暗殺幕後黑手。為證明自己清白，班寧逃出黑白兩道追緝，誓將揪出幕後真兇…",
            "ShowType": "98"
          }
        },
        {
          "StationId": 1231,
          "ProgramId": "00120149000000",
          "AirDateTime": "2025-11-21T06:10:00Z",
          "Duration": 6300,
          "PartNumber": 0,
          "NumberParts": 0,
          "Repeat": false,
          "PremiereFinale": 0,
          "LiveDelay": 3,
          "ClosedCaption": false,
          "Subtitled": false,
          "TvRating": 1,
          "SexRating": false,
          "ViolenceRating": false,
          "LanguageRating": false,
          "FVRating": false,
          "BroadcastFormat": "4x3",
          "EndTime": "0001-01-01T00:00:00Z",
          "program": {
            "ProgramId": "00120149000000",
            "Title": "帝國警戒",
            "SubTitle": "Empire State",
            "Description": "克里斯（連恩漢斯沃）申請警大失敗後，進入保全公司成為護鈔警衛，卻因他把保全鬆散的狀態告訴好友艾迪，而被牽扯進美國史上最大現金搶案！兩人也因此成為資深警探詹姆斯（巨石強森）的追捕目標，並因誤踩地盤惹來當地幫派老大的怒火…",
            "ShowType": "98"
          }
        },
        {
          "StationId": 1231,
          "ProgramId": "00000001000127",
          "AirDateTime": "2025-11-21T07:55:00Z",
          "Duration": 6300,
          "PartNumber": 0,
          "NumberParts": 0,
          "Repeat": false,
          "PremiereFinale": 0,
          "LiveDelay": 3,
          "ClosedCaption": false,
          "Subtitled": false,
          "TvRating": 1,
          "SexRating": false,
          "ViolenceRating": false,
          "LanguageRating": false,
          "FVRating": false,
          "BroadcastFormat": "4x3",
          "EndTime": "0001-01-01T00:00:00Z",
          "program": {
            "ProgramId": "00000001000127",
            "Title": "貓頭鷹之森",
            "ShowType": "1"
          }
        }
      ],
      "Logo": "logo_litv_litv-longturn02_pc.png",
      "station_categories": [
        {
          "Name": "電影",
          "EngName": "Movie",
          "MenuOrder": 5
        },
        {
          "Name": "熱門收視頻道",
          "EngName": "TOP50",
          "MenuOrder": 1
        }
      ]
    },
    "introduction": {
      "image": "https://p-cdnstatic.svc.litv.tv/pics/logo_litv_litv-longturn02_mobile.png",
      "description": "",
      "href_maps": []
    },
    "recommends": [],
    "ua": "Mozilla/5.0 (Windows NT 10.0; Win64; x64) AppleWebKit/537.36 (KHTML, like Gecko) Chrome/134.0.0.0 Safari/537.36"
  },
  "__N_SSP": true
}