{
  "pageProps": {
    "contentId": "litv-longturn03",
    "channel": {
      "title": "龍華電影台",
      "no": 71,
      "charge_mode": "F",
      "content_id": "litv-longturn03",
      "content_type": "channel",
      "epg_categories": [
        21,
        19
      ],
      "genres": [
        {
          "id": "",
          "name": "Movie",
          "logo": ""
        }
      ],
      "liad_id": "CHOFIWEB",
      "package_info_id": "VOD_CHANNEL_DELUX",
      "picture": "pics/logo_litv_litv-longturn03_tv.png",
      "provider": [
        {
          "id": "",
          "name": "4gTV",
          "logo": ""
        }
      ],
      "quality": "HD",
      "station_id": "",
      "trial": "CH_TRAIL",
      "selectable": 0,
      "tr_logo": "",
      "tl_logo": "",
      "br_logo": "",
      "bl_logo": "",
      "menu_type": 0,
      "StationID": 1166,
      "Name": "龍華電影台",
      "CallSign": "龍華電影台",
      "TuningChannel": "71",
      "Categories": [
        19,
        21
      ],
      "ChannelId": "",
      "CdnCode": "litv-longturn03",
      "IsHD": true,
      "Schedule": [
        {
          "StationId": 1166,
          "ProgramId": "00195731000000",
          "AirDateTime": "2025-11-04T13:00:00Z",
          "Duration": 7800,
          "PartNumber": 0,
          "NumberParts": 0,
          "Repeat": false,
          "PremiereFinale": 0,
          "LiveDelay": 3,
          "ClosedCaption": false,
          "Subtitled": false,
          "TvRating": 1,
          "SexRating": false,
          "ViolenceRating": false,
          "LanguageRating": false,
          "FVRating": false,
          "BroadcastFormat": "4x3",
          "EndTime": "0001-01-01T00:00:00Z",
          "program": {
            "ProgramId": "00195731000000",
            "Title": "本日公休",
            "SubTitle": "Day Off",
            "Description": "開了幾十年的男士家庭理髮店，親切的老闆娘阿蕊以細膩手藝及真心服務在地顧客。有天，阿蕊接到一通電話，早已搬離此地的老客人拜託她到府服務。子女們認為此趟並不划算，紛紛勸退母親。 只是人與人之間的情感又怎麼是金錢能夠衡量的呢？阿蕊決定掛起「本日公休」的牌子，駕著老爺車出發…",
            "ShowType": "98"
          }
        },
        {
          "StationId": 1166,
          "ProgramId": "00014454000000",
          "AirDateTime": "2025-11-04T15:10:00Z",
          "Duration": 7200,
          "PartNumber": 0,
          "NumberParts": 0,
          "Repeat": false,
          "PremiereFinale": 0,
          "LiveDelay": 3,
          "ClosedCaption": false,
          "Subtitled": false,
          "TvRating": 3,
          "SexRating": false,
          "ViolenceRating": false,
          "LanguageRating": false,
          "FVRating": false,
          "BroadcastFormat": "4x3",
          "EndTime": "0001-01-01T00:00:00Z",
          "program": {
            "ProgramId": "00014454000000",
            "Title": "我是一個賊",
            "Description": "天立（任達華）生意失敗後為了拿回自己應得的一份公積金，綁架了富商雷有財的女兒芷蘭（邱淑貞）。原本只是單純的綁架案，但沒想到承辦探員陳森竟嫁禍天立殺人，使得天立成為各方通緝的要犯。在逃亡的過程中芷蘭開始同情起天立，也漸漸被天立所吸引…",
            "ShowType": "98"
          }
        },
        {
          "StationId": 1166,
          "ProgramId": "00087762000000",
          "AirDateTime": "2025-11-04T17:10:00Z",
          "Duration": 7200,
          "PartNumber": 0,
          "NumberParts": 0,
          "Repeat": false,
          "PremiereFinale": 0,
          "LiveDelay": 3,
          "ClosedCaption": false,
          "Subtitled": false,
          "TvRating": 3,
          "SexRating": false,
          "ViolenceRating": false,
          "LanguageRating": false,
          "FVRating": false,
          "BroadcastFormat": "4x3",
          "EndTime": "0001-01-01T00:00:00Z",
          "program": {
            "ProgramId": "00087762000000",
            "Title": "新夜半歌聲",
            "Description": "舞台劇明星宋丹平（張國榮），與清純女子杜雲嫣（吳倩蓮）陷入熱戀。但雲嫣的父親卻堅決反對兩人來往，更將雲嫣許配給權貴趙公子以幫助自己的事業，當趙公子知道宋丹平的存在之後，將丹平關進戲院並放火使之葬身火海。然而大難不死的丹平在多年之後，決心復仇。榮獲香港金像獎最佳美術與服裝大獎。",
            "ShowType": "98"
          }
        },
        {
          "StationId": 1166,
          "ProgramId": "00192411000000",
          "AirDateTime": "2025-11-04T19:10:00Z",
          "Duration": 8100,
          "PartNumber": 0,
          "NumberParts": 0,
          "Repeat": false,
          "PremiereFinale": 0,
          "LiveDelay": 3,
          "ClosedCaption": false,
          "Subtitled": false,
          "TvRating": 2,
          "SexRating": false,
          "ViolenceRating": false,
          "LanguageRating": false,
          "FVRating": false,
          "BroadcastFormat": "4x3",
          "EndTime": "0001-01-01T00:00:00Z",
          "program": {
            "ProgramId": "00192411000000",
            "Title": "太陽不會動",
            "SubTitle": "The Sun Stands Still",
            "Description": "為了防堵特務出賣公司，AN集團祭出心臟炸彈手段，一旦超過24小時未回報進度，他們就會被炸得粉身碎骨。遭監禁的特務山下龍二，最終未能及時回報，被總部視為叛徒進而引爆心臟炸彈。鷹野一彥（藤原龍也）與田岡亮一接續山下未完的任務，並查出他被監禁的原因，與能操控全世界的「次世代能源」有關…",
            "ShowType": "98"
          }
        },
        {
          "StationId": 1166,
          "ProgramId": "00117020000000",
          "AirDateTime": "2025-11-04T21:25:00Z",
          "Duration": 9300,
          "PartNumber": 0,
          "NumberParts": 0,
          "Repeat": false,
          "PremiereFinale": 0,
          "LiveDelay": 3,
          "ClosedCaption": false,
          "Subtitled": false,
          "TvRating": 2,
          "SexRating": false,
          "ViolenceRating": false,
          "LanguageRating": false,
          "FVRating": false,
          "BroadcastFormat": "4x3",
          "EndTime": "0001-01-01T00:00:00Z",
          "program": {
            "ProgramId": "00117020000000",
            "Title": "偉大的隱藏者",
            "SubTitle": "Secretly Greatly",
            "Description": "元流煥（金秀賢）、李海浪（朴基雄）和李海真（李玹雨），是北韓南派組織的3名間諜，為了完成任務，他們分別偽裝成智障、搖滾青年和高中生潛伏於南韓鄉下。不過長時間在南韓的生活，以及受到善良熱心鄰居的影響，讓元流煥逐漸對自己的信念產生質疑…",
            "ShowType": "98"
          }
        },
        {
          "StationId": 1166,
          "ProgramId": "00112066000022",
          "AirDateTime": "2025-11-05T00:00:00Z",
          "Duration": 7200,
          "PartNumber": 0,
          "NumberParts": 0,
          "Repeat": false,
          "PremiereFinale": 0,
          "LiveDelay": 3,
          "ClosedCaption": false,
          "Subtitled": false,
          "TvRating": 1,
          "SexRating": false,
          "ViolenceRating": false,
          "LanguageRating": false,
          "FVRating": false,
          "BroadcastFormat": "4x3",
          "EndTime": "0001-01-01T00:00:00Z",
          "program": {
            "ProgramId": "00112066000022",
            "Title": "神鵰俠侶",
            "SubTitle": "#22",
            "Description": "南宋末年，天下大亂，郭靖與黃蓉一家卻在桃花島上過著寧靜的生活，後來他們重返中原，巧遇楊康之子楊過（黃曉明），郭靖見他乏人照顧，決定將他帶回撫養，但楊過卻屢屢被全真教的人欺負，情急之下，只好逃到古墓避難，他在此結識了一生最愛-小龍女（劉亦菲），也開始了他不平凡的一生…",
            "ShowType": "5"
          }
        },
        {
          "StationId": 1166,
          "ProgramId": "00197048000000",
          "AirDateTime": "2025-11-05T02:00:00Z",
          "Duration": 7800,
          "PartNumber": 0,
          "NumberParts": 0,
          "Repeat": false,
          "PremiereFinale": 0,
          "LiveDelay": 3,
          "ClosedCaption": false,
          "Subtitled": false,
          "TvRating": 2,
          "SexRating": false,
          "ViolenceRating": false,
          "LanguageRating": false,
          "FVRating": false,
          "BroadcastFormat": "4x3",
          "EndTime": "0001-01-01T00:00:00Z",
          "program": {
            "ProgramId": "00197048000000",
            "Title": "素還真",
            "SubTitle": "Demigod: The Legend Begins",
            "Description": "少年素還真身懷絕藝，初入江湖原想見識廣大世界，卻因為新結識的好友「寰宇堡」少主禹歡，捲入了險惡的奪權紛爭，就連疼愛他的老師八趾麒麟，都因他遭難。真相如霧，兇手卻在身邊？傳說力量現世，一場驚天對決即將開展…",
            "ShowType": "98"
          }
        },
        {
          "StationId": 1166,
          "ProgramId": "00020212000000",
          "AirDateTime": "2025-11-05T04:10:00Z",
          "Duration": 10200,
          "PartNumber": 0,
          "NumberParts": 0,
          "Repeat": false,
          "PremiereFinale": 0,
          "LiveDelay": 3,
          "ClosedCaption": false,
          "Subtitled": false,
          "TvRating": 2,
          "SexRating": false,
          "ViolenceRating": false,
          "LanguageRating": false,
          "FVRating": false,
          "BroadcastFormat": "4x3",
          "EndTime": "0001-01-01T00:00:00Z",
          "program": {
            "ProgramId": "00020212000000",
            "Title": "黃飛鴻",
            "SubTitle": "aka:武狀元黃飛鴻",
            "Description": "黑旗軍教頭黃飛鴻(李連杰)是廣東十虎之一。關東高手嚴振東，為揚名立萬而向黃飛鴻發出戰書。飛鴻拒絕和振東一戰，振東憤而砸爛寶芝林招牌，引發黃飛鴻敗於嚴振東手下的傳聞…武打動作凌厲精采，獲獎無數的功夫經典。",
            "ShowType": "98"
          }
        },
        {
          "StationId": 1166,
          "ProgramId": "00191817000000",
          "AirDateTime": "2025-11-05T07:00:00Z",
          "Duration": 8100,
          "PartNumber": 0,
          "NumberParts": 0,
          "Repeat": false,
          "PremiereFinale": 0,
          "LiveDelay": 3,
          "ClosedCaption": false,
          "Subtitled": false,
          "TvRating": 1,
          "SexRating": false,
          "ViolenceRating": false,
          "LanguageRating": false,
          "FVRating": false,
          "BroadcastFormat": "4x3",
          "EndTime": "0001-01-01T00:00:00Z",
          "program": {
            "ProgramId": "00191817000000",
            "Title": "野夏天",
            "SubTitle": "Summer",
            "Description": "南方海岸，濕熱困頓的空氣，凝固了蕭索落寞的小城。知名作家吳又立（陳嘉樺）、前馬拉松選手高繼書，和一群跑隊的少年，彷彿注定般相遇了。吳又立的跟隊採訪，一步步踏入高繼書不堪的過往、困頓的現狀，從他出任即將解散的高中跑隊，讓一群因為各種原因加入的少年人生產生波瀾，陷入無法擺脫的漩渦中…",
            "ShowType": "98"
          }
        },
        {
          "StationId": 1166,
          "ProgramId": "00020847000000",
          "AirDateTime": "2025-11-05T09:15:00Z",
          "Duration": 6600,
          "PartNumber": 0,
          "NumberParts": 0,
          "Repeat": false,
          "PremiereFinale": 0,
          "LiveDelay": 3,
          "ClosedCaption": false,
          "Subtitled": false,
          "TvRating": 1,
          "SexRating": false,
          "ViolenceRating": false,
          "LanguageRating": false,
          "FVRating": false,
          "BroadcastFormat": "4x3",
          "EndTime": "0001-01-01T00:00:00Z",
          "program": {
            "ProgramId": "00020847000000",
            "Title": "開心鬼救開心鬼",
            "SubTitle": "Happy Ghost 4",
            "Description": "開心鬼的今世康森貴（黃百鳴）任教的班上有四男生：文、武、英、傑（Beyond），雖活潑善良，但經常在校內與康對立。朱秀才因要準備投胎轉世做人，便與康告別，康的超能力也因此消失。而文、武、英、傑為了追求四名校花：梅、蘭、菊、竹而流落到荒郊野外。在月黑風高之下，駭然發現余元帥之遺骸…",
            "ShowType": "98"
          }
        },
        {
          "StationId": 1166,
          "ProgramId": "00129398000000",
          "AirDateTime": "2025-11-05T11:05:00Z",
          "Duration": 6900,
          "PartNumber": 0,
          "NumberParts": 0,
          "Repeat": false,
          "PremiereFinale": 0,
          "LiveDelay": 3,
          "ClosedCaption": false,
          "Subtitled": false,
          "TvRating": 2,
          "SexRating": false,
          "ViolenceRating": false,
          "LanguageRating": false,
          "FVRating": false,
          "BroadcastFormat": "4x3",
          "EndTime": "0001-01-01T00:00:00Z",
          "program": {
            "ProgramId": "00129398000000",
            "Title": "控制",
            "SubTitle": "Gone Girl",
            "Description": "尼克（班艾佛列克）在結婚五周年紀念日當天發現妻子愛咪（蘿莎蒙派克）忽然失蹤，媒體因愛咪身分特殊而關注此案，尼克也藉此呼籲大家協尋，但警方卻在他家中發現可疑線索，推論愛咪可能已遭尼克殺害。然而事實的真相卻出乎所有人意外…",
            "ShowType": "98"
          }
        },
        {
          "StationId": 1166,
          "ProgramId": "00191074000000",
          "AirDateTime": "2025-11-05T13:00:00Z",
          "Duration": 7800,
          "PartNumber": 0,
          "NumberParts": 0,
          "Repeat": false,
          "PremiereFinale": 0,
          "LiveDelay": 3,
          "ClosedCaption": false,
          "Subtitled": false,
          "TvRating": 2,
          "SexRating": false,
          "ViolenceRating": false,
          "LanguageRating": false,
          "FVRating": false,
          "BroadcastFormat": "4x3",
          "EndTime": "0001-01-01T00:00:00Z",
          "program": {
            "ProgramId": "00191074000000",
            "Title": "金錢帝國：追虎擒龍",
            "SubTitle": "Once Upon a Time in Hong Kong",
            "Description": "1973年，香港警察與黑道勾結，貪污巨利，荼毒市民，已是見怪不怪的常態。港督決定成立廉政公署，黑白雙煞陳克（古天樂）和白松安（林家棟）組成第一批廉政公署調查員，調查權傾黑白兩道的總華探長徐樂（吳鎮宇）及黑道霸主跛豪（梁家輝）。一場正義與邪惡的爭鬥，從此拉開了帷幕…",
            "ShowType": "98"
          }
        },
        {
          "StationId": 1166,
          "ProgramId": "00020864000000",
          "AirDateTime": "2025-11-05T15:10:00Z",
          "Duration": 6900,
          "PartNumber": 0,
          "NumberParts": 0,
          "Repeat": false,
          "PremiereFinale": 0,
          "LiveDelay": 3,
          "ClosedCaption": false,
          "Subtitled": false,
          "TvRating": 3,
          "SexRating": false,
          "ViolenceRating": false,
          "LanguageRating": false,
          "FVRating": false,
          "BroadcastFormat": "4x3",
          "EndTime": "0001-01-01T00:00:00Z",
          "program": {
            "ProgramId": "00020864000000",
            "Title": "魁星踢斗",
            "SubTitle": "aka:猛鬼差館",
            "Description": "王家衛早期編劇作品。鬼門開的那晚，小偷蛇仔明被關在警局拘留所內。但沒想到蛇仔明不小心將在此地的日軍亡魂引出，被噬成為殭屍。警探金麥基（張學友）和孟超（許冠英）與長官，只好冒險追查鬼王的下落…",
            "ShowType": "98"
          }
        },
        {
          "StationId": 1166,
          "ProgramId": "00191820000000",
          "AirDateTime": "2025-11-05T17:05:00Z",
          "Duration": 7200,
          "PartNumber": 0,
          "NumberParts": 0,
          "Repeat": false,
          "PremiereFinale": 0,
          "LiveDelay": 3,
          "ClosedCaption": false,
          "Subtitled": false,
          "TvRating": 3,
          "SexRating": false,
          "ViolenceRating": false,
          "LanguageRating": false,
          "FVRating": false,
          "BroadcastFormat": "4x3",
          "EndTime": "0001-01-01T00:00:00Z",
          "program": {
            "ProgramId": "00191820000000",
            "Title": "詭祭",
            "SubTitle": "Dead & Beautiful",
            "Description": "5位富家男女對一般物質生活漸感無趣，遂不停追求特殊體驗，尋找各種感官刺激的玩法。就在一晚5人到深山參加心靈淨化儀式後，嘴裡都長出了獠牙，也意識到自己變得更不一樣。與世隔絕的他們疑惑著嘴裡的吸血尖牙，卻也享受著腎上腺素的亢進。直到亞歷當街露出獠牙咬死人後，才意識到「遊戲」早已失控…",
            "ShowType": "98"
          }
        },
        {
          "StationId": 1166,
          "ProgramId": "00131332000000",
          "AirDateTime": "2025-11-05T19:05:00Z",
          "Duration": 8400,
          "PartNumber": 0,
          "NumberParts": 0,
          "Repeat": false,
          "PremiereFinale": 0,
          "LiveDelay": 3,
          "ClosedCaption": false,
          "Subtitled": false,
          "TvRating": 2,
          "SexRating": false,
          "ViolenceRating": false,
          "LanguageRating": false,
          "FVRating": false,
          "BroadcastFormat": "4x3",
          "EndTime": "0001-01-01T00:00:00Z",
          "program": {
            "ProgramId": "00131332000000",
            "Title": "羅馬浴場2",
            "SubTitle": "Thermae Romae II",
            "Description": "路西斯（阿部寬）奉命為競技場上的神鬼戰士打造具有療效的浴場，苦無靈感的他決定再度穿越時空，向在澡堂設計雜誌工作的真實（上戶彩）求救。但當他再次創造出新澡堂後，羅馬皇帝哈德良與元老院卻出現緊張的對立關係，使羅馬帝國陷入分裂的危機…",
            "ShowType": "98"
          }
        },
        {
          "StationId": 1166,
          "ProgramId": "00135259000000",
          "AirDateTime": "2025-11-05T21:25:00Z",
          "Duration": 9300,
          "PartNumber": 0,
          "NumberParts": 0,
          "Repeat": false,
          "PremiereFinale": 0,
          "LiveDelay": 3,
          "ClosedCaption": false,
          "Subtitled": false,
          "TvRating": 2,
          "SexRating": false,
          "ViolenceRating": false,
          "LanguageRating": false,
          "FVRating": false,
          "BroadcastFormat": "4x3",
          "EndTime": "0001-01-01T00:00:00Z",
          "program": {
            "ProgramId": "00135259000000",
            "Title": "破風",
            "Description": "專業單車車隊弘光隊的韓藉天才車手鄭知元 （崔始源）獨當一面，新人王仇銘（彭于晏） 與邱田 （竇曉）甘心當破風手，為他製造衝線機會。但仇銘及邱田被個人勝敗心魔所困，3人喪失團隊精神，成績一落千丈而各散東西，直到再重遇，能否劃破逆風，創造奇蹟？",
            "ShowType": "98"
          }
        },
        {
          "StationId": 1166,
          "ProgramId": "00112066000023",
          "AirDateTime": "2025-11-06T00:00:00Z",
          "Duration": 7200,
          "PartNumber": 0,
          "NumberParts": 0,
          "Repeat": false,
          "PremiereFinale": 0,
          "LiveDelay": 3,
          "ClosedCaption": false,
          "Subtitled": false,
          "TvRating": 1,
          "SexRating": false,
          "ViolenceRating": false,
          "LanguageRating": false,
          "FVRating": false,
          "BroadcastFormat": "4x3",
          "EndTime": "0001-01-01T00:00:00Z",
          "program": {
            "ProgramId": "00112066000023",
            "Title": "神鵰俠侶",
            "SubTitle": "#23",
            "Description": "南宋末年，天下大亂，郭靖與黃蓉一家卻在桃花島上過著寧靜的生活，後來他們重返中原，巧遇楊康之子楊過（黃曉明），郭靖見他乏人照顧，決定將他帶回撫養，但楊過卻屢屢被全真教的人欺負，情急之下，只好逃到古墓避難，他在此結識了一生最愛-小龍女（劉亦菲），也開始了他不平凡的一生…",
            "ShowType": "5"
          }
        },
        {
          "StationId": 1166,
          "ProgramId": "00145797000000",
          "AirDateTime": "2025-11-06T02:00:00Z",
          "Duration": 8100,
          "PartNumber": 0,
          "NumberParts": 0,
          "Repeat": false,
          "PremiereFinale": 0,
          "LiveDelay": 3,
          "ClosedCaption": false,
          "Subtitled": false,
          "TvRating": 2,
          "SexRating": false,
          "ViolenceRating": false,
          "LanguageRating": false,
          "FVRating": false,
          "BroadcastFormat": "4x3",
          "EndTime": "0001-01-01T00:00:00Z",
          "program": {
            "ProgramId": "00145797000000",
            "Title": "寒戰2",
            "SubTitle": "Cold War II",
            "Description": "行動完結後，劉傑輝（郭富城）順利獲擢升為警務處處長。然而恐怖份子卻依舊逍遙法外，還脅持了劉傑輝的妻兒。誓言要找出幕後黑手的劉傑輝，決定請求前警務處副處長李文彬（梁家輝）復出，並協助破案。隨著案件深入調查，事情越來越不單純，警隊菁英李家俊（彭于晏）背后的更大勢力逐漸浮出水面…",
            "ShowType": "98"
          }
        },
        {
          "StationId": 1166,
          "ProgramId": "00013156000000",
          "AirDateTime": "2025-11-06T04:15:00Z",
          "Duration": 6900,
          "PartNumber": 0,
          "NumberParts": 0,
          "Repeat": false,
          "PremiereFinale": 0,
          "LiveDelay": 3,
          "ClosedCaption": false,
          "Subtitled": false,
          "TvRating": 2,
          "SexRating": false,
          "ViolenceRating": false,
          "LanguageRating": false,
          "FVRating": false,
          "BroadcastFormat": "4x3",
          "EndTime": "0001-01-01T00:00:00Z",
          "program": {
            "ProgramId": "00013156000000",
            "Title": "龍行天下",
            "SubTitle": "aka:黃飛鴻92之龍行天下",
            "Description": "在洛杉磯開設醫館兼授武術的德叔，有叛徒尊尼，一心想獨霸美國的武術學校，竟來踢館，用下流手法中傷德叔，幸少女安娜仗義救了他。大弟子杰來探師父，卻被阿美召警，將杰捉入警局。尊尼與鷹幫，不斷尋仇...",
            "ShowType": "98"
          }
        },
        {
          "StationId": 1166,
          "ProgramId": "00020243000000",
          "AirDateTime": "2025-11-06T06:10:00Z",
          "Duration": 8100,
          "PartNumber": 0,
          "NumberParts": 0,
          "Repeat": false,
          "PremiereFinale": 0,
          "LiveDelay": 3,
          "ClosedCaption": false,
          "Subtitled": false,
          "TvRating": 1,
          "SexRating": false,
          "ViolenceRating": false,
          "LanguageRating": false,
          "FVRating": false,
          "BroadcastFormat": "4x3",
          "EndTime": "0001-01-01T00:00:00Z",
          "program": {
            "ProgramId": "00020243000000",
            "Title": "與龍共舞",
            "Description": "富家公子龍家俊（劉德華）出遊時落海，被認作偷渡客，寄宿在大嶼山十一姑（葉德嫻）的雜貨店。家俊漸漸被十三姑的女兒月光（張敏）吸引，但此時竟然有流氓前來，原來這一切都是表哥奪取產業的陰謀。葉德嫻榮獲香港電影金像獎最佳女配角獎。",
            "ShowType": "98"
          }
        },
        {
          "StationId": 1166,
          "ProgramId": "00020561000000",
          "AirDateTime": "2025-11-06T08:25:00Z",
          "Duration": 7500,
          "PartNumber": 0,
          "NumberParts": 0,
          "Repeat": false,
          "PremiereFinale": 0,
          "LiveDelay": 3,
          "ClosedCaption": false,
          "Subtitled": false,
          "TvRating": 1,
          "SexRating": false,
          "ViolenceRating": false,
          "LanguageRating": false,
          "FVRating": false,
          "BroadcastFormat": "4x3",
          "EndTime": "0001-01-01T00:00:00Z",
          "program": {
            "ProgramId": "00020561000000",
            "Title": "開心鬼放暑假",
            "Description": "開心鬼朱錦春（黃百鳴）轉世，化身為教師康森貴，常被班中頑皮學生戴卓儀（袁潔瑩），May（羅美薇），及姚瑋（陳加玲）作弄，害他啼笑皆非。一天，森貴邂逅某男校女教師（珍嘉麗），惹來閒話，但三位女學生卻努力的想要撮合二人…",
            "ShowType": "98"
          }
        },
        {
          "StationId": 1166,
          "ProgramId": "00020533000000",
          "AirDateTime": "2025-11-06T10:30:00Z",
          "Duration": 9000,
          "PartNumber": 0,
          "NumberParts": 0,
          "Repeat": false,
          "PremiereFinale": 0,
          "LiveDelay": 3,
          "ClosedCaption": false,
          "Subtitled": false,
          "TvRating": 2,
          "SexRating": false,
          "ViolenceRating": false,
          "LanguageRating": false,
          "FVRating": false,
          "BroadcastFormat": "4x3",
          "EndTime": "0001-01-01T00:00:00Z",
          "program": {
            "ProgramId": "00020533000000",
            "Title": "警察故事續集",
            "Description": "重案組探員家駒（成龍）不滿自己抓來的犯人朱滔被釋放憤而辭職，與女友May（張曼玉）在商場散心，巧遇炸彈狂徒做案。炸彈狂徒接二連三犯案，最後目標竟是警局，令警方不知所措，只好重召家駒歸隊辦案。炸彈狂徒多次出動未能成功，為了取得贖款，竟然將May綁架…",
            "ShowType": "98"
          }
        },
        {
          "StationId": 1166,
          "ProgramId": "00197438000000",
          "AirDateTime": "2025-11-06T13:00:00Z",
          "Duration": 9600,
          "PartNumber": 0,
          "NumberParts": 0,
          "Repeat": false,
          "PremiereFinale": 0,
          "LiveDelay": 3,
          "ClosedCaption": false,
          "Subtitled": false,
          "TvRating": 1,
          "SexRating": false,
          "ViolenceRating": false,
          "LanguageRating": false,
          "FVRating": false,
          "BroadcastFormat": "4x3",
          "EndTime": "0001-01-01T00:00:00Z",
          "program": {
            "ProgramId": "00197438000000",
            "Title": "新封神榜：楊戩",
            "SubTitle": "New Gods: Yang Jian",
            "Description": "商周之戰1500年後，天界衰落，蒙冤落魄的楊戩以賞銀捕手為業謀生。一日，楊戩接受了一位神祕訪客的賞銀去追捕一位少年，卻意外發現少年竟是自己的親外甥沉香。沉香立志要尋回寶蓮燈，劈山救母，卻將釀成大禍。楊戩踏上追尋沉香並揭開塵封往事的旅程…",
            "ShowType": "98"
          }
        },
        {
          "StationId": 1166,
          "ProgramId": "00045316000000",
          "AirDateTime": "2025-11-06T15:40:00Z",
          "Duration": 7200,
          "PartNumber": 0,
          "NumberParts": 0,
          "Repeat": false,
          "PremiereFinale": 0,
          "LiveDelay": 3,
          "ClosedCaption": false,
          "Subtitled": false,
          "TvRating": 3,
          "SexRating": false,
          "ViolenceRating": false,
          "LanguageRating": false,
          "FVRating": false,
          "BroadcastFormat": "4x3",
          "EndTime": "0001-01-01T00:00:00Z",
          "program": {
            "ProgramId": "00045316000000",
            "Title": "洗黑錢",
            "Description": "律師事務所裏遊龍剛和妻子離婚，就捲進了一場黑幫的火拼；女律師張文慧的朋友被殺滅口，自己則被嫁禍。兩人成了通緝犯，又被黑幫追殺。他們發現了周偉生律師原來負責洗美國黑錢，決定和大衛去找周算賬，洗脫罪名。本片是甄子丹首度掛名武指的作品。",
            "ShowType": "98"
          }
        },
        {
          "StationId": 1166,
          "ProgramId": "00011854000000",
          "AirDateTime": "2025-11-06T17:40:00Z",
          "Duration": 7200,
          "PartNumber": 0,
          "NumberParts": 0,
          "Repeat": false,
          "PremiereFinale": 0,
          "LiveDelay": 3,
          "ClosedCaption": false,
          "Subtitled": false,
          "TvRating": 3,
          "SexRating": false,
          "ViolenceRating": false,
          "LanguageRating": false,
          "FVRating": false,
          "BroadcastFormat": "4x3",
          "EndTime": "0001-01-01T00:00:00Z",
          "program": {
            "ProgramId": "00011854000000",
            "Title": "見鬼2",
            "Description": "Joey（舒淇）吞下大量安眠藥送醫，在搶救後保住了一條性命，自此她決心好好珍惜自己生命。但在此時她發現自己懷了孕，她試著找過去男友Sam，但卻換來心碎的答案，因此萌生墮胎的念頭。自此她開始情緒不穩，並開始看到恐怖的幻覺，原來這一切都是因為她在鬼門關前面徘徊時得到的特異能力所致…",
            "ShowType": "98"
          }
        },
        {
          "StationId": 1166,
          "ProgramId": "00073347000000",
          "AirDateTime": "2025-11-06T19:40:00Z",
          "Duration": 7200,
          "PartNumber": 0,
          "NumberParts": 0,
          "Repeat": false,
          "PremiereFinale": 0,
          "LiveDelay": 3,
          "ClosedCaption": false,
          "Subtitled": false,
          "TvRating": 2,
          "SexRating": false,
          "ViolenceRating": false,
          "LanguageRating": false,
          "FVRating": false,
          "BroadcastFormat": "4x3",
          "EndTime": "0001-01-01T00:00:00Z",
          "program": {
            "ProgramId": "00073347000000",
            "Title": "執法先鋒",
            "Description": "年輕的檢控官（元彪）接辦首宗要案，起訴大毒梟並說服勝叔出庭作證，怎料開庭前勝叔舉家遭殘殺，控方因證據不足而撤銷控罪。彪深感內疚，乃乘夜將之擊斃，洋師姐（羅芙洛）及探員緝捕凶手，終認定他是凶手，欲將之正法…",
            "ShowType": "98"
          }
        },
        {
          "StationId": 1166,
          "ProgramId": "00107527000000",
          "AirDateTime": "2025-11-06T21:40:00Z",
          "Duration": 8400,
          "PartNumber": 0,
          "NumberParts": 0,
          "Repeat": false,
          "PremiereFinale": 0,
          "LiveDelay": 3,
          "ClosedCaption": false,
          "Subtitled": false,
          "TvRating": 1,
          "SexRating": false,
          "ViolenceRating": false,
          "LanguageRating": false,
          "FVRating": false,
          "BroadcastFormat": "4x3",
          "EndTime": "0001-01-01T00:00:00Z",
          "program": {
            "ProgramId": "00107527000000",
            "Title": "哪啊哪啊神去村",
            "ShowType": "4"
          }
        },
        {
          "StationId": 1166,
          "ProgramId": "00112066000024",
          "AirDateTime": "2025-11-07T00:00:00Z",
          "Duration": 3600,
          "PartNumber": 0,
          "NumberParts": 0,
          "Repeat": false,
          "PremiereFinale": 2,
          "LiveDelay": 3,
          "ClosedCaption": false,
          "Subtitled": false,
          "TvRating": 1,
          "SexRating": false,
          "ViolenceRating": false,
          "LanguageRating": false,
          "FVRating": false,
          "BroadcastFormat": "4x3",
          "EndTime": "0001-01-01T00:00:00Z",
          "program": {
            "ProgramId": "00112066000024",
            "Title": "神鵰俠侶",
            "SubTitle": "#24",
            "Description": "南宋末年，天下大亂，郭靖與黃蓉一家卻在桃花島上過著寧靜的生活，後來他們重返中原，巧遇楊康之子楊過（黃曉明），郭靖見他乏人照顧，決定將他帶回撫養，但楊過卻屢屢被全真教的人欺負，情急之下，只好逃到古墓避難，他在此結識了一生最愛-小龍女（劉亦菲），也開始了他不平凡的一生…",
            "ShowType": "5"
          }
        },
        {
          "StationId": 1166,
          "ProgramId": "00020590000000",
          "AirDateTime": "2025-11-07T01:00:00Z",
          "Duration": 10500,
          "PartNumber": 0,
          "NumberParts": 0,
          "Repeat": false,
          "PremiereFinale": 0,
          "LiveDelay": 3,
          "ClosedCaption": false,
          "Subtitled": false,
          "TvRating": 2,
          "SexRating": false,
          "ViolenceRating": false,
          "LanguageRating": false,
          "FVRating": false,
          "BroadcastFormat": "4x3",
          "EndTime": "0001-01-01T00:00:00Z",
          "program": {
            "ProgramId": "00020590000000",
            "Title": "歲月風雲之上海皇帝",
            "Description": "陸月生（呂良偉）為鄰里盲炳向法租界總探長黃全榮（鄭則仕）討安家費甘受毒打，為黃妻阿桂姐（斯琴高娃）所賞識，為黃做事。陸俠義心腸，在上海漸漸取得一席之地，他不但資助國民黨人古羽（苗僑偉）逃出上海，又助黃破案聲名大震…",
            "ShowType": "98"
          }
        },
        {
          "StationId": 1166,
          "ProgramId": "00013165000000",
          "AirDateTime": "2025-11-07T03:55:00Z",
          "Duration": 7500,
          "PartNumber": 0,
          "NumberParts": 0,
          "Repeat": false,
          "PremiereFinale": 0,
          "LiveDelay": 3,
          "ClosedCaption": false,
          "Subtitled": false,
          "TvRating": 2,
          "SexRating": false,
          "ViolenceRating": false,
          "LanguageRating": false,
          "FVRating": false,
          "BroadcastFormat": "4x3",
          "EndTime": "0001-01-01T00:00:00Z",
          "program": {
            "ProgramId": "00013165000000",
            "Title": "上海皇帝之雄霸天下",
            "Description": "接續「歲月風雲之上海皇帝」的劇情，敘述上海的一帶梟雄陸月生（呂良偉）與黃全榮、袁嘯軍並稱為上海三大亨，他從事販毒生意，私底下與國民黨有很深的利益關係。在抗日戰爭時，陸月生讓其幫派兄弟組成軍隊，但不久後上海淪陷，陸月生被迫逃亡…",
            "ShowType": "98"
          }
        },
        {
          "StationId": 1166,
          "ProgramId": "00011122000000",
          "AirDateTime": "2025-11-07T06:00:00Z",
          "Duration": 8400,
          "PartNumber": 0,
          "NumberParts": 0,
          "Repeat": false,
          "PremiereFinale": 0,
          "LiveDelay": 3,
          "ClosedCaption": false,
          "Subtitled": false,
          "TvRating": 2,
          "SexRating": false,
          "ViolenceRating": false,
          "LanguageRating": false,
          "FVRating": false,
          "BroadcastFormat": "4x3",
          "EndTime": "0001-01-01T00:00:00Z",
          "program": {
            "ProgramId": "00011122000000",
            "Title": "十面埋伏",
            "SubTitle": "House of Flying Daggers",
            "Description": "唐大中十三年，朝政腐敗，民間出現不少反官的組織，其中以飛刀門的勢力最大，朝廷視之為大患，下令剿滅。奉天縣劉捕頭與金捕頭奉命緝拿幫主，劉捕頭懷疑舞伎小妹是前幫主的女兒，用計將她押入天牢，再由金乘夜劫獄，以騙取小妹的信任。逃亡途中，金與小妹燃起愛火，卻不知殺機已悄悄逼近…",
            "ShowType": "98"
          }
        },
        {
          "StationId": 1166,
          "ProgramId": "00191478000000",
          "AirDateTime": "2025-11-07T08:20:00Z",
          "Duration": 8700,
          "PartNumber": 0,
          "NumberParts": 0,
          "Repeat": false,
          "PremiereFinale": 0,
          "LiveDelay": 3,
          "ClosedCaption": false,
          "Subtitled": false,
          "TvRating": 1,
          "SexRating": false,
          "ViolenceRating": false,
          "LanguageRating": false,
          "FVRating": false,
          "BroadcastFormat": "4x3",
          "EndTime": "0001-01-01T00:00:00Z",
          "program": {
            "ProgramId": "00191478000000",
            "Title": "我吃了那男孩一整年的早餐",
            "SubTitle": "My Best Friend's Breakfast",
            "Description": "高二的項微心（李沐）視吃為人生最重要也是最療癒的事，而她第一次跟學長陶宥全（周興哲）相遇，就是在學校的福利社。隔天，她在游泳池邊看見陶宥全想和劈腿的女友分手卻分不掉，遂靈機一動，拿著校花閨蜜方琦然（何思靜）當藉口，讓陶宥全分手成功。那天之後，方琦然開始收到兩份追求者送的示愛早餐…",
            "ShowType": "98"
          }
        },
        {
          "StationId": 1166,
          "ProgramId": "00016174000000",
          "AirDateTime": "2025-11-07T10:45:00Z",
          "Duration": 8100,
          "PartNumber": 0,
          "NumberParts": 0,
          "Repeat": false,
          "PremiereFinale": 0,
          "LiveDelay": 3,
          "ClosedCaption": false,
          "Subtitled": false,
          "TvRating": 2,
          "SexRating": false,
          "ViolenceRating": false,
          "LanguageRating": false,
          "FVRating": false,
          "BroadcastFormat": "4x3",
          "EndTime": "0001-01-01T00:00:00Z",
          "program": {
            "ProgramId": "00016174000000",
            "Title": "鹿鼎記",
            "Description": "本片依據金庸名著拍攝而成，由汪禹扮演韋小寶，劉家輝飾演康熙，是首部鹿鼎記系列電影。",
            "ShowType": "98"
          }
        },
        {
          "StationId": 1166,
          "ProgramId": "00130397000000",
          "AirDateTime": "2025-11-07T13:00:00Z",
          "Duration": 6600,
          "PartNumber": 0,
          "NumberParts": 0,
          "Repeat": false,
          "PremiereFinale": 0,
          "LiveDelay": 3,
          "ClosedCaption": false,
          "Subtitled": false,
          "TvRating": 2,
          "SexRating": false,
          "ViolenceRating": false,
          "LanguageRating": false,
          "FVRating": false,
          "BroadcastFormat": "4x3",
          "EndTime": "0001-01-01T00:00:00Z",
          "program": {
            "ProgramId": "00130397000000",
            "Title": "黃飛鴻對黃飛鴻",
            "Description": "黃飛鴻（譚詠麟）憑一招“佛山無影腳”戰勝石堅後，本以為可卸下寶芝林傳人及一代宗師的虛名，怎料經過此役，佛山居民視他如神明，更有各地民眾蜂擁而來。某日，省城謝老爺（黃秋生）誠邀黃飛鴻及徒弟等人前赴廣州為災民籌款，鴻初拒絕，但被徒弟豬肉榮(曾志偉) 說服，並由榮假冒鴻，應付一切。",
            "ShowType": "98"
          }
        },
        {
          "StationId": 1166,
          "ProgramId": "00044897000000",
          "AirDateTime": "2025-11-07T14:50:00Z",
          "Duration": 7200,
          "PartNumber": 0,
          "NumberParts": 0,
          "Repeat": false,
          "PremiereFinale": 0,
          "LiveDelay": 3,
          "ClosedCaption": false,
          "Subtitled": false,
          "TvRating": 3,
          "SexRating": false,
          "ViolenceRating": false,
          "LanguageRating": false,
          "FVRating": false,
          "BroadcastFormat": "4x3",
          "EndTime": "0001-01-01T00:00:00Z",
          "program": {
            "ProgramId": "00044897000000",
            "Title": "出埃及記",
            "SubTitle": "Exodus",
            "Description": "詹建業，任職警員逾二十年，雖努力表現，卻未能成功獲得擢升。某日下午，在警署報案室當值的他，為一名涉嫌在女廁偷拍錄影之疑犯關炳文錄口供。關不單否認指控，更告訴詹，他在女廁無意中發現個驚天大秘密。原來世上有個女人組織，正進行殲滅全世界男人的計畫。",
            "ShowType": "98"
          }
        },
        {
          "StationId": 1166,
          "ProgramId": "00193089000000",
          "AirDateTime": "2025-11-07T16:50:00Z",
          "Duration": 9900,
          "PartNumber": 0,
          "NumberParts": 0,
          "Repeat": false,
          "PremiereFinale": 0,
          "LiveDelay": 3,
          "ClosedCaption": false,
          "Subtitled": false,
          "TvRating": 2,
          "SexRating": false,
          "ViolenceRating": false,
          "LanguageRating": false,
          "FVRating": false,
          "BroadcastFormat": "4x3",
          "EndTime": "0001-01-01T00:00:00Z",
          "program": {
            "ProgramId": "00193089000000",
            "Title": "第一爐香",
            "SubTitle": "Love After Love",
            "Description": "上海女學生葛薇龍（馬思純）來香港求學，投靠姑媽梁太太，卻反被梁太太利用，把她當作誘餌吸引男人，最後漸漸沉迷在紙醉金迷中。此時，葛薇龍被花花公子喬琪喬（彭于晏）吸引，為了繼續過聲色犬馬的上流社會生活，不惜出賣自己的靈魂，費盡心機嫁給喬琪喬，未料卻淪為姑媽和喬琪喬斂財的工具…",
            "ShowType": "98"
          }
        },
        {
          "StationId": 1166,
          "ProgramId": "00146810000000",
          "AirDateTime": "2025-11-07T19:35:00Z",
          "Duration": 8700,
          "PartNumber": 0,
          "NumberParts": 0,
          "Repeat": false,
          "PremiereFinale": 0,
          "LiveDelay": 3,
          "ClosedCaption": false,
          "Subtitled": false,
          "TvRating": 2,
          "SexRating": false,
          "ViolenceRating": false,
          "LanguageRating": false,
          "FVRating": false,
          "BroadcastFormat": "4x3",
          "EndTime": "0001-01-01T00:00:00Z",
          "program": {
            "ProgramId": "00146810000000",
            "Title": "危城",
            "SubTitle": "Call of Heroes",
            "Description": "民國初年，國家內戰不斷，軍閥割據，偏遠城鎮「普城」的治安只好由保衛團暫管，等待新軍閥曹瑛接管。此時，保衛團團長楊克難（劉青雲）見軍閥少帥曹少璘（古天樂）殺害三條人命，遂將他繩之以法，更決定處決。曹瑛的手下張亦（吳京）知情後，趕來普城救人，卻遇上多年不見的師弟馬鋒（彭于晏）…",
            "ShowType": "98"
          }
        },
        {
          "StationId": 1166,
          "ProgramId": "00108620000000",
          "AirDateTime": "2025-11-07T22:00:00Z",
          "Duration": 10500,
          "PartNumber": 0,
          "NumberParts": 0,
          "Repeat": false,
          "PremiereFinale": 0,
          "LiveDelay": 3,
          "ClosedCaption": false,
          "Subtitled": false,
          "TvRating": 2,
          "SexRating": false,
          "ViolenceRating": false,
          "LanguageRating": false,
          "FVRating": false,
          "BroadcastFormat": "4x3",
          "EndTime": "0001-01-01T00:00:00Z",
          "program": {
            "ProgramId": "00108620000000",
            "Title": "痞子英雄首部曲:全面開戰",
            "SubTitle": "BLACK & WHITE EPISODE 1:THE DAWN OF ASSAULT",
            "Description": "劇情起始於海港城發生了一起運鈔車搶案，南區分局重案特勤組警員吳英雄（趙又廷）執行逮捕搶案犯人的勤務，但因正義過頭、一辦案即差點砸毀全城，最後因運鈔車翻車爆炸而被媒體評成「搞砸任務」。就在短短36個小時內，海港城將面臨全城毀滅的危機，吳英雄與徐達夫必須聯手力挽狂瀾、解救海港城…",
            "ShowType": "98"
          }
        },
        {
          "StationId": 1166,
          "ProgramId": "00020034000000",
          "AirDateTime": "2025-11-08T00:55:00Z",
          "Duration": 9600,
          "PartNumber": 0,
          "NumberParts": 0,
          "Repeat": false,
          "PremiereFinale": 0,
          "LiveDelay": 3,
          "ClosedCaption": false,
          "Subtitled": false,
          "TvRating": 2,
          "SexRating": false,
          "ViolenceRating": false,
          "LanguageRating": false,
          "FVRating": false,
          "BroadcastFormat": "4x3",
          "EndTime": "0001-01-01T00:00:00Z",
          "program": {
            "ProgramId": "00020034000000",
            "Title": "五億探長雷洛傳1雷老虎",
            "SubTitle": "五億探長雷洛傳",
            "Description": "在香港貪污舞弊的黑暗年代，一位正直青年雷洛（劉德華）從警察學堂畢業。但經過警界生活的洗禮，雷洛學習到警界所有最黑暗的招數，並在岳父白販魚的幫助下，成為全港最具勢力的華人探長…",
            "ShowType": "98"
          }
        },
        {
          "StationId": 1166,
          "ProgramId": "00020035000000",
          "AirDateTime": "2025-11-08T03:35:00Z",
          "Duration": 8400,
          "PartNumber": 0,
          "NumberParts": 0,
          "Repeat": false,
          "PremiereFinale": 0,
          "LiveDelay": 3,
          "ClosedCaption": false,
          "Subtitled": false,
          "TvRating": 2,
          "SexRating": false,
          "ViolenceRating": false,
          "LanguageRating": false,
          "FVRating": false,
          "BroadcastFormat": "4x3",
          "EndTime": "0001-01-01T00:00:00Z",
          "program": {
            "ProgramId": "00020035000000",
            "Title": "五億探長雷洛傳2父子情仇",
            "SubTitle": "aka:雷洛傳2之父子情仇",
            "Description": "雷洛（劉德華）成為總華探長後，將金錢投資在各種行業上，迅速成為一股勢力。 新任署長升雷洛為督察，但實為明升暗降，以削雷之權。雷洛知道這是告老引退之時，便準備提早退休。雷洛之子阿賢長大成人，並且加入反貪污工作，而且他對雷洛所為恨之入骨…",
            "ShowType": "98"
          }
        },
        {
          "StationId": 1166,
          "ProgramId": "00191389000000",
          "AirDateTime": "2025-11-08T05:55:00Z",
          "Duration": 6900,
          "PartNumber": 0,
          "NumberParts": 0,
          "Repeat": false,
          "PremiereFinale": 0,
          "LiveDelay": 3,
          "ClosedCaption": false,
          "Subtitled": false,
          "TvRating": 2,
          "SexRating": false,
          "ViolenceRating": false,
          "LanguageRating": false,
          "FVRating": false,
          "BroadcastFormat": "4x3",
          "EndTime": "0001-01-01T00:00:00Z",
          "program": {
            "ProgramId": "00191389000000",
            "Title": "少林寺之得寶傳奇",
            "SubTitle": "Rising Shaolin: The Protector",
            "Description": "客棧老闆西門得寶（王寶強）為了招攬生意，吩咐小弟假扮劫匪打劫路人，自己則假扮將軍出手相助，然後引導客人進店消費。後來，靈州刺史為了奪取藏在客棧的藏寶圖，殺害欽差，並嫁禍於得寶。陷入絕境的得寶，幸得一名神秘僧人搭救。為了復仇，得寶開始跟隨僧人修煉武功，而一場陰謀也慢慢被揭開…",
            "ShowType": "98"
          }
        },
        {
          "StationId": 1166,
          "ProgramId": "00089699000000",
          "AirDateTime": "2025-11-08T07:50:00Z",
          "Duration": 9300,
          "PartNumber": 0,
          "NumberParts": 0,
          "Repeat": false,
          "PremiereFinale": 0,
          "LiveDelay": 3,
          "ClosedCaption": false,
          "Subtitled": false,
          "TvRating": 1,
          "SexRating": false,
          "ViolenceRating": false,
          "LanguageRating": false,
          "FVRating": false,
          "BroadcastFormat": "4x3",
          "EndTime": "0001-01-01T00:00:00Z",
          "program": {
            "ProgramId": "00089699000000",
            "Title": "雞排英雄",
            "Description": "阿華，「台」得很帥的青春少年兄，身為「八八八夜市」的自治會長，他將夜市打理得有聲有色。某個平靜天，八八八的土地無預警被建商收購，建商利用政商勾結，剝奪他們微薄的權利。阿華率領著八八八，誓死奮戰到底…",
            "ShowType": "98"
          }
        },
        {
          "StationId": 1166,
          "ProgramId": "00195732000000",
          "AirDateTime": "2025-11-08T10:25:00Z",
          "Duration": 9300,
          "PartNumber": 0,
          "NumberParts": 0,
          "Repeat": false,
          "PremiereFinale": 0,
          "LiveDelay": 3,
          "ClosedCaption": false,
          "Subtitled": false,
          "TvRating": 2,
          "SexRating": false,
          "ViolenceRating": false,
          "LanguageRating": false,
          "FVRating": false,
          "BroadcastFormat": "4x3",
          "EndTime": "0001-01-01T00:00:00Z",
          "program": {
            "ProgramId": "00195732000000",
            "Title": "龍馬精神",
            "SubTitle": "Ride On",
            "Description": "昔日風光的龍虎武師老羅（成龍）如今窮困潦倒，與他的愛馬赤兔相依為命。豈料此時竟又天外飛來橫禍，老羅與赤兔無端身陷官司，只能求助於多年未見的女兒和她的律師男友。與此同時，有人上傳了老羅與討債集團的追逐戰影片，精彩的武打動作讓老羅的影片在網路瘋傳，更獲得了拍電影的機會…",
            "ShowType": "98"
          }
        },
        {
          "StationId": 1166,
          "ProgramId": "00011849000000",
          "AirDateTime": "2025-11-08T13:00:00Z",
          "Duration": 10500,
          "PartNumber": 0,
          "NumberParts": 0,
          "Repeat": false,
          "PremiereFinale": 0,
          "LiveDelay": 3,
          "ClosedCaption": false,
          "Subtitled": false,
          "TvRating": 1,
          "SexRating": false,
          "ViolenceRating": false,
          "LanguageRating": false,
          "FVRating": false,
          "BroadcastFormat": "4x3",
          "EndTime": "0001-01-01T00:00:00Z",
          "program": {
            "ProgramId": "00011849000000",
            "Title": "七劍",
            "SubTitle": "Seven Swords",
            "Description": "滿清入關之初，頒發禁武令，並派前朝降清高手風火連城誅殺抗令者。為了解除危機，俠醫傅青主帶著武元英（楊采妮）、韓志邦上天山，向鑄劍高人晦明求助。晦明任命四大弟子與三人下山，並把畢生修煉成的七把寶劍分贈七人，所謂七劍下天山…榮獲金馬獎最佳動作設計獎。",
            "ShowType": "98"
          }
        },
        {
          "StationId": 1166,
          "ProgramId": "00128055000000",
          "AirDateTime": "2025-11-08T15:55:00Z",
          "Duration": 7200,
          "PartNumber": 0,
          "NumberParts": 0,
          "Repeat": false,
          "PremiereFinale": 0,
          "LiveDelay": 3,
          "ClosedCaption": false,
          "Subtitled": false,
          "TvRating": 3,
          "SexRating": false,
          "ViolenceRating": false,
          "LanguageRating": false,
          "FVRating": false,
          "BroadcastFormat": "4x3",
          "EndTime": "0001-01-01T00:00:00Z",
          "program": {
            "ProgramId": "00128055000000",
            "Title": "天師鬥殭屍",
            "Description": "古惑仔烏蠅(鄭中基)與好友奶油豬受AKTV老板周阿強 (關楚耀)之命，恐嚇一代玄學大師蔣天機(元彪)為周太公搬棺。而奶油豬的心儀女星Balla亦被殭屍所咬。烏蠅及奶油豬求助天機及其徒弟靈心，四人組成滅屍敢死隊殺入電視台，便被一眾「喪屍兵團」包圍了！",
            "ShowType": "98"
          }
        },
        {
          "StationId": 1166,
          "ProgramId": "00021599000000",
          "AirDateTime": "2025-11-08T17:55:00Z",
          "Duration": 7200,
          "PartNumber": 0,
          "NumberParts": 0,
          "Repeat": false,
          "PremiereFinale": 0,
          "LiveDelay": 3,
          "ClosedCaption": false,
          "Subtitled": false,
          "TvRating": 2,
          "SexRating": false,
          "ViolenceRating": false,
          "LanguageRating": false,
          "FVRating": false,
          "BroadcastFormat": "4x3",
          "EndTime": "0001-01-01T00:00:00Z",
          "program": {
            "ProgramId": "00021599000000",
            "Title": "霹靂先鋒",
            "SubTitle": "Final Justice",
            "Description": "張鐵柱（李修賢）是個作風奇特的警員，他不受警察紀律的束縛，卻能破獲許多大案。此時一幫匪徒持械搶劫全城首富，犯案途中利用了偷車的小混混阿Boy（周星馳），阿Boy因此被認為涉嫌重大。為了洗刷阿Boy的清白，鐵柱將阿Boy安插到匪徒身旁臥底，一場火爆的衝突就此展開…",
            "ShowType": "98"
          }
        },
        {
          "StationId": 1166,
          "ProgramId": "00076668000000",
          "AirDateTime": "2025-11-08T19:55:00Z",
          "Duration": 7500,
          "PartNumber": 0,
          "NumberParts": 0,
          "Repeat": false,
          "PremiereFinale": 0,
          "LiveDelay": 3,
          "ClosedCaption": false,
          "Subtitled": false,
          "TvRating": 2,
          "SexRating": false,
          "ViolenceRating": false,
          "LanguageRating": false,
          "FVRating": false,
          "BroadcastFormat": "4x3",
          "EndTime": "0001-01-01T00:00:00Z",
          "program": {
            "ProgramId": "00076668000000",
            "Title": "竊聽風雲",
            "Description": "劉青雲、古天樂和吳彥祖飾演的＂竊聽三人組＂，是刑事情報科的竊聽精英成員，他們專精所有的竊聽器材，舉凡傳統常規到高科技的各種竊聽及反竊聽的器材都難不倒他們。今次任務是深入金融中心竊取機密資料，因而得知股市內幕交易消息，可是他們不惜隱藏情報，更挺而走險以身試法，令他們一步步深陷泥沼…",
            "ShowType": "98"
          }
        },
        {
          "StationId": 1166,
          "ProgramId": "00020859000000",
          "AirDateTime": "2025-11-08T22:00:00Z",
          "Duration": 7500,
          "PartNumber": 0,
          "NumberParts": 0,
          "Repeat": false,
          "PremiereFinale": 0,
          "LiveDelay": 3,
          "ClosedCaption": false,
          "Subtitled": false,
          "TvRating": 2,
          "SexRating": false,
          "ViolenceRating": false,
          "LanguageRating": false,
          "FVRating": false,
          "BroadcastFormat": "4x3",
          "EndTime": "0001-01-01T00:00:00Z",
          "program": {
            "ProgramId": "00020859000000",
            "Title": "警察故事",
            "Description": "家駒（成龍）辨案拼命，一次圍剿行動中拘捕大毒梟朱滔，但因證人莎蓮娜（林青霞）突然失蹤，未能將他繩之於法。朱滔因此對家駒含恨在心，設計殺死某警官再嫁禍家駒。家駒一邊逃避警方追捕，又保護莎及證物的安全，與朱滔手下激戰。成龍動作代表作，香港金像獎最佳影片大獎得主。",
            "ShowType": "98"
          }
        },
        {
          "StationId": 1166,
          "ProgramId": "00189760000000",
          "AirDateTime": "2025-11-09T00:05:00Z",
          "Duration": 5400,
          "PartNumber": 0,
          "NumberParts": 0,
          "Repeat": false,
          "PremiereFinale": 0,
          "LiveDelay": 3,
          "ClosedCaption": false,
          "Subtitled": false,
          "TvRating": 2,
          "SexRating": false,
          "ViolenceRating": false,
          "LanguageRating": false,
          "FVRating": false,
          "BroadcastFormat": "4x3",
          "EndTime": "0001-01-01T00:00:00Z",
          "program": {
            "ProgramId": "00189760000000",
            "Title": "霍元甲之精武天下",
            "SubTitle": "Grandmaster of Kung Fu",
            "Description": "清朝末年，八國聯軍入侵後，日軍趁機進駐天津開設武館，展開征服中國的第一步。此舉激發了天津習武之人的愛國意識，一代宗師霍元甲（杜宇航）將代表天津的武者們，接受日本武術的挑戰，守護鄉里眾人的尊嚴！",
            "ShowType": "98"
          }
        },
        {
          "StationId": 1166,
          "ProgramId": "00142404000000",
          "AirDateTime": "2025-11-09T01:35:00Z",
          "Duration": 8400,
          "PartNumber": 0,
          "NumberParts": 0,
          "Repeat": false,
          "PremiereFinale": 0,
          "LiveDelay": 3,
          "ClosedCaption": false,
          "Subtitled": false,
          "TvRating": 2,
          "SexRating": false,
          "ViolenceRating": false,
          "LanguageRating": false,
          "FVRating": false,
          "BroadcastFormat": "4x3",
          "EndTime": "0001-01-01T00:00:00Z",
          "program": {
            "ProgramId": "00142404000000",
            "Title": "捉妖記",
            "Description": "一對神祕夫婦（曾志偉、吳君如）與懷有小妖王的妖后逃到永寧村，遇上了善良的天蔭（井柏然）以及降妖少女小嵐（白百何），天蔭更陰差陽錯下成為「代理孕夫」誕下小妖王胡巴。 葛千戶（鍾漢良）重金懸賞小妖王。 小嵐為了得到賞金，硬拉著天蔭離開永寧村展開了一段奇幻旅程…",
            "ShowType": "98"
          }
        },
        {
          "StationId": 1166,
          "ProgramId": "00037312000000",
          "AirDateTime": "2025-11-09T03:55:00Z",
          "Duration": 8400,
          "PartNumber": 0,
          "NumberParts": 0,
          "Repeat": false,
          "PremiereFinale": 0,
          "LiveDelay": 3,
          "ClosedCaption": false,
          "Subtitled": false,
          "TvRating": 2,
          "SexRating": false,
          "ViolenceRating": false,
          "LanguageRating": false,
          "FVRating": false,
          "BroadcastFormat": "4x3",
          "EndTime": "0001-01-01T00:00:00Z",
          "program": {
            "ProgramId": "00037312000000",
            "Title": "滿城盡帶黃金甲",
            "Description": "大王子元祥（劉燁）與後母（鞏俐）私通，同時又搭上宮女。征戰歸來的大王（周潤發）對一切似乎洞若觀火，他聲稱要過團圓的重陽節，召回流放在外的二王子元傑（周杰倫），流光溢彩的宮廷中，每個人都藏有天大的秘密…張藝謀又一宮廷武俠力作。",
            "ShowType": "98"
          }
        },
        {
          "StationId": 1166,
          "ProgramId": "00178689000000",
          "AirDateTime": "2025-11-09T06:15:00Z",
          "Duration": 8100,
          "PartNumber": 0,
          "NumberParts": 0,
          "Repeat": false,
          "PremiereFinale": 0,
          "LiveDelay": 3,
          "ClosedCaption": false,
          "Subtitled": false,
          "TvRating": 1,
          "SexRating": false,
          "ViolenceRating": false,
          "LanguageRating": false,
          "FVRating": false,
          "BroadcastFormat": "4x3",
          "EndTime": "0001-01-01T00:00:00Z",
          "program": {
            "ProgramId": "00178689000000",
            "Title": "失孤",
            "SubTitle": "Lost and Love",
            "Description": "1998年，雷澤寬（劉德華）的兩歲兒子雷達失蹤了，雷澤寬自始展開了長達十五年的尋子之旅，路上風塵僕僕、飽歷風霜；因為一宗交通意外，雷澤寬認識了年幼時被拐走給人作養子的修車青年曾帥（井柏然），兩人決定一起踏上尋親之路…",
            "ShowType": "98"
          }
        }
      ],
      "Logo": "logo_litv_litv-longturn03_pc.png",
      "station_categories": [
        {
          "Name": "電影",
          "EngName": "Movie",
          "MenuOrder": 5
        },
        {
          "Name": "熱門收視頻道",
          "EngName": "TOP50",
          "MenuOrder": 1
        }
      ]
    },
    "introduction": {
      "image": "https://p-cdnstatic.svc.litv.tv/pics/logo_litv_litv-longturn03_mobile.png",
      "description": "提供觀眾最受歡迎的亞洲電影，包含日本、韓國、香港、台灣、泰國等亞洲各地，讓觀眾在本頻道感受多元又融洽的東方風情，諸多叫好叫座的亞洲電影全天候24小時播出。",
      "href_maps": []
    },
    "recommends": [],
    "ua": "Mozilla/5.0 (Linux; NetCast; U) AppleWebKit/537.36 (KHTML, like Gecko) Chrome/120.0.0.0 Safari/537.36 SmartTV/10.0 Colt/2.0"
  },
  "__N_SSP": true
}