{
  "pageProps": {
    "contentId": "nnews-zh",
    "channel": {
      "title": "倪珍播新聞",
      "no": 53,
      "charge_mode": "F",
      "content_id": "nnews-zh",
      "content_type": "channel",
      "epg_categories": [
        5
      ],
      "genres": [
        {
          "id": "",
          "name": "News & Finance",
          "logo": ""
        }
      ],
      "liad_id": "CHOFIWEB",
      "package_info_id": "VOD_CHANNEL_DELUX",
      "picture": "pics/logo_litv_nnews_tv.png",
      "provider": [
        {
          "id": "",
          "name": "UDN送RTMP給我們",
          "logo": ""
        }
      ],
      "quality": "HD",
      "station_id": "",
      "trial": "",
      "selectable": 0,
      "tr_logo": "",
      "tl_logo": "",
      "br_logo": "",
      "bl_logo": "",
      "menu_type": 0,
      "StationID": 1229,
      "Name": "倪珍播新聞",
      "CallSign": "倪珍播新聞",
      "TuningChannel": "53",
      "Categories": [
        5
      ],
      "ChannelId": "",
      "CdnCode": "nnews-zh",
      "IsHD": true,
      "Schedule": [
        {
          "StationId": 1229,
          "ProgramId": "00000001000140",
          "AirDateTime": "2025-11-04T22:00:00Z",
          "Duration": 21600,
          "PartNumber": 0,
          "NumberParts": 0,
          "Repeat": false,
          "PremiereFinale": 0,
          "LiveDelay": 3,
          "ClosedCaption": false,
          "Subtitled": false,
          "TvRating": 1,
          "SexRating": false,
          "ViolenceRating": false,
          "LanguageRating": false,
          "FVRating": false,
          "BroadcastFormat": "4x3",
          "EndTime": "0001-01-01T00:00:00Z",
          "program": {
            "ProgramId": "00000001000140",
            "Title": "早安新聞",
            "ShowType": "1"
          }
        },
        {
          "StationId": 1229,
          "ProgramId": "00000001000138",
          "AirDateTime": "2025-11-05T04:00:00Z",
          "Duration": 21600,
          "PartNumber": 0,
          "NumberParts": 0,
          "Repeat": false,
          "PremiereFinale": 0,
          "LiveDelay": 3,
          "ClosedCaption": false,
          "Subtitled": false,
          "TvRating": 1,
          "SexRating": false,
          "ViolenceRating": false,
          "LanguageRating": false,
          "FVRating": false,
          "BroadcastFormat": "4x3",
          "EndTime": "0001-01-01T00:00:00Z",
          "program": {
            "ProgramId": "00000001000138",
            "Title": "午安新聞",
            "ShowType": "1"
          }
        },
        {
          "StationId": 1229,
          "ProgramId": "00000001000139",
          "AirDateTime": "2025-11-05T10:00:00Z",
          "Duration": 21600,
          "PartNumber": 0,
          "NumberParts": 0,
          "Repeat": false,
          "PremiereFinale": 0,
          "LiveDelay": 3,
          "ClosedCaption": false,
          "Subtitled": false,
          "TvRating": 1,
          "SexRating": false,
          "ViolenceRating": false,
          "LanguageRating": false,
          "FVRating": false,
          "BroadcastFormat": "4x3",
          "EndTime": "0001-01-01T00:00:00Z",
          "program": {
            "ProgramId": "00000001000139",
            "Title": "晚安新聞",
            "ShowType": "1"
          }
        },
        {
          "StationId": 1229,
          "ProgramId": "00000001000139",
          "AirDateTime": "2025-11-05T16:00:00Z",
          "Duration": 21600,
          "PartNumber": 0,
          "NumberParts": 0,
          "Repeat": false,
          "PremiereFinale": 0,
          "LiveDelay": 3,
          "ClosedCaption": false,
          "Subtitled": false,
          "TvRating": 1,
          "SexRating": false,
          "ViolenceRating": false,
          "LanguageRating": false,
          "FVRating": false,
          "BroadcastFormat": "4x3",
          "EndTime": "0001-01-01T00:00:00Z",
          "program": {
            "ProgramId": "00000001000139",
            "Title": "晚安新聞",
            "ShowType": "1"
          }
        },
        {
          "StationId": 1229,
          "ProgramId": "00000001000140",
          "AirDateTime": "2025-11-05T22:00:00Z",
          "Duration": 21600,
          "PartNumber": 0,
          "NumberParts": 0,
          "Repeat": false,
          "PremiereFinale": 0,
          "LiveDelay": 3,
          "ClosedCaption": false,
          "Subtitled": false,
          "TvRating": 1,
          "SexRating": false,
          "ViolenceRating": false,
          "LanguageRating": false,
          "FVRating": false,
          "BroadcastFormat": "4x3",
          "EndTime": "0001-01-01T00:00:00Z",
          "program": {
            "ProgramId": "00000001000140",
            "Title": "早安新聞",
            "ShowType": "1"
          }
        },
        {
          "StationId": 1229,
          "ProgramId": "00000001000138",
          "AirDateTime": "2025-11-06T04:00:00Z",
          "Duration": 21600,
          "PartNumber": 0,
          "NumberParts": 0,
          "Repeat": false,
          "PremiereFinale": 0,
          "LiveDelay": 3,
          "ClosedCaption": false,
          "Subtitled": false,
          "TvRating": 1,
          "SexRating": false,
          "ViolenceRating": false,
          "LanguageRating": false,
          "FVRating": false,
          "BroadcastFormat": "4x3",
          "EndTime": "0001-01-01T00:00:00Z",
          "program": {
            "ProgramId": "00000001000138",
            "Title": "午安新聞",
            "ShowType": "1"
          }
        },
        {
          "StationId": 1229,
          "ProgramId": "00000001000139",
          "AirDateTime": "2025-11-06T10:00:00Z",
          "Duration": 21600,
          "PartNumber": 0,
          "NumberParts": 0,
          "Repeat": false,
          "PremiereFinale": 0,
          "LiveDelay": 3,
          "ClosedCaption": false,
          "Subtitled": false,
          "TvRating": 1,
          "SexRating": false,
          "ViolenceRating": false,
          "LanguageRating": false,
          "FVRating": false,
          "BroadcastFormat": "4x3",
          "EndTime": "0001-01-01T00:00:00Z",
          "program": {
            "ProgramId": "00000001000139",
            "Title": "晚安新聞",
            "ShowType": "1"
          }
        },
        {
          "StationId": 1229,
          "ProgramId": "00000001000139",
          "AirDateTime": "2025-11-06T16:00:00Z",
          "Duration": 21600,
          "PartNumber": 0,
          "NumberParts": 0,
          "Repeat": false,
          "PremiereFinale": 0,
          "LiveDelay": 3,
          "ClosedCaption": false,
          "Subtitled": false,
          "TvRating": 1,
          "SexRating": false,
          "ViolenceRating": false,
          "LanguageRating": false,
          "FVRating": false,
          "BroadcastFormat": "4x3",
          "EndTime": "0001-01-01T00:00:00Z",
          "program": {
            "ProgramId": "00000001000139",
            "Title": "晚安新聞",
            "ShowType": "1"
          }
        },
        {
          "StationId": 1229,
          "ProgramId": "00000001000140",
          "AirDateTime": "2025-11-06T22:00:00Z",
          "Duration": 21600,
          "PartNumber": 0,
          "NumberParts": 0,
          "Repeat": false,
          "PremiereFinale": 0,
          "LiveDelay": 3,
          "ClosedCaption": false,
          "Subtitled": false,
          "TvRating": 1,
          "SexRating": false,
          "ViolenceRating": false,
          "LanguageRating": false,
          "FVRating": false,
          "BroadcastFormat": "4x3",
          "EndTime": "0001-01-01T00:00:00Z",
          "program": {
            "ProgramId": "00000001000140",
            "Title": "早安新聞",
            "ShowType": "1"
          }
        },
        {
          "StationId": 1229,
          "ProgramId": "00000001000138",
          "AirDateTime": "2025-11-07T04:00:00Z",
          "Duration": 21600,
          "PartNumber": 0,
          "NumberParts": 0,
          "Repeat": false,
          "PremiereFinale": 0,
          "LiveDelay": 3,
          "ClosedCaption": false,
          "Subtitled": false,
          "TvRating": 1,
          "SexRating": false,
          "ViolenceRating": false,
          "LanguageRating": false,
          "FVRating": false,
          "BroadcastFormat": "4x3",
          "EndTime": "0001-01-01T00:00:00Z",
          "program": {
            "ProgramId": "00000001000138",
            "Title": "午安新聞",
            "ShowType": "1"
          }
        },
        {
          "StationId": 1229,
          "ProgramId": "00000001000139",
          "AirDateTime": "2025-11-07T10:00:00Z",
          "Duration": 21600,
          "PartNumber": 0,
          "NumberParts": 0,
          "Repeat": false,
          "PremiereFinale": 0,
          "LiveDelay": 3,
          "ClosedCaption": false,
          "Subtitled": false,
          "TvRating": 1,
          "SexRating": false,
          "ViolenceRating": false,
          "LanguageRating": false,
          "FVRating": false,
          "BroadcastFormat": "4x3",
          "EndTime": "0001-01-01T00:00:00Z",
          "program": {
            "ProgramId": "00000001000139",
            "Title": "晚安新聞",
            "ShowType": "1"
          }
        },
        {
          "StationId": 1229,
          "ProgramId": "00000001000139",
          "AirDateTime": "2025-11-07T16:00:00Z",
          "Duration": 21600,
          "PartNumber": 0,
          "NumberParts": 0,
          "Repeat": false,
          "PremiereFinale": 0,
          "LiveDelay": 3,
          "ClosedCaption": false,
          "Subtitled": false,
          "TvRating": 1,
          "SexRating": false,
          "ViolenceRating": false,
          "LanguageRating": false,
          "FVRating": false,
          "BroadcastFormat": "4x3",
          "EndTime": "0001-01-01T00:00:00Z",
          "program": {
            "ProgramId": "00000001000139",
            "Title": "晚安新聞",
            "ShowType": "1"
          }
        },
        {
          "StationId": 1229,
          "ProgramId": "00000001000140",
          "AirDateTime": "2025-11-07T22:00:00Z",
          "Duration": 21600,
          "PartNumber": 0,
          "NumberParts": 0,
          "Repeat": false,
          "PremiereFinale": 0,
          "LiveDelay": 3,
          "ClosedCaption": false,
          "Subtitled": false,
          "TvRating": 1,
          "SexRating": false,
          "ViolenceRating": false,
          "LanguageRating": false,
          "FVRating": false,
          "BroadcastFormat": "4x3",
          "EndTime": "0001-01-01T00:00:00Z",
          "program": {
            "ProgramId": "00000001000140",
            "Title": "早安新聞",
            "ShowType": "1"
          }
        },
        {
          "StationId": 1229,
          "ProgramId": "00000001000138",
          "AirDateTime": "2025-11-08T04:00:00Z",
          "Duration": 21600,
          "PartNumber": 0,
          "NumberParts": 0,
          "Repeat": false,
          "PremiereFinale": 0,
          "LiveDelay": 3,
          "ClosedCaption": false,
          "Subtitled": false,
          "TvRating": 1,
          "SexRating": false,
          "ViolenceRating": false,
          "LanguageRating": false,
          "FVRating": false,
          "BroadcastFormat": "4x3",
          "EndTime": "0001-01-01T00:00:00Z",
          "program": {
            "ProgramId": "00000001000138",
            "Title": "午安新聞",
            "ShowType": "1"
          }
        },
        {
          "StationId": 1229,
          "ProgramId": "00000001000139",
          "AirDateTime": "2025-11-08T10:00:00Z",
          "Duration": 21600,
          "PartNumber": 0,
          "NumberParts": 0,
          "Repeat": false,
          "PremiereFinale": 0,
          "LiveDelay": 3,
          "ClosedCaption": false,
          "Subtitled": false,
          "TvRating": 1,
          "SexRating": false,
          "ViolenceRating": false,
          "LanguageRating": false,
          "FVRating": false,
          "BroadcastFormat": "4x3",
          "EndTime": "0001-01-01T00:00:00Z",
          "program": {
            "ProgramId": "00000001000139",
            "Title": "晚安新聞",
            "ShowType": "1"
          }
        },
        {
          "StationId": 1229,
          "ProgramId": "00000001000139",
          "AirDateTime": "2025-11-08T16:00:00Z",
          "Duration": 21600,
          "PartNumber": 0,
          "NumberParts": 0,
          "Repeat": false,
          "PremiereFinale": 0,
          "LiveDelay": 3,
          "ClosedCaption": false,
          "Subtitled": false,
          "TvRating": 1,
          "SexRating": false,
          "ViolenceRating": false,
          "LanguageRating": false,
          "FVRating": false,
          "BroadcastFormat": "4x3",
          "EndTime": "0001-01-01T00:00:00Z",
          "program": {
            "ProgramId": "00000001000139",
            "Title": "晚安新聞",
            "ShowType": "1"
          }
        },
        {
          "StationId": 1229,
          "ProgramId": "00000001000140",
          "AirDateTime": "2025-11-08T22:00:00Z",
          "Duration": 21600,
          "PartNumber": 0,
          "NumberParts": 0,
          "Repeat": false,
          "PremiereFinale": 0,
          "LiveDelay": 3,
          "ClosedCaption": false,
          "Subtitled": false,
          "TvRating": 1,
          "SexRating": false,
          "ViolenceRating": false,
          "LanguageRating": false,
          "FVRating": false,
          "BroadcastFormat": "4x3",
          "EndTime": "0001-01-01T00:00:00Z",
          "program": {
            "ProgramId": "00000001000140",
            "Title": "早安新聞",
            "ShowType": "1"
          }
        },
        {
          "StationId": 1229,
          "ProgramId": "00000001000138",
          "AirDateTime": "2025-11-09T04:00:00Z",
          "Duration": 21600,
          "PartNumber": 0,
          "NumberParts": 0,
          "Repeat": false,
          "PremiereFinale": 0,
          "LiveDelay": 3,
          "ClosedCaption": false,
          "Subtitled": false,
          "TvRating": 1,
          "SexRating": false,
          "ViolenceRating": false,
          "LanguageRating": false,
          "FVRating": false,
          "BroadcastFormat": "4x3",
          "EndTime": "0001-01-01T00:00:00Z",
          "program": {
            "ProgramId": "00000001000138",
            "Title": "午安新聞",
            "ShowType": "1"
          }
        },
        {
          "StationId": 1229,
          "ProgramId": "00000001000139",
          "AirDateTime": "2025-11-09T10:00:00Z",
          "Duration": 21600,
          "PartNumber": 0,
          "NumberParts": 0,
          "Repeat": false,
          "PremiereFinale": 0,
          "LiveDelay": 3,
          "ClosedCaption": false,
          "Subtitled": false,
          "TvRating": 1,
          "SexRating": false,
          "ViolenceRating": false,
          "LanguageRating": false,
          "FVRating": false,
          "BroadcastFormat": "4x3",
          "EndTime": "0001-01-01T00:00:00Z",
          "program": {
            "ProgramId": "00000001000139",
            "Title": "晚安新聞",
            "ShowType": "1"
          }
        },
        {
          "StationId": 1229,
          "ProgramId": "00000001000139",
          "AirDateTime": "2025-11-09T16:00:00Z",
          "Duration": 21600,
          "PartNumber": 0,
          "NumberParts": 0,
          "Repeat": false,
          "PremiereFinale": 0,
          "LiveDelay": 3,
          "ClosedCaption": false,
          "Subtitled": false,
          "TvRating": 1,
          "SexRating": false,
          "ViolenceRating": false,
          "LanguageRating": false,
          "FVRating": false,
          "BroadcastFormat": "4x3",
          "EndTime": "0001-01-01T00:00:00Z",
          "program": {
            "ProgramId": "00000001000139",
            "Title": "晚安新聞",
            "ShowType": "1"
          }
        },
        {
          "StationId": 1229,
          "ProgramId": "00000001000140",
          "AirDateTime": "2025-11-09T22:00:00Z",
          "Duration": 21600,
          "PartNumber": 0,
          "NumberParts": 0,
          "Repeat": false,
          "PremiereFinale": 0,
          "LiveDelay": 3,
          "ClosedCaption": false,
          "Subtitled": false,
          "TvRating": 1,
          "SexRating": false,
          "ViolenceRating": false,
          "LanguageRating": false,
          "FVRating": false,
          "BroadcastFormat": "4x3",
          "EndTime": "0001-01-01T00:00:00Z",
          "program": {
            "ProgramId": "00000001000140",
            "Title": "早安新聞",
            "ShowType": "1"
          }
        },
        {
          "StationId": 1229,
          "ProgramId": "00000001000138",
          "AirDateTime": "2025-11-10T04:00:00Z",
          "Duration": 21600,
          "PartNumber": 0,
          "NumberParts": 0,
          "Repeat": false,
          "PremiereFinale": 0,
          "LiveDelay": 3,
          "ClosedCaption": false,
          "Subtitled": false,
          "TvRating": 1,
          "SexRating": false,
          "ViolenceRating": false,
          "LanguageRating": false,
          "FVRating": false,
          "BroadcastFormat": "4x3",
          "EndTime": "0001-01-01T00:00:00Z",
          "program": {
            "ProgramId": "00000001000138",
            "Title": "午安新聞",
            "ShowType": "1"
          }
        }
      ],
      "Logo": "logo_litv_nnews-zh_pc.png",
      "station_categories": [
        {
          "Name": "新聞‧財經",
          "EngName": "News & Finance",
          "MenuOrder": 3
        }
      ]
    },
    "introduction": {
      "image": "https://p-cdnstatic.svc.litv.tv/pics/logo_litv_nnews_mobile.png",
      "description": "《NOWnews今日新聞》政治、財經、生活、運動、娛樂、國際、社會、旅遊、美食、3C、消費、地方等軟硬性內容通通有，多元化主題深入新聞核心，深入淺出專題解析新聞重點。",
      "href_maps": []
    },
    "recommends": [],
    "ua": "Mozilla/5.0 (Windows NT 10.0; Win64; x64) AppleWebKit/537.36 (KHTML, like Gecko) Chrome/114.0.0.0 Safari/537.36 Edg/114.0.1823.86"
  },
  "__N_SSP": true
}