{
  "pageProps": {
    "contentId": "ofiii148",
    "channel": {
      "title": "月升之江",
      "no": 148,
      "charge_mode": "F",
      "content_id": "ofiii148",
      "content_type": "vod-channel",
      "epg_categories": [
        4
      ],
      "genres": [
        {
          "id": "",
          "name": "VOD_CHANNEL",
          "logo": ""
        }
      ],
      "liad_id": "VODCHNEWOFIWEB",
      "package_info_id": "VOD_CHANNEL_DELUX",
      "picture": "pics/vod_channel/logo_3882_ofiii148_tv_20250924.png",
      "provider": [
        {
          "id": "",
          "name": "世詮_2倍",
          "logo": ""
        }
      ],
      "quality": "HD",
      "station_id": "station6816",
      "trial": "",
      "selectable": 1,
      "tr_logo": "pics/vod_channel/tr_logo_1758696698.png",
      "tl_logo": "",
      "br_logo": "",
      "bl_logo": "",
      "menu_type": 1,
      "vod_channel_schedule": {
        "channel_id": 148,
        "cdn_code": "ofiii148",
        "start_time": 1762617030000,
        "programs": [
          {
            "content_id": "VOD00208954",
            "time_codes": [
              725000,
              1398000
            ],
            "timecode_duration": [],
            "length": 1819000,
            "asset_id": "vod45785-000001M001",
            "title": "",
            "subtitle": "第1集",
            "ep_number": 1,
            "rating": 1,
            "content_type": "drama",
            "p_start": 1759109100000,
            "vod_channel_description": "《月升之江》韓劇線上看。講述政權橫跨中國東北和朝鮮北部的高句麗王朝利用武將溫達感情的平岡公主，與像傻瓜般只懂犧牲的溫達之間的淒美愛情故事。"
          },
          {
            "content_id": "VOD00208955",
            "time_codes": [
              674000,
              1454000
            ],
            "timecode_duration": [],
            "length": 2099000,
            "asset_id": "vod45785-000002M001",
            "title": "",
            "subtitle": "第2集",
            "ep_number": 2,
            "rating": 1,
            "content_type": "drama",
            "p_start": 1759111200000,
            "vod_channel_description": "講述政權橫跨中國東北和朝鮮北部的高句麗王朝利用武將溫達感情的平岡公主，與像傻瓜般只懂犧牲的溫達之間的淒美愛情故事。"
          },
          {
            "content_id": "VOD00208956",
            "time_codes": [
              706000,
              1399000
            ],
            "timecode_duration": [],
            "length": 1946000,
            "asset_id": "vod45785-000003M001",
            "title": "",
            "subtitle": "第3集",
            "ep_number": 3,
            "rating": 1,
            "content_type": "drama",
            "p_start": 1759113600000,
            "vod_channel_description": "講述政權橫跨中國東北和朝鮮北部的高句麗王朝利用武將溫達感情的平岡公主，與像傻瓜般只懂犧牲的溫達之間的淒美愛情故事。"
          },
          {
            "content_id": "VOD00208957",
            "time_codes": [
              698000,
              1470000
            ],
            "timecode_duration": [],
            "length": 2128000,
            "asset_id": "vod45785-000004M001",
            "title": "",
            "subtitle": "第4集",
            "ep_number": 4,
            "rating": 1,
            "content_type": "drama",
            "p_start": 1759115700000,
            "vod_channel_description": "講述政權橫跨中國東北和朝鮮北部的高句麗王朝利用武將溫達感情的平岡公主，與像傻瓜般只懂犧牲的溫達之間的淒美愛情故事。"
          },
          {
            "content_id": "VOD00208958",
            "time_codes": [
              687000,
              1403000
            ],
            "timecode_duration": [],
            "length": 2092000,
            "asset_id": "vod45785-000005M001",
            "title": "",
            "subtitle": "第5集",
            "ep_number": 5,
            "rating": 1,
            "content_type": "drama",
            "p_start": 1759118100000,
            "vod_channel_description": "講述政權橫跨中國東北和朝鮮北部的高句麗王朝利用武將溫達感情的平岡公主，與像傻瓜般只懂犧牲的溫達之間的淒美愛情故事。"
          },
          {
            "content_id": "VOD00208959",
            "time_codes": [
              755000,
              1471000
            ],
            "timecode_duration": [],
            "length": 2005000,
            "asset_id": "vod45785-000006M001",
            "title": "",
            "subtitle": "第6集",
            "ep_number": 6,
            "rating": 1,
            "content_type": "drama",
            "p_start": 1759120500000,
            "vod_channel_description": "講述政權橫跨中國東北和朝鮮北部的高句麗王朝利用武將溫達感情的平岡公主，與像傻瓜般只懂犧牲的溫達之間的淒美愛情故事。"
          },
          {
            "content_id": "VOD00208960",
            "time_codes": [
              741000,
              1460000
            ],
            "timecode_duration": [],
            "length": 2225000,
            "asset_id": "vod45785-000007M001",
            "title": "",
            "subtitle": "第7集",
            "ep_number": 7,
            "rating": 1,
            "content_type": "drama",
            "p_start": 1759122600000,
            "vod_channel_description": "講述政權橫跨中國東北和朝鮮北部的高句麗王朝利用武將溫達感情的平岡公主，與像傻瓜般只懂犧牲的溫達之間的淒美愛情故事。"
          },
          {
            "content_id": "VOD00208961",
            "time_codes": [
              729000,
              1434000
            ],
            "timecode_duration": [],
            "length": 2163000,
            "asset_id": "vod45785-000008M001",
            "title": "",
            "subtitle": "第8集",
            "ep_number": 8,
            "rating": 1,
            "content_type": "drama",
            "p_start": 1759125000000,
            "vod_channel_description": "講述政權橫跨中國東北和朝鮮北部的高句麗王朝利用武將溫達感情的平岡公主，與像傻瓜般只懂犧牲的溫達之間的淒美愛情故事。"
          },
          {
            "content_id": "VOD00208962",
            "time_codes": [
              694000,
              1459000
            ],
            "timecode_duration": [],
            "length": 1778000,
            "asset_id": "vod45785-000009M001",
            "title": "",
            "subtitle": "第9集",
            "ep_number": 9,
            "rating": 1,
            "content_type": "drama",
            "p_start": 1759127400000,
            "vod_channel_description": "講述政權橫跨中國東北和朝鮮北部的高句麗王朝利用武將溫達感情的平岡公主，與像傻瓜般只懂犧牲的溫達之間的淒美愛情故事。"
          },
          {
            "content_id": "VOD00208963",
            "time_codes": [
              667000,
              1493000
            ],
            "timecode_duration": [],
            "length": 1904000,
            "asset_id": "vod45785-000010M001",
            "title": "",
            "subtitle": "第10集",
            "ep_number": 10,
            "rating": 1,
            "content_type": "drama",
            "p_start": 1759129500000,
            "vod_channel_description": "講述政權橫跨中國東北和朝鮮北部的高句麗王朝利用武將溫達感情的平岡公主，與像傻瓜般只懂犧牲的溫達之間的淒美愛情故事。"
          },
          {
            "content_id": "VOD00208964",
            "time_codes": [
              744000,
              1449000
            ],
            "timecode_duration": [],
            "length": 1738000,
            "asset_id": "vod45785-000011M001",
            "title": "",
            "subtitle": "第11集",
            "ep_number": 11,
            "rating": 1,
            "content_type": "drama",
            "p_start": 1759131600000,
            "vod_channel_description": "講述政權橫跨中國東北和朝鮮北部的高句麗王朝利用武將溫達感情的平岡公主，與像傻瓜般只懂犧牲的溫達之間的淒美愛情故事。"
          },
          {
            "content_id": "VOD00208965",
            "time_codes": [
              699000,
              1399000
            ],
            "timecode_duration": [],
            "length": 2336000,
            "asset_id": "vod45785-000012M001",
            "title": "",
            "subtitle": "第12集",
            "ep_number": 12,
            "rating": 1,
            "content_type": "drama",
            "p_start": 1759133400000,
            "vod_channel_description": "講述政權橫跨中國東北和朝鮮北部的高句麗王朝利用武將溫達感情的平岡公主，與像傻瓜般只懂犧牲的溫達之間的淒美愛情故事。"
          },
          {
            "content_id": "VOD00208966",
            "time_codes": [
              735000,
              1473000
            ],
            "timecode_duration": [],
            "length": 1783000,
            "asset_id": "vod45785-000013M001",
            "title": "",
            "subtitle": "第13集",
            "ep_number": 13,
            "rating": 1,
            "content_type": "drama",
            "p_start": 1759135800000,
            "vod_channel_description": "講述政權橫跨中國東北和朝鮮北部的高句麗王朝利用武將溫達感情的平岡公主，與像傻瓜般只懂犧牲的溫達之間的淒美愛情故事。"
          },
          {
            "content_id": "VOD00208967",
            "time_codes": [
              724000,
              1443000
            ],
            "timecode_duration": [],
            "length": 2004000,
            "asset_id": "vod45785-000014M001",
            "title": "",
            "subtitle": "第14集",
            "ep_number": 14,
            "rating": 1,
            "content_type": "drama",
            "p_start": 1759137900000,
            "vod_channel_description": "講述政權橫跨中國東北和朝鮮北部的高句麗王朝利用武將溫達感情的平岡公主，與像傻瓜般只懂犧牲的溫達之間的淒美愛情故事。"
          },
          {
            "content_id": "VOD00208968",
            "time_codes": [
              755000,
              1431000
            ],
            "timecode_duration": [],
            "length": 1800000,
            "asset_id": "vod45785-000015M001",
            "title": "",
            "subtitle": "第15集",
            "ep_number": 15,
            "rating": 1,
            "content_type": "drama",
            "p_start": 1759140000000,
            "vod_channel_description": "講述政權橫跨中國東北和朝鮮北部的高句麗王朝利用武將溫達感情的平岡公主，與像傻瓜般只懂犧牲的溫達之間的淒美愛情故事。"
          },
          {
            "content_id": "VOD00208969",
            "time_codes": [
              713000,
              1473000
            ],
            "timecode_duration": [],
            "length": 2015000,
            "asset_id": "vod45785-000016M001",
            "title": "",
            "subtitle": "第16集",
            "ep_number": 16,
            "rating": 1,
            "content_type": "drama",
            "p_start": 1759142100000,
            "vod_channel_description": "講述政權橫跨中國東北和朝鮮北部的高句麗王朝利用武將溫達感情的平岡公主，與像傻瓜般只懂犧牲的溫達之間的淒美愛情故事。"
          },
          {
            "content_id": "VOD00208970",
            "time_codes": [
              682000,
              1485000
            ],
            "timecode_duration": [],
            "length": 1751000,
            "asset_id": "vod45785-000017M001",
            "title": "",
            "subtitle": "第17集",
            "ep_number": 17,
            "rating": 1,
            "content_type": "drama",
            "p_start": 1759144200000,
            "vod_channel_description": "講述政權橫跨中國東北和朝鮮北部的高句麗王朝利用武將溫達感情的平岡公主，與像傻瓜般只懂犧牲的溫達之間的淒美愛情故事。"
          },
          {
            "content_id": "VOD00208971",
            "time_codes": [
              764000,
              1447000
            ],
            "timecode_duration": [],
            "length": 2039000,
            "asset_id": "vod45785-000018M001",
            "title": "",
            "subtitle": "第18集",
            "ep_number": 18,
            "rating": 1,
            "content_type": "drama",
            "p_start": 1759146300000,
            "vod_channel_description": "講述政權橫跨中國東北和朝鮮北部的高句麗王朝利用武將溫達感情的平岡公主，與像傻瓜般只懂犧牲的溫達之間的淒美愛情故事。"
          },
          {
            "content_id": "VOD00208972",
            "time_codes": [
              716000,
              1412000
            ],
            "timecode_duration": [],
            "length": 1799000,
            "asset_id": "vod45785-000019M001",
            "title": "",
            "subtitle": "第19集",
            "ep_number": 19,
            "rating": 1,
            "content_type": "drama",
            "p_start": 1759148400000,
            "vod_channel_description": "講述政權橫跨中國東北和朝鮮北部的高句麗王朝利用武將溫達感情的平岡公主，與像傻瓜般只懂犧牲的溫達之間的淒美愛情故事。"
          },
          {
            "content_id": "VOD00208973",
            "time_codes": [
              681000,
              1461000
            ],
            "timecode_duration": [],
            "length": 1990000,
            "asset_id": "vod45785-000020M001",
            "title": "",
            "subtitle": "第20集",
            "ep_number": 20,
            "rating": 1,
            "content_type": "drama",
            "p_start": 1759150500000,
            "vod_channel_description": "講述政權橫跨中國東北和朝鮮北部的高句麗王朝利用武將溫達感情的平岡公主，與像傻瓜般只懂犧牲的溫達之間的淒美愛情故事。"
          },
          {
            "content_id": "VOD00212071",
            "time_codes": [
              680000,
              1403000
            ],
            "timecode_duration": [],
            "length": 1805000,
            "asset_id": "vod45785-000021M001",
            "title": "",
            "subtitle": "第21集",
            "ep_number": 21,
            "rating": 1,
            "content_type": "drama",
            "p_start": 1759152600000,
            "vod_channel_description": "講述政權橫跨中國東北和朝鮮北部的高句麗王朝利用武將溫達感情的平岡公主，與像傻瓜般只懂犧牲的溫達之間的淒美愛情故事。"
          },
          {
            "content_id": "VOD00212072",
            "time_codes": [
              736000,
              1476000
            ],
            "timecode_duration": [],
            "length": 2076000,
            "asset_id": "vod45785-000022M001",
            "title": "",
            "subtitle": "第22集",
            "ep_number": 22,
            "rating": 1,
            "content_type": "drama",
            "p_start": 1759154700000,
            "vod_channel_description": "講述政權橫跨中國東北和朝鮮北部的高句麗王朝利用武將溫達感情的平岡公主，與像傻瓜般只懂犧牲的溫達之間的淒美愛情故事。"
          },
          {
            "content_id": "VOD00212073",
            "time_codes": [
              740000,
              1446000
            ],
            "timecode_duration": [],
            "length": 1791000,
            "asset_id": "vod45785-000023M001",
            "title": "",
            "subtitle": "第23集",
            "ep_number": 23,
            "rating": 1,
            "content_type": "drama",
            "p_start": 1759157100000,
            "vod_channel_description": "講述政權橫跨中國東北和朝鮮北部的高句麗王朝利用武將溫達感情的平岡公主，與像傻瓜般只懂犧牲的溫達之間的淒美愛情故事。"
          },
          {
            "content_id": "VOD00212074",
            "time_codes": [
              748000,
              1411000
            ],
            "timecode_duration": [],
            "length": 2142000,
            "asset_id": "vod45785-000024M001",
            "title": "",
            "subtitle": "第24集",
            "ep_number": 24,
            "rating": 1,
            "content_type": "drama",
            "p_start": 1759159200000,
            "vod_channel_description": "講述政權橫跨中國東北和朝鮮北部的高句麗王朝利用武將溫達感情的平岡公主，與像傻瓜般只懂犧牲的溫達之間的淒美愛情故事。"
          },
          {
            "content_id": "VOD00212075",
            "time_codes": [
              739000,
              1384000
            ],
            "timecode_duration": [],
            "length": 1787000,
            "asset_id": "vod45785-000025M001",
            "title": "",
            "subtitle": "第25集",
            "ep_number": 25,
            "rating": 1,
            "content_type": "drama",
            "p_start": 1759161600000,
            "vod_channel_description": "講述政權橫跨中國東北和朝鮮北部的高句麗王朝利用武將溫達感情的平岡公主，與像傻瓜般只懂犧牲的溫達之間的淒美愛情故事。"
          },
          {
            "content_id": "VOD00212076",
            "time_codes": [
              756000,
              1436000
            ],
            "timecode_duration": [],
            "length": 2012000,
            "asset_id": "vod45785-000026M001",
            "title": "",
            "subtitle": "第26集",
            "ep_number": 26,
            "rating": 1,
            "content_type": "drama",
            "p_start": 1759163700000,
            "vod_channel_description": "講述政權橫跨中國東北和朝鮮北部的高句麗王朝利用武將溫達感情的平岡公主，與像傻瓜般只懂犧牲的溫達之間的淒美愛情故事。"
          },
          {
            "content_id": "VOD00212077",
            "time_codes": [
              687000,
              1403000
            ],
            "timecode_duration": [],
            "length": 1820000,
            "asset_id": "vod45785-000027M001",
            "title": "",
            "subtitle": "第27集",
            "ep_number": 27,
            "rating": 1,
            "content_type": "drama",
            "p_start": 1759165800000,
            "vod_channel_description": "講述政權橫跨中國東北和朝鮮北部的高句麗王朝利用武將溫達感情的平岡公主，與像傻瓜般只懂犧牲的溫達之間的淒美愛情故事。"
          },
          {
            "content_id": "VOD00212078",
            "time_codes": [
              667000,
              1390000
            ],
            "timecode_duration": [],
            "length": 1971000,
            "asset_id": "vod45785-000028M001",
            "title": "",
            "subtitle": "第28集",
            "ep_number": 28,
            "rating": 1,
            "content_type": "drama",
            "p_start": 1759167900000,
            "vod_channel_description": "講述政權橫跨中國東北和朝鮮北部的高句麗王朝利用武將溫達感情的平岡公主，與像傻瓜般只懂犧牲的溫達之間的淒美愛情故事。"
          },
          {
            "content_id": "VOD00212079",
            "time_codes": [
              691000,
              1419000
            ],
            "timecode_duration": [],
            "length": 1816000,
            "asset_id": "vod45785-000029M001",
            "title": "",
            "subtitle": "第29集",
            "ep_number": 29,
            "rating": 1,
            "content_type": "drama",
            "p_start": 1759170000000,
            "vod_channel_description": "講述政權橫跨中國東北和朝鮮北部的高句麗王朝利用武將溫達感情的平岡公主，與像傻瓜般只懂犧牲的溫達之間的淒美愛情故事。"
          },
          {
            "content_id": "VOD00212080",
            "time_codes": [
              749000,
              1448000
            ],
            "timecode_duration": [],
            "length": 1979000,
            "asset_id": "vod45785-000030M001",
            "title": "",
            "subtitle": "第30集",
            "ep_number": 30,
            "rating": 1,
            "content_type": "drama",
            "p_start": 1759172100000,
            "vod_channel_description": "講述政權橫跨中國東北和朝鮮北部的高句麗王朝利用武將溫達感情的平岡公主，與像傻瓜般只懂犧牲的溫達之間的淒美愛情故事。"
          },
          {
            "content_id": "VOD00212081",
            "time_codes": [
              663000,
              1394000
            ],
            "timecode_duration": [],
            "length": 1779000,
            "asset_id": "vod45785-000031M001",
            "title": "",
            "subtitle": "第31集",
            "ep_number": 31,
            "rating": 1,
            "content_type": "drama",
            "p_start": 1759174200000,
            "vod_channel_description": "講述政權橫跨中國東北和朝鮮北部的高句麗王朝利用武將溫達感情的平岡公主，與像傻瓜般只懂犧牲的溫達之間的淒美愛情故事。"
          },
          {
            "content_id": "VOD00212082",
            "time_codes": [
              705000,
              1435000
            ],
            "timecode_duration": [],
            "length": 1985000,
            "asset_id": "vod45785-000032M001",
            "title": "",
            "subtitle": "第32集",
            "ep_number": 32,
            "rating": 1,
            "content_type": "drama",
            "p_start": 1759176300000,
            "vod_channel_description": "講述政權橫跨中國東北和朝鮮北部的高句麗王朝利用武將溫達感情的平岡公主，與像傻瓜般只懂犧牲的溫達之間的淒美愛情故事。"
          },
          {
            "content_id": "VOD00212700",
            "time_codes": [
              675000,
              1425000
            ],
            "timecode_duration": [],
            "length": 1893000,
            "asset_id": "vod45785-000033M001",
            "title": "",
            "subtitle": "第33集",
            "ep_number": 33,
            "rating": 1,
            "content_type": "drama",
            "p_start": 1759178400000,
            "vod_channel_description": "講述政權橫跨中國東北和朝鮮北部的高句麗王朝利用武將溫達感情的平岡公主，與像傻瓜般只懂犧牲的溫達之間的淒美愛情故事。"
          },
          {
            "content_id": "VOD00212701",
            "time_codes": [
              705000,
              1428000
            ],
            "timecode_duration": [],
            "length": 1885000,
            "asset_id": "vod45785-000034M001",
            "title": "",
            "subtitle": "第34集",
            "ep_number": 34,
            "rating": 1,
            "content_type": "drama",
            "p_start": 1759180500000,
            "vod_channel_description": "講述政權橫跨中國東北和朝鮮北部的高句麗王朝利用武將溫達感情的平岡公主，與像傻瓜般只懂犧牲的溫達之間的淒美愛情故事。"
          },
          {
            "content_id": "VOD00212702",
            "time_codes": [
              737000,
              1398000
            ],
            "timecode_duration": [],
            "length": 1776000,
            "asset_id": "vod45785-000035M001",
            "title": "",
            "subtitle": "第35集",
            "ep_number": 35,
            "rating": 1,
            "content_type": "drama",
            "p_start": 1759182600000,
            "vod_channel_description": "講述政權橫跨中國東北和朝鮮北部的高句麗王朝利用武將溫達感情的平岡公主，與像傻瓜般只懂犧牲的溫達之間的淒美愛情故事。"
          },
          {
            "content_id": "VOD00212703",
            "time_codes": [
              681000,
              1440000
            ],
            "timecode_duration": [],
            "length": 2029000,
            "asset_id": "vod45785-000036M001",
            "title": "",
            "subtitle": "第36集",
            "ep_number": 36,
            "rating": 1,
            "content_type": "drama",
            "p_start": 1759184700000,
            "vod_channel_description": "講述政權橫跨中國東北和朝鮮北部的高句麗王朝利用武將溫達感情的平岡公主，與像傻瓜般只懂犧牲的溫達之間的淒美愛情故事。"
          },
          {
            "content_id": "VOD00212704",
            "time_codes": [
              704000,
              1418000
            ],
            "timecode_duration": [],
            "length": 1845000,
            "asset_id": "vod45785-000037M001",
            "title": "",
            "subtitle": "第37集",
            "ep_number": 37,
            "rating": 1,
            "content_type": "drama",
            "p_start": 1759186800000,
            "vod_channel_description": "講述政權橫跨中國東北和朝鮮北部的高句麗王朝利用武將溫達感情的平岡公主，與像傻瓜般只懂犧牲的溫達之間的淒美愛情故事。"
          },
          {
            "content_id": "VOD00212705",
            "time_codes": [
              717000,
              1493000
            ],
            "timecode_duration": [],
            "length": 2152000,
            "asset_id": "vod45785-000038M001",
            "title": "",
            "subtitle": "第38集",
            "ep_number": 38,
            "rating": 1,
            "content_type": "drama",
            "p_start": 1759188900000,
            "vod_channel_description": "講述政權橫跨中國東北和朝鮮北部的高句麗王朝利用武將溫達感情的平岡公主，與像傻瓜般只懂犧牲的溫達之間的淒美愛情故事。"
          },
          {
            "content_id": "VOD00212706",
            "time_codes": [
              702000,
              1408000
            ],
            "timecode_duration": [],
            "length": 1857000,
            "asset_id": "vod45785-000039M001",
            "title": "",
            "subtitle": "第39集",
            "ep_number": 39,
            "rating": 1,
            "content_type": "drama",
            "p_start": 1759191300000,
            "vod_channel_description": "講述政權橫跨中國東北和朝鮮北部的高句麗王朝利用武將溫達感情的平岡公主，與像傻瓜般只懂犧牲的溫達之間的淒美愛情故事。"
          },
          {
            "content_id": "VOD00212707",
            "time_codes": [
              700000,
              1389000
            ],
            "timecode_duration": [],
            "length": 2140000,
            "asset_id": "vod45785-000040M001",
            "title": "",
            "subtitle": "第40集",
            "ep_number": 40,
            "rating": 1,
            "content_type": "drama",
            "p_start": 1759193400000,
            "vod_channel_description": "講述政權橫跨中國東北和朝鮮北部的高句麗王朝利用武將溫達感情的平岡公主，與像傻瓜般只懂犧牲的溫達之間的淒美愛情故事。"
          }
        ],
        "total_length": 77954000,
        "focus_index": 15,
        "next_index": 16,
        "time": 1084540,
        "focus_program": {
          "content_id": "VOD00208969",
          "time_codes": [
            713000,
            1473000
          ],
          "timecode_duration": [],
          "length": 2015000,
          "asset_id": "vod45785-000016M001",
          "title": "",
          "subtitle": "第16集",
          "ep_number": 16,
          "rating": 1,
          "content_type": "drama",
          "p_start": 1759142100000,
          "vod_channel_description": "講述政權橫跨中國東北和朝鮮北部的高句麗王朝利用武將溫達感情的平岡公主，與像傻瓜般只懂犧牲的溫達之間的淒美愛情故事。"
        }
      },
      "station_categories": [
        {
          "Name": "戲劇",
          "EngName": "Drama",
          "MenuOrder": 7
        }
      ]
    },
    "introduction": {
      "image": "https://p-cdnstatic.svc.litv.tv/pics/vod_channel/logo_ofiii148_mobile_20230515.png",
      "description": "",
      "href_maps": []
    },
    "recommends": [],
    "ua": "Mozilla/5.0 (iPad; CPU OS 18_6_2 like Mac OS X) AppleWebKit/605.1.15 (KHTML, like Gecko) CriOS/142.0.7444.128 Mobile/15E148 Safari/604.1"
  },
  "__N_SSP": true
}