{
  "pageProps": {
    "contentId": "ofiii131",
    "channel": {
      "title": "全民星攻略",
      "no": 131,
      "charge_mode": "F",
      "content_id": "ofiii131",
      "content_type": "vod-channel",
      "epg_categories": [
        21,
        18
      ],
      "genres": [
        {
          "id": "",
          "name": "VOD_CHANNEL",
          "logo": ""
        }
      ],
      "liad_id": "VODCHNEWOFIWEB",
      "package_info_id": "VOD_CHANNEL_DELUX",
      "picture": "pics/vod_channel/logo_2594_ofiii131_tv_20250221.png",
      "provider": [
        {
          "id": "",
          "name": "東森娛樂",
          "logo": ""
        }
      ],
      "quality": "HD",
      "station_id": "station5528",
      "trial": "",
      "selectable": 1,
      "tr_logo": "pics/vod_channel/tr_logo_1679019674.png",
      "tl_logo": "",
      "br_logo": "",
      "bl_logo": "",
      "menu_type": 0,
      "vod_channel_schedule": {
        "channel_id": 131,
        "cdn_code": "ofiii131",
        "start_time": 1762296900000,
        "programs": [
          {
            "content_id": "VOD00285633",
            "time_codes": [
              1213000,
              1980000,
              2585000
            ],
            "timecode_duration": [],
            "length": 2815000,
            "asset_id": "vod39652-000836M001",
            "title": "",
            "subtitle": "第836集 時尚女神生死鬥",
            "ep_number": 836,
            "rating": 1,
            "content_type": "show",
            "p_start": 1762296900000,
            "vod_channel_description": "《全民星攻略》走在流行尖端的潮流知識生死鬥！誰才是才貌雙全的時尚女神？夏天將至是時候展開瘦腿計畫了，您知道哪種類型的小腿，用手按摩就可達到瘦下來的效果嗎？精液曾被這樣用？！第一次大戰時期，英國特務機構曾經利用精液來做什麼？長相也能夠看出工作能力，德國研究發現哪種人，在工作時效率較好升職機率也較高？"
          },
          {
            "content_id": "VOD00285634",
            "time_codes": [
              1203000,
              1823000,
              2634000
            ],
            "timecode_duration": [],
            "length": 2815000,
            "asset_id": "vod39652-000837M001",
            "title": "",
            "subtitle": "第837集 名人姐妹姐弟團戰",
            "ep_number": 837,
            "rating": 1,
            "content_type": "show",
            "p_start": 1762299900000,
            "vod_channel_description": "《全民星攻略》手足連心，齊力斷金！從小相愛相殺的姐弟姐妹檔即將展開一場相互廝殺的益智團戰！根據日本戀愛網站調查指出，「家中有姊妹的男性」更有什麼魅力？人類的壽命居然與身高有關，根據美國《CNBC》報導，哪種人活得比較久？而根據香港媒體調查,父母對小孩說什麼話會讓小孩感到「最傷心」呢？"
          },
          {
            "content_id": "VOD00285635",
            "time_codes": [
              1060000,
              1973000,
              2513000
            ],
            "timecode_duration": [],
            "length": 2800000,
            "asset_id": "vod39652-000838M001",
            "title": "",
            "subtitle": "第838集 財經界女王之爭",
            "ep_number": 838,
            "rating": 1,
            "content_type": "show",
            "p_start": 1762302900000,
            "vod_channel_description": "《全民星攻略》錢不是萬能，但沒有錢卻萬萬不能。財經女王不藏私的機智理財經驗務必牢記！您知道結婚三年以上的男性，結婚越久工資愈高，是因為什麼因素導致的嗎?患有「巴黎症候群」的患者會有頭暈冒汗等症狀，而這個疾病竟是因被法國人的無理嚇到導致？！您開車的時候會有「路怒症」嗎？使用哪種裝置的車主更容易路怒症發作？"
          },
          {
            "content_id": "VOD00285636",
            "time_codes": [
              600000,
              1200000,
              1800000,
              2400000
            ],
            "timecode_duration": [],
            "length": 2815000,
            "asset_id": "vod39652-000839M001",
            "title": "",
            "subtitle": "第839集 人氣帥哥美女民意代表益智大賽",
            "ep_number": 839,
            "rating": 1,
            "content_type": "show",
            "p_start": 1762305900000,
            "vod_channel_description": "《全民星攻略》為民喉舌之餘還賞心悅目？！顏值逆天的人氣民意代表腦力ＰＫ賽開戰！您知道哪一種工作團隊的主管面試時更需要「帥哥」同事的加入嗎？減肥時常會吃水煮餐，但營養師卻指出常吃水煮餐可會導致什麼情況？2022年底政府拍板回歸「1年義務役」，而役男薪資也將同時調漲？！"
          },
          {
            "content_id": "VOD00285637",
            "time_codes": [
              1115000,
              1790000,
              2582000
            ],
            "timecode_duration": [],
            "length": 2815000,
            "asset_id": "vod39652-000840M001",
            "title": "",
            "subtitle": "第840集 文藝界爸媽育兒知識戰",
            "ep_number": 840,
            "rating": 1,
            "content_type": "show",
            "p_start": 1762309200000,
            "vod_channel_description": "《全民星攻略》執子之手與子偕老，文藝界的浪漫爸媽即將用愛展開一場育兒知識比拚！您知道帶孩子去看兒童音樂時，怎麼做可提升孩子對音樂劇的專注力，看戲時更融入劇情嗎？上學用的「碗」也有學問！請問依專家分析，讓孩子使用什麼材質的碗較有助於「建立自信」？而根據美國調查，民眾認為哪種導致「夫妻失和」的情形比出軌嚴重？"
          },
          {
            "content_id": "VOD00285638",
            "time_codes": [
              1194000,
              1804000,
              2410000
            ],
            "timecode_duration": [],
            "length": 2770000,
            "asset_id": "vod39652-000841M001",
            "title": "",
            "subtitle": "第841集 光耀門楣的家族益智賽",
            "ep_number": 841,
            "rating": 1,
            "content_type": "show",
            "p_start": 1762312200000,
            "vod_channel_description": "《全民星攻略》姐弟,父子,夫妻，到底哪種關係，擁有最佳的默契？而哪一組能爭取到最高獎金？ 根據日本戀愛網站調查指出，「家中有姊妹的男性」更有什麼魅力？人類的壽命居然與身高有關，根據美國《CNBC》報導，哪種人活得比較久？而根據香港媒體調查,父母對小孩說什麼話會讓小孩感到「最傷心」呢？"
          },
          {
            "content_id": "VOD00285639",
            "time_codes": [
              1220000,
              1910000,
              2468000
            ],
            "timecode_duration": [],
            "length": 2815000,
            "asset_id": "vod39652-000842M001",
            "title": "",
            "subtitle": "第842集 媒體強人零時差資訊大考驗",
            "ep_number": 842,
            "rating": 1,
            "content_type": "show",
            "p_start": 1762315200000,
            "vod_channel_description": "《全民星攻略》網路訊息瞬息萬變，您能即時掌握嗎？哪些訊息是您絕對不能不知道的？根據會計師剖析，台灣未來五年的媒體產業會是哪個領域成長率最高？無國界記者組織每年公布的全球新聞自由指數，去年是哪個國家排名第一呢？全民瘋韓劇！2022年韓劇排行榜冠軍會是紙房子嗎？還是社內相親呢？"
          },
          {
            "content_id": "VOD00285640",
            "time_codes": [
              1358000,
              1888000,
              2538000
            ],
            "timecode_duration": [],
            "length": 2815000,
            "asset_id": "vod39652-000843M001",
            "title": "",
            "subtitle": "第843集 政論名人生活大考驗",
            "ep_number": 843,
            "rating": 1,
            "content_type": "show",
            "p_start": 1762318200000,
            "vod_channel_description": "《全民星攻略》從政治議會場上鬥到生活中的角力場！究竟誰能領先到最後，成為真正的智慧王呢？專家指出以哪一個姿勢入睡需要選擇較高的枕頭？減肥不是短期就能達成的目標，到達每天要做什麼才能成功減肥？美國研究能現，透過觀察眼部組織竟然可以判斷出患上這種病？"
          },
          {
            "content_id": "VOD00285641",
            "time_codes": [
              1205000,
              1912000,
              2471000
            ],
            "timecode_duration": [],
            "length": 2810000,
            "asset_id": "vod39652-000844M001",
            "title": "",
            "subtitle": "第844集 愛吃鬼美食知識大比拚",
            "ep_number": 844,
            "rating": 1,
            "content_type": "show",
            "p_start": 1762321200000,
            "vod_channel_description": "《全民星攻略》您今天吃飽了嗎？有感到滿足嗎？今天三組愛吃鬼聚首一堂展開一場三星級的食物對決！草莓大福原名大腹餅，竟然是跟這個動物的腹部有關係？根據營養師指出，什麼食物對男性有催情效果？而美國實驗發現，連續吃一個月狗糧會對身體產生什麼影響呢？營養師指出原來在這個時間點喝水對減肥最有效!"
          },
          {
            "content_id": "VOD00285642",
            "time_codes": [
              1044000,
              1992000,
              2606000
            ],
            "timecode_duration": [],
            "length": 2815000,
            "asset_id": "vod39652-000845M001",
            "title": "",
            "subtitle": "第845集 超人媽媽生活大考驗",
            "ep_number": 845,
            "rating": 1,
            "content_type": "show",
            "p_start": 1762324200000,
            "vod_channel_description": "《全民星攻略》媽媽們的無敵智慧創造了家庭的無限幸福！這些超乎人的生活經驗請務必收藏！兒童情緒問題容易讓父母不知所措，您知道什麼事最容易造成孩子的負面情緒嗎？減重族要注意澱粉的種類，請問哪種米放涼後因「抗性澱粉」含量高，較有助於瘦身？紙本發票正逐漸被取代，但有眼尖的網友發現，發票最上方的圖騰竟然藏有什麼圖案？"
          },
          {
            "content_id": "VOD00285643",
            "time_codes": [
              1228000,
              1960000,
              2585000
            ],
            "timecode_duration": [],
            "length": 2815000,
            "asset_id": "vod39652-000846M001",
            "title": "",
            "subtitle": "第846集 白袍醫師殊死戰",
            "ep_number": 846,
            "rating": 1,
            "content_type": "show",
            "p_start": 1762327200000,
            "vod_channel_description": "《全民星攻略》醫師是帶領患者抵抗病菌的軍師，而軍師組隊出擊，誰能運用白袍智慧奪下勝利？近視年齡逐年降低，您知道睡覺時應如何調整燈光來避免小孩近視嗎？紓壓管道有許多種！請問根據研究指出，做哪項行為1分鐘的紓壓效果等同於「按摩半小時」？吃火鍋時會堅持將食材煮到最佳時機才撈起來吃的人，在工作上可能有哪種態度呢？"
          },
          {
            "content_id": "VOD00285644",
            "time_codes": [
              1255000,
              1895000,
              2523000
            ],
            "timecode_duration": [],
            "length": 2815000,
            "asset_id": "vod39652-000847M001",
            "title": "",
            "subtitle": "第847集 夏日窈窕進補大過招",
            "ep_number": 847,
            "rating": 1,
            "content_type": "show",
            "p_start": 1762330200000,
            "vod_channel_description": "《全民星攻略》夏日將至，您準備好解放身心靈了嗎？想要清涼卻不著涼的進補秘訣都在這！夏季氣溫隨時飆升超過30度，您知道在戶外穿著哪種顏色的衣服會感覺比較涼爽嗎？消暑食物不能亂吃！中醫師表示哪種我們常吃的「消暑聖品」吃多反而會導致腹瀉？！肚子餓就容易爆怒，醫師指出容易爆怒，可能是患上哪種疾病的徵兆？"
          },
          {
            "content_id": "VOD00285645",
            "time_codes": [
              1182000,
              1932000,
              2615000
            ],
            "timecode_duration": [],
            "length": 2795000,
            "asset_id": "vod39652-000848M001",
            "title": "",
            "subtitle": "第848集 名嘴智商排行激戰",
            "ep_number": 848,
            "rating": 1,
            "content_type": "show",
            "p_start": 1762333200000,
            "vod_channel_description": "全新益智實境節目《全民星攻略》，由館長曾國城擔任把關者，考驗著每個來挑戰九宮格益智遊戲藝人明星。想要攻略九宮格關卡，透過創意聯想、邏輯推理、理想分析，才有機會獲取智慧星幣，帶走夢幻大獎。"
          },
          {
            "content_id": "VOD00285646",
            "time_codes": [
              1268000,
              1988000,
              2578000
            ],
            "timecode_duration": [],
            "length": 2815000,
            "asset_id": "vod39652-000849M001",
            "title": "",
            "subtitle": "第849集 生活大玩家品味競賽",
            "ep_number": 849,
            "rating": 1,
            "content_type": "show",
            "p_start": 1762336200000,
            "vod_channel_description": "《全民星攻略》生活裡的品味由生活中大大小小的事組成，而今天誰的生活品味最高，誰就是生活大玩家！普發6000塊您用完了嗎？根據台灣網路調查，大家都把6000塊用在哪裡？在色彩學中，色彩具有不同的意義和行為偏好，通常喜歡黑色的人是什麼性格呢？酒醉行為可以看得出人的性格，喝醉酒後積極騷擾別人的人，清醒時會有什麼表現？"
          },
          {
            "content_id": "VOD00285647",
            "time_codes": [
              1065000,
              2112000,
              2582000
            ],
            "timecode_duration": [],
            "length": 2810000,
            "asset_id": "vod39652-000850M001",
            "title": "",
            "subtitle": "第850集 美食專家火爆PK",
            "ep_number": 850,
            "rating": 1,
            "content_type": "show",
            "p_start": 1762339200000,
            "vod_channel_description": "《全民星攻略》聚集了各路美食專家，他們吃遍世界各地，收集了全球米其林星星。這些美食專家們今天將為我們帶來一場美食盛宴。近幾年台灣小吃紛紛入選米其林推薦，全世界哪一座城市擁有最多米其林餐廳？麻婆豆腐是四川名菜，這個名字的由來真的跟麻婆有關嗎？哪種魚類含有最豐富的Omega3？"
          },
          {
            "content_id": "VOD00288517",
            "time_codes": [
              600000,
              1200000,
              1800000,
              2400000
            ],
            "timecode_duration": [],
            "length": 2810000,
            "asset_id": "vod39652-000851M001",
            "title": "",
            "subtitle": "第851集 政治圈女神智力測驗",
            "ep_number": 851,
            "rating": 1,
            "content_type": "show",
            "p_start": 1762342200000,
            "vod_channel_description": "《全民星攻略》女神們運用了她們的智慧解決了無數政治圈的難題，她們之中誰又是腦力擔當呢？台北市高齡人口逐年增加，哪一個行政區的高齡人口最多？拍照記錄生活是我們的日常習慣，但有研究發現使用手機連拍對記憶會產生什麼影響？職場上需要跟不同人進行溝通交流，哪一種性格的人在工作上會比較容易溝通？"
          },
          {
            "content_id": "VOD00288518",
            "time_codes": [
              1138000,
              1922000,
              2480000
            ],
            "timecode_duration": [],
            "length": 2815000,
            "asset_id": "vod39652-000852M001",
            "title": "",
            "subtitle": "第852集 行腳天下生活知識王",
            "ep_number": 852,
            "rating": 1,
            "content_type": "show",
            "p_start": 1762345500000,
            "vod_channel_description": "《全民星攻略》今天這些知慧王憑着他們多年走遍世界各地累積下來的經驗， 即將來一拚高下！想知道異性對自己有沒有好感，可以透過哪個微表情變化來觀察對方對自己有沒有好感？根據日本心理學教授分析，穿著什麼衣服的人對自己的滿意程度較高？疫情後影響了台灣人的運動習慣，女生們最常做的運動又是什麼呢？"
          },
          {
            "content_id": "VOD00288519",
            "time_codes": [
              1148000,
              2008000,
              2512000
            ],
            "timecode_duration": [],
            "length": 2815000,
            "asset_id": "vod39652-000853M001",
            "title": "",
            "subtitle": "第853集 斜槓強人爭霸戰",
            "ep_number": 853,
            "rating": 1,
            "content_type": "show",
            "p_start": 1762348500000,
            "vod_channel_description": "生活裡總有很多選擇，而這些選擇有可能會為我們帶來意外的收獲，今天誰的收獲最多，誰就是最強的斜槓代表！職場上如果心腸太軟對雙方都不好，諮商師指出，如果對同事同情心過於氾濫，被幫助的人會有什麼壞處？生物學家表示，職場上很會用拖延戰術的，就像掌握了超強的生存技能，請問這是受了什麼影響呢？男女相處認知上存在着很多差異，請問當男人表現出哪一種舉動，代表他有對您敞開心防？"
          },
          {
            "content_id": "VOD00288520",
            "time_codes": [
              1155000,
              1980000,
              2598000
            ],
            "timecode_duration": [],
            "length": 2815000,
            "asset_id": "vod39652-000854M001",
            "title": "",
            "subtitle": "第854集 旅遊住房知識大會考",
            "ep_number": 854,
            "rating": 1,
            "content_type": "show",
            "p_start": 1762351500000,
            "vod_channel_description": "《全民星攻略》旅遊的時候您會着重於景點好不好玩還是飯店好不好住呢？今天來了各種路線的住房達人，一起來分享他們的旅遊住房經驗。日本高級壽司店用餐有許多不成文的規定，其中味噌湯會在什麼時候飲用，會比較恰當呢？在野外旅遊時，如果手機沒訊號也可以靠植物判斷方位，請問面向北邊的植物通常會有什麼特色？原來陽光型男已經不再熱門？！"
          },
          {
            "content_id": "VOD00288521",
            "time_codes": [
              1162000,
              1982000,
              2542000
            ],
            "timecode_duration": [],
            "length": 2815000,
            "asset_id": "vod39652-000855M001",
            "title": "",
            "subtitle": "第855集 在台灣的外籍生活大師",
            "ep_number": 855,
            "rating": 1,
            "content_type": "show",
            "p_start": 1762354500000,
            "vod_channel_description": "《全民星攻略》今天聚集了來自日韓法的代表，一起來分享他們在台灣經歷的感情、工作與人生。這些外籍大師們到底誰的經歷最豐富、最特別呢？根據韓國政府統計，韓國人每年人均喝85瓶燒酒，而代言燒酒的為什麼都是女明星呢？到世界各地旅遊最怕不清楚當地的小費文化，而小費文化是由哪個國家開始的？透過諺語可以了解一個國家的特有文化！"
          },
          {
            "content_id": "VOD00288522",
            "time_codes": [
              1260000,
              1938000,
              2568000
            ],
            "timecode_duration": [],
            "length": 2815000,
            "asset_id": "vod39652-000856M001",
            "title": "",
            "subtitle": "第856集 社長之路候選人口試大會",
            "ep_number": 856,
            "rating": 1,
            "content_type": "show",
            "p_start": 1762357500000,
            "vod_channel_description": "《全民星攻略》社長登上答題之路啦！三個不同類型的社長，誰是社長中最佳腦力擔當？誰又是最會掌握眼前的機會？新興職場用語安靜離職逐漸在年輕族群蔚為風潮，它代表着哪一種含意呢？不少人都夢想過到海外工作，根據人力銀行調查，近五年內新鮮人最想到哪個地區發展呢？送洗衣服可能也會讓你變胖喔！"
          },
          {
            "content_id": "VOD00288523",
            "time_codes": [
              1198000,
              1898000,
              2534000
            ],
            "timecode_duration": [],
            "length": 2815000,
            "asset_id": "vod39652-000857M001",
            "title": "",
            "subtitle": "第857集 流量密碼神人大戰",
            "ep_number": 857,
            "rating": 1,
            "content_type": "show",
            "p_start": 1762360500000,
            "vod_channel_description": "《全民星攻略》誰能掌握流量誰就是網路神人。今天這群掌握流量密碼的神人們，一起來分享他們掌握流量密碼的密技。肌膚問題會隨年齡增長而有所不同，根據調查，25歲以下人士會比較注重哪一方面的皮膚問題呢？4月ChatGPT又再更新系統啦！如果不想與ChatGPT的對話外流，可以選擇關閉什麼功能？"
          },
          {
            "content_id": "VOD00288524",
            "time_codes": [
              1165000,
              1905000,
              2573000
            ],
            "timecode_duration": [],
            "length": 2815000,
            "asset_id": "vod39652-000858M001",
            "title": "",
            "subtitle": "第858集 導師們的生活常識測驗",
            "ep_number": 858,
            "rating": 1,
            "content_type": "show",
            "p_start": 1762363500000,
            "vod_channel_description": "《全民星攻略》走在專業的道路上，解除各項疑難雜症的導師們中，誰的生活常識最豐富？誰的答題量最多？誰就能獲得今晚的最高榮譽。你每天喝水量夠多嗎？根據研究顯示，請問身體中哪一個器官，水分組成的占比最高呢？從中醫角度來看，臉上可以判斷出心臟的健康，如果是氣血不足時，臉上會出現什麼變化？現代人常吃外食又少吃蔬菜容易便祕，而吃哪一種豆子對通便的效果最佳呢？"
          },
          {
            "content_id": "VOD00288525",
            "time_codes": [
              670000,
              1274000,
              2018000,
              2615000
            ],
            "timecode_duration": [],
            "length": 2815000,
            "asset_id": "vod39652-000859M001",
            "title": "",
            "subtitle": "第859集 爸媽樂活計劃大過招",
            "ep_number": 859,
            "rating": 1,
            "content_type": "show",
            "p_start": 1762366500000,
            "vod_channel_description": "《全民星攻略》退休之後很多人都會找不到方向！而今天三組來賓對於人生規劃都有不同的目標與看法，看完這集之後，相信您也會找到您的人生方向。隨著年紀增長，不少長者常常會健忘，醫師建議，哪一項活動能有效降低失智症發生的機率？父母會想把最好的都安排給孩子，美國心理師指出，家長會這麼做的主要原因是什麼？行政院指出，111年25至29歲的年輕人中，台北為失業率最高的城市！請問原因跟什麼有關呢？"
          },
          {
            "content_id": "VOD00288526",
            "time_codes": [
              1342000,
              2016000,
              2612000
            ],
            "timecode_duration": [],
            "length": 2815000,
            "asset_id": "vod39652-000860M001",
            "title": "",
            "subtitle": "第860集 美食健康資訊隨堂考",
            "ep_number": 860,
            "rating": 1,
            "content_type": "show",
            "p_start": 1762369500000,
            "vod_channel_description": "《全民星攻略》美食專家代表來了！他們當中誰最嘴刁？誰吃得最健康？誰又能奪下美食專家的寶座呢？中央政府公佈2023年第一季各項經濟統計數據，哪一個城市獲得了11個經濟指標冠軍？現代人飲食作息不正常，腸胃很容易不好，醫生建議可以多攝取什麼食物來減輕胃潰瘍的不適呢？不跟食譜做甜點有可能會犯法？是哪一個甜點如果沒有按照規定製作會有牢獄風險？"
          },
          {
            "content_id": "VOD00288527",
            "time_codes": [
              1328000,
              2068000,
              2490000
            ],
            "timecode_duration": [],
            "length": 2810000,
            "asset_id": "vod39652-000861M001",
            "title": "",
            "subtitle": "第861集 孩子的營養守護者",
            "ep_number": 861,
            "rating": 1,
            "content_type": "show",
            "p_start": 1762372500000,
            "vod_channel_description": "《全民星攻略》家長常常會為小孩子的生活大小事而煩惱，今天聚集了各界的孩子守護者，分享他們對於孩子的成長經驗。飲食教育一直都是家長的課題，日本研究發現兒童時代的什麼經驗可以讓小孩變得愛吃蔬菜？性格將影響升官機會！根據專家指出，哪一種個性的人在職場上會有較好的發展？夢中情節常常反映現實狀況，根據專家指出，夢見什麼有可能代表夫妻親密關係失和？"
          },
          {
            "content_id": "VOD00288528",
            "time_codes": [
              1323000,
              2014000,
              2580000
            ],
            "timecode_duration": [],
            "length": 2815000,
            "asset_id": "vod39652-000862M001",
            "title": "",
            "subtitle": "第862集 假日戶外活動大玩家",
            "ep_number": 862,
            "rating": 1,
            "content_type": "show",
            "p_start": 1762375500000,
            "vod_channel_description": "《全民星攻略》您有多久沒有好好到戶外走走，接觸大自然呢？今天這群戶外大玩家，一起來到全民星攻略分享最新最好玩的戶外活動。露營慢慢從休閒活動演變成展現個人風格的秀場，哪一個是日系露營風格的特色之一呢？位於台東的都歷沙灘，有台版天空之鏡的稱號，在什麼時候能拍攝到最佳的倒影相片？"
          },
          {
            "content_id": "VOD00288529",
            "time_codes": [
              1205000,
              1832000,
              2518000
            ],
            "timecode_duration": [],
            "length": 2815000,
            "asset_id": "vod39652-000863M001",
            "title": "",
            "subtitle": "第863集 網路潮流風格專家",
            "ep_number": 863,
            "rating": 1,
            "content_type": "show",
            "p_start": 1762378500000,
            "vod_channel_description": "《全民星攻略》網路風潮是怎麼形成的？這群專家們長期佔據網路搜尋的位置，今天就交給他們來分享他們的網路人生。根據台灣調查，有六成家長會給1歲嬰幼兒使用3C產品，這樣會對嬰幼兒的發展造成什麼影響呢？根據2022台灣百大影響力網紅數據洞察報告書指出，IG上哪種類型的短影音最熱門最受歡迎呢？"
          },
          {
            "content_id": "VOD00288530",
            "time_codes": [
              1112000,
              2006000,
              2632000
            ],
            "timecode_duration": [],
            "length": 2815000,
            "asset_id": "vod39652-000864M001",
            "title": "",
            "subtitle": "第864集 藝能界客家幫金頭腦",
            "ep_number": 864,
            "rating": 1,
            "content_type": "show",
            "p_start": 1762381500000,
            "vod_channel_description": "《全民星攻略》大家食飽吂？今天這群客家人來到節目中分享他們的客家知識以外，還要爭奪客家界的金頭腦，他們當中到底誰會勝出呢？家喻戶曉的傳統小吃草仔粿和客家艾粄，為什麼都選用綠色外皮呢？客家小炒原來不是客家菜？！原來客家小炒最早起源是根據客家人的這個習俗而來的？"
          },
          {
            "content_id": "VOD00288531",
            "time_codes": [
              1302000,
              2005000,
              2565000
            ],
            "timecode_duration": [],
            "length": 2815000,
            "asset_id": "vod39652-000865M001",
            "title": "",
            "subtitle": "第865集 大丈夫生活智慧挑戰賽",
            "ep_number": 865,
            "rating": 1,
            "content_type": "show",
            "p_start": 1762384500000,
            "vod_channel_description": "《全民星攻略》男兒當自強!今天邀請許多男子漢大丈夫，來分享關於他們的大丈夫生活哲學，充滿智慧的生活方式，你知道多少呢？預防中年憂鬱要小心！請問吃哪一種油炸食品，更容易罹患憂鬱症？心理師指出，哪句話會讓新手爸爸更[i]容易難過？男性也有更年期！男性更年期時會怎麼表現？"
          },
          {
            "content_id": "VOD00288532",
            "time_codes": [
              1148000,
              1970000,
              2635000
            ],
            "timecode_duration": [],
            "length": 2815000,
            "asset_id": "vod39652-000866M001",
            "title": "",
            "subtitle": "第866集 精緻生活創造氣氛賽",
            "ep_number": 866,
            "rating": 1,
            "content_type": "show",
            "p_start": 1762387500000,
            "vod_channel_description": "《全民星攻略》生活大師來到現場，今天準備告訴各位如何打造精緻生活，為我們的日常增添閃閃亮亮的儀式感氛圍。你知道為什麼法式千層酥又叫拿破崙蛋糕嗎？大家都愛噴香水，你知道香水在什麼時候開始大量盛行的？美國心理學家指出要怎麼與說話直接的人應對比較好？"
          },
          {
            "content_id": "VOD00288533",
            "time_codes": [
              992000,
              1964000,
              2528000
            ],
            "timecode_duration": [],
            "length": 2815000,
            "asset_id": "vod39652-000867M001",
            "title": "",
            "subtitle": "第867集 深度旅遊家世界知識大挑戰",
            "ep_number": 867,
            "rating": 1,
            "content_type": "show",
            "p_start": 1762390500000,
            "vod_channel_description": "《全民星攻略》走遍大江南北，縱橫古今中外，深度旅遊家今天來到現場分享書上沒有的旅遊知識？究竟誰的知識更豐富？誰的經驗又更實用？到希臘走訪古蹟時，女性這樣穿，竟然會違法？美式咖啡跟黑咖啡到底差在哪？英國調查發現，50歲以上人士能進行什麼樣的旅行來提高自信？"
          },
          {
            "content_id": "VOD00288534",
            "time_codes": [
              1080000,
              2038000,
              2624000
            ],
            "timecode_duration": [],
            "length": 2815000,
            "asset_id": "vod39652-000868M001",
            "title": "",
            "subtitle": "第868集 耀眼的偶像演員高智商大過招",
            "ep_number": 868,
            "rating": 1,
            "content_type": "show",
            "p_start": 1762393500000,
            "vod_channel_description": "《全民星攻略》這些人比太陽還耀眼，比誰更愛演已經無法分出高下，今天這群偶像演員要來較勁一下，誰的智商比較高！使用完環保杯要清潔，請問哪種環保杯最不容易留下異味？頭皮防曬也很重要！醫生建議怎麼做可以幫助頭皮防曬？什麼！通勤時間也會影響肥胖程度！"
          },
          {
            "content_id": "VOD00288535",
            "time_codes": [
              1184000,
              1836000,
              2578000
            ],
            "timecode_duration": [],
            "length": 2800000,
            "asset_id": "vod39652-000869M001",
            "title": "",
            "subtitle": "第869集 兒童發育照護大神PK",
            "ep_number": 869,
            "rating": 1,
            "content_type": "show",
            "p_start": 1762396500000,
            "vod_channel_description": "《全民星攻略》兒童教育不能等，今天邀請的六位來賓，都是兒童發育照護的超級高手?一起來看看有什麼知識能互相分享。美國大學表示學生時期談戀愛前提是一個月出遊次數不能超過幾次，才不會影響學業？"
          },
          {
            "content_id": "VOD00288536",
            "time_codes": [
              673000,
              1314000,
              2034000,
              2575000
            ],
            "timecode_duration": [],
            "length": 2815000,
            "asset_id": "vod39652-000870M001",
            "title": "",
            "subtitle": "第870集 表演藝術家的內涵大賽",
            "ep_number": 870,
            "rating": 1,
            "content_type": "show",
            "p_start": 1762399500000,
            "vod_channel_description": "《全民星攻略》外在表演能力第一名，但內涵就不得而知了。今日這些表演藝術家到了現場，準備掀起內涵的決鬥！為什麼幾世紀以來電影院椅子都被設計成紅色的，你知道嗎？ 現代人男性求婚時都會單膝下跪來代表忠誠，請問為什麼會有這個傳統？"
          },
          {
            "content_id": "VOD00288537",
            "time_codes": [
              600000,
              1200000,
              1800000,
              2400000
            ],
            "timecode_duration": [],
            "length": 2815000,
            "asset_id": "vod39652-000871M001",
            "title": "",
            "subtitle": "第871集 趴趴走知識王大戰",
            "ep_number": 871,
            "rating": 1,
            "content_type": "show",
            "p_start": 1762402500000,
            "vod_channel_description": "《全民星攻略》全世界走透透，還有哪裏沒去過？帶你吃遍世界美食，帶你四處去打卡，今晚跟著來賓環遊世界！中國北方的知名宮廷菜[羊蠍子鍋]老饕讚不絕口,請問這道菜它是用羊的哪個部位料理的呢？你愛吃油條嗎？台灣國民經典早餐油條在製作時會加入什麼使油條酥脆，香氣濃郁？鮮花原來也能吃！請問以下哪種鮮花有消暑的功效，適合在夏天食用？"
          },
          {
            "content_id": "VOD00288538",
            "time_codes": [
              1038000,
              2042000,
              2555000
            ],
            "timecode_duration": [],
            "length": 2815000,
            "asset_id": "vod39652-000872M001",
            "title": "",
            "subtitle": "第872集 主播主持美體控管大神",
            "ep_number": 872,
            "rating": 1,
            "content_type": "show",
            "p_start": 1762405800000,
            "vod_channel_description": "《全民星攻略》會播報？會主持？還會控管身材？讓我們來看看這些來賓是怎麼做到，職業,身材兩全其美的。中醫常用舌診來替病人看診，你知道觀察舌頭可以判斷出身體哪個部位不適嗎？哪種生物的毒液可以殺死愛滋病毒，甚至不會傷害到人體細胞？茶飲功效多，甚至能緩解感冒，但營養師卻說，患有心血管疾病人士不能喝哪種茶？"
          },
          {
            "content_id": "VOD00288539",
            "time_codes": [
              1304000,
              1942000,
              2512000
            ],
            "timecode_duration": [],
            "length": 2815000,
            "asset_id": "vod39652-000873M001",
            "title": "",
            "subtitle": "第873集 語言大神們的較量賽",
            "ep_number": 873,
            "rating": 1,
            "content_type": "show",
            "p_start": 1762408800000,
            "vod_channel_description": "《全民星攻略》你會幾種語言呢？今天來到現場的專家大神們都是，學習語言的高手高手高高手，究竟它們是如何辦到的呢?異國交友要尊重文化差異！請問和美國人約會要注意什麼？寶寶若能指出故事裡的錯誤，他可能具有什麼天分？英文諺語[Let the grass grow under one's feet]是什麼意思？"
          },
          {
            "content_id": "VOD00288540",
            "time_codes": [
              1271000,
              1949000,
              2553000
            ],
            "timecode_duration": [],
            "length": 2785000,
            "asset_id": "vod39652-000874M001",
            "title": "",
            "subtitle": "第874集 藝能界高學歷名人益智賽",
            "ep_number": 874,
            "rating": 1,
            "content_type": "show",
            "p_start": 1762411800000,
            "vod_channel_description": "《全民星攻略》藝能界的他們聰明嗎？今天這些藝能界中的高學歷代表們，來到現場PK啦！我們一起看看誰才是贏家！在澳洲的昆士蘭州只有哪種職業的人，能夠養兔子？室內裝潢設計中，會影響室內空間感的色彩搭配是哪一種？根據2022年統計, 六都中的首購族在哪一個區的房屋交易量最大?"
          },
          {
            "content_id": "VOD00288541",
            "time_codes": [
              1198000,
              2098000,
              2516000
            ],
            "timecode_duration": [],
            "length": 2805000,
            "asset_id": "vod39652-000875M001",
            "title": "",
            "subtitle": "第875集 最強顏值醫藥名人腦力大戰",
            "ep_number": 875,
            "rating": 1,
            "content_type": "show",
            "p_start": 1762414800000,
            "vod_channel_description": "《全民星攻略》醫師來了！這些醫師不只聰明，而且顏值超級高！今日來鬥智鬥臉，一決高下，誰能勝出！無心插柳柳成蔭，請問生髮水中的成分最早是用來治療什麼？你有在家擺開運竹嗎？關於開運竹的擺放位置你了解嗎？擁有腎臟病的病患，應該要避免進食哪種水果？"
          },
          {
            "content_id": "VOD00288542",
            "time_codes": [
              1300000,
              2036000,
              2523000
            ],
            "timecode_duration": [],
            "length": 2815000,
            "asset_id": "vod39652-000876M001",
            "title": "",
            "subtitle": "第876集 最強血統家族爭奪戰",
            "ep_number": 876,
            "rating": 1,
            "content_type": "show",
            "p_start": 1762417800000,
            "vod_channel_description": "《全民星攻略》智商真的會遺傳嗎？今天各大家族來到現場進行超級血統之戰，究竟哪個家族才是最聰明最會答題的？我們拭目以待！心理學研究發現,以下哪種個性的女生會比較容出現電影常出現的戀父情結？古裝劇都這樣演！專家研究發現滴血認親沒有可信度的原因是？想要改善皮膚發炎，皮膚科醫師指出吃哪種水果最有效？請問下巴有痣的人,在痣相學的解釋中哪方面擁有較好的運勢？"
          },
          {
            "content_id": "VOD00288543",
            "time_codes": [
              1107000,
              1920000,
              2615000
            ],
            "timecode_duration": [],
            "length": 2810000,
            "asset_id": "vod39652-000877M001",
            "title": "",
            "subtitle": "第877集 律師醫師社會常識大賽",
            "ep_number": 877,
            "rating": 1,
            "content_type": "show",
            "p_start": 1762420800000,
            "vod_channel_description": "《全民星攻略》有律師也有醫師，今天各位專家齊聚一堂，除了交流專業，也要來了解一下他們對社會常識知道多少！專家建議面對人群或報告前特別緊張時，可以透過做什麼緩解緊張感？根據台灣網路調查，民眾討論[周休三日]的不可行因素最高的討論度是？哪種植物燃燒出的薰香效果最佳，並且有消磁王者之稱？"
          },
          {
            "content_id": "VOD00288544",
            "time_codes": [
              1255000,
              2035000,
              2632000
            ],
            "timecode_duration": [],
            "length": 2815000,
            "asset_id": "vod39652-000878M001",
            "title": "",
            "subtitle": "第878集 金光閃閃表演藝術大神",
            "ep_number": 878,
            "rating": 1,
            "content_type": "show",
            "p_start": 1762423800000,
            "vod_channel_description": "《全民星攻略》金光閃閃,光彩奪目，今天邀請到來自各方的表演藝術大神，有演員，有設計師，究竟誰才能奪得勝利者的名號？請問在準備參加典禮前的梳化過程中，若禮服不小心沾到口紅印應該怎麼去除？根據台灣網路調查，鬼才導演諾蘭哪部經典電影作品是網友心目中的第一名？美國心理醫師調查發現，通常喜歡喝美式咖啡的人，多半是什麼性格？"
          },
          {
            "content_id": "VOD00288545",
            "time_codes": [
              1000000,
              2002000,
              2565000
            ],
            "timecode_duration": [],
            "length": 2815000,
            "asset_id": "vod39652-000879M001",
            "title": "",
            "subtitle": "第879集 媒體人影響力大考驗",
            "ep_number": 879,
            "rating": 1,
            "content_type": "show",
            "p_start": 1762426800000,
            "vod_channel_description": "《全民星攻略》媒體朋友們的影響有多大？今天來自各界的媒體人準備大顯身手，一展長才，究竟誰才是最後的贏家？你覺得善意的謊言有存在的必要嗎？根據英國企業調查，人們最常說的善意謊言是？今天煮什麼？製作料理的影片裡常常可以聽到[生抽]與[老抽]，所謂的[老抽]實際上是？"
          },
          {
            "content_id": "VOD00288546",
            "time_codes": [
              1180000,
              1985000,
              2424000
            ],
            "timecode_duration": [],
            "length": 2815000,
            "asset_id": "vod39652-000880M001",
            "title": "",
            "subtitle": "第880集 小學生爸媽暑假大考",
            "ep_number": 880,
            "rating": 1,
            "content_type": "show",
            "p_start": 1762429800000,
            "vod_channel_description": "《全民星攻略》暑假要開始了，小朋友可以好好放個假，大朋友們注意了，究竟孩子們所學的知識，你們了解多少？今天一同見證！請問家長哪種行為會造成孩子發展出，不良型完美主義的人格，使他們過度自我批判？請問以下哪個原因會讓聲音變得有氣無力的，讓人感覺沒有自信？"
          },
          {
            "content_id": "VOD00288547",
            "time_codes": [
              1175000,
              1975000,
              2632000
            ],
            "timecode_duration": [],
            "length": 2815000,
            "asset_id": "vod39652-000881M001",
            "title": "",
            "subtitle": "第881集 創業大亨經營戰",
            "ep_number": 881,
            "rating": 1,
            "content_type": "show",
            "p_start": 1762432800000,
            "vod_channel_description": "《全民星攻略》你懂創業嗎？今天邀請到六位創業大亨，來到現場分享他們的創業心得，來看看他們的實力為何？根據[富比士雜誌]依照商業委員會的統計，發現下屬最討厭的上屬是哪一類型？政府為了鼓勵青年創業推出的青年貸款專案，規範提到多少金額以下的貸款案可免寫企劃書？為了避免水餃破皮，請問在煮水餃時可以加入什麼？"
          },
          {
            "content_id": "VOD00288548",
            "time_codes": [
              1362000,
              1920000,
              2579000
            ],
            "timecode_duration": [],
            "length": 2810000,
            "asset_id": "vod39652-000882M001",
            "title": "",
            "subtitle": "第882集 青春知識王躁起來",
            "ep_number": 882,
            "rating": 1,
            "content_type": "show",
            "p_start": 1762435800000,
            "vod_channel_description": "《全民星攻略》青春就是無敵！來看看這些年輕的知識王們，有多厲害，可以累積多少獎金！美國研究發現，穿或不穿便服，對於學生來說是否對學校有更強的歸屬感？網路調查發現，國高中的女生比較容易愛上哪種類型的小男生？英國曾調查發現，[詞典]可以幫助民眾語文學習，但是哪項因素才是吸引人用詞典的主要誘因？"
          },
          {
            "content_id": "VOD00288549",
            "time_codes": [
              1325000,
              1945000,
              2557000
            ],
            "timecode_duration": [],
            "length": 2810000,
            "asset_id": "vod39652-000883M001",
            "title": "",
            "subtitle": "第883集 大師們分科測驗",
            "ep_number": 883,
            "rating": 1,
            "content_type": "show",
            "p_start": 1762438800000,
            "vod_channel_description": "《全民星攻略》會考結束了，但是大師們的分科測驗才剛剛開始！究竟今日的測驗競賽會獎落誰家？小孩子好騙嗎？根據台灣網路調查，爸媽最常對小孩說的謊言是哪一句話？ 根據學測大考中心研究顯示，經濟弱勢的學生在升學考試時，哪個階段最不吃香？2022年調查發現，大部分產業的敬業度持續低落，但是哪種行業卻仍然保持熱情？"
          },
          {
            "content_id": "VOD00288550",
            "time_codes": [
              1126000,
              1970000,
              2524000
            ],
            "timecode_duration": [],
            "length": 2815000,
            "asset_id": "vod39652-000884M001",
            "title": "",
            "subtitle": "第884集 《台通》何勁旻（何ㄟ）上場答題是被逼的？宇珊獎金靈感爆發被歸零的都賺回來！",
            "ep_number": 884,
            "rating": 1,
            "content_type": "show",
            "p_start": 1762441800000,
            "vod_channel_description": "播客界的巨星雲集！今天將會展開一場前所未見的廝殺，究竟誰能笑到最後？通勤時收聽Podcast非常紓壓也消磨時間，但你知道[Podcast]一詞最早是誰發明的嗎？台灣童謠[點仔膠，黏到腳]意思是指柏油黏到腳上，請問歌曲中為何會提到要買豬腳？"
          },
          {
            "content_id": "VOD00288551",
            "time_codes": [
              1100000,
              1940000,
              2610000
            ],
            "timecode_duration": [],
            "length": 2815000,
            "asset_id": "vod39652-000885M001",
            "title": "",
            "subtitle": "第885集 鎮住三寶的天才老爹PK",
            "ep_number": 885,
            "rating": 1,
            "content_type": "show",
            "p_start": 1762444800000,
            "vod_channel_description": "《全民星攻略》小孩到底要照書養還是照豬養？管不動小孩不擔心，今天邀請三位育兒經驗豐富的爸爸們來到現場PK，一起跟著他們學育兒，成為最強老爸！想生男孩或女孩不用拜拜，居然可以靠行房時間決定？吃中藥對兒童究竟是幫助還是傷害？別再隨便送禮，爸爸們最想收到的禮物其實是？"
          },
          {
            "content_id": "VOD00288552",
            "time_codes": [
              1214000,
              2111000,
              2605000
            ],
            "timecode_duration": [],
            "length": 2815000,
            "asset_id": "vod39652-000886M001",
            "title": "",
            "subtitle": "第886集 情感溝通無障礙大師",
            "ep_number": 886,
            "rating": 1,
            "content_type": "show",
            "p_start": 1762447800000,
            "vod_channel_description": "《全民星攻略》增進伴侶感情有訣竅，這些心機實測有效，男友女友都超愛！今天邀請了六位情感大師來到現場，究竟誰技高一籌呢？夫妻愈長愈像究竟是好事還是壞事？台灣女生最喜歡的交往對象居然來自這個意想不到的國家？！性慾高低影響死亡率，性慾愈高能活愈久？"
          },
          {
            "content_id": "VOD00288553",
            "time_codes": [
              1164000,
              1998000,
              2542000
            ],
            "timecode_duration": [],
            "length": 2815000,
            "asset_id": "vod39652-000887M001",
            "title": "",
            "subtitle": "第887集 全家都是臉蛋天才智力大比拚",
            "ep_number": 887,
            "rating": 1,
            "content_type": "show",
            "p_start": 1762450800000,
            "vod_channel_description": "《全民星攻略》長相和智商成反比,長得愈好看究竟是愈笨還是愈聰明？今天邀請中了基因彩票的俊男美女一家人來到現場，比比誰不僅有臉蛋，還有腦袋！在醫院裡哪個科的醫師最容易上演辦公室戀愛？在家中的地位和創業成功機率有關聯？千萬別踩雷，同事最討厭的辦公室行為有哪些？"
          },
          {
            "content_id": "VOD00288554",
            "time_codes": [
              1258000,
              2023000,
              2628000
            ],
            "timecode_duration": [],
            "length": 2815000,
            "asset_id": "vod39652-000888M001",
            "title": "",
            "subtitle": "第888集 社會觀察家觀察力比賽",
            "ep_number": 888,
            "rating": 1,
            "content_type": "show",
            "p_start": 1762453800000,
            "vod_channel_description": "《全民星攻略》你擅長察覺身邊的風吹草動嗎？六位來賓誰才是最有洞察力的社會觀察家呢？下次相親,約會睜大眼睛，原來從坐姿就可以看出對方對自己有沒有意思？愛情和麵包哪個重要？年輕信徒到廟宇最常求的是？！原來多數人處理杏鮑菇的方法都錯了，正確的方式是什麼？"
          },
          {
            "content_id": "VOD00296849",
            "time_codes": [
              1283000,
              2025000,
              2630000
            ],
            "timecode_duration": [],
            "length": 2815000,
            "asset_id": "vod39652-000889M001",
            "title": "",
            "subtitle": "第889集 特別企劃-海產知識王爭奪戰",
            "ep_number": 889,
            "rating": 1,
            "content_type": "show",
            "p_start": 1762456800000,
            "vod_channel_description": "《全民星攻略》生活在海島，你懂海產嗎？今天邀請對海洋美食稍有研究的吃貨們來到現場，比比誰才是真正的海產之王！吃海產別吃錯，夏天最新鮮的魚其實是……夏日家中排水孔異味重，加入「這個東西」居然能有效消除異味？！冷凍魚也能有好汁味！用甚麼方式解凍冷凍海產能讓美味留存？"
          },
          {
            "content_id": "VOD00296850",
            "time_codes": [
              1220000,
              1928000,
              2574000
            ],
            "timecode_duration": [],
            "length": 2815000,
            "asset_id": "vod39652-000890M001",
            "title": "",
            "subtitle": "第890集 面試官獵才技能大考驗",
            "ep_number": 890,
            "rating": 1,
            "content_type": "show",
            "p_start": 1762459800000,
            "vod_channel_description": "《全民星攻略》正在求職的你，想知道面試官心裡都在想什麼嗎？今天邀請了當過面試官的一群人，一探他們的內心小劇場！台灣居然有高達70%的年輕人曾經裸辭或閃辭，究竟原因為何？年輕人都想趁暑假打工賺錢，擁有什麼樣的性格能夠得到老闆們的青睞呢？電子購物愈發盛行！2022年電商銷售冠軍居然是這樣產品？！"
          },
          {
            "content_id": "VOD00296851",
            "time_codes": [
              1128000,
              1796000,
              2615000
            ],
            "timecode_duration": [],
            "length": 2815000,
            "asset_id": "vod39652-000891M001",
            "title": "",
            "subtitle": "第891集 深度旅遊旅程規劃大賽",
            "ep_number": 891,
            "rating": 1,
            "content_type": "show",
            "p_start": 1762462800000,
            "vod_channel_description": "暑假到了，要怎樣規劃旅程才不會讓旅行變災難？今天邀請到旅遊經驗豐富的他們來到現場，趕緊拿好紙和筆，把行程安排訣竅全部抄下來！各國文化禮儀大不同，在哪個國家和女性初次見面能以「詢問年紀」表達禮貌？疫情結束國人開始報復性旅遊，台灣人最愛去的國家居然是？！"
          },
          {
            "content_id": "VOD00296852",
            "time_codes": [
              1172000,
              1892000,
              2555000
            ],
            "timecode_duration": [],
            "length": 2815000,
            "asset_id": "vod39652-000892M001",
            "title": "",
            "subtitle": "第892集 音樂療癒高手知識會考",
            "ep_number": 892,
            "rating": 1,
            "content_type": "show",
            "p_start": 1762465800000,
            "vod_channel_description": "一聽見他們的歌，所有不愉快馬上煙消雲散！今天邀請到擅長用音樂療癒聽眾的歌手們來到現場切磋，比比誰是音樂界高手中的高手！韓團(G)I-DLE歌曲〈Queencard〉引發熱潮，歌曲真正意思其實是？保護喉嚨對歌手超重要，而氣泡水居然有這個神奇的功效？！"
          },
          {
            "content_id": "VOD00296853",
            "time_codes": [
              1130000,
              1954000,
              2623000
            ],
            "timecode_duration": [],
            "length": 2815000,
            "asset_id": "vod39652-000893M001",
            "title": "",
            "subtitle": "第893集 地產大亨的資格賽",
            "ep_number": 893,
            "rating": 1,
            "content_type": "show",
            "p_start": 1762468800000,
            "vod_channel_description": "《全民星攻略》地產大亨殊死大戰!今日來了許多地產知識中的高手，來到星功略決一死戰!請問習慣邊吃飯邊滑手機的人,通常個性都怎麼樣? 投資理財ETF,其中最有名的是台灣50的數字50指的是什麼意思? ,請問哪一種蔬菜的維生素C含量較高,也可以抗氧化?"
          },
          {
            "content_id": "VOD00296854",
            "time_codes": [
              1148000,
              1962000,
              2565000
            ],
            "timecode_duration": [],
            "length": 2815000,
            "asset_id": "vod39652-000894M001",
            "title": "",
            "subtitle": "第894集 都會人心理健康指數大賽",
            "ep_number": 894,
            "rating": 1,
            "content_type": "show",
            "p_start": 1762471800000,
            "vod_channel_description": "《全民星攻略》都市中的車水馬龍讓你疲憊了嗎?六位都會人來賓誰的心理健康指數比較高?通常高反應族群情緒感受會更敏感,這類人在負面情緒時的工作效率如何?你有收藏智障型手機嗎?美國發現近兩年[智障型手機]銷量增加的原因是?根據台北市環保局表示,冷氣滴水影響用路人,還是噪音太大,哪個開罰金額比較高?"
          },
          {
            "content_id": "VOD00296855",
            "time_codes": [
              1321000,
              2000000,
              2592000
            ],
            "timecode_duration": [],
            "length": 2815000,
            "asset_id": "vod39652-000895M001",
            "title": "",
            "subtitle": "第895集 爸爸的生活常識大挑戰",
            "ep_number": 895,
            "rating": 1,
            "content_type": "show",
            "p_start": 1762474800000,
            "vod_channel_description": "《全民星攻略》不少人選擇擺香氛精油來增加氛圍,但若過量的話可能有什麼隱患?親子早上一起吃早餐會出現的 [早餐桌效應],是指父母可能影響孩子的什麼決定? 請問下列哪個國家將營養午餐列為團體活動?規定不允許帶家長準備的便當到學校吃?"
          },
          {
            "content_id": "VOD00296856",
            "time_codes": [
              1336000,
              2006000,
              2572000
            ],
            "timecode_duration": [],
            "length": 2815000,
            "asset_id": "vod39652-000896M001",
            "title": "",
            "subtitle": "第896集 城市人運動人常識大會考",
            "ep_number": 896,
            "rating": 1,
            "content_type": "show",
            "p_start": 1762477800000,
            "vod_channel_description": "《全民星攻略》IG最新推出文字分享App[Threads]上架吸引千萬註冊,請問[Threads]名稱是怎麼命名的?性生活會影響伴侶之間的感情,調查發現,影響性生活滿意度的關鍵是什麼?,男女外遇動機大不同!請問導致女性選擇外遇的主因是什麼?"
          },
          {
            "content_id": "VOD00296857",
            "time_codes": [
              1132000,
              2033000,
              2548000
            ],
            "timecode_duration": [],
            "length": 2815000,
            "asset_id": "vod39652-000897M001",
            "title": "",
            "subtitle": "第897集 旅遊行程安排達人PK",
            "ep_number": 897,
            "rating": 1,
            "content_type": "show",
            "p_start": 1762480800000,
            "vod_channel_description": "《全民星攻略》旅遊達人來了！超會安排旅遊行程的高手們今天來到《全民星攻略》一決勝負啦！個性隨和的人在旅遊中最重視什麼行程？喜歡韓國旅遊的你趕緊看過來，韓國在每月底的星期幾能享有娛樂活動優惠？小心別踩雷！哪一種旅伴最令人討厭？"
          },
          {
            "content_id": "VOD00296858",
            "time_codes": [
              1206000,
              2030000,
              2586000
            ],
            "timecode_duration": [],
            "length": 2815000,
            "asset_id": "vod39652-000898M001",
            "title": "",
            "subtitle": "第898集 舞台劇演員智力測驗",
            "ep_number": 898,
            "rating": 1,
            "content_type": "show",
            "p_start": 1762483800000,
            "vod_channel_description": "《全民星攻略》今天邀請了一群舞台劇演員來比拚，看看誰擁有最強大腦！奇妙的劇場禁忌，若不小心在劇場中提到「馬克白」，可能會有什麼後果？曾經在台灣雜貨店風靡一時的「阿婆水」，它的由來居然是？劇場祈求演出順利的習俗「祭台」，其實是源於這個宗教？！"
          },
          {
            "content_id": "VOD00296859",
            "time_codes": [
              1358000,
              1920000,
              2415000
            ],
            "timecode_duration": [],
            "length": 2815000,
            "asset_id": "vod39652-000899M001",
            "title": "",
            "subtitle": "第899集 家有學齡前寶寶教養戰",
            "ep_number": 899,
            "rating": 1,
            "content_type": "show",
            "p_start": 1762486800000,
            "vod_channel_description": "《全民星攻略》來了一群家有學齡前寶寶的辛苦爸媽，究竟誰能在今天的比賽中更勝一籌呢！補鈣存骨超重要！對幼兒與青少年而言，哪種蔬菜的鈣質吸收率較高？從小就要開始培養小孩讀書，3-5歲的學齡兒童較適合與家長共讀哪一種書？夏天容易罹患濕疹，有濕疹症狀的人，可以喝什麼傳統飲品緩解？"
          },
          {
            "content_id": "VOD00296860",
            "time_codes": [
              1272000,
              2065000,
              2470000
            ],
            "timecode_duration": [],
            "length": 2805000,
            "asset_id": "vod39652-000900M001",
            "title": "",
            "subtitle": "第900集 勇闖暑假鬼門關的生存智慧王",
            "ep_number": 900,
            "rating": 1,
            "content_type": "show",
            "p_start": 1762489800000,
            "vod_channel_description": "《全民星攻略》暑假來了，校門關,鬼門開！屬於生存智慧王的戰鬥來了！炎夏戲水要小心！台灣下列哪個水域因意外頻傳，有「鬼河」之稱？求生知識需要與時俱進！火場常見錯誤迷思「濕毛巾摀口鼻」，最初被宣揚的原因其實是？！「桃園市」是六都中最少發生火災的城市，竟是這個原因！"
          },
          {
            "content_id": "VOD00296861",
            "time_codes": [
              1285000,
              1940000,
              2565000
            ],
            "timecode_duration": [],
            "length": 2815000,
            "asset_id": "vod39652-000901M001",
            "title": "",
            "subtitle": "第901集 誰家爸爸是聰明IQ王",
            "ep_number": 901,
            "rating": 1,
            "content_type": "show",
            "p_start": 1762492800000,
            "vod_channel_description": "《全民星攻略》充滿智慧與勇氣的爸爸們來啦！不過…父親節特輯居然變成情人節特輯？若覺得另一半年紀已成熟，心卻像小孩，那有可能是得了「彼得潘症候群」，這種人通常有甚麼特徵呢？各地習俗大不同，在美國，子女會做哪件特別的事來慶祝父親節呢？孩子教育不可等！台灣家長多用什麼方式準備孩子的教育金？"
          },
          {
            "content_id": "VOD00296862",
            "time_codes": [
              1096000,
              2040000,
              2610000
            ],
            "timecode_duration": [],
            "length": 2815000,
            "asset_id": "vod39652-000902M001",
            "title": "",
            "subtitle": "第902集 心理疾病健康大調查",
            "ep_number": 902,
            "rating": 1,
            "content_type": "show",
            "p_start": 1762495800000,
            "vod_channel_description": "懷孕中的媽媽和新手爸媽趕緊看過來！週一到週四晚間九點請鎖定《全民星攻略》。其實不只媽媽，爸爸也會有產後憂鬱，爸爸們會有哪些症狀呢？原生家庭影響人格發展，什麼樣的父母會讓孩子產生焦慮型依附人格？有人在你面前吵起來時怎麼辦？研究發現，某個方法超有效！"
          },
          {
            "content_id": "VOD00296863",
            "time_codes": [
              1283000,
              1910000,
              2629000
            ],
            "timecode_duration": [],
            "length": 2815000,
            "asset_id": "vod39652-000903M001",
            "title": "",
            "subtitle": "第903集 為人民發聲夫妻檔金頭腦大賽",
            "ep_number": 903,
            "rating": 1,
            "content_type": "show",
            "p_start": 1762498800000,
            "vod_channel_description": "台灣房價高，讓許多人無法負擔，內政部公布2023年第一季報告，哪個縣市的房價是「可合理負擔的」？政治人物要爭取人民信任，捷克研究發現，擁有什麼顏色的眼睛較值得信任？爸爸媽媽看過來！雖然一般衣服不用洗衣袋也不會有問題，但哪種材質的衣服還是放洗衣袋比較好呢？"
          },
          {
            "content_id": "VOD00296864",
            "time_codes": [
              1071000,
              1583000,
              2528000
            ],
            "timecode_duration": [],
            "length": 2815000,
            "asset_id": "vod39652-000904M001",
            "title": "",
            "subtitle": "第904集 暑期旅遊大冒險家",
            "ep_number": 904,
            "rating": 1,
            "content_type": "show",
            "p_start": 1762501800000,
            "vod_channel_description": "坐飛機小心別惹惱人！哪項行為在歐洲人眼中超討厭？開長途車一定要保持清醒，播放什麼音樂能避免想睡？天氣炎熱！出遊如果不小心曬傷，可以擦蘆薈照顧受傷的皮膚，但是正確的「擦蘆薈」方式是什麼？"
          },
          {
            "content_id": "VOD00296865",
            "time_codes": [
              1255000,
              1975000,
              2477000
            ],
            "timecode_duration": [],
            "length": 2810000,
            "asset_id": "vod39652-000905M001",
            "title": "",
            "subtitle": "第905集 品味生活高手過招",
            "ep_number": 905,
            "rating": 1,
            "content_type": "show",
            "p_start": 1762504800000,
            "vod_channel_description": "超重視生活品味的他們來到《全民星攻略》啦！究竟誰最會生活？！在咖啡廳和酒吧都會聽到 「加一個shot」,「shot」一詞的由來竟然令全場來賓大吃一驚！小心別噴錯香水！哪個香調的香水不適合在炎炎夏日使用？千禧年興起的Y2K風格重新走紅！「Y2K」究竟是甚麼？"
          },
          {
            "content_id": "VOD00296866",
            "time_codes": [
              1279000,
              1860000,
              2489000
            ],
            "timecode_duration": [],
            "length": 2815000,
            "asset_id": "vod39652-000906M001",
            "title": "",
            "subtitle": "第906集 家有小學生親子對話大師",
            "ep_number": 906,
            "rating": 1,
            "content_type": "show",
            "p_start": 1762507800000,
            "vod_channel_description": "《全民星攻略》今天請來最優秀的教師和超有經驗的媽媽們來比拚！究竟誰更懂小孩？！親子教育非常重要，很多家庭會採夫妻一人扮黑臉,一人扮白臉的方式教育小孩，但這樣可能會造成隱患……在國小校園中，高年級的樓層會比低年級的還要高，是甚麼原因呢？現代人最常罹患的文明病居然是這個？"
          },
          {
            "content_id": "VOD00296867",
            "time_codes": [
              1172000,
              2006000,
              2624000
            ],
            "timecode_duration": [],
            "length": 2805000,
            "asset_id": "vod39652-000907M001",
            "title": "",
            "subtitle": "第907集 醫學百科知識大作戰",
            "ep_number": 907,
            "rating": 1,
            "content_type": "show",
            "p_start": 1762510800000,
            "vod_channel_description": "學識淵博的醫師們來《全民星攻略》一較高下啦！今天充滿各種實用的健康保健知識！益生菌除了能整腸之外，居然還有這項功能？！哪種常見的的廁所清潔方式，其實會產生毒氣，對人體有害？男性們看過來！哪一種水果不只養生，還「壯陽」？"
          },
          {
            "content_id": "VOD00296868",
            "time_codes": [
              1325000,
              2005000,
              2581000
            ],
            "timecode_duration": [],
            "length": 2815000,
            "asset_id": "vod39652-000908M001",
            "title": "",
            "subtitle": "第908集 流行娛樂型旅遊專家",
            "ep_number": 908,
            "rating": 1,
            "content_type": "show",
            "p_start": 1762513800000,
            "vod_channel_description": "對旅遊及流行娛樂瞭若指掌的明星與專家來到《全民星攻略》啦！究竟誰會在激烈的競賽中獲勝呢？幾乎每個建築都有「緊急出口」的標誌，但你知道標示上的的小綠人其實有名字嗎？法國的葡萄園時常都會種玫瑰，其實是把玫瑰當替死鬼？！野外露營小心「羌蟲」，怎麼做可以有效預防呢？"
          },
          {
            "content_id": "VOD00296869",
            "time_codes": [
              1283000,
              2046000,
              2568000
            ],
            "timecode_duration": [],
            "length": 2815000,
            "asset_id": "vod39652-000909M001",
            "title": "",
            "subtitle": "第909集 Eko找柴犬Nana求救提示？竟被賞閉門羹故意轉頭不給看！",
            "ep_number": 909,
            "rating": 1,
            "content_type": "show",
            "p_start": 1762516800000,
            "vod_channel_description": "對許多國家非常熟識的名人們來到《全民星攻略》一較高下啦！台北捷運站最多出口的是民權西路站，那「最多手扶梯」的是哪個捷運站呢？香港著名美食 「絲襪奶茶」口感香濃滑順，最初取名「絲襪奶茶」的原因是什麼呢？社群發文打卡hashtag不可少！哪個hashtag代表是「旅行控」？"
          },
          {
            "content_id": "VOD00296870",
            "time_codes": [
              1322000,
              1953000,
              2620000
            ],
            "timecode_duration": [],
            "length": 2815000,
            "asset_id": "vod39652-000910M001",
            "title": "",
            "subtitle": "第910集 團隊精神領袖爭奪戰",
            "ep_number": 910,
            "rating": 1,
            "content_type": "show",
            "p_start": 1762519800000,
            "vod_channel_description": "《全民星攻略》今天來了一群既活潑又有魅力的藝人們！究竟哪個組合能脫穎而出，讓我們繼續看下去！一位成功的領導者，通常需要具有什麼性格？哪種日式料理有助於記憶力強化，還可以並延緩記憶力衰退，讓腦筋更靈活？全球哪一位男演員最常在作品中脫衣，奪得「最常脫衣服」冠軍？"
          },
          {
            "content_id": "VOD00296871",
            "time_codes": [
              1356000,
              2114000,
              2606000
            ],
            "timecode_duration": [],
            "length": 2815000,
            "asset_id": "vod39652-000911M001",
            "title": "",
            "subtitle": "第911集 地表最強打擊詐騙專家",
            "ep_number": 911,
            "rating": 1,
            "content_type": "show",
            "p_start": 1762522800000,
            "vod_channel_description": "注意注意！台北偵查隊的刑警們來《全民星攻略》PK啦！究竟誰能在今天的競賽中獲得最強警察的頭銜呢！簡訊詐騙橫行，民眾可以透過什麼方式求證是否為詐騙訊息？語言藝術很重要，罵人也要小心觸法！哪個語助詞其實帶有髒話的涵義？年長者如果出現什麼症狀可能要小心是否得了「老年焦慮症」？"
          },
          {
            "content_id": "VOD00296872",
            "time_codes": [
              1244000,
              2582000,
              121080000
            ],
            "timecode_duration": [],
            "length": 2815000,
            "asset_id": "vod39652-000912M001",
            "title": "",
            "subtitle": "第912集 文字大玩家爭霸戰",
            "ep_number": 912,
            "rating": 1,
            "content_type": "show",
            "p_start": 1762525800000,
            "vod_channel_description": "能自在玩轉文字的大師們今天來到《全民星攻略》一決勝負啦！社群流行語「我emo了」，其實是從哪種音樂類型衍生而來的？「凡爾賽文學」指用貶低自己的方式，讓別人誇獎自己，這個詞彙是從何衍生而來的？遺傳學研究發現，天生聲音高低與基因序列有關，「聲音偏高」的人更容易得什麼疾病？"
          },
          {
            "content_id": "VOD00296873",
            "time_codes": [
              1230000,
              2070000,
              2585000
            ],
            "timecode_duration": [],
            "length": 2810000,
            "asset_id": "vod39652-000913M001",
            "title": "",
            "subtitle": "第913集 小朋友的智慧大榜樣",
            "ep_number": 913,
            "rating": 1,
            "content_type": "show",
            "p_start": 1762528800000,
            "vod_channel_description": "熱情有活力的大哥哥大姊姊來到《全民星攻略》啦！究竟誰能在今天的比拚脫穎而出，奪得「智慧榜樣」的頭銜呢？家中狗狗常常歪頭著頭，原因竟是這樣？！貓奴們看過來！貓咪喜歡什麼樣的音樂呢？下次討好貓皇就靠音樂了！龍蝦示愛方式超奇葩？"
          },
          {
            "content_id": "VOD00296874",
            "time_codes": [
              1098000,
              2035000,
              2550000
            ],
            "timecode_duration": [],
            "length": 2815000,
            "asset_id": "vod39652-000914M001",
            "title": "",
            "subtitle": "第914集 大師專場生活益智競賽",
            "ep_number": 914,
            "rating": 1,
            "content_type": "show",
            "p_start": 1762531800000,
            "vod_channel_description": "有學識,懂生活的大師們今天將在《全民星攻略》進行生活益智競賽！愛喝咖啡但怕傷胃嗎？科學家研究指出，哪一種咖啡豆沖的咖啡較不傷胃？年紀大記憶衰退別擔心！長者睡覺時可以做什麼事增強記憶力？網路上減肥方法一籮筐，不過最新研究發現，哪一種飲食減肥法效果比較好？"
          },
          {
            "content_id": "VOD00296875",
            "time_codes": [
              1205000,
              2072000,
              2620000
            ],
            "timecode_duration": [],
            "length": 2815000,
            "asset_id": "vod39652-000915M001",
            "title": "",
            "subtitle": "第915集 開學收心操大挑戰",
            "ep_number": 915,
            "rating": 1,
            "content_type": "show",
            "p_start": 1762534800000,
            "vod_channel_description": "正愁不知如何讓孩子收心的爸媽們趕緊看過來，今天《全民星攻略》邀請學富五車的專家們帶來滿滿乾貨！醫師建議，除了規律生活，什麼方式能有效幫助孩子開學收心？近期政府推出「北北基桃景點暢遊卡」購買後居然可以免費到這些地方玩？！記憶不好別擔心！哪種食物有助於強化記憶力，讓腦筋更靈活？"
          },
          {
            "content_id": "VOD00296876",
            "time_codes": [
              1235000,
              1932000,
              2538000
            ],
            "timecode_duration": [],
            "length": 2815000,
            "asset_id": "vod39652-000916M001",
            "title": "",
            "subtitle": "第916集 學習小老師機智大賽",
            "ep_number": 916,
            "rating": 1,
            "content_type": "show",
            "p_start": 1762537800000,
            "vod_channel_description": "不僅學習好,長相佳，還超級優秀的小老師們今天到《全民星攻略》進行一場機智大比拚！都學過「子曰：『三人行，必有我師焉』」這句話，不過你知道這句話的由來超神奇嗎？不可不知最新流行！2023出現最新英文單字「Greenwash」，它的意思竟然是？家中「這個地方」，居然有可能因為太臭造成生命危險？！"
          },
          {
            "content_id": "VOD00296877",
            "time_codes": [
              1140000,
              2032000,
              2610000
            ],
            "timecode_duration": [],
            "length": 2815000,
            "asset_id": "vod39652-000917M001",
            "title": "",
            "subtitle": "第917集 數位媒體寵兒機智大挑戰",
            "ep_number": 917,
            "rating": 1,
            "content_type": "show",
            "p_start": 1762540800000,
            "vod_channel_description": "數位媒體時代的寵兒們來到《全民星攻略》啦！新生代歌手／熱門影片創作者／型男主播的PK，究竟哪一個隊伍能夠勝出？！2023年出現的最新英文用語[Hard pass]，真正的意思是什麼呢？防彈背心最早竟然是被【這個行業】的人發明出來的？男性更年期不只性功能會出現障礙，同時還會伴隨什麼症狀？"
          },
          {
            "content_id": "VOD00296878",
            "time_codes": [
              1282000,
              2018000,
              2518000
            ],
            "timecode_duration": [],
            "length": 2810000,
            "asset_id": "vod39652-000918M001",
            "title": "",
            "subtitle": "第918集 藝術創作者金頭腦大賽",
            "ep_number": 918,
            "rating": 1,
            "content_type": "show",
            "p_start": 1762543800000,
            "vod_channel_description": "歌手、作者齊聚《全民星攻略》，屬於藝術創作者的激烈競賽來了！根據英國分析，要成為洗腦神曲需要有甚麼特徵？AI世代來臨！根據人力銀行調查，什麼工作是上班族最感興趣的職缺？超討厭吃藥不要怕，下次用這招！美國研究發現，吃藥聽什麼音樂可以緩解副作用？"
          },
          {
            "content_id": "VOD00296879",
            "time_codes": [
              1098000,
              2094000,
              2614000
            ],
            "timecode_duration": [],
            "length": 2815000,
            "asset_id": "vod39652-000919M001",
            "title": "",
            "subtitle": "第919集 瞎掰界天花板！小鐘爆笑黑白講解釋太精彩？",
            "ep_number": 919,
            "rating": 1,
            "content_type": "show",
            "p_start": 1762546800000,
            "vod_channel_description": "專家與藝人來到《全民星攻略》進行生活常識PK啦！近年許多人過著【精緻窮】的生活，這種生活模式有什麼特色呢？超常見的網路用語【OMG】首次被使用居然是在這樣的情境？！番茄到底是蔬菜還是水果！大番茄的蔬菜水果之爭起源是什麼呢？"
          },
          {
            "content_id": "VOD00296880",
            "time_codes": [
              1236000,
              1882000,
              2608000
            ],
            "timecode_duration": [],
            "length": 2810000,
            "asset_id": "vod39652-000920M001",
            "title": "",
            "subtitle": "第920集 孫可芳&鐘瑶還沒贏就肖想10萬大獎！城哥看傻眼：我們還在錄？",
            "ep_number": 920,
            "rating": 1,
            "content_type": "show",
            "p_start": 1762549800000,
            "vod_channel_description": "都會愛情心理之戰將在《全民星攻略》上演！奇奇怪怪的網路流行語！如果對一個人心動，竟可以用這個詞表達？！根據內政部資料顯示，哪種學歷的配對模式離婚比例最高？讓另一半吃下哪種料理，居然能夠增加對自己的信任？"
          },
          {
            "content_id": "VOD00301660",
            "time_codes": [
              1244000,
              1968000,
              2630000
            ],
            "timecode_duration": [],
            "length": 2815000,
            "asset_id": "vod39652-000921M001",
            "title": "",
            "subtitle": "第921集 婚姻哲學家經營學大戰",
            "ep_number": 921,
            "rating": 1,
            "content_type": "show",
            "p_start": 1762552800000,
            "vod_channel_description": "已婚男女來到《全民星攻略》，帶來滿滿的夫妻經營之道！什麼樣的理財方式竟然是導致離婚的潛在因素？！老婆們看過來，嘮叨要有度！男人最多只能忍受另一伴嘮叨多久就會感到不耐煩？夫妻分房睡久了會導致什麼問題呢？"
          },
          {
            "content_id": "VOD00301661",
            "time_codes": [
              1190000,
              2052000,
              2518000
            ],
            "timecode_duration": [],
            "length": 2815000,
            "asset_id": "vod39652-000922M001",
            "title": "",
            "subtitle": "第922集 人生補教大師PK",
            "ep_number": 922,
            "rating": 1,
            "content_type": "show",
            "p_start": 1762555800000,
            "vod_channel_description": "《全民星攻略》助您成為人生補教大師！職場同事各式各樣,應對學無止盡！職場人格特質之一的[吉娃娃型]同事有什麼樣的特質呢？現在流行將長相分為【甜鹽苦辣】四系，這四種長相分別有甚麼特色，又適合什麼樣的妝容呢？ 【煤氣燈效應】是一種常見的心理操縱術，它最初是以調節煤氣燈明暗讓人產生什麼反應？"
          },
          {
            "content_id": "VOD00301662",
            "time_codes": [
              1285000,
              1732000,
              2588000
            ],
            "timecode_duration": [],
            "length": 2815000,
            "asset_id": "vod39652-000923M001",
            "title": "",
            "subtitle": "第923集 老闆不是人創業知識大考驗",
            "ep_number": 923,
            "rating": 1,
            "content_type": "show",
            "p_start": 1762558800000,
            "vod_channel_description": "都聽過創業需要天使投資人，不過【天使投資人】最初其實是指資助甚麼東西的有錢人？【懶螞蟻效應】認為企業中除勤勞螞蟻外，需要有一定比例的懶螞蟻，這些懶螞蟻人的特色是什麼呢？【覆盤】指每做完一件事，就進行回顧總結以吸取經驗，這個詞原本是什麼活動的術語？"
          },
          {
            "content_id": "VOD00301663",
            "time_codes": [
              1108000,
              2058000,
              2622000
            ],
            "timecode_duration": [],
            "length": 2815000,
            "asset_id": "vod39652-000924M001",
            "title": "",
            "subtitle": "第924集 歌手演員智商大比拚",
            "ep_number": 924,
            "rating": 1,
            "content_type": "show",
            "p_start": 1762561800000,
            "vod_channel_description": "歌手演員齊聚一堂，究竟誰的智商最高！常聽人家說摸鼻子代表在說謊，那摸哪裡是希望能【保持平靜,壓抑不安】？根據行政院資料，全台宗教場所約有3萬多個，請問全台宗教場所【密度最高】的是哪個縣市呢？【IKEA效應】是指人們對自行組裝的家具產生過高評價，這是什麼原因造成的呢？"
          },
          {
            "content_id": "VOD00301664",
            "time_codes": [
              1250000,
              2112000,
              2618000
            ],
            "timecode_duration": [],
            "length": 2815000,
            "asset_id": "vod39652-000925M001",
            "title": "",
            "subtitle": "第925集 娛樂時事敏感度大PK",
            "ep_number": 925,
            "rating": 1,
            "content_type": "show",
            "p_start": 1762564800000,
            "vod_channel_description": "知名導演諾蘭最新電影《奧本海默》全球熱映，卻因為片尾名單漏了哪種類型的工作人員而引發爭議？法國研究指出當人們在經歷艱難且精神疲勞的工作後，容易做出怎麼樣的決定？好誇張！近期哪位歌手舉辦演唱會時粉絲過於激動，竟然造成2.3級地震？"
          },
          {
            "content_id": "VOD00301665",
            "time_codes": [
              1165000,
              1972000,
              2626000
            ],
            "timecode_duration": [],
            "length": 2810000,
            "asset_id": "vod39652-000926M001",
            "title": "",
            "subtitle": "第926集 職場大神智商尊嚴保衛戰",
            "ep_number": 926,
            "rating": 1,
            "content_type": "show",
            "p_start": 1762567800000,
            "vod_channel_description": "美國職場教練指出，適度擺出「撲克臉」會被人認為更成熟，不過，要怎麼練習撲克臉呢？根據美國2023年最佳職場環境調查，有優良職場環境的公司除了給員工豐厚的薪資，還擁有什麼樣的條件？生活中總會碰到愛遲到的人，不過這些習慣性遲到的人居然有這種共通的人格特質？！"
          },
          {
            "content_id": "VOD00301666",
            "time_codes": [
              1432000,
              1968000,
              2600000
            ],
            "timecode_duration": [],
            "length": 2815000,
            "asset_id": "vod39652-000927M001",
            "title": "",
            "subtitle": "第927集 有品味的他氣質大挑戰",
            "ep_number": 927,
            "rating": 1,
            "content_type": "show",
            "p_start": 1762570800000,
            "vod_channel_description": "怎麼可以有人既有品味,又有氣質！而且，這些人今天還一起出現在《全民星攻略》！為了防止皮膚曬黑要避免攝取大量的「感光類食物」，你知道哪些食物屬於感光類食物嗎？多數T-shirt的LOGO都會放在穿衣者的左胸口，居然是因為這個原因？！超受歡迎的室內風格「北歐風」有哪些特色呢？"
          },
          {
            "content_id": "VOD00301667",
            "time_codes": [
              1138000,
              1868000,
              2633000
            ],
            "timecode_duration": [],
            "length": 2815000,
            "asset_id": "vod39652-000928M001",
            "title": "",
            "subtitle": "第928集 3.0升級財富大樓！全場比手速搶答開信箱賺獎金！",
            "ep_number": 928,
            "rating": 1,
            "content_type": "show",
            "p_start": 1762573800000,
            "vod_channel_description": "《全民星攻略》2023全新改版！在財富大樓的交誼廰，由主任委員曾國城、主任秘書蔡尚樺舉辦【益智開箱搶獎金】活動，住戶們需要憑藉智力換取財力，力爭成為財富大富翁！全新賽制——趣味升級、刺激升級、獎金升級！"
          },
          {
            "content_id": "VOD00301668",
            "time_codes": [
              1232000,
              2000000,
              2645000
            ],
            "timecode_duration": [],
            "length": 2815000,
            "asset_id": "vod39652-000929M001",
            "title": "",
            "subtitle": "第929集 開播首次有人玩到負債？城哥心裡想著別人尚樺姓什麼都忘記！",
            "ep_number": 929,
            "rating": 1,
            "content_type": "show",
            "p_start": 1762576800000,
            "vod_channel_description": "《全民星攻略》今天由財富大樓內的人妻人夫參賽，沒想到竟意外洩出某位人妻曾和主委共赴綠島泡溫泉？！賽制升級後，財富大樓信箱內不只有獎金，更有藝人們的【真實帳單】！！蔣偉文抽到楊昇達、若綺夫妻的演唱會雙人票帳單，直呼：這位歌手我很熟！我叫他唱給你們聽就好！"
          },
          {
            "content_id": "VOD00301669",
            "time_codes": [
              1132000,
              1948000,
              2565000
            ],
            "timecode_duration": [],
            "length": 2795000,
            "asset_id": "vod39652-000930M001",
            "title": "",
            "subtitle": "第930集 養生專家住戶",
            "ep_number": 930,
            "rating": 1,
            "content_type": "show",
            "p_start": 1762579800000,
            "vod_channel_description": "財富大樓高手雲集，疫情時期最紅的醫生、超懂【毒】的護理師、2023超有聲量電影《疫起》演員…一起來開信箱搶獎金了！人體最大的肌肉位在【背部】還是【屁股】？眼鏡布的功用究竟是【擦拭鏡面】還是【保護眼鏡】？健身完喝【含糖】還是【無糖】豆漿較能增加肌肉生長速度？"
          },
          {
            "content_id": "VOD00301670",
            "time_codes": [
              1142000,
              1607000,
              2257000
            ],
            "timecode_duration": [],
            "length": 2815000,
            "asset_id": "vod39652-000931M001",
            "title": "",
            "subtitle": "第931集 中秋節歡樂趴",
            "ep_number": 931,
            "rating": 1,
            "content_type": "show",
            "p_start": 1762582800000,
            "vod_channel_description": "財富大樓舉辦中秋節扮裝PARTY啦！住戶們各個大施手腳，有人直接把烤肉架背身上，沒想到竟影響搶答？！今天還有超爆笑的【家中用不到又捨不得丟掉】的抽禮物環節，【原本要送前女友的禮物】、【送不出的女兒彌月禮】……中秋寂寞沒人陪？就由《全民星攻略》陪你從頭笑到尾！"
          }
        ],
        "total_length": 270005000,
        "focus_index": 90,
        "next_index": 91,
        "time": 2085100,
        "focus_program": {
          "content_id": "VOD00301665",
          "time_codes": [
            1165000,
            1972000,
            2626000
          ],
          "timecode_duration": [],
          "length": 2810000,
          "asset_id": "vod39652-000926M001",
          "title": "",
          "subtitle": "第926集 職場大神智商尊嚴保衛戰",
          "ep_number": 926,
          "rating": 1,
          "content_type": "show",
          "p_start": 1762567800000,
          "vod_channel_description": "美國職場教練指出，適度擺出「撲克臉」會被人認為更成熟，不過，要怎麼練習撲克臉呢？根據美國2023年最佳職場環境調查，有優良職場環境的公司除了給員工豐厚的薪資，還擁有什麼樣的條件？生活中總會碰到愛遲到的人，不過這些習慣性遲到的人居然有這種共通的人格特質？！"
        }
      },
      "station_categories": [
        {
          "Name": "熱門收視頻道",
          "EngName": "TOP50",
          "MenuOrder": 1
        },
        {
          "Name": "綜藝",
          "EngName": "Entertainment",
          "MenuOrder": 8
        }
      ]
    },
    "introduction": {
      "image": "https://p-cdnstatic.svc.litv.tv/pics/vod_channel/logo_ofiii131_mobile_20230329.png",
      "description": "全新益智實境節目《全民星攻略》，由館長曾國城擔任把關者，考驗著每個來挑戰九宮格益智遊戲藝人明星。想要攻略九宮格關卡，透過創意聯想、邏輯推理、理想分析，才有機會獲取智慧星幣，帶走夢幻大獎。",
      "href_maps": []
    },
    "recommends": [],
    "ua": "Mozilla/5.0 (Windows NT 10.0; Win64; x64) AppleWebKit/537.36 (KHTML, like Gecko) Chrome/114.0.0.0 Safari/537.36 Edg/114.0.1823.86"
  },
  "__N_SSP": true
}