{
  "pageProps": {
    "contentId": "ofiii95",
    "channel": {
      "title": "Freeman @台灣",
      "no": 95,
      "charge_mode": "F",
      "content_id": "ofiii95",
      "content_type": "vod-channel",
      "epg_categories": [
        1
      ],
      "genres": [
        {
          "id": "",
          "name": "VOD_CHANNEL",
          "logo": ""
        }
      ],
      "liad_id": "VODCHNEWSPECIALOFIWEB",
      "package_info_id": "VOD_CHANNEL_DELUX",
      "picture": "pics/vod_channel/logo_3204_ofiii111_tv_20240105.png",
      "provider": [
        {
          "id": "",
          "name": "LiTV",
          "logo": ""
        }
      ],
      "quality": "HD",
      "station_id": "station6138",
      "trial": "",
      "selectable": 1,
      "tr_logo": "pics/vod_channel/tr_logo_1704434243.png",
      "tl_logo": "",
      "br_logo": "",
      "bl_logo": "",
      "menu_type": 0,
      "vod_channel_schedule": {
        "channel_id": 95,
        "cdn_code": "ofiii95",
        "start_time": 1762581300000,
        "programs": [
          {
            "content_id": "VOD00314958",
            "time_codes": [
              600000,
              1200000
            ],
            "timecode_duration": [],
            "length": 1222000,
            "asset_id": "vod67894-000001M001",
            "title": "",
            "subtitle": "台北橋樑",
            "ep_number": 1,
            "rating": 1,
            "content_type": "show",
            "p_start": 1762581300000,
            "vod_channel_description": "台北地區是臺灣北部最重要的城市，來往交通非常頻繁，而在這個四周都是山的盆地當中，河川遍及整個都市，所以往來的交通則需要更多的橋樑來串接。影片中包含重要的12座橋梁以及1座僅通行自行車及行人，其餘未列入影片的橋樑，位處空拍機禁飛區域，無法進行空中錄影，僅以這些為代表。"
          },
          {
            "content_id": "VOD00314959",
            "time_codes": [],
            "timecode_duration": [],
            "length": 388000,
            "asset_id": "vod67894-000002M001",
            "title": "",
            "subtitle": "金瓜石之夏",
            "ep_number": 2,
            "rating": 1,
            "content_type": "show",
            "p_start": 1762582800000,
            "vod_channel_description": "金瓜石的地形非常特別，因為涵蓋區域廣闊，所以有山岳、瀑布、沿海、特殊公路，也因為礦產產生的地質變化，讓部分區域有金黃色土地、雙色的海域、以及廢棄的歷史建築。本集以空拍攝影為主，介紹這個地區比較特別的地方，至於地區內比較著名的景點，有機會再介紹吧。"
          },
          {
            "content_id": "VOD00314960",
            "time_codes": [
              600000,
              1200000,
              1800000
            ],
            "timecode_duration": [],
            "length": 2296000,
            "asset_id": "vod67894-000003M001",
            "title": "",
            "subtitle": "花蓮行DashCam ASMR",
            "ep_number": 3,
            "rating": 1,
            "content_type": "show",
            "p_start": 1762583400000,
            "vod_channel_description": "本影片記錄花蓮行三日的道路風光，包含各種天氣狀況。"
          },
          {
            "content_id": "VOD00314961",
            "time_codes": [],
            "timecode_duration": [],
            "length": 366000,
            "asset_id": "vod67894-000004M001",
            "title": "",
            "subtitle": "白沙岬燈塔",
            "ep_number": 4,
            "rating": 1,
            "content_type": "show",
            "p_start": 1762586100000,
            "vod_channel_description": "曾經是臺灣最西邊的燈塔，早在日治時期就已經建設並且使用，也是目前少數完整保存下來的燈塔。範圍不大，可以合併到「觀音濱海休憩區」做半日遊，以前的「觀音海水浴場」現在已經改名為「觀音濱海休憩區」，\r\n但是缺乏管理及經營，目前遊客並不多見，反倒是成為當地居民可以安靜休閒的場所。"
          },
          {
            "content_id": "VOD00314962",
            "time_codes": [],
            "timecode_duration": [],
            "length": 370000,
            "asset_id": "vod67894-000005M001",
            "title": "",
            "subtitle": "基隆嶼",
            "ep_number": 5,
            "rating": 1,
            "content_type": "show",
            "p_start": 1762586700000,
            "vod_channel_description": "基隆嶼，這個是必須預約船班，才能進入的地方，建議先以電話聯絡，以方便安排時間以及人數。導覽時間有分二小時、三小時、四小時。依照自己喜好參加，這些資料都可以在網路上查詢。島嶼並不大，如果要到達燈塔，需要斟酌自己的體力，目前僅開放夏天的時間參觀，想參加行程的，請自行上網查詢。"
          },
          {
            "content_id": "VOD00314963",
            "time_codes": [],
            "timecode_duration": [],
            "length": 150000,
            "asset_id": "vod67894-000006M001",
            "title": "",
            "subtitle": "新竹都城隍廟",
            "ep_number": 6,
            "rating": 1,
            "content_type": "show",
            "p_start": 1762587300000,
            "vod_channel_description": "這裡是「新竹都城隍廟」，一個在地275年的廟宇，歷經許多朝代的歷史見證。信眾來自各地，香火鼎盛。只要是廟宇就會有人潮聚集，有人潮聚集就一定會有小吃。於是在廟宇周邊就形成了在地美食的聚集地，臺灣著名的小吃在這裡都可以看見，除了參觀以及膜拜神明，也可以在此地享用美食。"
          },
          {
            "content_id": "VOD00314964",
            "time_codes": [],
            "timecode_duration": [],
            "length": 379000,
            "asset_id": "vod67894-000007M001",
            "title": "",
            "subtitle": "新竹孔廟",
            "ep_number": 7,
            "rating": 1,
            "content_type": "show",
            "p_start": 1762587600000,
            "vod_channel_description": "新竹「迎曦門」，古代的城門就是出入口，東西南北四座城門，僅保留這個，所以又稱「東門城」。四周環繞保護的就是護城河，現今已改為休憩場所，稱為「護城河親水公園」。位於「新竹公園」內的「新竹孔廟」，分設大成殿、櫺星門和東西兩廡，1958年遷建落成於此地。公園占地廣闊，是最佳的休閒地。\""
          },
          {
            "content_id": "VOD00314965",
            "time_codes": [],
            "timecode_duration": [],
            "length": 231000,
            "asset_id": "vod67894-000008M001",
            "title": "",
            "subtitle": "賞蟹步道",
            "ep_number": 8,
            "rating": 1,
            "content_type": "show",
            "p_start": 1762588200000,
            "vod_channel_description": "這裡有濕地中心和戶外教室，沿著步道可欣賞弧邊招潮蟹、德氏仿厚蟹等十多種螃蟹，不過，螃蟹很小，得仔細的觀賞。濕地有其重要性，魚類、鳥類、甲殼類及其他各種的野生動物都會棲息於此地。沿著海邊，有17公里海岸線景觀，可以租用單車或是電動自行車，在不熱的天氣下，確實是非常舒服的。"
          },
          {
            "content_id": "VOD00314966",
            "time_codes": [],
            "timecode_duration": [],
            "length": 415000,
            "asset_id": "vod67894-000009M001",
            "title": "",
            "subtitle": "烏來老街",
            "ep_number": 9,
            "rating": 1,
            "content_type": "show",
            "p_start": 1762588500000,
            "vod_channel_description": "烏來是個北部地區著名的溫泉地帶，水質屬於碳酸溫泉，無色無味。泡湯完畢後，人們很習慣再吃點東西，因此這條老街就因應而生，有餐館、原住民菜色、小吃等，應有盡有，選擇性豐富。行走一圈，帶大家參觀一下這條短短的老街風光。"
          },
          {
            "content_id": "VOD00314967",
            "time_codes": [],
            "timecode_duration": [],
            "length": 355000,
            "asset_id": "vod67894-000010M001",
            "title": "",
            "subtitle": "內埤海灘",
            "ep_number": 10,
            "rating": 1,
            "content_type": "show",
            "p_start": 1762589100000,
            "vod_channel_description": "這裡是南方澳。穿過街道後，靠近港灣，有一座小公園，美麗的海灣引來大量的遊客，也成了一處情侶約會的好場所。晚餐吃完海鮮，可以到海邊吹著海風，聽著陣陣的浪潮聲，再適合不過了。白天來欣賞海邊之外，旁邊也有幾家咖啡館，吃個小點心，喝杯飲料，看著海景，也是一個悠閒的下午時光。"
          },
          {
            "content_id": "VOD00314968",
            "time_codes": [],
            "timecode_duration": [],
            "length": 161000,
            "asset_id": "vod67894-000011M001",
            "title": "",
            "subtitle": "冬山車站",
            "ep_number": 11,
            "rating": 1,
            "content_type": "show",
            "p_start": 1762589700000,
            "vod_channel_description": "這個車站是因應火車高架化而重新設計，採用冬山鄉的舊名「冬瓜山」建造成瓜棚的概念，火車穿梭在瓜棚中，別有一番風味，吸引許多遊客前來觀賞。橋下也不定期有市集來展出銷售，配合周邊許多公園及休閒步道，讓這個小小的火車站成為一個民眾喜愛的休閒去處。"
          },
          {
            "content_id": "VOD00314969",
            "time_codes": [],
            "timecode_duration": [],
            "length": 193000,
            "asset_id": "vod67894-000012M001",
            "title": "",
            "subtitle": "新寮瀑布",
            "ep_number": 12,
            "rating": 1,
            "content_type": "show",
            "p_start": 1762590000000,
            "vod_channel_description": "今天介紹的瀑布，因為天災雨水的衝擊，歷經多次的關閉及開放，吊橋也經過兩次的整建，至今步道仍舊無法到達第二層瀑布。沿路步道都是碎石頭，原始森林的樣貌展現而出，流水湍急，所以有多處的瀑布形成，大自然造就出來的美景，這裡處處可見。工作繁忙之餘，來此聽聽水聲，是個不錯的選擇。"
          },
          {
            "content_id": "VOD00322130",
            "time_codes": [
              600000,
              1200000
            ],
            "timecode_duration": [],
            "length": 1419000,
            "asset_id": "vod67894-000013M001",
            "title": "",
            "subtitle": "ASMR．日出．夕陽．瀑布．海邊",
            "ep_number": 13,
            "rating": 1,
            "content_type": "show",
            "p_start": 1762590300000,
            "vod_channel_description": "透過空拍機的全新視角讓我們發現令人讚嘆的景致。"
          },
          {
            "content_id": "VOD00322131",
            "time_codes": [],
            "timecode_duration": [],
            "length": 218000,
            "asset_id": "vod67894-000014M001",
            "title": "",
            "subtitle": "熊空茶園",
            "ep_number": 14,
            "rating": 1,
            "content_type": "show",
            "p_start": 1762592100000,
            "vod_channel_description": "這裡曾經是我的私房景點，在非常多年前，幾乎沒有遊客來到這邊，因為工作關係，來拍攝採茶。現在已經成為火紅的熱門景點，尤其是秋天的楓紅，以及春天的山櫻花，盛開之時，交通則是擁擠到無法通行。這裡的茶葉品質不錯，因為有機種植，少了化學品的催化，泡出來的茶，自然更為香甜。"
          },
          {
            "content_id": "VOD00322132",
            "time_codes": [],
            "timecode_duration": [],
            "length": 234000,
            "asset_id": "vod67894-000015M001",
            "title": "",
            "subtitle": "雲山水",
            "ep_number": 15,
            "rating": 1,
            "content_type": "show",
            "p_start": 1762592400000,
            "vod_channel_description": "這是一個私人土地的範圍，早期由熱心人士挖掘湖泊，在周邊栽種樹木造林，曾經是鮮少人知的秘境，現在甚至已經被政府列為地方觀光景點了。由於是人工造林，所以規劃上非常整齊美觀，近些年來也進駐了民宿經營，儼然成為一個著名的觀光勝地。"
          },
          {
            "content_id": "VOD00322133",
            "time_codes": [],
            "timecode_duration": [],
            "length": 182000,
            "asset_id": "vod67894-000016M001",
            "title": "",
            "subtitle": "龍騰斷橋",
            "ep_number": 16,
            "rating": 1,
            "content_type": "show",
            "p_start": 1762592700000,
            "vod_channel_description": "經過兩次的地震，依然屹立存在著，北斷橋經過人工修復並使用鋼梁加強結構，南斷橋則是保留著原始風貌，在勝興車站的旅遊路線中，\n這裡是不可或缺的景點。"
          },
          {
            "content_id": "VOD00322134",
            "time_codes": [],
            "timecode_duration": [],
            "length": 156000,
            "asset_id": "vod67894-000017M001",
            "title": "",
            "subtitle": "火炎山",
            "ep_number": 17,
            "rating": 1,
            "content_type": "show",
            "p_start": 1762593000000,
            "vod_channel_description": "每次開車行駛高速公路時，總是會看見這座像是火焰一樣的山，今天就來走一小段，拍攝記錄一下這特有的林相。下山之後，我深刻的覺得，我不是一個適合登山的人。"
          },
          {
            "content_id": "VOD00322135",
            "time_codes": [],
            "timecode_duration": [],
            "length": 172000,
            "asset_id": "vod67894-000018M001",
            "title": "",
            "subtitle": "林田山",
            "ep_number": 18,
            "rating": 1,
            "content_type": "show",
            "p_start": 1762593300000,
            "vod_channel_description": "這次來到林田山，拍攝並不順利。園區內因為幾天後的活動，封閉了部分道路，康樂新村也全面封閉，我最喜歡的咖啡館(本館)在整修，中山堂以及大操場，因為原住民祭典而無法參觀，並不是我不喜歡祭典，而是大聲的音量讓林田山失去了寧靜，使得這次拍攝的內容，大量的減少，我想要回憶的林田山，完全找不到…"
          },
          {
            "content_id": "VOD00322136",
            "time_codes": [],
            "timecode_duration": [],
            "length": 220000,
            "asset_id": "vod67894-000019M001",
            "title": "",
            "subtitle": "明德水庫",
            "ep_number": 19,
            "rating": 1,
            "content_type": "show",
            "p_start": 1762593600000,
            "vod_channel_description": "水庫，除了蓄水功能以外，也可以成為觀光景點，「明德水庫」就是一個很好的例子，四周環山，水庫內共有三座島嶼，其中「日新島」採收費制，可以抵咖啡廳的消費，「海棠島」上有「客家文物館」及廟宇，免費參觀，「鴛鴦島」則是全面整修中。在偏僻的小鎮上，有著休閒的去處，是很好的選擇。"
          },
          {
            "content_id": "VOD00322137",
            "time_codes": [],
            "timecode_duration": [],
            "length": 212000,
            "asset_id": "vod67894-000020M001",
            "title": "",
            "subtitle": "赤柯山",
            "ep_number": 20,
            "rating": 1,
            "content_type": "show",
            "p_start": 1762593900000,
            "vod_channel_description": "在上天巧妙的安排之下，錯過了一個拍攝地點，卻換來了一個不可多得的氣候。這裡是花蓮盛產金針花的地方，每年從八月到十月之間是盛產期，除了農民種植採收之外，也開放部分區域供民眾欣賞拍照，\n今天美麗的景色，值得珍惜。"
          },
          {
            "content_id": "VOD00322138",
            "time_codes": [],
            "timecode_duration": [],
            "length": 288000,
            "asset_id": "vod67894-000021M001",
            "title": "",
            "subtitle": "長春祠",
            "ep_number": 21,
            "rating": 1,
            "content_type": "show",
            "p_start": 1762594200000,
            "vod_channel_description": "「長春祠」建於西元1958年，目的是為了紀念闢建中橫公路而不幸犧牲的築路人，周邊有環狀步道，但是坡度陡峭，有「天梯」的美名。由於前些日子地震的關係，導致中部橫貫公路部份坍方，所以本次太魯閣國家公園的景點，僅有這個「長春祠」。因為道路限制時間通行，而且午後雷陣雨強烈，所以，等下次再找機會去拍攝太魯閣更多的景點。"
          },
          {
            "content_id": "VOD00322139",
            "time_codes": [],
            "timecode_duration": [],
            "length": 126000,
            "asset_id": "vod67894-000022M001",
            "title": "",
            "subtitle": "勝興車站",
            "ep_number": 22,
            "rating": 1,
            "content_type": "show",
            "p_start": 1762594800000,
            "vod_channel_description": "雖然是已經停駛的車站，可是觀光客卻絡繹不絕，這個非常有紀念價值的歷史車站。現在新增了一個觀光小火車，結合附近的景點，這樣就有更完整的旅遊路線。"
          },
          {
            "content_id": "VOD00322140",
            "time_codes": [],
            "timecode_duration": [],
            "length": 223000,
            "asset_id": "vod67894-000023M001",
            "title": "",
            "subtitle": "清水斷崖",
            "ep_number": 23,
            "rating": 1,
            "content_type": "show",
            "p_start": 1762595100000,
            "vod_channel_description": "小時候搭車行走蘇花公路，是一件既危險又緊張的事情，沿線的風景雖然漂亮，但是也是極度危險的道路，如果搭乘大型車輛，從窗外往下看就是懸崖，完全看不到路面。然而，這裡的風景卻是如此的令人讚嘆，大自然的鬼斧神工，讓這裡形成獨一無二的地形景觀。科技的進步，無人機的出現，讓我們可以透過鏡頭，看到平常看不見的風景，請珍惜地球，愛護大自然，我們才有更好的景觀可以欣賞。"
          },
          {
            "content_id": "VOD00322141",
            "time_codes": [],
            "timecode_duration": [],
            "length": 280000,
            "asset_id": "vod67894-000024M001",
            "title": "",
            "subtitle": "竹北豆腐岩",
            "ep_number": 24,
            "rating": 1,
            "content_type": "show",
            "p_start": 1762595400000,
            "vod_channel_description": "新竹縣的頭前溪，早年以灌溉農田為主要河川，原先為了延緩河床刷深，在隆恩攔河堰下游放置消波塊，整齊的四方形從空中瞭望，像極了豆腐切塊的形狀。縣市政府舉辦活動，頭前溪本就是重點區域，竹北區段的豆腐岩，愈來愈多人前來觀賞拍照，於是變成了觀光景點。但是，畢竟這裡是河床地區，來此觀賞者切記注意安全，岩石間隙大，不適合小朋友前來，且若季節河水量多，容易滋養青苔，會不慎滑倒。日出的陽光投射在水面，只有親臨現場，才有那份刺眼的感動。"
          },
          {
            "content_id": "VOD00336129",
            "time_codes": [],
            "timecode_duration": [],
            "length": 209000,
            "asset_id": "vod67894-000025M001",
            "title": "",
            "subtitle": "承天禪寺",
            "ep_number": 25,
            "rating": 1,
            "content_type": "show",
            "p_start": 1762596000000,
            "vod_channel_description": "在北部地區，「承天禪寺」旁的「清溪步道」，是有名的桐花觀賞地，這次拍攝時的季節不是花季，所以只有清脆的綠林可以觀賞。「承天禪寺」源自於「泉州承天禪寺」，由當年的老和尚渡海來台傳承。「大雄寶殿」前有個大廣場，常會有法會舉辦以及傳頌，寺方體諒民眾免於太陽直曬酷熱以及雨季的臨時雷雨，於是興建了遮蔽的屋頂，這是唯一美中不足的景觀缺陷。寺廟建築莊嚴隆重，位於山腰可遠眺台北盆地，視野非常遼闊，除了參拜禮佛外，也可陶冶性情。"
          },
          {
            "content_id": "VOD00336130",
            "time_codes": [],
            "timecode_duration": [],
            "length": 401000,
            "asset_id": "vod67894-000026M001",
            "title": "",
            "subtitle": "烘爐地",
            "ep_number": 26,
            "rating": 1,
            "content_type": "show",
            "p_start": 1762596300000,
            "vod_channel_description": "這裡位於「南勢角山」，標高302公尺，主要供奉「福德正神」，比較特別的是24小時開放，所以任何時間都可以到此處遊覽。與販賣部的小姐聊天，她說道，因為這裡全天候開放，所以每個時段都會有不同的年齡遊客，清晨是老人家來運動，白天是上班族來求財，傍晚是愛好攝影的會來拍照，晚間則是情侶會來約會欣賞夜景，至於凌晨，就是夜不歸少年聚集的地方。聽著覺得很有趣，一個簡單的地方，卻有著不同的社會型態。"
          },
          {
            "content_id": "VOD00336131",
            "time_codes": [],
            "timecode_duration": [],
            "length": 198000,
            "asset_id": "vod67894-000027M001",
            "title": "",
            "subtitle": "新瓦屋",
            "ep_number": 27,
            "rating": 1,
            "content_type": "show",
            "p_start": 1762596900000,
            "vod_channel_description": "清朝乾隆時代，有林家子弟來臺灣開墾，聚集成為部落。「六張犁林家」在竹北地區，為首批購買土地興建祠堂，避免重複名稱，所以此地就稱為「新瓦屋」。1947年新瓦屋居民成立花鼓隊，在當地是非常著名的表演團體，也是本地區文化傳承的代表。園區內腹地廣闊，經常會有小型表演或是展覽在此地舉行，假日也成為民眾的觀光休憩地點。"
          },
          {
            "content_id": "VOD00336132",
            "time_codes": [],
            "timecode_duration": [],
            "length": 331000,
            "asset_id": "vod67894-000028M001",
            "title": "",
            "subtitle": "榕錦時光",
            "ep_number": 28,
            "rating": 1,
            "content_type": "show",
            "p_start": 1762597200000,
            "vod_channel_description": "以前，經過這裡時，路邊總是一片圍籬包圍著，只是從圍牆頂端隱約看見一些日式的屋頂，但是殘破不堪。漸漸的看見，圍籬被拆除了，工程人員在施工，逐漸的把歷史的樣貌恢復出來，現在的建築已經都重新建造，但維持著原有的風格樣式，藉由現代的經營，讓這裡成為老屋重生的生活園區。"
          },
          {
            "content_id": "VOD00336133",
            "time_codes": [],
            "timecode_duration": [],
            "length": 343000,
            "asset_id": "vod67894-000029M001",
            "title": "",
            "subtitle": "野柳女王頭",
            "ep_number": 29,
            "rating": 1,
            "content_type": "show",
            "p_start": 1762597800000,
            "vod_channel_description": "野柳，除了工作外，我大約是小學的時候，家人帶我來過。這麼多年來，看著它必須三個人才能環抱著拍照，直到現在已經被鐵鍊重重包圍保護，天然的風化現象，已經快要摧毀它。趁著這次有夜間的活動，再次來回味一下，欣賞它在夜晚的豔麗。跟隨我的鏡頭，一起來參觀吧。"
          },
          {
            "content_id": "VOD00336134",
            "time_codes": [],
            "timecode_duration": [],
            "length": 340000,
            "asset_id": "vod67894-000030M001",
            "title": "",
            "subtitle": "紅毛城",
            "ep_number": 30,
            "rating": 1,
            "content_type": "show",
            "p_start": 1762598400000,
            "vod_channel_description": "紅毛城是淡水地區非常顯著的古建築，有三百多年的歷史，經過非常多國家的管理，歷史上占有極大的地位。旁邊的前清英國領事官邸，建築也是獨有的風格，有著異國風情的特色，是中國工匠的成就。淡水的夕陽，一直都是攝影者的愛好地，這次透過空拍，讓視野角度轉換一下，從天空、海上的角度，來欣賞這絕美的夕陽。"
          },
          {
            "content_id": "VOD00336135",
            "time_codes": [],
            "timecode_duration": [],
            "length": 217000,
            "asset_id": "vod67894-000031M001",
            "title": "",
            "subtitle": "十三行博物館",
            "ep_number": 31,
            "rating": 1,
            "content_type": "show",
            "p_start": 1762599000000,
            "vod_channel_description": "這裡有考古學家挖出距今500到1800年前，重要的出土文化，有鐵器、陶器等古物等。館內有「常規展」及「當期展覽」，內容多半與考古秘密等相關的展示，以及八里地區等歷史介紹。官方網站做的很棒，其中一項為「數位博物館」，可直接於網站中瀏覽館內的每個展區，也包含了過去已經展示完畢的過期展覽都可以欣賞。博物館旁邊有「新北考古公園」及「陽光廣場」，腹地廣闊，可以悠閒地散步在這裡。"
          },
          {
            "content_id": "VOD00336175",
            "time_codes": [],
            "timecode_duration": [],
            "length": 473000,
            "asset_id": "vod67894-000032M001",
            "title": "",
            "subtitle": "佛手洞",
            "ep_number": 32,
            "rating": 1,
            "content_type": "show",
            "p_start": 1762599300000,
            "vod_channel_description": "「仙洞巖」、「佛手洞」屬於同一個洞穴。「仙洞巖」的歷史可追朔到數百年前的日治時期，當時屬於日本神社，門前也有鳥居，在維基百科中可以看見當時的照片。洞穴內是天然形成，經過萬年來的海水沖蝕而成，爾後因為興建了漁港，阻絕了海水直襲，形成這樣特殊的景觀洞穴。洞內涼爽但很潮濕，隨時有水滴落下，政府已經填補並完成走道，方便遊客觀光，前往觀賞者，還請注意自身安全。"
          },
          {
            "content_id": "VOD00336176",
            "time_codes": [],
            "timecode_duration": [],
            "length": 423000,
            "asset_id": "vod67894-000033M001",
            "title": "",
            "subtitle": "三灣落羽松",
            "ep_number": 33,
            "rating": 1,
            "content_type": "show",
            "p_start": 1762599900000,
            "vod_channel_description": "雖然名稱為秘境，但是實際上早已經知名度甚高，尤其是落雨松變色季節，本區人潮擁擠，遇假日或是連續假期，周遭交通更是大排長龍。選擇了非觀賞期的時間，也可以欣賞到非常美麗的風光，沒有吵雜的人群，可以一個人靜靜的走在林間，這也是另一種享受啊。"
          },
          {
            "content_id": "VOD00336177",
            "time_codes": [],
            "timecode_duration": [],
            "length": 282000,
            "asset_id": "vod67894-000034M001",
            "title": "",
            "subtitle": "基隆廟口夜市",
            "ep_number": 34,
            "rating": 1,
            "content_type": "show",
            "p_start": 1762600500000,
            "vod_channel_description": "廟口小吃歷史悠久，老長輩的流傳，於日治末期就已經存在，由於接近港口及廟宇，流動攤販甚多，政府即規劃本區為聚集街區，除了管理妥當，也方便民眾聚集。夜市靠近海港，所以海鮮食物眾多，最早期吃的奶油螃蟹，從一隻60元漲到現在一隻200元，不過，味道依然可口。油飯及天婦羅是每次來必吃的食物，隨著時代演進，夜市的食物種類愈來愈多，可能還沒走完夜市，就已經吃飽了。這裡停車不容易，得提早來，或是耐心排隊。"
          },
          {
            "content_id": "VOD00336178",
            "time_codes": [],
            "timecode_duration": [],
            "length": 320000,
            "asset_id": "vod67894-000035M001",
            "title": "",
            "subtitle": "八堵車站",
            "ep_number": 35,
            "rating": 1,
            "content_type": "show",
            "p_start": 1762601100000,
            "vod_channel_description": "這是一個很不起眼，但卻是很重要的火車站，清代末期就已經有這個車站了，只是位置與現在不同，由於鐵路彎曲程度必須更改位置，改建至現在的位置。1947年發生過\"八堵車站事件\"，是二二八事件構成事件之一，早年，這個車站的關聯性實為重要，肩負著太多責任，東西幹線的火車頭交換、平溪線的起終點，現今鐵路電氣化後，慢慢的就緩解了這個車站的忙碌了。"
          },
          {
            "content_id": "VOD00336179",
            "time_codes": [],
            "timecode_duration": [],
            "length": 369000,
            "asset_id": "vod67894-000036M001",
            "title": "",
            "subtitle": "猴硐貓村",
            "ep_number": 36,
            "rating": 1,
            "content_type": "show",
            "p_start": 1762601700000,
            "vod_channel_description": "今天帶大家來一個貓咪天堂，所在地名叫做「猴硐」，所以全名叫做「猴硐貓村」。搭火車來，需要搭乘宜蘭縣的區間車，就可以直接在「猴硐站」下車，車站正對面就是「煤礦博物園區」，裡面展示著早年煤礦開墾時的器具、機械、等歷史產物介紹，很值得觀賞。穿越車站的另一邊就是貓村，也曾經被CNN獲選認定為全世界六大賞貓地點。區域裡有非常多的野貓，但也因為觀光客眾多，早已經習慣與人類的生活，在此呼籲遊客們，遵守當地賞貓規則，這樣才有永續的環境可以生長。"
          },
          {
            "content_id": "VOD00355763",
            "time_codes": [],
            "timecode_duration": [],
            "length": 416000,
            "asset_id": "vod67894-000037M001",
            "title": "",
            "subtitle": "新北歡樂耶誕城",
            "ep_number": 37,
            "rating": 1,
            "content_type": "show",
            "p_start": 1762602300000,
            "vod_channel_description": "新北市歡樂耶誕城從2011年開始每年舉辦，地點設置於四鐵共構的新板特區，即現有板橋車站及新北市政府周邊範圍。每年都會推出耶誕主燈秀，及四周範圍的點燈裝飾，展示時間為每年的11月中旬至隔年元旦。在特定的日期也會安排巨星現場演唱等活動，現場熱鬧非凡，只要是假日，人潮絡繹不絕。"
          },
          {
            "content_id": "VOD00355764",
            "time_codes": [],
            "timecode_duration": [],
            "length": 197000,
            "asset_id": "vod67894-000038M001",
            "title": "",
            "subtitle": "茶之道",
            "ep_number": 38,
            "rating": 1,
            "content_type": "show",
            "p_start": 1762602900000,
            "vod_channel_description": "這個步道屬於「石棹步道群」之一，總共有六條步道，唯獨這個步道屬於「阿里山鄉」，所以特別製作成為一段影片。這裡的海拔大約在1300公尺，在阿里山公路的支線上。「阿里山國家風景區管理處」將現有步道做整合延伸，於是推出了這些步道群，提供民眾休閒健行的地方。「茶之道」的特色就是茶園，除了有大片的茶園可以觀賞，兩旁種植的杉樹以及竹林，也是這個步道的特色之一。雲海裊繞的地理環境，真的非一般景色可比擬。"
          },
          {
            "content_id": "VOD00355765",
            "time_codes": [],
            "timecode_duration": [],
            "length": 414000,
            "asset_id": "vod67894-000039M001",
            "title": "",
            "subtitle": "奮起湖",
            "ep_number": 39,
            "rating": 1,
            "content_type": "show",
            "p_start": 1762603200000,
            "vod_channel_description": "早年阿里山伐木業盛行，木材運輸全靠鐵路，因為高山陡峭，無法建立一般通行的鐵路，只能採用「之」字形方式建立鐵路路線，從山上搭乘火車到山下需要一整天的時間，於是中途點的這個火車站，就開始販賣便當，提供工人的的膳食。現在的奮起湖是一個非常著名的觀光景點，假日人潮擁擠的程度，與夜市人潮相近似。所以如果假日前來，請耐心尋找停車，或是需要走一段路才會到達車站。"
          },
          {
            "content_id": "VOD00355766",
            "time_codes": [],
            "timecode_duration": [],
            "length": 171000,
            "asset_id": "vod67894-000040M001",
            "title": "",
            "subtitle": "太平老街",
            "ep_number": 40,
            "rating": 1,
            "content_type": "show",
            "p_start": 1762603800000,
            "vod_channel_description": "這裡是梅山鄉的「太平老街」，由於地處山區內陸，所以沒有像一般老街般的人潮擁擠，走在老街可以感受到純樸的民情。老街販賣當地的農產品、美食小吃，走完旁邊的「太平雲梯」後，沿路來這裡享用美食，是不錯的選擇。"
          },
          {
            "content_id": "VOD00355767",
            "time_codes": [],
            "timecode_duration": [],
            "length": 138000,
            "asset_id": "vod67894-000041M001",
            "title": "",
            "subtitle": "太平雲梯",
            "ep_number": 41,
            "rating": 1,
            "content_type": "show",
            "p_start": 1762604100000,
            "vod_channel_description": "在梅山太平地區，有一座全臺灣海拔最高的景觀吊橋，就是今天我們要去參觀的地方。行走吊橋採收費制，一般民眾為100元，優待票80元、半票50元、回饋票30元，適用對象請參考官方公佈。吊橋中間有部分採簍空設計，透過玻璃可以看到下方的風景，天氣狀況如果不錯，可以遠眺嘉南平原還有台灣海峽，很可惜，拍攝當時空氣帶著淺淺的薄霧，沒有雲海、沒有陽光、也看不到遠方，也沒有清晰的風景。"
          },
          {
            "content_id": "VOD00355768",
            "time_codes": [],
            "timecode_duration": [],
            "length": 383000,
            "asset_id": "vod67894-000042M001",
            "title": "",
            "subtitle": "九份老街",
            "ep_number": 42,
            "rating": 1,
            "content_type": "show",
            "p_start": 1762604400000,
            "vod_channel_description": "昔日的礦業繁華，到現今的遊客繁榮，這裡經過了許多的變化。演進到現在，這裡已經成為許多觀光客必來參訪的地方，也包含了各國的遊客，都會聚集在此。老街扮演著這個地方重要的角色，有美食有紀念商品，近幾年來，這裡陸續的出現了民宿以及觀景的餐廳，每個都具有自己的特色，不妨來此地體驗。這裡的夜景更是有名，晚上來參觀也有不一樣的視覺感受。"
          },
          {
            "content_id": "VOD00355769",
            "time_codes": [],
            "timecode_duration": [],
            "length": 295000,
            "asset_id": "vod67894-000043M001",
            "title": "",
            "subtitle": "沐心池",
            "ep_number": 43,
            "rating": 1,
            "content_type": "show",
            "p_start": 1762605000000,
            "vod_channel_description": "前往目的地前，先上山參觀一個觀景台，叫做「大同山觀景台」。這裡如果天氣狀況理想，可以眺望整個城市的壯麗景觀，可惜天氣狀況霧氣很大，視野並不理想。目的地旁，有個老榕樹，經過政府舉辦命名活動，最後優勝的名稱訂為「沐心榕」，旁邊的水池則稱為「沐心池」。這裡環境優美，視野很棒，唯獨旁邊公路車輛噪音以外，是個很棒的休閒場所。"
          },
          {
            "content_id": "VOD00355770",
            "time_codes": [],
            "timecode_duration": [],
            "length": 396000,
            "asset_id": "vod67894-000044M001",
            "title": "",
            "subtitle": "士林夜市",
            "ep_number": 44,
            "rating": 1,
            "content_type": "show",
            "p_start": 1762605600000,
            "vod_channel_description": "這裡是臺灣的夜市中，規模算是比較大型的。最早從「慈諴宮」為發源地，再由「士林市場」的人潮聚集，漸漸的擴大成美食小吃的集中地。由於媒體傳播迅速，這裡已成為外國觀光客的必選之一，即使是一般平日，人潮也非常的多。"
          },
          {
            "content_id": "VOD00355771",
            "time_codes": [],
            "timecode_duration": [],
            "length": 325000,
            "asset_id": "vod67894-000045M001",
            "title": "",
            "subtitle": "新莊國民運動中心",
            "ep_number": 45,
            "rating": 1,
            "content_type": "show",
            "p_start": 1762606200000,
            "vod_channel_description": "這裡是全台灣最大的國民運動中心，整個運動園區內，也包含了棒球場、足球場、體育館等，許多大型的正式比賽也會選擇在此地舉行。從白天到晚上，每個時間都會有許多活動在此地舉行。館內運動設施採收費制度，全館內皆有冷氣，選擇性豐富，可以依照自己的能力程度作適當的調整。無論是室內或是戶外、運動或是休閒，這裡都是一個很棒的場所。"
          },
          {
            "content_id": "VOD00355772",
            "time_codes": [],
            "timecode_duration": [],
            "length": 278000,
            "asset_id": "vod67894-000046M001",
            "title": "",
            "subtitle": "北后寺",
            "ep_number": 46,
            "rating": 1,
            "content_type": "show",
            "p_start": 1762606800000,
            "vod_channel_description": "這間寺廟原本位於礁溪鄉，因為都市計畫必須遷移，才搬到目前的地方。當初在製作佛像時，以竹子為基礎架構，包覆麻布後塗上水泥，等數周後完全乾燥，再次包覆麻布並再次塗上水泥，因此稱為「泥塑大佛」。寺廟範圍所有的殿內禁止拍照，參觀時請降低音量，避免打擾其寧靜的環境。※轉經輪一般為順時針方向"
          },
          {
            "content_id": "VOD00355773",
            "time_codes": [],
            "timecode_duration": [],
            "length": 431000,
            "asset_id": "vod67894-000047M001",
            "title": "",
            "subtitle": "壯圍沙丘",
            "ep_number": 47,
            "rating": 1,
            "content_type": "show",
            "p_start": 1762607400000,
            "vod_channel_description": "本鄉鎮靠近海邊，所以沙丘地形是特色，這個新建立的園區，內部有三個區域可以參觀，也有咖啡廳可以享用美食，提供給民眾一個新的休閒場所。東港榕樹公園是一個很特別的地方，用魚網編織的吊床，可以在榕樹樹蔭下乘涼，即使是炎熱的夏日，吹著微微的海風，也是很舒服的。"
          },
          {
            "content_id": "VOD00355774",
            "time_codes": [],
            "timecode_duration": [],
            "length": 494000,
            "asset_id": "vod67894-000048M001",
            "title": "",
            "subtitle": "開山凌雲寺",
            "ep_number": 48,
            "rating": 1,
            "content_type": "show",
            "p_start": 1762608000000,
            "vod_channel_description": "在新北市觀音山的山腰，有著這間歷史悠久的傳統廟宇，從初建至今也有285年，歷經朝代轉換以及許多不可抗拒的因素之下，終於在西元1933年入廟安座，維持現在的樣貌至今。這間廟宇主祀「南無觀世音菩薩」，屬於道教，也在西元2004年增建後殿，是在地民眾的信仰中心。附近有間廟宇，名稱為「凌雲禪寺」，是佛教法師修行的地方，來訪的民眾，請先查明相關位置。"
          },
          {
            "content_id": "VOD00359356",
            "time_codes": [],
            "timecode_duration": [],
            "length": 244000,
            "asset_id": "vod67894-000049M001",
            "title": "",
            "subtitle": "ASMR 林口海邊",
            "ep_number": 49,
            "rating": 1,
            "content_type": "show",
            "p_start": 1762608600000,
            "vod_channel_description": "從空中俯瞰台61線濱海公路林口段，筆直的道路沿著海岸線延伸，與湛藍的台灣海峽交織成一幅美麗的畫卷。沿途可遠眺大海，感受海風吹拂，日出與黃昏更添夢幻色彩。矗立在海岸邊巨大的風力發電機與藍天白雲形成鮮明對比，台61線濱海公路林口段，無論是攝影愛好者還是單純想欣賞美景的遊客，都值得一訪。"
          },
          {
            "content_id": "VOD00365405",
            "time_codes": [],
            "timecode_duration": [],
            "length": 197000,
            "asset_id": "vod67894-000050M001",
            "title": "",
            "subtitle": "竹南啤酒廠",
            "ep_number": 50,
            "rating": 1,
            "content_type": "show",
            "p_start": 1762609200000,
            "vod_channel_description": "這個啤酒廠是目前面積最大、產能最多的工場，從西元1981年創建到現在，經過許多制度上的變遷，目前已經成為觀光工廠，供民眾參觀以及購買相關產品。但是因為先前地震關係，為了民眾安全，取消產線導覽。現場的產品推廣中心，也會有即期品的福利優惠，非常的便宜，吸引大批民眾來購買。"
          },
          {
            "content_id": "VOD00365406",
            "time_codes": [],
            "timecode_duration": [],
            "length": 210000,
            "asset_id": "vod67894-000051M001",
            "title": "",
            "subtitle": "英才書院",
            "ep_number": 51,
            "rating": 1,
            "content_type": "show",
            "p_start": 1762609500000,
            "vod_channel_description": "英才書院(非本地區)，創立於西元1891年，是當時苗栗地區督辦地方教育的首例，但是因為甲午戰爭後，此院就被廢除，改以新式教育，結束為期六年的時間。西元2015年政府做地區規劃，將此地原名「閩南書院」的位置，重新整建並且更名為「英才書院」，以閩南建築為基底，採用仿古的方式重新建造，雖然建築本身很新，沒有歷史的痕跡，但仍然是個提供民眾休閒的好去處。"
          },
          {
            "content_id": "VOD00365407",
            "time_codes": [],
            "timecode_duration": [],
            "length": 500000,
            "asset_id": "vod67894-000052M001",
            "title": "",
            "subtitle": "蘆竹湳古厝",
            "ep_number": 52,
            "rating": 1,
            "content_type": "show",
            "p_start": 1762609800000,
            "vod_channel_description": "這個社區有300年的歷史，早期從福建漳州渡海來台，在西元1964年，因為該地區規畫成為工業區，在地民眾並沒有工業區職業所需的專長，所以漸漸人口外移。善心人士們不捨這些老房子漸漸凋零衰老，於是慢慢引進文化藝術的產業，將許多老房子改建成為餐廳、咖啡廳以及書店，讓此地漸漸的恢復並且將這些傳統房舍維護。目前傳統三合院有大約50戶，是一個很不錯的休閒地區。"
          },
          {
            "content_id": "VOD00365408",
            "time_codes": [
              600000,
              1200000
            ],
            "timecode_duration": [],
            "length": 1267000,
            "asset_id": "vod67894-000053M001",
            "title": "",
            "subtitle": "歌酒節",
            "ep_number": 53,
            "rating": 1,
            "content_type": "show",
            "p_start": 1762610400000,
            "vod_channel_description": "這次特意前來參加這裡舉辦的夏季活動，歌酒節。雲南族群非常熱情，在服飾以及裝飾上都大膽採用鮮豔的顏色，做工細緻，創意也非常有當地文化特色。美食更是這裡的特色之一，結合了滇、緬、泰等地的飲食文化，來這裡享用美食，也是必要的。活動中，載歌熱舞，讓現場有非常熱鬧的氣氛。額外的火舞藝術表演，也是令人震撼，這個表演有場地等因素的限制，所以在都市中很少能見到，很幸運的，這次能拍攝到表演者精采的演出。\r\n這裡每季都有舉辦當季的活動，請自行參閱官方網站。"
          },
          {
            "content_id": "VOD00365409",
            "time_codes": [
              600000
            ],
            "timecode_duration": [],
            "length": 788000,
            "asset_id": "vod67894-000054M001",
            "title": "",
            "subtitle": "綠世界生態農場",
            "ep_number": 54,
            "rating": 1,
            "content_type": "show",
            "p_start": 1762611900000,
            "vod_channel_description": "這是一個私人機構，於2004年開幕，園區內以亞熱帶雨林為主，動物、植物、生物等的生態園區，面積廣闊，可以讓動物們自由的活動。園內以各種區域為區分，可以參觀到非常多而且奇特稀有的動物，無論是來學習或是休閒參觀，都是一個很棒的地方。"
          },
          {
            "content_id": "VOD00365410",
            "time_codes": [],
            "timecode_duration": [],
            "length": 415000,
            "asset_id": "vod67894-000055M001",
            "title": "",
            "subtitle": "臺北孔廟",
            "ep_number": 55,
            "rating": 1,
            "content_type": "show",
            "p_start": 1762613100000,
            "vod_channel_description": "全臺40餘座孔廟中，其中有十三個縣市政府管理的官方孔廟，其他為私立，有些不是標準形制的孔廟。「臺北孔廟」列為三級古蹟，初始創建於西元1879年，但因為戰爭以及教育設立等多項因素，廟宇拆除、興建多次，最終於西元1939年設立，以現有的建築模式至今。資料來源：臺北市孔廟管理委員會"
          },
          {
            "content_id": "VOD00365411",
            "time_codes": [
              600000
            ],
            "timecode_duration": [],
            "length": 629000,
            "asset_id": "vod67894-000056M001",
            "title": "",
            "subtitle": "大龍峒保安宮",
            "ep_number": 56,
            "rating": 1,
            "content_type": "show",
            "p_start": 1762613700000,
            "vod_channel_description": "保安宮主祀神明「保生大帝」，建地有三千餘坪，是目前全國最大的保生大帝廟宇。寺廟的裝飾藝術包括木雕、石刻、彩繪、泥塑、交趾陶、剪黏等，每當節慶也會有民間傳統表演。此處也設有一處花園，稱為「鄰聖苑」，內有許多故事敘述的雕像，敘述「保生大帝」慈悲濟世之神蹟。資料來源：大龍峒保安宮"
          },
          {
            "content_id": "VOD00365412",
            "time_codes": [
              600000
            ],
            "timecode_duration": [],
            "length": 899000,
            "asset_id": "vod67894-000057M001",
            "title": "",
            "subtitle": "南門市場",
            "ep_number": 57,
            "rating": 1,
            "content_type": "show",
            "p_start": 1762614600000,
            "vod_channel_description": "南門市場位於台北市中正區，是擁有百年歷史的傳統市場，為台北著名的食品採買地點之一。市場內販售品項多元，包括熟食、乾貨、海鮮、肉品及南北雜貨，尤以傳統中式年菜與小吃最為知名。經過整建後，市場環境更為整潔與現代化，吸引許多市民與觀光客前來採買與品嚐道地美食，是體驗台灣飲食文化的重要地點。"
          },
          {
            "content_id": "VOD00365413",
            "time_codes": [],
            "timecode_duration": [],
            "length": 367000,
            "asset_id": "vod67894-000058M001",
            "title": "",
            "subtitle": "南庄老街",
            "ep_number": 58,
            "rating": 1,
            "content_type": "show",
            "p_start": 1762615800000,
            "vod_channel_description": "南庄老街總共有三條道路，其中兩條為一般汽車行走的馬路，另一條為主要的觀光街道，稱為「桂花巷」。由於本地區盛產桂花，所以皆以此為主要銷售的加工製品。周邊小吃以客家文化的美食為主，來此地不僅可以填飽肚子，也可以有很多伴手禮的選擇。"
          },
          {
            "content_id": "VOD00365414",
            "time_codes": [],
            "timecode_duration": [],
            "length": 365000,
            "asset_id": "vod67894-000059M001",
            "title": "",
            "subtitle": "新芳春茶行",
            "ep_number": 59,
            "rating": 1,
            "content_type": "show",
            "p_start": 1762616400000,
            "vod_channel_description": "昔日的大稻埕，是各種貿易往來的重要地區，西方文明與漢人文化的交集也在此地展開。建築物本身是住商混合洋樓，主人以此地為茶葉經營的起始點，歷經了時代政治的變化，更添加了故事的精彩程度。館內已經被列為市定古蹟，目前委由國立臺北教育大學經營，以茶文化推廣與培育人才重要據點。在二樓品嘗了現泡的阿里山金萱茶，香味十足，口感清爽。不愧為臺北市的假日後花園。"
          },
          {
            "content_id": "VOD00365415",
            "time_codes": [],
            "timecode_duration": [],
            "length": 542000,
            "asset_id": "vod67894-000060M001",
            "title": "",
            "subtitle": "臺灣新文化運動紀念館",
            "ep_number": 60,
            "rating": 1,
            "content_type": "show",
            "p_start": 1762617000000,
            "vod_channel_description": "這個建築物前身是臺北北警察署，是目前僅少保存下來的30年代警察局。1998年經由政府訂為臺北市市定古蹟，2006年定位為「臺灣新文化運動紀念館」。內部一樓為常設展，展示當年文化運動的人物及事蹟，並保留一樓的監獄以及牢房等。二樓則是不定期的特展。"
          }
        ],
        "total_length": 24523000,
        "focus_index": 48,
        "next_index": 49,
        "time": 35908,
        "focus_program": {
          "content_id": "VOD00359356",
          "time_codes": [],
          "timecode_duration": [],
          "length": 244000,
          "asset_id": "vod67894-000049M001",
          "title": "",
          "subtitle": "ASMR 林口海邊",
          "ep_number": 49,
          "rating": 1,
          "content_type": "show",
          "p_start": 1762608600000,
          "vod_channel_description": "從空中俯瞰台61線濱海公路林口段，筆直的道路沿著海岸線延伸，與湛藍的台灣海峽交織成一幅美麗的畫卷。沿途可遠眺大海，感受海風吹拂，日出與黃昏更添夢幻色彩。矗立在海岸邊巨大的風力發電機與藍天白雲形成鮮明對比，台61線濱海公路林口段，無論是攝影愛好者還是單純想欣賞美景的遊客，都值得一訪。"
        }
      },
      "station_categories": [
        {
          "Name": "綜合",
          "EngName": "Variety",
          "MenuOrder": 4
        }
      ]
    },
    "introduction": {
      "image": "https://p-cdnstatic.svc.litv.tv/pics/vod_channel/logo_3204_ofiii111_mobile_20240105.png",
      "description": "",
      "href_maps": []
    },
    "recommends": [],
    "ua": "Mozilla/5.0 (Windows NT 10.0; Win64; x64) AppleWebKit/537.36 (KHTML, like Gecko) Chrome/134.0.0.0 Safari/537.36"
  },
  "__N_SSP": true
}