{
  "pageProps": {
    "contentId": "ofiii192",
    "channel": {
      "title": "生命的贏家",
      "no": 192,
      "charge_mode": "F",
      "content_id": "ofiii192",
      "content_type": "vod-channel",
      "epg_categories": [
        1
      ],
      "genres": [
        {
          "id": "",
          "name": "VOD_CHANNEL",
          "logo": ""
        }
      ],
      "liad_id": "VODCHNEWGOODOFIWEB",
      "package_info_id": "VOD_CHANNEL_DELUX",
      "picture": "pics/vod_channel/logo_ofiii192_tv_20230329.png",
      "provider": [
        {
          "id": "",
          "name": "",
          "logo": ""
        }
      ],
      "quality": "HD",
      "station_id": "station5512",
      "trial": "",
      "selectable": 1,
      "tr_logo": "",
      "tl_logo": "",
      "br_logo": "",
      "bl_logo": "",
      "menu_type": 0,
      "vod_channel_schedule": {
        "channel_id": 192,
        "cdn_code": "ofiii192",
        "start_time": 1762195200000,
        "programs": [
          {
            "content_id": "VOD00297525",
            "time_codes": [
              600000,
              1200000
            ],
            "timecode_duration": [],
            "length": 1660000,
            "asset_id": "vod34849-000206M001",
            "title": "",
            "subtitle": "第206集 大大張口祈求",
            "ep_number": 206,
            "rating": 1,
            "content_type": "blessedlife",
            "p_start": 1762195200000,
            "vod_channel_description": "上帝不是只做一些平凡無奇的事，你若想看見神蹟奇事，就必須為不可能的夢想，為克服艱難的恩寵祈求。仇敵喜歡誤導我們只做微小的禱告，相信小事就好。當你大大張口求時，上帝不但不會不高興，反而會為你傾倒承接不完的祝福，為你敞開你從未想像過的門。"
          },
          {
            "content_id": "VOD00297526",
            "time_codes": [
              600000,
              1200000
            ],
            "timecode_duration": [],
            "length": 1660000,
            "asset_id": "vod34849-000207M001",
            "title": "",
            "subtitle": "第207集 挑旺你的心",
            "ep_number": 207,
            "rating": 1,
            "content_type": "blessedlife",
            "p_start": 1762197300000,
            "vod_channel_description": "很多時候，我們因為經歷了一些重大的打擊，便漸漸失去信心與盼望。其實在這灰燼之下還有餘火在燃燒，你之所以看不見，是因為上面蓋滿了灰燼。上帝放在你裡面驚人的潛力一直都在，現在或許只是餘火，但只要不斷挑旺，新的門將敞開，許多偉大奇妙事將從你而出。"
          },
          {
            "content_id": "VOD00302984",
            "time_codes": [
              600000,
              1200000
            ],
            "timecode_duration": [],
            "length": 1655000,
            "asset_id": "vod34849-000208M001",
            "title": "",
            "subtitle": "第208集 不再受攪擾",
            "ep_number": 208,
            "rating": 1,
            "content_type": "blessedlife",
            "p_start": 1762199400000,
            "vod_channel_description": "人生短暫，你若想完全發揮潛能、實現命定，就不能讓妨礙你進入命定的事使你分心。不是每個衝突你都要在乎，許多抵擋我們的事其實只是攪擾。上帝已把美好的恩賜、各樣潛能放在你裡面，現在你當專注於你的目標與命定，祂將透過你成就偉大奇妙事。"
          },
          {
            "content_id": "VOD00302985",
            "time_codes": [
              600000,
              1200000
            ],
            "timecode_duration": [],
            "length": 1615000,
            "asset_id": "vod34849-000209M001",
            "title": "",
            "subtitle": "第209集 依靠上帝勝過困境",
            "ep_number": 209,
            "rating": 1,
            "content_type": "blessedlife",
            "p_start": 1762201500000,
            "vod_channel_description": "我們常祈求上帝救我們脫離困境，殊不知有時上帝想藉著環境來模塑我們，甚至容許環境變得更艱難，好讓人清楚看見祂在你身上的恩寵。所以面對困境時，不要一心只想著解脫，要祈求上帝來到困境中與你同在，祂要使你在困境中仍能喜樂、平安，綻放笑容。"
          },
          {
            "content_id": "VOD00307489",
            "time_codes": [
              600000,
              1200000
            ],
            "timecode_duration": [],
            "length": 1605000,
            "asset_id": "vod34849-000210M001",
            "title": "",
            "subtitle": "第210集 身處神蹟之中",
            "ep_number": 210,
            "rating": 1,
            "content_type": "blessedlife",
            "p_start": 1762203300000,
            "vod_channel_description": "當我們面對挑戰時，難免會感到恐慌、憂慮，情況不知何時才會改變。但上帝已在做工，我們正身處神蹟中。你必須提醒自己，上帝正在幕後動工，當保有正確的眼光，活出平安與信靠。攔阻你的勢力必瓦解，醫治、自由、高升與突破快來了，一切最終都將使你得享福樂。"
          },
          {
            "content_id": "VOD00307490",
            "time_codes": [
              600000,
              1200000
            ],
            "timecode_duration": [],
            "length": 1625000,
            "asset_id": "vod34849-000211M001",
            "title": "",
            "subtitle": "第211集 保護你的上帝",
            "ep_number": 211,
            "rating": 1,
            "content_type": "blessedlife",
            "p_start": 1762205100000,
            "vod_channel_description": "看到現今世界發生的事，我們不免擔憂、害怕。但你有一位保守你的上帝，祂會為你辯護和拯救你，祂知道如何保護你。當你面對困難時，當留意自己的口，不要作負面的宣告，乃是當活出平安與信心，祂會救你脫離一切網羅，惡事不得臨近你，傷害也無法進你家門。"
          },
          {
            "content_id": "VOD00307491",
            "time_codes": [
              600000,
              1200000
            ],
            "timecode_duration": [],
            "length": 1620000,
            "asset_id": "vod34849-000212M001",
            "title": "",
            "subtitle": "第212集 思想造就人生",
            "ep_number": 212,
            "rating": 1,
            "content_type": "blessedlife",
            "p_start": 1762207200000,
            "vod_channel_description": "我們常會有一些負面的思想。在此同時，卻又不明白為何自己軟弱無力，事情毫無進展，殊不知我們是被自己的思想限制了。得勝從心思開始，思想造就你的人生，你常想的是什麼，就會有什麼結果。所以我們當學會用得力的思想，就必經歷得勝、豐盛的人生。"
          },
          {
            "content_id": "VOD00310706",
            "time_codes": [
              600000,
              1200000
            ],
            "timecode_duration": [],
            "length": 1590000,
            "asset_id": "vod34849-000213M001",
            "title": "",
            "subtitle": "第213集 生命的良藥",
            "ep_number": 213,
            "rating": 1,
            "content_type": "blessedlife",
            "p_start": 1762209000000,
            "vod_channel_description": "面對現今的病毒，只要研發出疫苗與抗體，就能防範並治療。然而面對心靈的病毒，我們又該怎麼辦呢？好消息是：解藥早在兩千年前就研發出來了，不是經由頂尖的科學家，而是經由永生上帝的兒子耶穌；祂在十字架上受死，擔當了我們的罪惡、羞辱、失敗和疾病，背負了我們的痛苦。因此別讓恐懼、罪疚和憂鬱再轄制你，每天服用解藥，思想上帝的話語，得著你命定中一切的豐盛。"
          },
          {
            "content_id": "VOD00310707",
            "time_codes": [
              600000,
              1200000
            ],
            "timecode_duration": [],
            "length": 1620000,
            "asset_id": "vod34849-000214M001",
            "title": "",
            "subtitle": "第214集 動盪將使你提升",
            "ep_number": 214,
            "rating": 1,
            "content_type": "blessedlife",
            "p_start": 1762210800000,
            "vod_channel_description": "人生難免有些遭遇會大大震動我們內心深處，使我們沮喪、憂慮。其實震動並非攔阻，而是上帝的精心安排，是祂進行轉移的前兆，好使你就定位、被提升，進入新層次，得著更大的影響力。或許你的環境正在震動，但你要知道，上帝若沒有對策，就不會允許震動發生。別再因為震動而抱怨，何不調整心態，用感謝上帝的心積極面對，相信震動將為你帶來大喜樂、大祝福，使你的命定完全展開。"
          },
          {
            "content_id": "VOD00310708",
            "time_codes": [
              600000,
              1200000
            ],
            "timecode_duration": [],
            "length": 1605000,
            "asset_id": "vod34849-000215M001",
            "title": "",
            "subtitle": "第215集 重新啟動",
            "ep_number": 215,
            "rating": 1,
            "content_type": "blessedlife",
            "p_start": 1762212600000,
            "vod_channel_description": "當你安裝新軟體時，通常須要重新啟動電腦，雖然必須先暫停一切，但卻能提高效能。從某個角度而言，這正是疫情期間的光景，無法正常上班和照常活動，我們正在重新啟動。好消息是，重新啟動代表上帝在做新事，祂正在下載新軟體。關鍵是，你不能故步自封、因循守舊，而是要樂意改變，那就是為何重新檢視你的行事模式很重要。我們應當掌握上帝所賜的好機會，提升自己，迎接更大的擴張與祝福。"
          },
          {
            "content_id": "VOD00313472",
            "time_codes": [
              600000,
              1200000
            ],
            "timecode_duration": [],
            "length": 1645000,
            "asset_id": "vod34849-000216M001",
            "title": "",
            "subtitle": "第216集 預備興起",
            "ep_number": 216,
            "rating": 1,
            "content_type": "blessedlife",
            "p_start": 1762214400000,
            "vod_channel_description": "人生難免遇到打擊，我們可能因此一厥不振，但上帝創造我們，是要我們成為得勝者。祂在我們靈裡放了回彈的能力，我們雖然會經歷艱難與傷痛，但人生的狂風暴雨一過去，我們又會再次挺拔，而且比以前更強壯。我們必須時時讓上帝興起，就是看祂比自己的問題還大。"
          },
          {
            "content_id": "VOD00313473",
            "time_codes": [
              600000,
              1200000
            ],
            "timecode_duration": [],
            "length": 1650000,
            "asset_id": "vod34849-000217M001",
            "title": "",
            "subtitle": "第217集 仇敵必須退去",
            "ep_number": 217,
            "rating": 1,
            "content_type": "blessedlife",
            "p_start": 1762216500000,
            "vod_channel_description": "上帝並未應許天色常藍、人生一帆風順，我們總是會有遭遇困難的時候，然而，只要我們將上帝的道持守在心中，困難必不久留，必要退去。當仇敵藉著負面思想向我們叫囂時，最好的對策就是忽略牠，完全不在意。"
          },
          {
            "content_id": "VOD00313474",
            "time_codes": [
              600000,
              1200000
            ],
            "timecode_duration": [],
            "length": 1615000,
            "asset_id": "vod34849-000218M001",
            "title": "",
            "subtitle": "第218集 你的時候將到",
            "ep_number": 218,
            "rating": 1,
            "content_type": "blessedlife",
            "p_start": 1762218600000,
            "vod_channel_description": "我們堅信的夢想與渴望，在長久等候卻不見任何跡象時，我們往往就放棄了；但上帝卻沒有放棄，而且祂已安排了命定的時刻，要給我們驚喜。如果你看得到，上帝在你時間表上所做的安排，就不會為了所遭遇的困難與攔阻憂慮、沮喪了。"
          },
          {
            "content_id": "VOD00316650",
            "time_codes": [
              600000,
              1200000
            ],
            "timecode_duration": [],
            "length": 1610000,
            "asset_id": "vod34849-000219M001",
            "title": "",
            "subtitle": "第219集 得勝是從黑夜開始",
            "ep_number": 219,
            "rating": 1,
            "content_type": "blessedlife",
            "p_start": 1762220400000,
            "vod_channel_description": "上帝的創造是先有晚上，才有早晨，這樣是一天。祂刻意這麼做，是為了顯明祂在我們生命中行事的法則。午夜一過，雖看不到任何變化，卻已是新的一天。當你持續相信上帝的應許，持續禱告，卻看不到改變時，感覺你已落在永久的黑暗中；此時，不要因天色黑而氣餒，天色黑不表示毫無改變、上帝沒有動工。你必須知道，你已過了午夜，太陽即將升起，破曉只是遲早的事，你大蒙恩寵的時刻即將來到。"
          },
          {
            "content_id": "VOD00316651",
            "time_codes": [
              600000,
              1200000
            ],
            "timecode_duration": [],
            "length": 1555000,
            "asset_id": "vod34849-000220M001",
            "title": "",
            "subtitle": "第220集 對自己宣告祝福",
            "ep_number": 220,
            "rating": 1,
            "content_type": "blessedlife",
            "p_start": 1762222200000,
            "vod_channel_description": "祝福自己，聽起來似乎很反常、很自我中心，其實是合乎聖經的，意思是按著上帝所說、關乎你自己的真理來說自己、來宣告。單單思想是不夠的，只有當你說出來，才能使你所說的有了生命。仇敵無法咒詛你，但牠會試圖欺騙你來咒詛自己，使你因此失去命定。所以你當培養這種時時祝福自己的習慣，當你不斷宣告祝福自己的話，這些話就會進到你靈裡，最終你必成為上帝造你的樣式。"
          },
          {
            "content_id": "VOD00316652",
            "time_codes": [
              600000,
              1200000
            ],
            "timecode_duration": [],
            "length": 1545000,
            "asset_id": "vod34849-000221M001",
            "title": "",
            "subtitle": "第221集 從低谷到得勝",
            "ep_number": 221,
            "rating": 1,
            "content_type": "blessedlife",
            "p_start": 1762224000000,
            "vod_channel_description": "上帝使災禍之谷成為希望之門。或許你正處在災禍之谷、孤單之谷、負債之谷，看不到出路與盼望，然而低谷並非你的結局，上帝有其美好的計畫。儘管如此，低谷卻是不可避免的，低谷是一個考驗，我們如何走過低谷，事關重大，你在低谷所說的話，關乎你是否通過考驗。因此，不要說抱怨、悲觀的話，而是時時讚美、感恩。預備好，你即將從低谷進入得勝。"
          },
          {
            "content_id": "VOD00321494",
            "time_codes": [
              600000,
              1200000
            ],
            "timecode_duration": [],
            "length": 1520000,
            "asset_id": "vod34849-000222M001",
            "title": "",
            "subtitle": "第222集 人生的拼圖",
            "ep_number": 222,
            "rating": 1,
            "content_type": "blessedlife",
            "p_start": 1762225800000,
            "vod_channel_description": "人生都會經歷一些我們不明白的事，上帝的道路非同我們的道路，祂看得見我們所看不見的，我們的腳步是耶和華所立定，祂既然允許，必有美意。事件本身或許不好、不公平，令你痛苦不堪，但最後的結果必讓你看見益處。因此，保有信心之道，就是認清發生在我們生命中的一切，都是上帝計畫的一部分，絕非偶然，並學會在不明白時，依然信靠上帝。"
          },
          {
            "content_id": "VOD00321495",
            "time_codes": [
              600000,
              1200000
            ],
            "timecode_duration": [],
            "length": 1545000,
            "asset_id": "vod34849-000223M001",
            "title": "",
            "subtitle": "第223集 屬天能力已降臨",
            "ep_number": 223,
            "rating": 1,
            "content_type": "blessedlife",
            "p_start": 1762227600000,
            "vod_channel_description": "人生總有疲乏的時候，我們已竭盡全力、保持堅強，卻遲遲不見改變，我們感到累了。有時我們會認為這是缺乏信心，但上帝並未要求你時時都剛強，祂了解我們是人，會有疲乏、走不下去的時候，祂不會因我們軟弱而苛責我們；反之，祂會賜你屬天的力量，那是超自然的力量，是持久的力量、再嘗試並更上一層樓的力量，使你能繼續完成你的命定。"
          },
          {
            "content_id": "VOD00321496",
            "time_codes": [
              600000,
              1200000
            ],
            "timecode_duration": [],
            "length": 1550000,
            "asset_id": "vod34849-000224M001",
            "title": "",
            "subtitle": "第224集 謹記上帝的話",
            "ep_number": 224,
            "rating": 1,
            "content_type": "blessedlife",
            "p_start": 1762229400000,
            "vod_channel_description": "我們心中都有上帝所賜的應許，都知道祂向我們說過的話，我們很有信心、持續禱告，並懷抱熱忱；然而等候的時日一久，我們經歷了一些失望與挫敗，往往會任憑負面思想淹沒上帝的話。若要保有信心，就是必須學會掌管你的心思，不任憑負面思想橫行，而是積極對付，刻意謹記上帝的話，憑信心而行，而非憑眼見，上帝是信實的，祂必完成祂所開始的善工。"
          },
          {
            "content_id": "VOD00324026",
            "time_codes": [
              600000,
              1200000
            ],
            "timecode_duration": [],
            "length": 1550000,
            "asset_id": "vod34849-000225M001",
            "title": "",
            "subtitle": "第225集 以信心回應應許",
            "ep_number": 225,
            "rating": 1,
            "content_type": "blessedlife",
            "p_start": 1762231200000,
            "vod_channel_description": "上帝透過聖經賜下許多大能的應許，包括恩寵、自由、得勝與豐盛等，然而只有應許是不夠的，你必須添加啟動的元素，就是用信心與應許調和，才能使應許成就。問題是，我們往往用懷疑調和，用害怕調和，用自憐調和，用抱怨調和，但只有一種元素與你有益，其餘都無益。因此，開始用信心調和，應許才能變得與你有益，你才能看見上帝的偉大。"
          },
          {
            "content_id": "VOD00324027",
            "time_codes": [
              600000,
              1200000
            ],
            "timecode_duration": [],
            "length": 1550000,
            "asset_id": "vod34849-000226M001",
            "title": "",
            "subtitle": "第226集 你是好種子",
            "ep_number": 226,
            "rating": 1,
            "content_type": "blessedlife",
            "p_start": 1762233000000,
            "vod_channel_description": "聖經說，我們有上帝屬天的性情，我們是祂的子嗣，意思就是，你有全能上帝的基因，在你內心的種子裡，有恩寵、創意、勇氣等等。你是好種子，惡劣的環境不能攔阻好種子，反而是肥料，雖然奇臭無比，卻能供給成長的養分。你的種子種在地裡，感覺就像被埋葬，很黑暗，看不到出路，其實你是被栽種，種子的生命力最後必破土而出，開花、結果，看見上帝的偉大。"
          },
          {
            "content_id": "VOD00324028",
            "time_codes": [
              600000,
              1200000
            ],
            "timecode_duration": [],
            "length": 1515000,
            "asset_id": "vod34849-000227M001",
            "title": "",
            "subtitle": "第227集 時間將為你效力",
            "ep_number": 227,
            "rating": 1,
            "content_type": "blessedlife",
            "p_start": 1762234800000,
            "vod_channel_description": "我們都有過經歷，感覺自己失去了一段時間，不論是感情不順、成長的環境不健全、罹患重病或受癮癖所苦，我們也莫可奈何。但上帝在約珥書說：「蝗蟲、蝻子、螞蚱、剪蟲那些年所吃的，我要補還你們。」或許你覺得時間不夠了，但上帝對你的計畫不會超越你的年限，祂不會賜你命定，卻不給你時間完成。所以時間並非不夠，反而很充裕，上帝放在你心裡的每件事都必成就。"
          },
          {
            "content_id": "VOD00326616",
            "time_codes": [
              600000,
              1200000
            ],
            "timecode_duration": [],
            "length": 1525000,
            "asset_id": "vod34849-000228M001",
            "title": "",
            "subtitle": "第228集 話語的大能",
            "ep_number": 228,
            "rating": 1,
            "content_type": "blessedlife",
            "p_start": 1762236600000,
            "vod_channel_description": "舊約時代，人們需要靠行為、靠遵守律法才能蒙福；但我們活在新約的時代，主耶穌已經付上一切代價，為要我們得著豐盛的生命。我們只需要宣告祂為我們成就的一切，全心相信上帝的應許，持定所承認的道，就必定看見美好的事成就。"
          },
          {
            "content_id": "VOD00326617",
            "time_codes": [
              600000,
              1200000
            ],
            "timecode_duration": [],
            "length": 1545000,
            "asset_id": "vod34849-000229M001",
            "title": "",
            "subtitle": "第229集 繼續向前行",
            "ep_number": 229,
            "rating": 1,
            "content_type": "blessedlife",
            "p_start": 1762238400000,
            "vod_channel_description": "我們所事奉的是超自然的上帝，你是否因為凡事要求合常理，只從自然界的觀點思考，以致錯失神蹟？上帝要我們做的不總是合乎常理，祂的道路非同我們的道路，許多時候純粹只是考驗，你若順服了，神蹟就跟著來。耶穌所行的許多神蹟，都需要有順服的行動。帶來神蹟的是順服。許多時候，你絲毫看不到任何改變，是因神蹟還在過程中，當你不斷順服，在看似不合常理時繼續前行，神蹟就會發生。"
          },
          {
            "content_id": "VOD00326618",
            "time_codes": [
              600000,
              1200000
            ],
            "timecode_duration": [],
            "length": 1510000,
            "asset_id": "vod34849-000230M001",
            "title": "",
            "subtitle": "第230集 走出舒適圈",
            "ep_number": 230,
            "rating": 1,
            "content_type": "blessedlife",
            "p_start": 1762240200000,
            "vod_channel_description": "人很容易變安逸，以致輕忽上帝上好的福分，雖然知道自己還有志願未實現，卻不想費力去得著，不想冒險，害怕會失敗。安逸最大的問題，就是會使你錯失命定，當上帝要提升你時，必定會有拉扯，你必須抉擇：安舒或呼召？你若願意走出安逸，進入呼召，上帝會成就你做不到的事。你現在或許沒有力量，那是因為上帝在等你先行動，當你踏出去時，力量就來了，勇氣就來了，恩寵就來了。"
          },
          {
            "content_id": "VOD00330506",
            "time_codes": [
              600000,
              1200000
            ],
            "timecode_duration": [],
            "length": 1545000,
            "asset_id": "vod34849-000231M001",
            "title": "",
            "subtitle": "第231集 堅定遵行上帝的道",
            "ep_number": 231,
            "rating": 1,
            "content_type": "blessedlife",
            "p_start": 1762242000000,
            "vod_channel_description": "我們都有等候得著的事，當長久等候卻看不到任何跡象時，我們往往會感到挫折而放棄，不知等候其實是上帝的考驗。你會感到挫折而不再相信，還是會堅定遵行？儘管多有挑戰，看不到任何改變，你卻不抱怨，而是持續感謝上帝，持續宣告祂的應許，持續期待祂的恩惠，持續做對的事，這就是堅定遵行的意思。你若這麼做，上帝必使你承受地土，你必看見應許成真。"
          },
          {
            "content_id": "VOD00330507",
            "time_codes": [
              600000,
              1200000
            ],
            "timecode_duration": [],
            "length": 1515000,
            "asset_id": "vod34849-000232M001",
            "title": "",
            "subtitle": "第232集 你的真實身分",
            "ep_number": 232,
            "rating": 1,
            "content_type": "blessedlife",
            "p_start": 1762243800000,
            "vod_channel_description": "世上有許多聲音會定義我們，告訴我們我們是誰，有的很令人振奮，有的則很負面。關鍵是，你的聲音才是最重要的，你說你是誰？你將成為什麼樣的人，在於你的選擇，你不該讓人定義你，讓環境為你貼標籤，而是該回歸上帝是怎麼說你的。上帝稱你為大能的勇士、是非凡之子，世界的聲音卻說你是平凡、沒有才華又軟弱。這是兩個互相矛盾的聲音，到底哪個才是真的？其實兩種聲音都能成真，全在於你贊同哪一方，只要你相信上帝並祂造你的本相，必能看見上帝為你成就非凡大事。"
          },
          {
            "content_id": "VOD00330508",
            "time_codes": [
              600000,
              1200000
            ],
            "timecode_duration": [],
            "length": 1535000,
            "asset_id": "vod34849-000233M001",
            "title": "",
            "subtitle": "第233集 耐心等候上帝的應許",
            "ep_number": 233,
            "rating": 1,
            "content_type": "blessedlife",
            "p_start": 1762245600000,
            "vod_channel_description": "上帝為每個人預備了美好的福分，有些人較早看到夢想成真，有些人則不然。當上帝的應許似乎超過我們預期的時間，常常表示我們尚未預備好面對隨之而來相應的挑戰與影響力。要繼續耐心等候，同時持守信心，繼續做對的事，當時機成熟，上帝的禮物必定揭開，偉大與美好超乎所想"
          },
          {
            "content_id": "VOD00332696",
            "time_codes": [
              600000,
              1200000
            ],
            "timecode_duration": [],
            "length": 1550000,
            "asset_id": "vod34849-000234M001",
            "title": "",
            "subtitle": "第234集 試煉的焚風",
            "ep_number": 234,
            "rating": 1,
            "content_type": "blessedlife",
            "p_start": 1762247400000,
            "vod_channel_description": "人生難免經歷困難，上帝並未阻止每一個艱難臨到，反而允許挑戰將我們推進命定，若不經歷試煉的焚風，我們就無法成為受造的樣式。當你感到承受不住時，你雖端正行事、禱告不懈，卻不見好轉，那不只是偶發的挑戰，而是遇到試煉的焚風。上帝要看看你的本質如何，你扎根有多深，你會心懷苦毒、沮喪氣餒，還是向下扎根。若想通過試煉的焚風，就要下定決心，堅定不移地站立，向下深深扎根，才能承接上帝所預備的豐盛祝福。"
          },
          {
            "content_id": "VOD00332697",
            "time_codes": [
              600000,
              1200000
            ],
            "timecode_duration": [],
            "length": 1550000,
            "asset_id": "vod34849-000235M001",
            "title": "",
            "subtitle": "第235集 曠野中的青草地",
            "ep_number": 235,
            "rating": 1,
            "content_type": "blessedlife",
            "p_start": 1762249200000,
            "vod_channel_description": "人生都會經歷曠野，遭逢難以承受的境遇，但在這些挑戰中，卻有一股力量扶持我們，那就是上帝在曠野中賜你青草地，使艱難之地變容易了。若非祂的恩典，我們早已不支倒地了。不管你經歷什麼，疾病、婚變或背叛，因你是至高上帝的兒女，曠野中必有青草地，你不會承受不住，不會不堪負荷。上帝將賜你力量，是你無法解釋的，賜你勇氣，是你不知自己有的，賜你恩惠，是出乎你意料的，而且還要使你在曠野中昌盛。"
          },
          {
            "content_id": "VOD00332698",
            "time_codes": [
              600000,
              1200000
            ],
            "timecode_duration": [],
            "length": 1575000,
            "asset_id": "vod34849-000236M001",
            "title": "",
            "subtitle": "第236集 在生命中作王",
            "ep_number": 236,
            "rating": 1,
            "content_type": "blessedlife",
            "p_start": 1762251000000,
            "vod_channel_description": "我們受造不是要一生都受制於問題，掙扎著想勝過或平庸度日，上帝造我們是要我們作王，成為得勝者，而非受害者。或許你覺得自己處於劣勢，被輕看、壓迫，那足以使大多數人活得挫敗、平庸。然而，對基督徒卻不然，因我們是王的兒子、王的女兒。我們有優勢，身上有恩惠，能使我們去到自己去不了的地方。上帝正在對我們說：「王的兒女作王的時候到了！」\n要抬頭挺胸，有正確眼光，重拾熱情，重燃熱火，上帝即將為我們行奇事，我們即將看到前所未見的恩惠。"
          },
          {
            "content_id": "VOD00337120",
            "time_codes": [
              600000,
              1200000
            ],
            "timecode_duration": [],
            "length": 1575000,
            "asset_id": "vod34849-000237M001",
            "title": "",
            "subtitle": "第237集 放手交託",
            "ep_number": 237,
            "rating": 1,
            "content_type": "blessedlife",
            "p_start": 1762252800000,
            "vod_channel_description": "上帝將應許和夢想放在每個人心中，但卻未告訴我們將如何成就或何時成就，若非按照我們的預期或時間表，我們往往會感到氣餒。你一旦禱告、相信了，就必須把如何成就、何時成就都交託給上帝，因為祂的道路非同我們的道路。人不可能既信靠上帝，又感到擔憂，所以你要放手交託、進入安息。"
          },
          {
            "content_id": "VOD00337121",
            "time_codes": [
              600000,
              1200000
            ],
            "timecode_duration": [],
            "length": 1575000,
            "asset_id": "vod34849-000238M001",
            "title": "",
            "subtitle": "第238集 大有盼望",
            "ep_number": 238,
            "rating": 1,
            "content_type": "blessedlife",
            "p_start": 1762254600000,
            "vod_channel_description": "保羅在羅馬書15章13節說：「使你們藉著聖靈的能力大有盼望。」有盼望是一回事，但保羅祈求我們能大有盼望。當你大有盼望，外在環境就無法影響你，你不會因尚未發生而氣餒，因看不到出路而擔憂，你知道上帝仍坐在寶座上，你會持續感謝上帝。人生一定會面對負面情緒，何不讓自己大有盼望呢？"
          },
          {
            "content_id": "VOD00337122",
            "time_codes": [
              600000,
              1200000
            ],
            "timecode_duration": [],
            "length": 1575000,
            "asset_id": "vod34849-000239M001",
            "title": "",
            "subtitle": "第239集 牢記你的身分",
            "ep_number": 239,
            "rating": 1,
            "content_type": "blessedlife",
            "p_start": 1762256400000,
            "vod_channel_description": "人生中逆境難免，遇到問題時，我們常想著如何脫困，卻不明白這時要專注於身分，我是誰。我們當持定身分，知道自己屬於上帝，祂是我的父親，祂必解決問題。找出解決的方案並非我們的職責，要把這個留給上帝處理，不擔憂，不自取壓力，這是為父的心意，因我們是祂喜悅的兒女。"
          },
          {
            "content_id": "VOD00339585",
            "time_codes": [
              600000,
              1200000
            ],
            "timecode_duration": [],
            "length": 1570000,
            "asset_id": "vod34849-000240M001",
            "title": "",
            "subtitle": "第240集 上帝必隱藏你",
            "ep_number": 240,
            "rating": 1,
            "content_type": "blessedlife",
            "p_start": 1762258200000,
            "vod_channel_description": "出埃及前夜，以色列民因門框門楣上有血，滅命天使越門而過，長子性命得以保全。同樣，基督徒的生命中因有主寶血塗抹，原本要傷害我們的各樣厄運，也無法造成傷害。上帝已應許將我們遮蓋，把我們隱藏在安全之處，所以我們當持守信心，不要憂慮害怕。"
          },
          {
            "content_id": "VOD00339586",
            "time_codes": [
              600000,
              1200000
            ],
            "timecode_duration": [],
            "length": 1575000,
            "asset_id": "vod34849-000241M001",
            "title": "",
            "subtitle": "第241集 榮耀的重量",
            "ep_number": 241,
            "rating": 1,
            "content_type": "blessedlife",
            "p_start": 1762260000000,
            "vod_channel_description": "屬靈的肌肉不夠強壯，沒有相應的品格，就無法承擔相應的職責，承載相應的榮耀之重。所以，上帝在把更大的責任託付我們之前，必先透過艱難及負面環境熬練、考驗我們。如同冬季樹枝光禿，沒有果子，沒有樹葉，看似已死，實則樹木在養精蓄銳，更深地跟向下扎根，為來年的收穫做準備。"
          },
          {
            "content_id": "VOD00339587",
            "time_codes": [
              600000,
              1200000
            ],
            "timecode_duration": [],
            "length": 1560000,
            "asset_id": "vod34849-000242M001",
            "title": "",
            "subtitle": "第242集 為你的未來爭戰",
            "ep_number": 242,
            "rating": 1,
            "content_type": "blessedlife",
            "p_start": 1762261800000,
            "vod_channel_description": "許多人一生遭遇許多難處，遇到許多攔阻，看似不公平，逆境重重，卻不知道這是因自己蘊藏偉大，注定要成就大事，所以仇敵才興風作浪，竭盡所能地攔阻。好消息是上帝正為你爭戰，如同格拉森被鬼附的人，時候一到，耶穌就穿越湖面而來，祂平靜風浪，釋放拯救。所以，我們當持守信心，一心仰望，不要灰心。"
          },
          {
            "content_id": "VOD00342488",
            "time_codes": [
              600000,
              1200000
            ],
            "timecode_duration": [],
            "length": 1550000,
            "asset_id": "vod34849-000243M001",
            "title": "",
            "subtitle": "第243集 繼續宣告得勝",
            "ep_number": 243,
            "rating": 1,
            "content_type": "blessedlife",
            "p_start": 1762263600000,
            "vod_channel_description": "聖經說，你們必吃嘴唇所結的果子。話語設定人生的方向，負面、消極、抱怨的話語將我們引向平庸與失敗；不斷地宣告上帝對我們的評價與應許，則引導我們進入上帝命定的福。所以，當務必留意口裡所出的話語。"
          },
          {
            "content_id": "VOD00342489",
            "time_codes": [
              600000,
              1200000
            ],
            "timecode_duration": [],
            "length": 1530000,
            "asset_id": "vod34849-000244M001",
            "title": "",
            "subtitle": "第244集 最美人生就在前頭",
            "ep_number": 244,
            "rating": 1,
            "content_type": "blessedlife",
            "p_start": 1762265400000,
            "vod_channel_description": "牧師解釋，迦拿婚宴中耶穌行神蹟，先前的酒喝完了，才能喝到更好的酒。同樣，若要經歷更大的福分、更美的人生，先前的美好必須來到盡頭。所以，要持守信心，知道這一切都在上帝的掌管與規劃中，用正確的眼光看待各種遭遇，在期盼中迎接更美的未來。"
          },
          {
            "content_id": "VOD00342490",
            "time_codes": [
              600000,
              1200000
            ],
            "timecode_duration": [],
            "length": 1540000,
            "asset_id": "vod34849-000245M001",
            "title": "",
            "subtitle": "第245集 世代的祝福",
            "ep_number": 245,
            "rating": 1,
            "content_type": "blessedlife",
            "p_start": 1762267200000,
            "vod_channel_description": "許多人經歷累代咒詛，包括各種不健全、癮症、貧窮、平庸等，但聖經記載也有世代祝福，包括慷慨、恩慈、憐憫、寬恕等。我們應當挺身而出，做正確的選擇，終止負面循環，開創祝福，帶家族走新路。如此，不但自己收穫美好的果實，也為後代積蓄祝福與恩惠。"
          },
          {
            "content_id": "VOD00345957",
            "time_codes": [
              600000,
              1200000
            ],
            "timecode_duration": [],
            "length": 1570000,
            "asset_id": "vod34849-000246M001",
            "title": "",
            "subtitle": "第246集 你比想像的剛強",
            "ep_number": 246,
            "rating": 1,
            "content_type": "blessedlife",
            "p_start": 1762269000000,
            "vod_channel_description": "許多時候我們面對艱難與困境，彷彿力不能勝，不堪重負，這時很想放棄。但我們如同種子，外表看似弱小，裡面卻蘊含無窮的生命大能，一旦萌芽，就能推開厚重的泥土茁壯成長。我們當轉換眼光，棄絕「做不到」的心態，與上帝對齊，發掘上帝內在寶藏，剛強站立，面對挑戰，迎接生命的新階段。"
          },
          {
            "content_id": "VOD00345958",
            "time_codes": [
              600000,
              1200000
            ],
            "timecode_duration": [],
            "length": 1535000,
            "asset_id": "vod34849-000247M001",
            "title": "",
            "subtitle": "第247集 掌管你的生活空間",
            "ep_number": 247,
            "rating": 1,
            "content_type": "blessedlife",
            "p_start": 1762270800000,
            "vod_channel_description": "聖經寫道：治服己心，強如取城。我們無法掌控外部環境，無法攔阻許多事情發生，但我們能掌控自己的心思、態度與回應。生活中我們必須豎起心靈的城牆，不容負面因素進入，毒害我們。包括他人的無理與冒犯、不順遂的事情、天氣、交通、突發的變故等。"
          },
          {
            "content_id": "VOD00345959",
            "time_codes": [
              600000,
              1200000
            ],
            "timecode_duration": [],
            "length": 1530000,
            "asset_id": "vod34849-000248M001",
            "title": "",
            "subtitle": "第248集 患難只是暫時的",
            "ep_number": 248,
            "rating": 1,
            "content_type": "blessedlife",
            "p_start": 1762272600000,
            "vod_channel_description": "人生中患難難免，上帝從未應許我們信心生活能免於艱難，但祂的確應許患難只是暫時，且要為我們成就永遠的榮耀。艱難中，我們很容易憑眼見，以為問題解決曠日廢時，殊不知上帝已在幕後動工，扭轉情勢，使我們受益。所以，我們當轉換心態，相信很多事情很快就要轉化，上帝掌權。"
          },
          {
            "content_id": "VOD00348445",
            "time_codes": [
              600000,
              1200000
            ],
            "timecode_duration": [],
            "length": 1545000,
            "asset_id": "vod34849-000249M001",
            "title": "",
            "subtitle": "第249集 當上帝似乎遲延",
            "ep_number": 249,
            "rating": 1,
            "content_type": "blessedlife",
            "p_start": 1762274400000,
            "vod_channel_description": "以聖經中撒拉老年生子、拉撒路死裡復活、彼得捕獲滿載的魚獲為例，說明有時上帝看似耽延，沒在我們預計的時間出現，成就應許，其實祂並非耽延，而是在預備更大更好的福分，超乎所想。重要的是在等候的過程中，不要灰心放棄，要繼續做對的事，繼續尊崇上帝，時候一到，必看到美好的事情發生。"
          },
          {
            "content_id": "VOD00348446",
            "time_codes": [
              600000,
              1200000
            ],
            "timecode_duration": [],
            "length": 1570000,
            "asset_id": "vod34849-000250M001",
            "title": "",
            "subtitle": "第250集 上帝要替你伸冤",
            "ep_number": 250,
            "rating": 1,
            "content_type": "blessedlife",
            "p_start": 1762276200000,
            "vod_channel_description": "我們都會遭遇不公平，別人錯待我們，遭人嫉妒、毀謗，做生意被騙或朋友失信，這都是人生常有的事。要記得，上帝是公正的，祂看見你所經歷的一切、誰虧負了你，你不需要自己伸冤，至高上帝會為你評斷是非，祂不會再讓你的帳戶老是赤字，祂會親自替你算帳。關鍵是，不要期待人來補償你，要期待上帝。"
          },
          {
            "content_id": "VOD00348447",
            "time_codes": [
              600000,
              1200000
            ],
            "timecode_duration": [],
            "length": 1590000,
            "asset_id": "vod34849-000251M001",
            "title": "",
            "subtitle": "第251集 清理紛亂的思緒",
            "ep_number": 251,
            "rating": 1,
            "content_type": "blessedlife",
            "p_start": 1762278000000,
            "vod_channel_description": "環境中常有些事使人心煩意亂，產生擔憂、焦慮、被冒犯等負面思緒。我們無法阻止負面事情發生，但我們能靠著聖靈，不讓負面思緒駐留腦海。許多人沒有察覺心思的混亂，以致於耗費寶貴的時間和精力在毫無意義的事情上，生命受極大的虧損。"
          },
          {
            "content_id": "VOD00350933",
            "time_codes": [
              600000,
              1200000
            ],
            "timecode_duration": [],
            "length": 1535000,
            "asset_id": "vod34849-000252M001",
            "title": "",
            "subtitle": "第252集 上帝掌管一切",
            "ep_number": 252,
            "rating": 1,
            "content_type": "blessedlife",
            "p_start": 1762279800000,
            "vod_channel_description": "我們都經歷過事與願違的時候，升遷落空、貸款沒著落、關係吹了，我們雖盡了力，禱告也相信，門卻關上了。上帝並非不知如何翻轉你的境況，關鍵是，上帝是你的守門人，祂掌管什麼開、什麼關，人或障礙都不能攔阻上帝對你的命定。今天你因失敗而沮喪嗎？因夢想不能實現而氣餒嗎？"
          },
          {
            "content_id": "VOD00350934",
            "time_codes": [
              600000,
              1200000
            ],
            "timecode_duration": [],
            "length": 1590000,
            "asset_id": "vod34849-000253M001",
            "title": "",
            "subtitle": "第253集 不憑眼見的信心",
            "ep_number": 253,
            "rating": 1,
            "content_type": "blessedlife",
            "p_start": 1762281600000,
            "vod_channel_description": "順心如意時，要相信當然容易，但若看得見，就不需要信心了。在所信的事上，看不到任何跡象，才是考驗的時候。許多時候應許成就前，會經歷沉寂的季節，完全看不到改變，這是大多數人放棄的時候。"
          },
          {
            "content_id": "VOD00350935",
            "time_codes": [
              600000,
              1200000
            ],
            "timecode_duration": [],
            "length": 1520000,
            "asset_id": "vod34849-000254M001",
            "title": "",
            "subtitle": "第254集 嶄新的態度",
            "ep_number": 254,
            "rating": 1,
            "content_type": "blessedlife",
            "p_start": 1762283400000,
            "vod_channel_description": "態度影響人生的高度。態度惡劣，缺乏感恩，只會挑錯，思想負面，表示我們的心靈已被污染、堵塞，無法正常發揮功能。我們應當反省，或許問題並不是在外在環境，而是出在自己身上，需要改變的人是自己。一旦我們調整心態，相信上帝的話語，持定祂的應許，就是調整自己，走在正確方向，提升必定指日可待。"
          },
          {
            "content_id": "VOD00353628",
            "time_codes": [
              600000,
              1200000
            ],
            "timecode_duration": [],
            "length": 1570000,
            "asset_id": "vod34849-000255M001",
            "title": "",
            "subtitle": "第255集 承接祝福",
            "ep_number": 255,
            "rating": 1,
            "content_type": "blessedlife",
            "p_start": 1762285200000,
            "vod_channel_description": "耶穌應許要賜福我們，但祂也說過，會有逼迫隨之而來。問題其實不是：你能承接祝福嗎？而是：你能承受逼迫，承受被誤解、議論或排擠嗎？要得著祝福，必有某種形式的逼迫，當你能承受逼迫時，上帝必釋放超乎你所求所想的祝福。"
          },
          {
            "content_id": "VOD00353629",
            "time_codes": [
              600000,
              1200000
            ],
            "timecode_duration": [],
            "length": 1570000,
            "asset_id": "vod34849-000256M001",
            "title": "",
            "subtitle": "第256集 宣告祝福",
            "ep_number": 256,
            "rating": 1,
            "content_type": "blessedlife",
            "p_start": 1762287000000,
            "vod_channel_description": "話語大有能力，舊約世代的人們懂這原則，所以年邁的父親會對兒女宣告祝福。許多人一生中不曾經歷祝福的宣告，聽到的都是負面的指責與評論。我們當棄絕這種負面聲音，用心領受上帝對我們的評價，常常對自己、對家人、對周遭的人們宣告美好、祝福、恩惠、慈愛等正面話語，就必看見上帝的話語成真。"
          },
          {
            "content_id": "VOD00353630",
            "time_codes": [
              600000,
              1200000
            ],
            "timecode_duration": [],
            "length": 1565000,
            "asset_id": "vod34849-000257M001",
            "title": "",
            "subtitle": "第257集 上帝的賜福",
            "ep_number": 257,
            "rating": 1,
            "content_type": "blessedlife",
            "p_start": 1762288800000,
            "vod_channel_description": "遭遇逆境時不要苦毒，乃是要持守信心，仰望感謝並尊榮上帝，祂的祝福便會使你福杯滿溢，無處可容。不僅你一人獨享，身邊眾人也因你而蒙福，你一生將有祝福享用不盡，且還要傳給世世代代的子孫。"
          },
          {
            "content_id": "VOD00355784",
            "time_codes": [
              600000,
              1200000
            ],
            "timecode_duration": [],
            "length": 1545000,
            "asset_id": "vod34849-000258M001",
            "title": "",
            "subtitle": "第258集 自我價值 無須證明",
            "ep_number": 258,
            "rating": 1,
            "content_type": "blessedlife",
            "p_start": 1762290600000,
            "vod_channel_description": "你若不知你是誰，不知道你是至高神的兒女，就會花心思尋求人的認可；當你安於上帝造你的樣式，對自己的恩賜心懷感恩，滿意自己的長相與個性，就不會到處跟人爭競了。所以你當奔跑你的道路，定睛標竿，動機純正，這樣你將活得更自由，並看到上帝更大的恩寵。"
          },
          {
            "content_id": "VOD00355785",
            "time_codes": [
              600000,
              1200000
            ],
            "timecode_duration": [],
            "length": 1565000,
            "asset_id": "vod34849-000259M001",
            "title": "",
            "subtitle": "第259集 持守內心的感動",
            "ep_number": 259,
            "rating": 1,
            "content_type": "blessedlife",
            "p_start": 1762292400000,
            "vod_channel_description": "上帝會把感動放在信徒心中，打開我們屬靈的耳朵，聽見祂的聲音，直接與我們溝通。但這種領受常與現實面相反，這時我們必須選擇相信聖靈的感動，而非肉眼所見。若人生只憑肉眼所見，只看環境行事，就難以實現上帝的應許。上帝的兒女理應順著聖靈行事，才能看見上帝行大事，生命綻放光彩。"
          },
          {
            "content_id": "VOD00355786",
            "time_codes": [
              600000,
              1200000
            ],
            "timecode_duration": [],
            "length": 1525000,
            "asset_id": "vod34849-000260M001",
            "title": "",
            "subtitle": "第260集 上帝的心意",
            "ep_number": 260,
            "rating": 1,
            "content_type": "blessedlife",
            "p_start": 1762294200000,
            "vod_channel_description": "人生應該有比自己更大的志向，你受造是要幫助人，成為別人的祝福、扶持軟弱的人，讓世界變得更好。當你胸懷大志時，就能相信自己能成就不可能的事，勝過看似無法克服的艱難。就像大衛，我們都能在志向中發現屬於我們的冠冕，在我們成為他人祝福的同時，也將看到升遷、突破與夢想成真。"
          },
          {
            "content_id": "VOD00357928",
            "time_codes": [
              600000,
              1200000
            ],
            "timecode_duration": [],
            "length": 1545000,
            "asset_id": "vod34849-000261M001",
            "title": "",
            "subtitle": "第261集 俯就人的上帝",
            "ep_number": 261,
            "rating": 1,
            "content_type": "blessedlife",
            "p_start": 1762296000000,
            "vod_channel_description": "人大多認為，若端正生活，上帝必賜福我們，若清理自己的生命、擺脫惡習，上帝就賜我們恩寵；問題是，無人能這樣生活，人都會犯錯，都會落入試探、受情緒主導，此時，必然感到無望。因此，我們必須認識，不論你的光景有多低，上帝的恩典都能隨時臨到你，沒有論斷與定罪，只有盼望與更新。"
          },
          {
            "content_id": "VOD00357929",
            "time_codes": [
              600000,
              1200000
            ],
            "timecode_duration": [],
            "length": 1495000,
            "asset_id": "vod34849-000262M001",
            "title": "",
            "subtitle": "第262集 聖靈的寶劍",
            "ep_number": 262,
            "rating": 1,
            "content_type": "blessedlife",
            "p_start": 1762297800000,
            "vod_channel_description": "聖經說，上帝的道是聖靈的寶劍。當你開口宣告上帝的應許，就是揮舞寶劍，你一揮舞，上帝就為你爭戰。禱告祈求、懷抱希望固然好，但卻不夠。你或許正等著上帝出手幫助你，殊不知上帝正在等你拔出寶劍。當揮舞寶劍時，你將擊敗巨人，你開不了的門將敞開，你將戒除癮癖、勝過憂鬱，並看到夢想實現。"
          },
          {
            "content_id": "VOD00357930",
            "time_codes": [
              600000,
              1200000
            ],
            "timecode_duration": [],
            "length": 1545000,
            "asset_id": "vod34849-000263M001",
            "title": "",
            "subtitle": "第263集 自我肯定",
            "ep_number": 263,
            "rating": 1,
            "content_type": "blessedlife",
            "p_start": 1762299600000,
            "vod_channel_description": "許多人無法肯定與接納自己，終生與自己為敵，從而攔阻了自己的進步與提升。基督徒要了解上帝已完全赦免我們，祂完全接納我們。雖然我們的生命尚不完美，但我們並非成品，上帝仍在我們生命中動工，過程中我們要與上帝同心合意，接受祂對我們的接納與肯定，才能逐步發揮潛力，成就命定。"
          },
          {
            "content_id": "VOD00362144",
            "time_codes": [
              600000,
              1200000
            ],
            "timecode_duration": [],
            "length": 1550000,
            "asset_id": "vod34849-000264M001",
            "title": "",
            "subtitle": "第264集 新事正在發生",
            "ep_number": 264,
            "rating": 1,
            "content_type": "blessedlife",
            "p_start": 1762301400000,
            "vod_channel_description": "先知以賽亞向被擄至巴比倫的以色列百姓發預言，上帝要做新事，雖然環境看似毫無可能，但祂是不受環境限制的上帝。如今祂也對百姓說同樣的話：祂要做新事，已經在運行，祂是曠野開道路，沙漠開江河的上帝，在祂凡事都能。我們當改變心態，轉換眼光，充滿期盼，敞開領受上帝的新作為。"
          },
          {
            "content_id": "VOD00362145",
            "time_codes": [
              600000,
              1200000
            ],
            "timecode_duration": [],
            "length": 1545000,
            "asset_id": "vod34849-000265M001",
            "title": "",
            "subtitle": "第265集 上帝的大能",
            "ep_number": 265,
            "rating": 1,
            "content_type": "blessedlife",
            "p_start": 1762303200000,
            "vod_channel_description": "基督徒或許表面看來普通，裡面卻不同凡響，因天父為我們超自然充電，如同汽車經過內部改裝，功能更強、操控性更佳，我們經過天父這位機械大師的改裝，裡面已煥然一新，具備前所未見的條件與資源，能成就大事，超乎所想。"
          },
          {
            "content_id": "VOD00362146",
            "time_codes": [
              600000,
              1200000
            ],
            "timecode_duration": [],
            "length": 1550000,
            "asset_id": "vod34849-000266M001",
            "title": "",
            "subtitle": "第266集 你不是受害者",
            "ep_number": 266,
            "rating": 1,
            "content_type": "blessedlife",
            "p_start": 1762305000000,
            "vod_channel_description": "人生中挫敗、負面經歷都是難免的，經歷過這些事情之後，我們的心態如何？是否自認受害者，活在苦毒與自憐中，或相信上帝掌權，祂應許雙倍補償？未來如何，在於我們的抉擇。所有改變始於思維，我們當勇敢拒絕作受害者，不讓受害者心態駐留，要轉換眼光，看自己為永遠的得勝者，活在上帝的應許中。"
          },
          {
            "content_id": "VOD00364145",
            "time_codes": [
              600000,
              1200000
            ],
            "timecode_duration": [],
            "length": 1540000,
            "asset_id": "vod34849-000267M001",
            "title": "",
            "subtitle": "第267集 無懼仇敵的威嚇",
            "ep_number": 267,
            "rating": 1,
            "content_type": "blessedlife",
            "p_start": 1762306800000,
            "vod_channel_description": "聖經明示，仇敵如吼叫的獅子遍地遊行，四處尋找可吞吃的人。牠不斷地以負面思想轟炸我們，不斷叫囂，試圖使我們驚恐、害怕、憂慮，從而放棄上帝的應許與人生目標。正確的心態是不予理會，專注於目標與應許，靠主剛強，與大有信心的同伴為伍，繼續前進。"
          },
          {
            "content_id": "VOD00364146",
            "time_codes": [
              600000,
              1200000
            ],
            "timecode_duration": [],
            "length": 1545000,
            "asset_id": "vod34849-000268M001",
            "title": "",
            "subtitle": "第268集 定睛未來美好事",
            "ep_number": 268,
            "rating": 1,
            "content_type": "blessedlife",
            "p_start": 1762308600000,
            "vod_channel_description": "許多人經歷過挫敗、失落、意外，如同聖經人物拿俄米，人生一無所有，備感虛空，但上帝仍掌權，祂早已看見這一切，祂仍立定你的腳步，且為你預備了更美好的未來。無論環境如何，我們要繼續做對的事，繼續尊崇上帝，時間一定，必進入上帝積存的福，遠勝以往。"
          }
        ],
        "total_length": 98645000,
        "focus_index": 0,
        "next_index": 1,
        "time": 347092,
        "focus_program": {
          "content_id": "VOD00297525",
          "time_codes": [
            600000,
            1200000
          ],
          "timecode_duration": [],
          "length": 1660000,
          "asset_id": "vod34849-000206M001",
          "title": "",
          "subtitle": "第206集 大大張口祈求",
          "ep_number": 206,
          "rating": 1,
          "content_type": "blessedlife",
          "p_start": 1762195200000,
          "vod_channel_description": "上帝不是只做一些平凡無奇的事，你若想看見神蹟奇事，就必須為不可能的夢想，為克服艱難的恩寵祈求。仇敵喜歡誤導我們只做微小的禱告，相信小事就好。當你大大張口求時，上帝不但不會不高興，反而會為你傾倒承接不完的祝福，為你敞開你從未想像過的門。"
        }
      },
      "station_categories": [
        {
          "Name": "綜合",
          "EngName": "Variety",
          "MenuOrder": 4
        }
      ]
    },
    "introduction": {
      "image": "https://p-cdnstatic.svc.litv.tv/pics/vod_channel/logo_ofiii192_mobile_20230329.png",
      "description": "約爾·歐斯汀（Joel Osteen）綽號是「微笑的傳道者」，是美國的宣教士、電視佈道家和作家，他在美國最大的基督教會湖木教會擔任主任牧師。2004年，他的第一本書「活出美好」，首次出版就登上紐約時報暢銷書的榜首，這本書在紐約時報暢銷200多週。",
      "href_maps": []
    },
    "recommends": [],
    "ua": "Mozilla/5.0 (Windows NT 10.0; Win64; x64) AppleWebKit/537.36 (KHTML, like Gecko) Chrome/134.0.0.0 Safari/537.36"
  },
  "__N_SSP": true
}