{
  "pageProps": {
    "contentId": "ofiii91",
    "channel": {
      "title": "演唱會直擊",
      "no": 91,
      "charge_mode": "F",
      "content_id": "ofiii91",
      "content_type": "vod-channel",
      "epg_categories": [
        1
      ],
      "genres": [
        {
          "id": "",
          "name": "VOD_CHANNEL",
          "logo": ""
        }
      ],
      "liad_id": "VODCHNEWSPECIALOFIWEB",
      "package_info_id": "VOD_CHANNEL_DELUX",
      "picture": "pics/vod_channel/logo_3525_ofiii91_tv_20241108.png",
      "provider": [
        {
          "id": "",
          "name": "",
          "logo": ""
        }
      ],
      "quality": "HD",
      "station_id": "station6459",
      "trial": "",
      "selectable": 1,
      "tr_logo": "",
      "tl_logo": "",
      "br_logo": "",
      "bl_logo": "",
      "menu_type": 0,
      "vod_channel_schedule": {
        "channel_id": 91,
        "cdn_code": "ofiii91",
        "start_time": 1762178100000,
        "programs": [
          {
            "content_id": "VOD00377694",
            "time_codes": [],
            "timecode_duration": [],
            "length": 112000,
            "asset_id": "vod39966-001087M001",
            "title": "",
            "subtitle": "周杰倫「嘉年華」世界巡迴演唱會上海站",
            "ep_number": 1087,
            "rating": 1,
            "content_type": "show",
            "p_start": 1762178100000,
            "vod_channel_description": "LiTV特派小編親自出馬，為粉絲們專訪諸位大明星。"
          },
          {
            "content_id": "VOD00376783",
            "time_codes": [
              600000,
              1200000,
              1800000
            ],
            "timecode_duration": [],
            "length": 1825000,
            "asset_id": "vod39966-001078M001",
            "title": "",
            "subtitle": "HIGHLIGHT LIVE 2025 〔RIDE OR DIE〕 IN TAIPEI",
            "ep_number": 1078,
            "rating": 1,
            "content_type": "show",
            "p_start": 1762178400000,
            "vod_channel_description": "LiTV特派小編親自出馬，為粉絲們專訪諸位大明星。"
          },
          {
            "content_id": "VOD00376778",
            "time_codes": [
              600000
            ],
            "timecode_duration": [],
            "length": 940000,
            "asset_id": "vod39966-001073M001",
            "title": "",
            "subtitle": "潔西卡 2025 粉絲見面會 Jessica Special Night in Taipei",
            "ep_number": 1073,
            "rating": 1,
            "content_type": "show",
            "p_start": 1762180500000,
            "vod_channel_description": "LiTV特派小編親自出馬，為粉絲們專訪諸位大明星。"
          },
          {
            "content_id": "VOD00376777",
            "time_codes": [],
            "timecode_duration": [],
            "length": 153000,
            "asset_id": "vod39966-001072M001",
            "title": "",
            "subtitle": "濱崎步 2025 亞洲巡迴演唱會台北站",
            "ep_number": 1072,
            "rating": 1,
            "content_type": "show",
            "p_start": 1762181700000,
            "vod_channel_description": "LiTV特派小編親自出馬，為粉絲們專訪諸位大明星。"
          },
          {
            "content_id": "VOD00373755",
            "time_codes": [],
            "timecode_duration": [],
            "length": 335000,
            "asset_id": "vod39966-001068M001",
            "title": "",
            "subtitle": "2025 婁峻碩 PowerBOMB RECHARGE Mini Tour 演唱會",
            "ep_number": 1068,
            "rating": 1,
            "content_type": "show",
            "p_start": 1762182000000,
            "vod_channel_description": "LiTV特派小編親自出馬，為粉絲們專訪諸位大明星。"
          },
          {
            "content_id": "VOD00373750",
            "time_codes": [],
            "timecode_duration": [],
            "length": 562000,
            "asset_id": "vod39966-001063M001",
            "title": "",
            "subtitle": "潮臺北 Boom 台北小巨蛋 - KiiiKiii,NMIXX,CHUNG HA,ITZY",
            "ep_number": 1063,
            "rating": 1,
            "content_type": "show",
            "p_start": 1762182600000,
            "vod_channel_description": "LiTV特派小編親自出馬，為粉絲們專訪諸位大明星。"
          },
          {
            "content_id": "VOD00373751",
            "time_codes": [],
            "timecode_duration": [],
            "length": 324000,
            "asset_id": "vod39966-001064M001",
            "title": "",
            "subtitle": "潮臺北 Boom 台北小巨蛋 - TRASH,冰球樂團,Ozone,理想混蛋,康士坦的變化球",
            "ep_number": 1064,
            "rating": 1,
            "content_type": "show",
            "p_start": 1762183500000,
            "vod_channel_description": "LiTV特派小編親自出馬，為粉絲們專訪諸位大明星。"
          },
          {
            "content_id": "VOD00373748",
            "time_codes": [],
            "timecode_duration": [],
            "length": 233000,
            "asset_id": "vod39966-001061M001",
            "title": "",
            "subtitle": "2025無限女神 VIP見面會 - 河智媛,禹洙漢,朴昭映,李珠熙",
            "ep_number": 1061,
            "rating": 1,
            "content_type": "show",
            "p_start": 1762184100000,
            "vod_channel_description": "LiTV特派小編親自出馬，為粉絲們專訪諸位大明星。"
          },
          {
            "content_id": "VOD00373746",
            "time_codes": [],
            "timecode_duration": [],
            "length": 250000,
            "asset_id": "vod39966-001059M001",
            "title": "",
            "subtitle": "《DREAM HIGH》音樂劇現場演出-K-Stage in 台北｜2025韓流公演觀光特展記者會",
            "ep_number": 1059,
            "rating": 1,
            "content_type": "show",
            "p_start": 1762184400000,
            "vod_channel_description": "LiTV特派小編親自出馬，為粉絲們專訪諸位大明星。"
          },
          {
            "content_id": "VOD00373015",
            "time_codes": [],
            "timecode_duration": [],
            "length": 561000,
            "asset_id": "vod39966-001050M001",
            "title": "",
            "subtitle": "許富凱【拾歌Plus】2025讚聲演唱會高雄場",
            "ep_number": 1050,
            "rating": 1,
            "content_type": "show",
            "p_start": 1762185000000,
            "vod_channel_description": "LiTV特派小編親自出馬，為粉絲們專訪諸位大明星。"
          },
          {
            "content_id": "VOD00373738",
            "time_codes": [],
            "timecode_duration": [],
            "length": 163000,
            "asset_id": "vod39966-001051M001",
            "title": "",
            "subtitle": "孫燕姿「就在日落以後」高雄巨蛋演唱會",
            "ep_number": 1051,
            "rating": 1,
            "content_type": "show",
            "p_start": 1762185900000,
            "vod_channel_description": "LiTV特派小編親自出馬，為粉絲們專訪諸位大明星。"
          },
          {
            "content_id": "VOD00371180",
            "time_codes": [],
            "timecode_duration": [],
            "length": 142000,
            "asset_id": "vod39966-001040M001",
            "title": "",
            "subtitle": "中信「CHANNEL B Vol.2」K歌主題週 ITZY",
            "ep_number": 1040,
            "rating": 1,
            "content_type": "show",
            "p_start": 1762186200000,
            "vod_channel_description": "LiTV特派小編親自出馬，為粉絲們專訪諸位大明星。"
          },
          {
            "content_id": "VOD00373012",
            "time_codes": [
              600000
            ],
            "timecode_duration": [],
            "length": 1090000,
            "asset_id": "vod39966-001047M001",
            "title": "",
            "subtitle": "BOYNEXTDOOR演唱會2025台北站",
            "ep_number": 1047,
            "rating": 1,
            "content_type": "show",
            "p_start": 1762186500000,
            "vod_channel_description": "LiTV特派小編親自出馬，為粉絲們專訪諸位大明星。"
          },
          {
            "content_id": "VOD00373014",
            "time_codes": [],
            "timecode_duration": [],
            "length": 311000,
            "asset_id": "vod39966-001049M001",
            "title": "",
            "subtitle": "韓韶禧台北見面會重現名場面",
            "ep_number": 1049,
            "rating": 1,
            "content_type": "show",
            "p_start": 1762188000000,
            "vod_channel_description": "LiTV特派小編親自出馬，為粉絲們專訪諸位大明星。"
          },
          {
            "content_id": "VOD00368621",
            "time_codes": [],
            "timecode_duration": [],
            "length": 196000,
            "asset_id": "vod39966-001008M001",
            "title": "",
            "subtitle": "田馥甄〈田調〉Live in Life 野地小巡演 - 屏東恆春聯福磚窯",
            "ep_number": 1008,
            "rating": 1,
            "content_type": "show",
            "p_start": 1762188600000,
            "vod_channel_description": "LiTV特派小編親自出馬，為粉絲們專訪諸位大明星。"
          },
          {
            "content_id": "VOD00369543",
            "time_codes": [],
            "timecode_duration": [],
            "length": 241000,
            "asset_id": "vod39966-001019M001",
            "title": "",
            "subtitle": "2025高雄啤酒音樂節 - TWICE 娜璉",
            "ep_number": 1019,
            "rating": 1,
            "content_type": "show",
            "p_start": 1762188900000,
            "vod_channel_description": "LiTV特派小編親自出馬，為粉絲們專訪諸位大明星。"
          },
          {
            "content_id": "VOD00368623",
            "time_codes": [],
            "timecode_duration": [],
            "length": 150000,
            "asset_id": "vod39966-001010M001",
            "title": "",
            "subtitle": "周杰倫「嘉年華」世界巡迴演唱會香港站 - 嘉賓 郭富城",
            "ep_number": 1010,
            "rating": 1,
            "content_type": "show",
            "p_start": 1762189500000,
            "vod_channel_description": "LiTV特派小編親自出馬，為粉絲們專訪諸位大明星。"
          },
          {
            "content_id": "VOD00368622",
            "time_codes": [],
            "timecode_duration": [],
            "length": 99000,
            "asset_id": "vod39966-001009M001",
            "title": "",
            "subtitle": "周杰倫「嘉年華」世界巡迴演唱會香港站 - 嘉賓 山下智久",
            "ep_number": 1009,
            "rating": 1,
            "content_type": "show",
            "p_start": 1762189800000,
            "vod_channel_description": "LiTV特派小編親自出馬，為粉絲們專訪諸位大明星。"
          },
          {
            "content_id": "VOD00373007",
            "time_codes": [],
            "timecode_duration": [],
            "length": 162000,
            "asset_id": "vod39966-001042M001",
            "title": "",
            "subtitle": "蘇打綠《二十年一刻》高雄站",
            "ep_number": 1042,
            "rating": 1,
            "content_type": "show",
            "p_start": 1762190100000,
            "vod_channel_description": "LiTV特派小編親自出馬，為粉絲們專訪諸位大明星。"
          },
          {
            "content_id": "VOD00370343",
            "time_codes": [],
            "timecode_duration": [],
            "length": 255000,
            "asset_id": "vod39966-001022M001",
            "title": "",
            "subtitle": "田馥甄〈田調〉Live in Life 野地小巡演 - 南投埔里暨南大學",
            "ep_number": 1022,
            "rating": 1,
            "content_type": "show",
            "p_start": 1762190400000,
            "vod_channel_description": "LiTV特派小編親自出馬，為粉絲們專訪諸位大明星。"
          },
          {
            "content_id": "VOD00370342",
            "time_codes": [],
            "timecode_duration": [],
            "length": 233000,
            "asset_id": "vod39966-001021M001",
            "title": "",
            "subtitle": "2025高雄啤酒音樂節 - 黃偉晉,賴晏駒,邱鋒澤,婁峻碩",
            "ep_number": 1021,
            "rating": 1,
            "content_type": "show",
            "p_start": 1762191000000,
            "vod_channel_description": "LiTV特派小編親自出馬，為粉絲們專訪諸位大明星。"
          },
          {
            "content_id": "VOD00373013",
            "time_codes": [],
            "timecode_duration": [],
            "length": 339000,
            "asset_id": "vod39966-001048M001",
            "title": "",
            "subtitle": "韓韶禧台北見面會亮麗登台",
            "ep_number": 1048,
            "rating": 1,
            "content_type": "show",
            "p_start": 1762191300000,
            "vod_channel_description": "LiTV特派小編親自出馬，為粉絲們專訪諸位大明星。"
          },
          {
            "content_id": "VOD00373006",
            "time_codes": [],
            "timecode_duration": [],
            "length": 89000,
            "asset_id": "vod39966-001041M001",
            "title": "",
            "subtitle": "中信「CHANNEL B Vol.2」K歌主題週 Super Junior-D&E",
            "ep_number": 1041,
            "rating": 1,
            "content_type": "show",
            "p_start": 1762191900000,
            "vod_channel_description": "LiTV特派小編親自出馬，為粉絲們專訪諸位大明星。"
          },
          {
            "content_id": "VOD00367382",
            "time_codes": [],
            "timecode_duration": [],
            "length": 67000,
            "asset_id": "vod39966-000990M001",
            "title": "",
            "subtitle": "伍佰 ＆ China Blue Rock Star2演唱會-台北站巨星花籃",
            "ep_number": 990,
            "rating": 1,
            "content_type": "show",
            "p_start": 1762192200000,
            "vod_channel_description": "LiTV特派小編親自出馬，為粉絲們專訪諸位大明星。"
          },
          {
            "content_id": "VOD00367374",
            "time_codes": [],
            "timecode_duration": [],
            "length": 153000,
            "asset_id": "vod39966-000982M001",
            "title": "",
            "subtitle": "林俊傑 JJ20 FINAL LAP世界巡迴演唱會 台北站巨星花籃",
            "ep_number": 982,
            "rating": 1,
            "content_type": "show",
            "p_start": 1762192500000,
            "vod_channel_description": "LiTV特派小編親自出馬，為粉絲們專訪諸位大明星。"
          },
          {
            "content_id": "VOD00367373",
            "time_codes": [],
            "timecode_duration": [],
            "length": 124000,
            "asset_id": "vod39966-000981M001",
            "title": "",
            "subtitle": "彭佳慧《一路這樣愛過來》演唱會巨星花籃",
            "ep_number": 981,
            "rating": 1,
            "content_type": "show",
            "p_start": 1762192800000,
            "vod_channel_description": "LiTV特派小編親自出馬，為粉絲們專訪諸位大明星。"
          },
          {
            "content_id": "VOD00366641",
            "time_codes": [
              600000,
              1200000
            ],
            "timecode_duration": [],
            "length": 1729000,
            "asset_id": "vod39966-000979M001",
            "title": "",
            "subtitle": "彭佳慧《一路這樣愛過來》演唱會",
            "ep_number": 979,
            "rating": 1,
            "content_type": "show",
            "p_start": 1762193100000,
            "vod_channel_description": "LiTV特派小編親自出馬，為粉絲們專訪諸位大明星。"
          },
          {
            "content_id": "VOD00366261",
            "time_codes": [
              600000
            ],
            "timecode_duration": [],
            "length": 1099000,
            "asset_id": "vod39966-000970M001",
            "title": "",
            "subtitle": "NCT WISH 演唱會2025台北站媒體聯訪完整版",
            "ep_number": 970,
            "rating": 1,
            "content_type": "show",
            "p_start": 1762195200000,
            "vod_channel_description": "LiTV特派小編親自出馬，為粉絲們專訪諸位大明星。"
          },
          {
            "content_id": "VOD00350106",
            "time_codes": [],
            "timecode_duration": [],
            "length": 234000,
            "asset_id": "vod39966-000849M001",
            "title": "",
            "subtitle": "INFINITE 15週年演唱會2024台北站",
            "ep_number": 849,
            "rating": 1,
            "content_type": "show",
            "p_start": 1762196700000,
            "vod_channel_description": "INFINITE 15th ANNIVERSARY CONCERT [LIMITED EDITION] IN TAIPEI台北站"
          },
          {
            "content_id": "VOD00348862",
            "time_codes": [
              600000,
              1200000
            ],
            "timecode_duration": [],
            "length": 1253000,
            "asset_id": "vod39966-000826M001",
            "title": "",
            "subtitle": "YERIN 2024 FAN PARTY [Rewrite] 台北記者會",
            "ep_number": 826,
            "rating": 1,
            "content_type": "show",
            "p_start": 1762197000000,
            "vod_channel_description": "LiTV特派小編親自出馬，為粉絲們專訪諸位大明星。"
          },
          {
            "content_id": "VOD00345222",
            "time_codes": [],
            "timecode_duration": [],
            "length": 200000,
            "asset_id": "vod39966-000814M001",
            "title": "",
            "subtitle": "劉德華2024台北演唱會",
            "ep_number": 814,
            "rating": 1,
            "content_type": "show",
            "p_start": 1762198500000,
            "vod_channel_description": "LiTV特派小編親自出馬，為粉絲們專訪諸位大明星。"
          },
          {
            "content_id": "VOD00345209",
            "time_codes": [],
            "timecode_duration": [],
            "length": 184000,
            "asset_id": "vod39966-000801M001",
            "title": "",
            "subtitle": "INFINITE 李成種2024台北見面會",
            "ep_number": 801,
            "rating": 1,
            "content_type": "show",
            "p_start": 1762198800000,
            "vod_channel_description": "LiTV特派小編親自出馬，為粉絲們專訪諸位大明星。"
          },
          {
            "content_id": "VOD00333186",
            "time_codes": [],
            "timecode_duration": [],
            "length": 456000,
            "asset_id": "vod39966-000785M001",
            "title": "",
            "subtitle": "ECO L!VE CONCERT 少女時代 太妍",
            "ep_number": 785,
            "rating": 1,
            "content_type": "show",
            "p_start": 1762199100000,
            "vod_channel_description": "LiTV特派小編親自出馬，為粉絲們專訪諸位大明星。"
          },
          {
            "content_id": "VOD00333169",
            "time_codes": [],
            "timecode_duration": [],
            "length": 198000,
            "asset_id": "vod39966-000768M001",
            "title": "",
            "subtitle": "金智媛見面會2024台北站",
            "ep_number": 768,
            "rating": 1,
            "content_type": "show",
            "p_start": 1762199700000,
            "vod_channel_description": "LiTV特派小編親自出馬，為粉絲們專訪諸位大明星。"
          },
          {
            "content_id": "VOD00332945",
            "time_codes": [],
            "timecode_duration": [],
            "length": 159000,
            "asset_id": "vod39966-000748M001",
            "title": "",
            "subtitle": "邊佑錫台北見面會2024",
            "ep_number": 748,
            "rating": 1,
            "content_type": "show",
            "p_start": 1762200000000,
            "vod_channel_description": "LiTV特派小編親自出馬，為粉絲們專訪諸位大明星。"
          },
          {
            "content_id": "VOD00329085",
            "time_codes": [
              600000,
              1200000
            ],
            "timecode_duration": [],
            "length": 1707000,
            "asset_id": "vod39966-000702M001",
            "title": "",
            "subtitle": "成勛2024年粉絲見面會",
            "ep_number": 702,
            "rating": 1,
            "content_type": "show",
            "p_start": 1762200300000,
            "vod_channel_description": "LiTV特派小編親自出馬，為粉絲們專訪諸位大明星。"
          },
          {
            "content_id": "VOD00325349",
            "time_codes": [],
            "timecode_duration": [],
            "length": 189000,
            "asset_id": "vod39966-000692M001",
            "title": "",
            "subtitle": "Pentagon KINO演唱會台北站",
            "ep_number": 692,
            "rating": 1,
            "content_type": "show",
            "p_start": 1762202400000,
            "vod_channel_description": "LiTV特派小編親自出馬，為粉絲們專訪諸位大明星。"
          },
          {
            "content_id": "VOD00325348",
            "time_codes": [],
            "timecode_duration": [],
            "length": 215000,
            "asset_id": "vod39966-000691M001",
            "title": "",
            "subtitle": "H.O.T. 張佑赫台北粉絲見面會",
            "ep_number": 691,
            "rating": 1,
            "content_type": "show",
            "p_start": 1762202700000,
            "vod_channel_description": "LiTV特派小編親自出馬，為粉絲們專訪諸位大明星。"
          },
          {
            "content_id": "VOD00322517",
            "time_codes": [],
            "timecode_duration": [],
            "length": 163000,
            "asset_id": "vod39966-000682M001",
            "title": "",
            "subtitle": "韓團VIXX台灣演唱會",
            "ep_number": 682,
            "rating": 1,
            "content_type": "show",
            "p_start": 1762203000000,
            "vod_channel_description": "直擊明星藝人現場演出，體驗當下火熱氣氛"
          },
          {
            "content_id": "VOD00317665",
            "time_codes": [],
            "timecode_duration": [],
            "length": 228000,
            "asset_id": "vod39966-000665M001",
            "title": "",
            "subtitle": "陳冠叡粉絲見面會",
            "ep_number": 665,
            "rating": 1,
            "content_type": "show",
            "p_start": 1762203300000,
            "vod_channel_description": "LiTV特派小編親自出馬，為粉絲們專訪諸位大明星。"
          },
          {
            "content_id": "VOD00317664",
            "time_codes": [
              600000
            ],
            "timecode_duration": [],
            "length": 739000,
            "asset_id": "vod39966-000664M001",
            "title": "",
            "subtitle": "南韓男團ENHYPEN來台開唱",
            "ep_number": 664,
            "rating": 1,
            "content_type": "show",
            "p_start": 1762203600000,
            "vod_channel_description": "LiTV特派小編親自出馬，為粉絲們專訪諸位大明星。"
          },
          {
            "content_id": "VOD00315659",
            "time_codes": [],
            "timecode_duration": [],
            "length": 576000,
            "asset_id": "vod39966-000658M001",
            "title": "",
            "subtitle": "龍俊亨演唱會台北站2023",
            "ep_number": 658,
            "rating": 1,
            "content_type": "show",
            "p_start": 1762204500000,
            "vod_channel_description": "LiTV特派小編親自出馬，為粉絲們專訪諸位大明星。"
          },
          {
            "content_id": "VOD00313651",
            "time_codes": [
              600000
            ],
            "timecode_duration": [],
            "length": 607000,
            "asset_id": "vod39966-000650M001",
            "title": "",
            "subtitle": "INFINITE東雨x成烈見面會2023台北站",
            "ep_number": 650,
            "rating": 1,
            "content_type": "show",
            "p_start": 1762205400000,
            "vod_channel_description": "韓國人氣男團INFINITE成員東雨與成烈於12月2日晚間在台北「信義劇場Legacy MAX」舉辦粉絲見面會。"
          },
          {
            "content_id": "VOD00310436",
            "time_codes": [],
            "timecode_duration": [],
            "length": 439000,
            "asset_id": "vod39966-000636M001",
            "title": "",
            "subtitle": "GOT7 Mark段宜恩演唱會2023台北站",
            "ep_number": 636,
            "rating": 1,
            "content_type": "show",
            "p_start": 1762206300000,
            "vod_channel_description": "LiTV特派小編親自出馬，為粉絲們專訪諸位大明星。"
          },
          {
            "content_id": "VOD00304408",
            "time_codes": [],
            "timecode_duration": [],
            "length": 438000,
            "asset_id": "vod39966-000620M001",
            "title": "",
            "subtitle": "金在煥見面會2023台北站",
            "ep_number": 620,
            "rating": 1,
            "content_type": "show",
            "p_start": 1762206900000,
            "vod_channel_description": "LiTV特派小編親自出馬，為粉絲們專訪諸位大明星。"
          },
          {
            "content_id": "VOD00304392",
            "time_codes": [
              600000
            ],
            "timecode_duration": [],
            "length": 994000,
            "asset_id": "vod39966-000604M001",
            "title": "",
            "subtitle": "M.O.N.T 2023 Fan Con in Taipei",
            "ep_number": 604,
            "rating": 1,
            "content_type": "show",
            "p_start": 1762207500000,
            "vod_channel_description": "直擊明星藝人現場演出，體驗當下火熱氣氛"
          },
          {
            "content_id": "VOD00277318",
            "time_codes": [],
            "timecode_duration": [],
            "length": 230000,
            "asset_id": "vod39966-000573M001",
            "title": "",
            "subtitle": "韓勝宇演唱會2023台北站",
            "ep_number": 573,
            "rating": 1,
            "content_type": "show",
            "p_start": 1762208700000,
            "vod_channel_description": "LiTV特派小編親自出馬，為粉絲們專訪諸位大明星。"
          },
          {
            "content_id": "VOD00277316",
            "time_codes": [],
            "timecode_duration": [],
            "length": 268000,
            "asset_id": "vod39966-000571M001",
            "title": "",
            "subtitle": "2023 VERIVERY FAN-CONCERT",
            "ep_number": 571,
            "rating": 1,
            "content_type": "show",
            "p_start": 1762209000000,
            "vod_channel_description": "LiTV特派小編親自出馬，為粉絲們專訪諸位大明星。"
          },
          {
            "content_id": "VOD00277315",
            "time_codes": [],
            "timecode_duration": [],
            "length": 384000,
            "asset_id": "vod39966-000570M001",
            "title": "",
            "subtitle": "2023 SF9 FAN-CON in TAIPEI",
            "ep_number": 570,
            "rating": 1,
            "content_type": "show",
            "p_start": 1762209600000,
            "vod_channel_description": "LiTV特派小編親自出馬，為粉絲們專訪諸位大明星。"
          },
          {
            "content_id": "VOD00277312",
            "time_codes": [],
            "timecode_duration": [],
            "length": 152000,
            "asset_id": "vod39966-000567M001",
            "title": "",
            "subtitle": "EPEX 1st FANCON  in TAIPEI",
            "ep_number": 567,
            "rating": 1,
            "content_type": "show",
            "p_start": 1762210200000,
            "vod_channel_description": "LiTV特派小編親自出馬，為粉絲們專訪諸位大明星。"
          },
          {
            "content_id": "VOD00277296",
            "time_codes": [
              600000
            ],
            "timecode_duration": [],
            "length": 1061000,
            "asset_id": "vod39966-000551M001",
            "title": "",
            "subtitle": "RubberBand演唱會台北站2023",
            "ep_number": 551,
            "rating": 1,
            "content_type": "show",
            "p_start": 1762210500000,
            "vod_channel_description": "LiTV特派小編親自出馬，為粉絲們專訪諸位大明星。"
          },
          {
            "content_id": "VOD00277290",
            "time_codes": [
              600000
            ],
            "timecode_duration": [],
            "length": 836000,
            "asset_id": "vod39966-000545M001",
            "title": "",
            "subtitle": "演員李帝勳台北見面會",
            "ep_number": 545,
            "rating": 1,
            "content_type": "show",
            "p_start": 1762211700000,
            "vod_channel_description": "LiTV特派小編親自出馬，為粉絲們專訪諸位大明星。"
          },
          {
            "content_id": "VOD00277279",
            "time_codes": [],
            "timecode_duration": [],
            "length": 116000,
            "asset_id": "vod39966-000534M001",
            "title": "",
            "subtitle": "鄭世雲演唱會",
            "ep_number": 534,
            "rating": 1,
            "content_type": "show",
            "p_start": 1762212900000,
            "vod_channel_description": "LiTV特派小編親自出馬，為粉絲們專訪諸位大明星。"
          },
          {
            "content_id": "VOD00277278",
            "time_codes": [],
            "timecode_duration": [],
            "length": 194000,
            "asset_id": "vod39966-000533M001",
            "title": "",
            "subtitle": "神話WDJ粉絲見面會",
            "ep_number": 533,
            "rating": 1,
            "content_type": "show",
            "p_start": 1762213200000,
            "vod_channel_description": "LiTV特派小編親自出馬，為粉絲們專訪諸位大明星。"
          },
          {
            "content_id": "VOD00277277",
            "time_codes": [
              600000
            ],
            "timecode_duration": [],
            "length": 600000,
            "asset_id": "vod39966-000532M001",
            "title": "",
            "subtitle": "南優鉉演唱會",
            "ep_number": 532,
            "rating": 1,
            "content_type": "show",
            "p_start": 1762213500000,
            "vod_channel_description": "LiTV特派小編親自出馬，為粉絲們專訪諸位大明星。"
          },
          {
            "content_id": "VOD00277276",
            "time_codes": [],
            "timecode_duration": [],
            "length": 356000,
            "asset_id": "vod39966-000531M001",
            "title": "",
            "subtitle": "李昇基亞洲巡迴演唱會臺北站",
            "ep_number": 531,
            "rating": 1,
            "content_type": "show",
            "p_start": 1762214400000,
            "vod_channel_description": "LiTV特派小編親自出馬，為粉絲們專訪諸位大明星。"
          },
          {
            "content_id": "VOD00277273",
            "time_codes": [],
            "timecode_duration": [],
            "length": 137000,
            "asset_id": "vod39966-000528M001",
            "title": "",
            "subtitle": "iKON演唱會",
            "ep_number": 528,
            "rating": 1,
            "content_type": "show",
            "p_start": 1762215000000,
            "vod_channel_description": "LiTV特派小編親自出馬，為粉絲們專訪諸位大明星。"
          },
          {
            "content_id": "VOD00277271",
            "time_codes": [],
            "timecode_duration": [],
            "length": 281000,
            "asset_id": "vod39966-000526M001",
            "title": "",
            "subtitle": "APINK粉絲見面會",
            "ep_number": 526,
            "rating": 1,
            "content_type": "show",
            "p_start": 1762215300000,
            "vod_channel_description": "LiTV特派小編親自出馬，為粉絲們專訪諸位大明星。"
          },
          {
            "content_id": "VOD00277264",
            "time_codes": [],
            "timecode_duration": [],
            "length": 424000,
            "asset_id": "vod39966-000519M001",
            "title": "",
            "subtitle": "金宣虎見面會",
            "ep_number": 519,
            "rating": 1,
            "content_type": "show",
            "p_start": 1762215900000,
            "vod_channel_description": "LiTV特派小編親自出馬，為粉絲們專訪諸位大明星。"
          },
          {
            "content_id": "VOD00277248",
            "time_codes": [],
            "timecode_duration": [],
            "length": 365000,
            "asset_id": "vod39966-000503M001",
            "title": "",
            "subtitle": "B.I金韓彬火熱開唱！霸氣要粉絲熱情跳起來！",
            "ep_number": 503,
            "rating": 1,
            "content_type": "show",
            "p_start": 1762216500000,
            "vod_channel_description": "LiTV特派小編親自出馬，為粉絲們專訪諸位大明星。"
          },
          {
            "content_id": "VOD00277246",
            "time_codes": [],
            "timecode_duration": [],
            "length": 225000,
            "asset_id": "vod39966-000501M001",
            "title": "",
            "subtitle": "VIXX三帥小分隊SOLO開唱",
            "ep_number": 501,
            "rating": 1,
            "content_type": "show",
            "p_start": 1762217100000,
            "vod_channel_description": "LiTV特派小編親自出馬，為粉絲們專訪諸位大明星。"
          },
          {
            "content_id": "VOD00277235",
            "time_codes": [],
            "timecode_duration": [],
            "length": 178000,
            "asset_id": "vod39966-000490M001",
            "title": "",
            "subtitle": "GOT7朴珍榮來新莊「寵台妹」 精心表演千粉HIGH翻",
            "ep_number": 490,
            "rating": 1,
            "content_type": "show",
            "p_start": 1762217400000,
            "vod_channel_description": "LiTV特派小編親自出馬，為粉絲們專訪諸位大明星。"
          },
          {
            "content_id": "VOD00277234",
            "time_codes": [],
            "timecode_duration": [],
            "length": 388000,
            "asset_id": "vod39966-000489M001",
            "title": "",
            "subtitle": "韓團HIGHLIGHT獻唱14首歌誠意滿滿",
            "ep_number": 489,
            "rating": 1,
            "content_type": "show",
            "p_start": 1762217700000,
            "vod_channel_description": "LiTV特派小編親自出馬，為粉絲們專訪諸位大明星。"
          },
          {
            "content_id": "VOD00277169",
            "time_codes": [],
            "timecode_duration": [],
            "length": 119000,
            "asset_id": "vod39966-000424M001",
            "title": "",
            "subtitle": "EPEX來台見面會，舞台超炸全場嗨翻!",
            "ep_number": 424,
            "rating": 1,
            "content_type": "show",
            "p_start": 1762218300000,
            "vod_channel_description": "LiTV特派小編親自出馬，為粉絲們專訪諸位大明星。"
          },
          {
            "content_id": "VOD00271242",
            "time_codes": [],
            "timecode_duration": [],
            "length": 126000,
            "asset_id": "vod39966-000415M001",
            "title": "",
            "subtitle": "金聖圭十周年見面會深情獻唱!粉絲超給力「連喝水也尖叫」",
            "ep_number": 415,
            "rating": 1,
            "content_type": "show",
            "p_start": 1762218600000,
            "vod_channel_description": "LiTV特派小編親自出馬，為粉絲們專訪諸位大明星。"
          },
          {
            "content_id": "VOD00277345",
            "time_codes": [],
            "timecode_duration": [],
            "length": 275000,
            "asset_id": "vod39966-000600M001",
            "title": "",
            "subtitle": "《BOYS PLANET》尹鐘佑、JAY表演",
            "ep_number": 600,
            "rating": 1,
            "content_type": "show",
            "p_start": 1762218900000,
            "vod_channel_description": "LiTV特派小編親自出馬，為粉絲們專訪諸位大明星。"
          },
          {
            "content_id": "VOD00333189",
            "time_codes": [
              600000,
              1200000,
              1800000,
              2400000,
              3000000
            ],
            "timecode_duration": [],
            "length": 3115000,
            "asset_id": "vod39966-000788M001",
            "title": "",
            "subtitle": "2024韓國文化觀光大展開幕式 BTOB李昌燮",
            "ep_number": 788,
            "rating": 1,
            "content_type": "show",
            "p_start": 1762219500000,
            "vod_channel_description": "LiTV特派小編親自出馬，為粉絲們專訪諸位大明星。"
          },
          {
            "content_id": "VOD00370349",
            "time_codes": [],
            "timecode_duration": [],
            "length": 326000,
            "asset_id": "vod39966-001028M001",
            "title": "",
            "subtitle": "2025江蕙演唱會",
            "ep_number": 1028,
            "rating": 1,
            "content_type": "show",
            "p_start": 1762223100000,
            "vod_channel_description": "LiTV特派小編親自出馬，為粉絲們專訪諸位大明星。"
          },
          {
            "content_id": "VOD00369544",
            "time_codes": [],
            "timecode_duration": [],
            "length": 148000,
            "asset_id": "vod39966-001020M001",
            "title": "",
            "subtitle": "2025高雄啤酒音樂節 - 李雅英",
            "ep_number": 1020,
            "rating": 1,
            "content_type": "show",
            "p_start": 1762223700000,
            "vod_channel_description": "LiTV特派小編親自出馬，為粉絲們專訪諸位大明星。"
          },
          {
            "content_id": "VOD00368619",
            "time_codes": [],
            "timecode_duration": [],
            "length": 310000,
            "asset_id": "vod39966-001006M001",
            "title": "",
            "subtitle": "2025 AB6IX CONCERT IN TAIPEI",
            "ep_number": 1006,
            "rating": 1,
            "content_type": "show",
            "p_start": 1762224000000,
            "vod_channel_description": "LiTV特派小編親自出馬，為粉絲們專訪諸位大明星。"
          },
          {
            "content_id": "VOD00368064",
            "time_codes": [],
            "timecode_duration": [],
            "length": 258000,
            "asset_id": "vod39966-000998M001",
            "title": "",
            "subtitle": "田馥甄〈田調〉Live in Life 野地小巡演 - 高雄衛武營戶外劇場",
            "ep_number": 998,
            "rating": 1,
            "content_type": "show",
            "p_start": 1762224600000,
            "vod_channel_description": "LiTV特派小編親自出馬，為粉絲們專訪諸位大明星。"
          },
          {
            "content_id": "VOD00368058",
            "time_codes": [],
            "timecode_duration": [],
            "length": 119000,
            "asset_id": "vod39966-000992M001",
            "title": "",
            "subtitle": "徐佳瑩「變得有些奢侈的事」巡迴演唱會",
            "ep_number": 992,
            "rating": 1,
            "content_type": "show",
            "p_start": 1762225200000,
            "vod_channel_description": "LiTV特派小編親自出馬，為粉絲們專訪諸位大明星。"
          },
          {
            "content_id": "VOD00367381",
            "time_codes": [],
            "timecode_duration": [],
            "length": 409000,
            "asset_id": "vod39966-000989M001",
            "title": "",
            "subtitle": "伍佰 ＆ China Blue Rock Star2演唱會-台北站",
            "ep_number": 989,
            "rating": 1,
            "content_type": "show",
            "p_start": 1762225500000,
            "vod_channel_description": "LiTV特派小編親自出馬，為粉絲們專訪諸位大明星。"
          },
          {
            "content_id": "VOD00367375",
            "time_codes": [],
            "timecode_duration": [],
            "length": 207000,
            "asset_id": "vod39966-000983M001",
            "title": "",
            "subtitle": "頌樂Solar全新中文單曲《Floating Free》全曲純享版",
            "ep_number": 983,
            "rating": 1,
            "content_type": "show",
            "p_start": 1762226100000,
            "vod_channel_description": "LiTV特派小編親自出馬，為粉絲們專訪諸位大明星。"
          },
          {
            "content_id": "VOD00366640",
            "time_codes": [],
            "timecode_duration": [],
            "length": 301000,
            "asset_id": "vod39966-000978M001",
            "title": "",
            "subtitle": "林俊傑 JJ20 FINAL LAP世界巡迴演唱會 台北站",
            "ep_number": 978,
            "rating": 1,
            "content_type": "show",
            "p_start": 1762226400000,
            "vod_channel_description": "LiTV特派小編親自出馬，為粉絲們專訪諸位大明星。"
          },
          {
            "content_id": "VOD00366637",
            "time_codes": [],
            "timecode_duration": [],
            "length": 244000,
            "asset_id": "vod39966-000975M001",
            "title": "",
            "subtitle": "陳奕迅 FEAR and DREAMS 世界巡迴演唱會高雄站最終場",
            "ep_number": 975,
            "rating": 1,
            "content_type": "show",
            "p_start": 1762227000000,
            "vod_channel_description": "LiTV特派小編親自出馬，為粉絲們專訪諸位大明星。"
          },
          {
            "content_id": "VOD00366260",
            "time_codes": [],
            "timecode_duration": [],
            "length": 220000,
            "asset_id": "vod39966-000969M001",
            "title": "",
            "subtitle": "宋知佑首次台灣粉絲見面會",
            "ep_number": 969,
            "rating": 1,
            "content_type": "show",
            "p_start": 1762227600000,
            "vod_channel_description": "LiTV特派小編親自出馬，為粉絲們專訪諸位大明星。"
          },
          {
            "content_id": "VOD00366259",
            "time_codes": [],
            "timecode_duration": [],
            "length": 502000,
            "asset_id": "vod39966-000968M001",
            "title": "",
            "subtitle": "陳奕迅 FEAR and DREAMS 世界巡迴演唱會高雄站",
            "ep_number": 968,
            "rating": 1,
            "content_type": "show",
            "p_start": 1762227900000,
            "vod_channel_description": "LiTV特派小編親自出馬，為粉絲們專訪諸位大明星。"
          },
          {
            "content_id": "VOD00366258",
            "time_codes": [],
            "timecode_duration": [],
            "length": 447000,
            "asset_id": "vod39966-000967M001",
            "title": "",
            "subtitle": "NCT WISH 演唱會2025台北站",
            "ep_number": 967,
            "rating": 1,
            "content_type": "show",
            "p_start": 1762228500000,
            "vod_channel_description": "LiTV特派小編親自出馬，為粉絲們專訪諸位大明星。"
          },
          {
            "content_id": "VOD00366255",
            "time_codes": [],
            "timecode_duration": [],
            "length": 507000,
            "asset_id": "vod39966-000964M001",
            "title": "",
            "subtitle": "田馥甄〈田調〉Live in Life 野地小巡演 - 南投埔里",
            "ep_number": 964,
            "rating": 1,
            "content_type": "show",
            "p_start": 1762229100000,
            "vod_channel_description": "LiTV特派小編親自出馬，為粉絲們專訪諸位大明星。"
          },
          {
            "content_id": "VOD00364586",
            "time_codes": [],
            "timecode_duration": [],
            "length": 177000,
            "asset_id": "vod39966-000952M001",
            "title": "",
            "subtitle": "ALL(H)OURS台北粉絲演唱會2025",
            "ep_number": 952,
            "rating": 1,
            "content_type": "show",
            "p_start": 1762229700000,
            "vod_channel_description": "LiTV特派小編親自出馬，為粉絲們專訪諸位大明星。"
          },
          {
            "content_id": "VOD00364585",
            "time_codes": [
              600000
            ],
            "timecode_duration": [],
            "length": 783000,
            "asset_id": "vod39966-000951M001",
            "title": "",
            "subtitle": "FEniX〈MBB〉2025 LIVE CONCERT",
            "ep_number": 951,
            "rating": 1,
            "content_type": "show",
            "p_start": 1762230000000,
            "vod_channel_description": "LiTV特派小編親自出馬，為粉絲們專訪諸位大明星。"
          },
          {
            "content_id": "VOD00364584",
            "time_codes": [],
            "timecode_duration": [],
            "length": 531000,
            "asset_id": "vod39966-000950M001",
            "title": "",
            "subtitle": "田馥甄〈田調〉Live in Life 野地小巡演 - 台南鹽田",
            "ep_number": 950,
            "rating": 1,
            "content_type": "show",
            "p_start": 1762231200000,
            "vod_channel_description": "LiTV特派小編親自出馬，為粉絲們專訪諸位大明星。"
          },
          {
            "content_id": "VOD00364583",
            "time_codes": [],
            "timecode_duration": [],
            "length": 369000,
            "asset_id": "vod39966-000949M001",
            "title": "",
            "subtitle": "朱智勛見面會2025台北站",
            "ep_number": 949,
            "rating": 1,
            "content_type": "show",
            "p_start": 1762231800000,
            "vod_channel_description": "LiTV特派小編親自出馬，為粉絲們專訪諸位大明星。"
          },
          {
            "content_id": "VOD00363911",
            "time_codes": [
              600000
            ],
            "timecode_duration": [],
            "length": 814000,
            "asset_id": "vod39966-000945M001",
            "title": "",
            "subtitle": "黃致列2025台北演唱會",
            "ep_number": 945,
            "rating": 1,
            "content_type": "show",
            "p_start": 1762232400000,
            "vod_channel_description": "LiTV特派小編親自出馬，為粉絲們專訪諸位大明星。"
          },
          {
            "content_id": "VOD00364582",
            "time_codes": [],
            "timecode_duration": [],
            "length": 295000,
            "asset_id": "vod39966-000948M001",
            "title": "",
            "subtitle": "許富凱【拾歌Plus】2025讚聲演唱會DAY2",
            "ep_number": 948,
            "rating": 1,
            "content_type": "show",
            "p_start": 1762233600000,
            "vod_channel_description": "LiTV特派小編親自出馬，為粉絲們專訪諸位大明星。"
          },
          {
            "content_id": "VOD00364581",
            "time_codes": [],
            "timecode_duration": [],
            "length": 245000,
            "asset_id": "vod39966-000947M001",
            "title": "",
            "subtitle": "許富凱【拾歌Plus】2025讚聲演唱會DAY1",
            "ep_number": 947,
            "rating": 1,
            "content_type": "show",
            "p_start": 1762234200000,
            "vod_channel_description": "LiTV特派小編親自出馬，為粉絲們專訪諸位大明星。"
          },
          {
            "content_id": "VOD00363910",
            "time_codes": [],
            "timecode_duration": [],
            "length": 471000,
            "asset_id": "vod39966-000944M001",
            "title": "",
            "subtitle": "李聖經2025粉絲見面會",
            "ep_number": 944,
            "rating": 1,
            "content_type": "show",
            "p_start": 1762234800000,
            "vod_channel_description": "LiTV特派小編親自出馬，為粉絲們專訪諸位大明星。"
          },
          {
            "content_id": "VOD00363906",
            "time_codes": [],
            "timecode_duration": [],
            "length": 379000,
            "asset_id": "vod39966-000940M001",
            "title": "",
            "subtitle": "TRASH《幸福的末班車》15週年演唱會高雄場",
            "ep_number": 940,
            "rating": 1,
            "content_type": "show",
            "p_start": 1762235400000,
            "vod_channel_description": "LiTV特派小編親自出馬，為粉絲們專訪諸位大明星。"
          },
          {
            "content_id": "VOD00363905",
            "time_codes": [],
            "timecode_duration": [],
            "length": 530000,
            "asset_id": "vod39966-000939M001",
            "title": "",
            "subtitle": "ROCKY台北演唱會2025",
            "ep_number": 939,
            "rating": 1,
            "content_type": "show",
            "p_start": 1762236000000,
            "vod_channel_description": "LiTV特派小編親自出馬，為粉絲們專訪諸位大明星。"
          },
          {
            "content_id": "VOD00361526",
            "time_codes": [],
            "timecode_duration": [],
            "length": 258000,
            "asset_id": "vod39966-000935M001",
            "title": "",
            "subtitle": "K-FLOW演唱會2025 - ITZY,aespa,tripleS",
            "ep_number": 935,
            "rating": 1,
            "content_type": "show",
            "p_start": 1762236600000,
            "vod_channel_description": "LiTV特派小編親自出馬，為粉絲們專訪諸位大明星。"
          },
          {
            "content_id": "VOD00361521",
            "time_codes": [],
            "timecode_duration": [],
            "length": 243000,
            "asset_id": "vod39966-000930M001",
            "title": "",
            "subtitle": "蔡秀彬見面會2025台北站",
            "ep_number": 930,
            "rating": 1,
            "content_type": "show",
            "p_start": 1762237200000,
            "vod_channel_description": "LiTV特派小編親自出馬，為粉絲們專訪諸位大明星。"
          },
          {
            "content_id": "VOD00361520",
            "time_codes": [
              600000
            ],
            "timecode_duration": [],
            "length": 639000,
            "asset_id": "vod39966-000929M001",
            "title": "",
            "subtitle": "少女時代Tiffany Young台北演唱會2025",
            "ep_number": 929,
            "rating": 1,
            "content_type": "show",
            "p_start": 1762237800000,
            "vod_channel_description": "LiTV特派小編親自出馬，為粉絲們專訪諸位大明星。"
          },
          {
            "content_id": "VOD00361515",
            "time_codes": [],
            "timecode_duration": [],
            "length": 175000,
            "asset_id": "vod39966-000924M001",
            "title": "",
            "subtitle": "Kep1er演唱會2025台北站",
            "ep_number": 924,
            "rating": 1,
            "content_type": "show",
            "p_start": 1762238700000,
            "vod_channel_description": "LiTV特派小編親自出馬，為粉絲們專訪諸位大明星。"
          },
          {
            "content_id": "VOD00361512",
            "time_codes": [],
            "timecode_duration": [],
            "length": 278000,
            "asset_id": "vod39966-000921M001",
            "title": "",
            "subtitle": "韓籍啦啦隊女團 2S <HOW 2 SPECIAL>粉絲見面會－安芝儇,南珉貞,趙娟週,朴旻曙",
            "ep_number": 921,
            "rating": 1,
            "content_type": "show",
            "p_start": 1762239000000,
            "vod_channel_description": "LiTV特派小編親自出馬，為粉絲們專訪諸位大明星。"
          },
          {
            "content_id": "VOD00358143",
            "time_codes": [],
            "timecode_duration": [],
            "length": 426000,
            "asset_id": "vod39966-000918M001",
            "title": "",
            "subtitle": "戴佩妮2025「雙生火焰」台北小巨蛋演唱會",
            "ep_number": 918,
            "rating": 1,
            "content_type": "show",
            "p_start": 1762239600000,
            "vod_channel_description": "LiTV特派小編親自出馬，為粉絲們專訪諸位大明星。"
          },
          {
            "content_id": "VOD00350153",
            "time_codes": [],
            "timecode_duration": [],
            "length": 332000,
            "asset_id": "vod39966-000896M001",
            "title": "",
            "subtitle": "李俊昊粉絲演唱會 <Midnight Sun>2025台北站",
            "ep_number": 896,
            "rating": 1,
            "content_type": "show",
            "p_start": 1762240200000,
            "vod_channel_description": "LiTV特派小編親自出馬，為粉絲們專訪諸位大明星。"
          },
          {
            "content_id": "VOD00350132",
            "time_codes": [],
            "timecode_duration": [],
            "length": 448000,
            "asset_id": "vod39966-000875M001",
            "title": "",
            "subtitle": "N.Flying演唱會2025台北站",
            "ep_number": 875,
            "rating": 1,
            "content_type": "show",
            "p_start": 1762240800000,
            "vod_channel_description": "LiTV特派小編親自出馬，為粉絲們專訪諸位大明星。"
          },
          {
            "content_id": "VOD00350126",
            "time_codes": [],
            "timecode_duration": [],
            "length": 286000,
            "asset_id": "vod39966-000869M001",
            "title": "",
            "subtitle": "BTOB李昌燮 2025台北演唱會",
            "ep_number": 869,
            "rating": 1,
            "content_type": "show",
            "p_start": 1762241400000,
            "vod_channel_description": "LiTV特派小編親自出馬，為粉絲們專訪諸位大明星。"
          },
          {
            "content_id": "VOD00350125",
            "time_codes": [],
            "timecode_duration": [],
            "length": 155000,
            "asset_id": "vod39966-000868M001",
            "title": "",
            "subtitle": "Apink 2025台北演唱會",
            "ep_number": 868,
            "rating": 1,
            "content_type": "show",
            "p_start": 1762242000000,
            "vod_channel_description": "LiTV特派小編親自出馬，為粉絲們專訪諸位大明星。"
          }
        ],
        "total_length": 42578000,
        "focus_index": 47,
        "next_index": 48,
        "time": 157322,
        "focus_program": {
          "content_id": "VOD00277316",
          "time_codes": [],
          "timecode_duration": [],
          "length": 268000,
          "asset_id": "vod39966-000571M001",
          "title": "",
          "subtitle": "2023 VERIVERY FAN-CONCERT",
          "ep_number": 571,
          "rating": 1,
          "content_type": "show",
          "p_start": 1762209000000,
          "vod_channel_description": "LiTV特派小編親自出馬，為粉絲們專訪諸位大明星。"
        }
      },
      "station_categories": [
        {
          "Name": "綜合",
          "EngName": "Variety",
          "MenuOrder": 4
        }
      ]
    },
    "introduction": {
      "image": "https://p-cdnstatic.svc.litv.tv/pics/vod_channel/logo_3525_ofiii91_mobile_20241108.png",
      "description": "",
      "href_maps": []
    },
    "recommends": [],
    "ua": "Mozilla/5.0 (Windows NT 10.0; Win64; x64) AppleWebKit/537.36 (KHTML, like Gecko) Chrome/91.0.4472.124 Safari/537.36"
  },
  "__N_SSP": true
}