{
  "pageProps": {
    "contentId": "ofiii97",
    "channel": {
      "title": "人氣動漫預告",
      "no": 97,
      "charge_mode": "F",
      "content_id": "ofiii97",
      "content_type": "vod-channel",
      "epg_categories": [
        1
      ],
      "genres": [
        {
          "id": "",
          "name": "VOD_CHANNEL",
          "logo": ""
        }
      ],
      "liad_id": "VODCHNEWSPECIALOFIWEB",
      "package_info_id": "VOD_CHANNEL_DELUX",
      "picture": "pics/vod_channel/logo_2990_ofiii97_tv_20230814.png",
      "provider": [
        {
          "id": "",
          "name": "",
          "logo": ""
        }
      ],
      "quality": "HD",
      "station_id": "station5924",
      "trial": "",
      "selectable": 1,
      "tr_logo": "pics/vod_channel/tr_logo_1690948484.png",
      "tl_logo": "",
      "br_logo": "",
      "bl_logo": "",
      "menu_type": 0,
      "vod_channel_schedule": {
        "channel_id": 97,
        "cdn_code": "ofiii97",
        "start_time": 1762614600000,
        "programs": [
          {
            "content_id": "VOD00328724",
            "time_codes": [],
            "timecode_duration": [],
            "length": 64000,
            "asset_id": "vod64645-000029M001",
            "title": "",
            "subtitle": "轉生貴族憑鑑定技能扭轉人生",
            "ep_number": 29,
            "rating": 1,
            "content_type": "others",
            "p_start": 1762614600000,
            "vod_channel_description": "過著平凡人生的平凡上班族，某天準備出門上班時心臟病發，醒來時已經成為異世界某個弱小貴族家的嫡子「亞爾斯」。到了這個世界，亞爾斯還是一樣平凡，只是多了能將別人的能力化為數值的「鑑定」能力。得知自己的國家轉眼就要爆發戰亂後，亞爾斯為了生存並且保護領地與領民，決定用「鑑定」能力四處網羅優秀人才，從無到有打造超強領地！"
          },
          {
            "content_id": "VOD00328725",
            "time_codes": [],
            "timecode_duration": [],
            "length": 80000,
            "asset_id": "vod64645-000030M001",
            "title": "",
            "subtitle": "無職轉生~到了異世界就拿出真本事~ 第二季",
            "ep_number": 30,
            "rating": 1,
            "content_type": "others",
            "p_start": 1762614900000,
            "vod_channel_description": "以少年魯迪的身分重獲新生的男人，帶著前世的記憶與後悔，勇於面對所有邂逅與考驗，描述了他以「這次絕對要拿出真本事活下去」的姿態展開宏大冒險的史詩奇幻故事！2021年播放TV動畫第一季之後，宏大的故事及超高動畫品質引爆話題，不只是原作讀者，也吸引了許多動畫粉絲。2023年7月起，第2季即將開播！"
          },
          {
            "content_id": "VOD00328726",
            "time_codes": [],
            "timecode_duration": [],
            "length": 109000,
            "asset_id": "vod64645-000031M001",
            "title": "",
            "subtitle": "死神少爺與黑女僕 第三季",
            "ep_number": 31,
            "rating": 1,
            "content_type": "others",
            "p_start": 1762615200000,
            "vod_channel_description": "貴族家的少爺小時候被魔女施加了「讓觸碰到的生命全都死去」的詛咒，並因這詛咒而遭到所有人疏遠，孤獨地生活在森林深處的大宅中。但隨著侍奉少爺的女僕──愛麗絲的到來，時不時的性騷擾他，少爺的人生開始發生了一些變化。"
          },
          {
            "content_id": "VOD00328727",
            "time_codes": [],
            "timecode_duration": [],
            "length": 125000,
            "asset_id": "vod64645-000032M001",
            "title": "",
            "subtitle": "轉生為第七王子，隨心所欲的魔法學習之路",
            "ep_number": 32,
            "rating": 1,
            "content_type": "others",
            "p_start": 1762615500000,
            "vod_channel_description": "魔法最重要的是「家世」、「才能」、「努力」……。有一位熱愛魔法，卻缺乏血統和才能，最後死於非命的「凡人」魔法師。臨死前期望「想要鑽研學習更多魔法」的這個男人在轉生後，成為了擁有強大魔法血統的沙魯姆王國第七王子・洛伊德。"
          },
          {
            "content_id": "VOD00328728",
            "time_codes": [],
            "timecode_duration": [],
            "length": 113000,
            "asset_id": "vod64645-000033M001",
            "title": "",
            "subtitle": "為美好的世界獻上祝福！第三季",
            "ep_number": 33,
            "rating": 1,
            "content_type": "others",
            "p_start": 1762615800000,
            "vod_channel_description": "廢到無藥可救的繭居族佐藤和真，轉生到了跟RPG遊戲畫面一模一樣的異世界，與作為特別附贈品一起同行、智商和運氣都差到教人傻眼地步的女神 阿克婭，姑且組成了一支（看起來）人模人樣的隊伍，引發接二連三的問題！"
          },
          {
            "content_id": "VOD00328729",
            "time_codes": [],
            "timecode_duration": [],
            "length": 90000,
            "asset_id": "vod64645-000034M001",
            "title": "",
            "subtitle": "搖曳露營△ 第三季",
            "ep_number": 34,
            "rating": 1,
            "content_type": "others",
            "p_start": 1762616100000,
            "vod_channel_description": "凜是喜歡一個人去露營的女高中生，一次的露營中，碰到了意外睡在路邊的撫子，請她吃了泡麵後，溫暖了身子，也萌芽了友情，圍繞在露營的故事也就這麼展開了。撫子在一次的露營體驗後，愛上了露營，便決定加入校內的野外活動同好會，但成員連撫子在內只有三個人，露營裝備也不齊全。這時，她意外的發現，原來凜跟自己是同個學校的學生..."
          },
          {
            "content_id": "VOD00328730",
            "time_codes": [],
            "timecode_duration": [],
            "length": 92000,
            "asset_id": "vod64645-000035M001",
            "title": "",
            "subtitle": "關於我轉生變成史萊姆這檔事 第三季",
            "ep_number": 35,
            "rating": 1,
            "content_type": "others",
            "p_start": 1762616400000,
            "vod_channel_description": "與日向的相遇、來自法爾姆斯王國的襲擊，以及進化成為魔王―――維爾德拉和伊弗利特在胃袋之中見證了這一連串的事件。從利姆路和維爾德拉相遇到現已經過了兩年的時間―――隨著時間的流逝，如今「最初的約定」實現的日子終於要到來了。一如往常的兩人依然帶著自我的步調，時而害怕著「某個東西」，時而回顧坦派斯特至今一路上的過往。"
          },
          {
            "content_id": "VOD00328731",
            "time_codes": [],
            "timecode_duration": [],
            "length": 92000,
            "asset_id": "vod64645-000036M001",
            "title": "",
            "subtitle": "我的英雄學院 第七季",
            "ep_number": 36,
            "rating": 1,
            "content_type": "others",
            "p_start": 1762616700000,
            "vod_channel_description": "新一季將會由人氣極高的美國No.1英雄「星條旗Star and Stripe」揭開序章，其超強個性「新秩序」和死柄木弔之間的決鬥。"
          },
          {
            "content_id": "VOD00328732",
            "time_codes": [],
            "timecode_duration": [],
            "length": 99000,
            "asset_id": "vod64645-000037M001",
            "title": "",
            "subtitle": "黑執事 寄宿學校篇",
            "ep_number": 37,
            "rating": 1,
            "content_type": "others",
            "p_start": 1762617000000,
            "vod_channel_description": "十九世紀的英國——名門貴族凡多姆海伍家的執事賽巴斯欽．米卡艾利斯，以及十三歲的家主謝爾．凡多姆海伍，以「女王的看門狗」之名，處理檯面下黑社會的骯髒工作。某一天，謝爾收到女王的來信。信上提及就讀英國首屈一指的名門寄宿學校——威斯頓公學的親人，戴立克和其他數名學生皆失聯。賽巴斯欽和謝爾為了調查這起事件，潛入威斯頓公學。"
          },
          {
            "content_id": "VOD00328733",
            "time_codes": [],
            "timecode_duration": [],
            "length": 96000,
            "asset_id": "vod64645-000038M001",
            "title": "",
            "subtitle": "蜻蛉高球",
            "ep_number": 38,
            "rating": 1,
            "content_type": "others",
            "p_start": 1762617300000,
            "vod_channel_description": "五十嵐拋棄過去，彷彿逃離世間一般，遷往鹿兒島縣的「吐噶喇群島」。在被稱為「日本最後的秘境」的「火之島」上，他遇見的是島上唯一的一名初中生，蜻蜓。這個天真爛漫的少女，竟然隱藏著不得了的高爾夫球天賦!?以這個相遇為契機，兩人的命運開始發生巨大的變化…。"
          },
          {
            "content_id": "VOD00328734",
            "time_codes": [],
            "timecode_duration": [],
            "length": 90000,
            "asset_id": "vod64645-000039M001",
            "title": "",
            "subtitle": "約會大作戰 Ⅴ",
            "ep_number": 39,
            "rating": 1,
            "content_type": "others",
            "p_start": 1762617600000,
            "vod_channel_description": "《約會大作戰 DATE A LIVE》故事描述，「精靈」—— 是毀滅世界的災難。能阻止精靈的方法有兩種，殲滅或是對話。平凡的高中生五河士道所選擇的方法是與精靈約會，並讓她迷戀上自己！？人類的命運託付在五河士道身上，新世代男女愛情故事終於揭幕。"
          },
          {
            "content_id": "VOD00328735",
            "time_codes": [],
            "timecode_duration": [],
            "length": 103000,
            "asset_id": "vod64645-000040M001",
            "title": "",
            "subtitle": "怪獸8號",
            "ep_number": 40,
            "rating": 1,
            "content_type": "others",
            "p_start": 1762617900000,
            "vod_channel_description": "日本的怪獸出現率是世界上屈指可數的，在這個國家，怪獸會無情地侵略日常生活。日比野卡夫卡曾經以成為防衛隊員為目標，但是現在只從事專門清理怪獸的工作。某天，卡夫卡因為某神秘生物的緣故，身體變成了怪獸，負責討伐怪獸的日本防衛隊稱之為「怪獸８號」。"
          },
          {
            "content_id": "VOD00376486",
            "time_codes": [],
            "timecode_duration": [],
            "length": 74000,
            "asset_id": "vod64645-000045M001",
            "title": "",
            "subtitle": "凡人修仙傳 第四季",
            "ep_number": 45,
            "rating": 1,
            "content_type": "others",
            "p_start": 1762618200000,
            "vod_channel_description": "韓立在天星城的洞府內經年累月不斷苦修，終於成功結丹。出關後，韓立為煉製法寶尋訪靈物天雷竹，捲入了妙音門與極陰島、隱煞門間的爭鬥，終於成功煉製法寶——七十二口青竹蜂雲劍。此後韓立探索遺跡時遭遇了神秘強大的前元嬰期修士玄骨上人，並聽到了虛天殿的傳說。"
          },
          {
            "content_id": "VOD00381193",
            "time_codes": [],
            "timecode_duration": [],
            "length": 116000,
            "asset_id": "vod64645-000047M001",
            "title": "",
            "subtitle": "一拳超人(第三季)",
            "ep_number": 47,
            "rating": 1,
            "content_type": "others",
            "p_start": 1762618500000,
            "vod_channel_description": "趣味使然當起英雄的男人埼玉，與弟子的傑諾斯一起，加入職業英雄所屬的組織‧英雄協會。某天，英雄協會被自稱怪人協會的怪人們挾持了幹部的孩子做人質。S級英雄們集結，為奪回人質，對怪人協會據點的突入作戰策畫。另一方面，在與英雄們的戰鬥途中被怪人協會帶走的「人類怪人」餓狼，在那據點中醒來。"
          },
          {
            "content_id": "VOD00381194",
            "time_codes": [],
            "timecode_duration": [],
            "length": 116000,
            "asset_id": "vod64645-000048M001",
            "title": "",
            "subtitle": "轉生後的我成了英雄爸爸和精靈媽媽的女兒",
            "ep_number": 48,
            "rating": 1,
            "content_type": "others",
            "p_start": 1762618800000,
            "vod_channel_description": "生活在精靈界的8歲少女‧艾倫，原本是現代日本的科學家轉生成的。擁有能任意化合物質、自由改變結構排列的作弊級技能。而父親‧羅維爾是拯救過國家的傳說英雄，母親‧奧莉真則是萬物之母、精靈女王！一家人在精靈界過著平穩的日子，卻因羅維爾與艾倫為修行造訪人間界，被捲入王家的陰謀──面對意圖將精靈之力納為己有的拉比西耶爾王子計謀，艾倫將以前世知識與壓倒性外掛迎擊！「腹黑先生的宣戰布告呢，我奉陪到底！」最強才女的痛快舌戰奇幻！"
          },
          {
            "content_id": "VOD00381195",
            "time_codes": [],
            "timecode_duration": [],
            "length": 92000,
            "asset_id": "vod64645-000049M001",
            "title": "",
            "subtitle": "身為暗殺者的我明顯比勇者還強",
            "ep_number": 49,
            "rating": 1,
            "content_type": "others",
            "p_start": 1762619100000,
            "vod_channel_description": "織田晶與同班同學被召喚到異世界。同班同學皆被賦予外掛能力，而他生來存在感稀薄，獲得平凡的暗殺者能力。明明只是個暗殺者，能力值卻凌駕最強的勇者。晶對主導召喚的國王存有疑慮，揭穿了他的陰謀，卻被冠上莫須有之罪遭到追殺。發誓要對國王復仇的他，逃入迷宮深層，在那裡邂逅妖精少女艾蜜莉亞。"
          },
          {
            "content_id": "VOD00381196",
            "time_codes": [],
            "timecode_duration": [],
            "length": 111000,
            "asset_id": "vod64645-000050M001",
            "title": "",
            "subtitle": "銀魂 3年Z班銀八老師",
            "ep_number": 50,
            "rating": 1,
            "content_type": "others",
            "p_start": 1762619400000,
            "vod_channel_description": "由空知英秋的《銀魂》所衍伸的外傳作品，其故事以銀魂高中為舞台，描述穿得邋邋遢遢的白袍、死魚般的雙眼，個性和外表八成都不適合當個高中老師的坂田銀八。他擔任導師的班級 —— 銀魂高中三年 Z 班聚集了一票個性強烈的學生，讓這班成了一座恐怖的主題樂園。"
          },
          {
            "content_id": "VOD00381197",
            "time_codes": [],
            "timecode_duration": [],
            "length": 72000,
            "asset_id": "vod64645-000051M001",
            "title": "",
            "subtitle": "無職英雄：技能什麼的毫無用處",
            "ep_number": 51,
            "rating": 1,
            "content_type": "others",
            "p_start": 1762619700000,
            "vod_channel_description": "10歲被授予的「職業」與「技能的有無」可左右人生的世界？阿雷爾被女神祝福並被授予了「職業」，可是有著最強雙親的他得到的卻是「無職」這一什麼技能都習得不到的最差職業，被烙下無能烙印的他,從此每日唉聲嘆氣，並沒有如此，「就算沒有技能，也總會有辦法的吧？」"
          },
          {
            "content_id": "VOD00381198",
            "time_codes": [],
            "timecode_duration": [],
            "length": 104000,
            "asset_id": "vod64645-000052M001",
            "title": "",
            "subtitle": "擁有超常技能的異世界流浪美食家 S2",
            "ep_number": 52,
            "rating": 1,
            "content_type": "others",
            "p_start": 1762620000000,
            "vod_channel_description": "向田剛志是個平凡的上班族，某天他在毫無預警的情況下，被召喚到了一個充滿魔法的異世界。令人意外的是，他獲得的固有技能竟是名為「網路超市」的特殊能力，能連結現代世界，隨時購買各式各樣的食材與調味料。憑藉這份獨特的技能，他開始在異世界製作各種美味料理。"
          },
          {
            "content_id": "VOD00381199",
            "time_codes": [],
            "timecode_duration": [],
            "length": 118000,
            "asset_id": "vod64645-000053M001",
            "title": "",
            "subtitle": "差點在迷宮深處被信任的夥伴殺掉，但靠著天賜技能「無限扭蛋」獲得等級 9999 的夥伴，我要向前隊友和世界展開復仇＆「給他們好看！」",
            "ep_number": 53,
            "rating": 1,
            "content_type": "others",
            "p_start": 1762620300000,
            "vod_channel_description": "女神在過去創造了九大種族。人族是其中最為弱小的存在。人族少年萊特幸運地加入由九大種族組成的隊伍「種族集合」，度過了短暫的幸福時光。然而等待他的，是在世界上最大最兇險的迷宮「奈落」中遭到背叛。倖存的萊特，才知道自己的天賜技能「無限扭蛋」真正的力量，自絕望的深淵爬起，築起最強的王國。"
          },
          {
            "content_id": "VOD00381200",
            "time_codes": [],
            "timecode_duration": [],
            "length": 104000,
            "asset_id": "vod64645-000054M001",
            "title": "",
            "subtitle": "最後可以再拜託您一件事嗎?",
            "ep_number": 54,
            "rating": 1,
            "content_type": "others",
            "p_start": 1762620600000,
            "vod_channel_description": "一場舞會中，史卡蕾特被第二王子凱爾宣告解除婚約，更被加諸莫須有的罪名及「惡役千金」的稱號，陷入遭眾多貴族譴責的窘境。至今為止不斷忍耐著的她，已經受夠和愚蠢的凱爾繼續交往了！怒上心頭的史卡蕾特說出自己的請託——「請問方便讓我在最後將各位打得落花流水嗎？」武鬥派大小姐的故事就此展開！"
          },
          {
            "content_id": "VOD00381201",
            "time_codes": [],
            "timecode_duration": [],
            "length": 81000,
            "asset_id": "vod64645-000055M001",
            "title": "",
            "subtitle": "SPY x FAMILY間諜家家酒 Season 3",
            "ep_number": 55,
            "rating": 1,
            "content_type": "others",
            "p_start": 1762620900000,
            "vod_channel_description": "幹練間諜黃昏奉命組成「家庭」，以便潛入名校。然而他所找到的女兒是會讀心的超能力者，妻子則是暗殺者？互相隱瞞真實身份的臨時家庭，挺身對抗考試與世界危機的痛快家庭喜劇就此展開。"
          },
          {
            "content_id": "VOD00381202",
            "time_codes": [],
            "timecode_duration": [],
            "length": 110000,
            "asset_id": "vod64645-000056M001",
            "title": "",
            "subtitle": "我的英雄學院 FINAL SEASON",
            "ep_number": 56,
            "rating": 1,
            "content_type": "others",
            "p_start": 1762621200000,
            "vod_channel_description": "大部分的人類在這個時代裡都擁有名為「個性」的力量，但有力量之人卻不一定都屬於正義的一方。只要邪惡出現的地方，必定會有英雄挺身而出拯救眾人。一名天生沒有力量的少年——綠谷出久從小夢想成為英雄，沒有力量的他能實現自己的夢想嗎？雖然困難重重，少年卻依舊不放棄，朝著自己的目標勇往前進。"
          }
        ],
        "total_length": 2251000,
        "focus_index": 1,
        "next_index": 2,
        "time": 61330,
        "focus_program": {
          "content_id": "VOD00328725",
          "time_codes": [],
          "timecode_duration": [],
          "length": 80000,
          "asset_id": "vod64645-000030M001",
          "title": "",
          "subtitle": "無職轉生~到了異世界就拿出真本事~ 第二季",
          "ep_number": 30,
          "rating": 1,
          "content_type": "others",
          "p_start": 1762614900000,
          "vod_channel_description": "以少年魯迪的身分重獲新生的男人，帶著前世的記憶與後悔，勇於面對所有邂逅與考驗，描述了他以「這次絕對要拿出真本事活下去」的姿態展開宏大冒險的史詩奇幻故事！2021年播放TV動畫第一季之後，宏大的故事及超高動畫品質引爆話題，不只是原作讀者，也吸引了許多動畫粉絲。2023年7月起，第2季即將開播！"
        }
      },
      "station_categories": [
        {
          "Name": "綜合",
          "EngName": "Variety",
          "MenuOrder": 4
        }
      ]
    },
    "introduction": {
      "image": "https://p-cdnstatic.svc.litv.tv/pics/vod_channel/logo_2990_ofiii97_mobile_20230814.png",
      "description": "",
      "href_maps": []
    },
    "recommends": [],
    "ua": "Mozilla/5.0 (Windows NT 10.0; Win64; x64) AppleWebKit/537.36 (KHTML, like Gecko) Chrome/134.0.0.0 Safari/537.36"
  },
  "__N_SSP": true
}