{
  "pageProps": {
    "contentId": "ofiii99",
    "channel": {
      "title": "九九敬老頻道",
      "no": 99,
      "charge_mode": "F",
      "content_id": "ofiii99",
      "content_type": "vod-channel",
      "epg_categories": [
        1
      ],
      "genres": [
        {
          "id": "",
          "name": "VOD_CHANNEL",
          "logo": ""
        }
      ],
      "liad_id": "VODCHNEWOFIWEB",
      "package_info_id": "VOD_CHANNEL_DELUX",
      "picture": "pics/vod_channel/logo_ofiii99_tv_20221110.png",
      "provider": [
        {
          "id": "",
          "name": "",
          "logo": ""
        }
      ],
      "quality": "HD",
      "station_id": "station5519",
      "trial": "",
      "selectable": 1,
      "tr_logo": "pics/vod_channel/tr_logo_1681813669.png",
      "tl_logo": "",
      "br_logo": "",
      "bl_logo": "",
      "menu_type": 0,
      "vod_channel_schedule": {
        "channel_id": 99,
        "cdn_code": "ofiii99",
        "start_time": 1762198800000,
        "programs": [
          {
            "content_id": "VOD00373340",
            "time_codes": [
              1107000
            ],
            "timecode_duration": [],
            "length": 1342000,
            "asset_id": "vod79747-000001M001",
            "title": "銀髮俱樂部•凱倫直播間",
            "subtitle": "第1集 因為有您的陪伴 讓我的福氣可以走下去",
            "ep_number": 1,
            "rating": 1,
            "content_type": "show",
            "p_start": 1762198800000,
            "vod_channel_description": "罹癌開刀半年後首次回歸直播，開場獻上書法前輩祝詞：「陳詞慷慨樹新風…」，並感謝「天道酬勤」「堅強如象」的陳設寓意。節目中逐一介紹13位來賓，並首度播出〈我怎麼罹癌了〉重現罹癌前後樣貌，分享從失聲恐懼到浴火重生的歷程。"
          },
          {
            "content_id": "VOD00373341",
            "time_codes": [
              1212000
            ],
            "timecode_duration": [],
            "length": 1615000,
            "asset_id": "vod79747-000002M001",
            "title": "銀髮俱樂部•凱倫直播間",
            "subtitle": "第2集 與呂世光會長有約（上）暢談人生經驗",
            "ep_number": 2,
            "rating": 1,
            "content_type": "show",
            "p_start": 1762200300000,
            "vod_channel_description": "邀請台灣銀髮族協會全國聯合會榮譽創會理事長呂世光，分享「人生70再開始」的智慧與冒險精神。從紡織本業到工程師背景，不諱言過去的「好賭人生」，更坦言戒賭戒煙的轉折，以及多年投身公益、支持生命勵樂活復健會紀錄片《跌跌撞撞的圓夢者》。"
          },
          {
            "content_id": "VOD00373342",
            "time_codes": [
              1145000
            ],
            "timecode_duration": [],
            "length": 1612000,
            "asset_id": "vod79747-000003M001",
            "title": "銀髮俱樂部•凱倫直播間",
            "subtitle": "第3集 與呂世光會長有約（下）暢談七十再開始的人生",
            "ep_number": 3,
            "rating": 1,
            "content_type": "show",
            "p_start": 1762202100000,
            "vod_channel_description": "與台灣銀髮族協會全國聯合會榮譽創會理事長呂世光對談。自 70 歲退休投入銀髮族服務已逾 18 年，他以年輕的心與健康的體魄推動亞健康族群自在生活。除紡織本業外，對投資與人事具敏銳眼光，並曾為銀髮族開創電視頻道。節目中暢談後半人生理想、對生死的看法，還有關於同學吳伯雄的趣味笑話。\n"
          },
          {
            "content_id": "VOD00373343",
            "time_codes": [
              1461000
            ],
            "timecode_duration": [],
            "length": 1807000,
            "asset_id": "vod79747-000004M001",
            "title": "銀髮俱樂部•凱倫直播間",
            "subtitle": "第4集 資深媒體大姐大高愛倫 克服憂鬱症 開創人生第二春",
            "ep_number": 4,
            "rating": 1,
            "content_type": "show",
            "p_start": 1762203900000,
            "vod_channel_description": "邀請資深媒體人、暢銷作家高愛倫——影帝邱澤銀幕上的「媽媽」。她筆下的人物皆為大牌，53 歲提前退休，65 歲以生命故事分享人生，並用寫作療癒憂鬱症。本集她侃侃而談，畫面感十足。\n"
          },
          {
            "content_id": "VOD00373344",
            "time_codes": [
              1470000
            ],
            "timecode_duration": [],
            "length": 1780000,
            "asset_id": "vod79747-000005M001",
            "title": "銀髮俱樂部•凱倫直播間",
            "subtitle": "第5集 自然醫學博士楊裕仲專訪 淺談頌缽灸輔療新技術",
            "ep_number": 5,
            "rating": 1,
            "content_type": "show",
            "p_start": 1762206000000,
            "vod_channel_description": "自然醫學博士Leo楊裕仲老師，勵志造福讓更多人更健康。看不見的聲音讓身體會說話？兩分鐘「聲灸」立即改善我的問題？睡眠不好、肩頸僵硬的另類物理補療，凱倫老師特別去體驗之後，請來就會專家分享。本期內容穿插三段「聲灸」輔療影片太豐富了。\n"
          },
          {
            "content_id": "VOD00373345",
            "time_codes": [
              1334000
            ],
            "timecode_duration": [],
            "length": 1739000,
            "asset_id": "vod79747-000006M001",
            "title": "銀髮俱樂部•凱倫直播間",
            "subtitle": "第6集 專訪新北市醫師公會 副理事長 鄭俊堂醫師",
            "ep_number": 6,
            "rating": 1,
            "content_type": "show",
            "p_start": 1762208100000,
            "vod_channel_description": "鄭俊堂醫師（新北市醫師公會副理事長／藝術家）。談醫療視野與藝術創作如何推廣本土藝術文化；演奏Saxophone 及布袋戲精華對談，意猶未盡。\n〈奶奶運動篇〉意外遇上凱倫客串「黑面人」（戲劇化造型），以逗趣互動帶出長輩安全與陪伴的提醒；笑中帶淚，喚起珍惜相處每一刻。\n"
          },
          {
            "content_id": "VOD00373346",
            "time_codes": [
              1464000
            ],
            "timecode_duration": [],
            "length": 1800000,
            "asset_id": "vod79747-000007M001",
            "title": "銀髮俱樂部•凱倫直播間",
            "subtitle": "第7集 專訪金韻獎得主民歌天王 楊耀東暢聊歌曲創作故事",
            "ep_number": 7,
            "rating": 1,
            "content_type": "show",
            "p_start": 1762209900000,
            "vod_channel_description": "民歌天王楊耀東，帶著百萬小提琴現場演奏《And I Love You》，深情紀念愛妻崔愛蓮，還即興拉起經典的《天下媽媽都是一樣的》。他分享如何在山中寫滿一年的思念日記，回美國忙餐廳事業，用忙碌與人群平衡喪妻之痛。節目裡，他還意外尋人——我們陸光藝工隊失聯的曹西平。\n"
          },
          {
            "content_id": "VOD00373347",
            "time_codes": [
              1248000
            ],
            "timecode_duration": [],
            "length": 1748000,
            "asset_id": "vod79747-000008M001",
            "title": "銀髮俱樂部•凱倫直播間",
            "subtitle": "第8集 專訪東山再起的電影大亨 陳俊榮 春暉映像總經理",
            "ep_number": 8,
            "rating": 1,
            "content_type": "show",
            "p_start": 1762212000000,
            "vod_channel_description": "邀請春暉映像總經理陳俊榮，回顧90年代獨具慧眼引進《與狼共舞》，從事業巔峰跌落谷底、每日為債務奔波到重獲新生的心路歷程。他坦言曾被絕望逼到邊緣，卻因一場夢與信念重生，並立下「末後的榮耀大過先前」的人生座右銘。"
          },
          {
            "content_id": "VOD00374604",
            "time_codes": [
              987000
            ],
            "timecode_duration": [],
            "length": 1657000,
            "asset_id": "vod79747-000009M001",
            "title": "銀髮俱樂部•凱倫直播間",
            "subtitle": "第9集 專訪華人保險天后 陳明利談長照保險新趨勢",
            "ep_number": 9,
            "rating": 1,
            "content_type": "show",
            "p_start": 1762214100000,
            "vod_channel_description": "本集越洋連線「華人保險天后」陳明利，從國際新聞聊到天下父母心，提醒壯世代應提早規劃長照保險，最遲40歲就要開始，避免成為父母與子女的負擔，真正活出生命價值。這一集，是保險、親情與健康的生命課。\n"
          },
          {
            "content_id": "VOD00374605",
            "time_codes": [
              1387000
            ],
            "timecode_duration": [],
            "length": 1715000,
            "asset_id": "vod79747-000010M001",
            "title": "銀髮俱樂部•凱倫直播間",
            "subtitle": "第10集 專訪金鐘製作人 葉天健談影視製作之路",
            "ep_number": 10,
            "rating": 1,
            "content_type": "show",
            "p_start": 1762215900000,
            "vod_channel_description": "在《銀髮笑談人生》中，我邀請到金鐘製作人葉天健。他不走尋常路，從化學跨入大眾傳播，成為中視草創期的靈魂推手，也是首位將迪士尼頻道引進台灣的製作人。他生前更辦過自己的「歡聚會」，希望老朋友在笑聲中告別，並懷抱著「銀髮族電視台」的心願。今天，這集正是為他圓夢。"
          },
          {
            "content_id": "VOD00374606",
            "time_codes": [
              1419000
            ],
            "timecode_duration": [],
            "length": 1800000,
            "asset_id": "vod79747-000011M001",
            "title": "銀髮俱樂部•凱倫直播間",
            "subtitle": "第11集 專訪李永然大律師 談生命中影響他的三位女性",
            "ep_number": 11,
            "rating": 1,
            "content_type": "show",
            "p_start": 1762217700000,
            "vod_channel_description": "有人法律聯合事務所所長李永然，他座右銘：「當你生氣你就輸了」。一位老先生在李律師會議中被擾亂了，當場老先生遞了一張字條：李先生不要生氣。好友當事人王文洋建議李永然對孩子造成困擾時，你要讓他感覺你是支持他、慢慢就順服他了。\n"
          },
          {
            "content_id": "VOD00313321",
            "time_codes": [
              724000
            ],
            "timecode_duration": [],
            "length": 1508000,
            "asset_id": "vod67387-000001M001",
            "title": "看到逐夢者",
            "subtitle": "第1集 故事起源：專訪呂世光董事長伉儷",
            "ep_number": 1,
            "rating": 1,
            "content_type": "show",
            "p_start": 1762219800000,
            "vod_channel_description": "《跌跌撞撞的圓夢者》在長達2年3個月的製作期中，總共拍攝了超過567小時、累計了34,020分鐘的素材，因此，我們希望除了電影正片之外，也能讓社會大眾有機會看到電影之外的花絮，並透過這些漏網鏡頭來感受所有參與者的努力、回味他們的酸甜苦辣、重溫他們無悔的初衷。"
          },
          {
            "content_id": "VOD00313322",
            "time_codes": [
              824000
            ],
            "timecode_duration": [],
            "length": 1510000,
            "asset_id": "vod67387-000002M001",
            "title": "看到逐夢者",
            "subtitle": "第2集 推己及人，為弱勢族群點一盞燈",
            "ep_number": 2,
            "rating": 1,
            "content_type": "show",
            "p_start": 1762221600000,
            "vod_channel_description": "《跌跌撞撞的圓夢者》在長達2年3個月的製作期中，總共拍攝了超過567小時、累計了34,020分鐘的素材，因此，我們希望除了電影正片之外，也能讓社會大眾有機會看到電影之外的花絮，並透過這些漏網鏡頭來感受所有參與者的努力、回味他們的酸甜苦辣、重溫他們無悔的初衷。"
          },
          {
            "content_id": "VOD00314702",
            "time_codes": [
              798000
            ],
            "timecode_duration": [],
            "length": 1504000,
            "asset_id": "vod67387-000003M001",
            "title": "看到逐夢者",
            "subtitle": "第3集 認識手搖車：轉動生命的夢想騎蹟",
            "ep_number": 3,
            "rating": 1,
            "content_type": "show",
            "p_start": 1762223400000,
            "vod_channel_description": "《跌跌撞撞的圓夢者》在長達2年3個月的製作期中，總共拍攝了超過567小時、累計了34,020分鐘的素材，因此，我們希望除了電影正片之外，也能讓社會大眾有機會看到電影之外的花絮，並透過這些漏網鏡頭來感受所有參與者的努力、回味他們的酸甜苦辣、重溫他們無悔的初衷。"
          },
          {
            "content_id": "VOD00315941",
            "time_codes": [
              760000
            ],
            "timecode_duration": [],
            "length": 1507000,
            "asset_id": "vod67387-000004M001",
            "title": "看到逐夢者",
            "subtitle": "第4集 再現生機：回望小兒麻痺症歷史",
            "ep_number": 4,
            "rating": 1,
            "content_type": "show",
            "p_start": 1762225200000,
            "vod_channel_description": "《跌跌撞撞的圓夢者》在長達2年3個月的製作期中，總共拍攝了超過567小時、累計了34,020分鐘的素材，因此，我們希望除了電影正片之外，也能讓社會大眾有機會看到電影之外的花絮，並透過這些漏網鏡頭來感受所有參與者的努力、回味他們的酸甜苦辣、重溫他們無悔的初衷。"
          },
          {
            "content_id": "VOD00316079",
            "time_codes": [
              760000
            ],
            "timecode_duration": [],
            "length": 1507000,
            "asset_id": "vod67387-000005M001",
            "title": "看到逐夢者",
            "subtitle": "第5集 公益傳愛：點亮他人 豐富自己",
            "ep_number": 5,
            "rating": 1,
            "content_type": "show",
            "p_start": 1762227000000,
            "vod_channel_description": "《跌跌撞撞的圓夢者》在長達2年3個月的製作期中，總共拍攝了超過567小時、累計了34,020分鐘的素材，因此，我們希望除了電影正片之外，也能讓社會大眾有機會看到電影之外的花絮，並透過這些漏網鏡頭來感受所有參與者的努力、回味他們的酸甜苦辣、重溫他們無悔的初衷。"
          },
          {
            "content_id": "VOD00317877",
            "time_codes": [
              771000
            ],
            "timecode_duration": [],
            "length": 1488000,
            "asset_id": "vod67387-000006M001",
            "title": "看到逐夢者",
            "subtitle": "第6集 品格教育：由家庭學校社會共創",
            "ep_number": 6,
            "rating": 1,
            "content_type": "show",
            "p_start": 1762228800000,
            "vod_channel_description": "《跌跌撞撞的圓夢者》在長達2年3個月的製作期中，總共拍攝了超過567小時、累計了34,020分鐘的素材，因此，我們希望除了電影正片之外，也能讓社會大眾有機會看到電影之外的花絮，並透過這些漏網鏡頭來感受所有參與者的努力、回味他們的酸甜苦辣、重溫他們無悔的初衷。"
          },
          {
            "content_id": "VOD00318129",
            "time_codes": [
              783000
            ],
            "timecode_duration": [],
            "length": 1517000,
            "asset_id": "vod67387-000007M001",
            "title": "看到逐夢者",
            "subtitle": "第7集 肯定自我：綻放生命的美好價值",
            "ep_number": 7,
            "rating": 1,
            "content_type": "show",
            "p_start": 1762230600000,
            "vod_channel_description": "《跌跌撞撞的圓夢者》在長達2年3個月的製作期中，總共拍攝了超過567小時、累計了34,020分鐘的素材，因此，我們希望除了電影正片之外，也能讓社會大眾有機會看到電影之外的花絮，並透過這些漏網鏡頭來感受所有參與者的努力、回味他們的酸甜苦辣、重溫他們無悔的初衷。"
          },
          {
            "content_id": "VOD00319922",
            "time_codes": [
              755000
            ],
            "timecode_duration": [],
            "length": 1502000,
            "asset_id": "vod67387-000008M001",
            "title": "看到逐夢者",
            "subtitle": "第8集 走入校園：尊重與同理",
            "ep_number": 8,
            "rating": 1,
            "content_type": "show",
            "p_start": 1762232400000,
            "vod_channel_description": "《跌跌撞撞的圓夢者》在長達2年3個月的製作期中，總共拍攝了超過567小時、累計了34,020分鐘的素材，因此，我們希望除了電影正片之外，也能讓社會大眾有機會看到電影之外的花絮，並透過這些漏網鏡頭來感受所有參與者的努力、回味他們的酸甜苦辣、重溫他們無悔的初衷。"
          },
          {
            "content_id": "VOD00321823",
            "time_codes": [
              730000
            ],
            "timecode_duration": [],
            "length": 1502000,
            "asset_id": "vod67387-000009M001",
            "title": "看到逐夢者",
            "subtitle": "第9集 水上80公分的視野：獨木舟運動",
            "ep_number": 9,
            "rating": 1,
            "content_type": "show",
            "p_start": 1762234200000,
            "vod_channel_description": "《跌跌撞撞的圓夢者》在長達2年3個月的製作期中，總共拍攝了超過567小時、累計了34,020分鐘的素材，因此，我們希望除了電影正片之外，也能讓社會大眾有機會看到電影之外的花絮，並透過這些漏網鏡頭來感受所有參與者的努力、回味他們的酸甜苦辣、重溫他們無悔的初衷。"
          },
          {
            "content_id": "VOD00324017",
            "time_codes": [
              758000
            ],
            "timecode_duration": [],
            "length": 1491000,
            "asset_id": "vod67387-000010M001",
            "title": "看到逐夢者",
            "subtitle": "第10集 身騎鐵馬：瞻前顧後的圓夢護衛隊",
            "ep_number": 10,
            "rating": 1,
            "content_type": "show",
            "p_start": 1762236000000,
            "vod_channel_description": "《跌跌撞撞的圓夢者》在長達2年3個月的製作期中，總共拍攝了超過567小時、累計了34,020分鐘的素材，因此，我們希望除了電影正片之外，也能讓社會大眾有機會看到電影之外的花絮，並透過這些漏網鏡頭來感受所有參與者的努力、回味他們的酸甜苦辣、重溫他們無悔的初衷。"
          },
          {
            "content_id": "VOD00325667",
            "time_codes": [
              758000
            ],
            "timecode_duration": [],
            "length": 1490000,
            "asset_id": "vod67387-000011M001",
            "title": "看到逐夢者",
            "subtitle": "第11集 逐夢者：無私奉獻的圓夢推手",
            "ep_number": 11,
            "rating": 1,
            "content_type": "show",
            "p_start": 1762237800000,
            "vod_channel_description": "《跌跌撞撞的圓夢者》在長達2年3個月的製作期中，總共拍攝了超過567小時、累計了34,020分鐘的素材，因此，我們希望除了電影正片之外，也能讓社會大眾有機會看到電影之外的花絮，並透過這些漏網鏡頭來感受所有參與者的努力、回味他們的酸甜苦辣、重溫他們無悔的初衷。"
          },
          {
            "content_id": "VOD00350268",
            "time_codes": [
              793000
            ],
            "timecode_duration": [],
            "length": 1476000,
            "asset_id": "vod67387-000012M001",
            "title": "看到逐夢者",
            "subtitle": "第12集 圓夢者：一次不服老不服輸的勇氣",
            "ep_number": 12,
            "rating": 1,
            "content_type": "show",
            "p_start": 1762239600000,
            "vod_channel_description": "《跌跌撞撞的圓夢者》在長達2年3個月的製作期中，總共拍攝了超過567小時、累計了34,020分鐘的素材，因此，我們希望除了電影正片之外，也能讓社會大眾有機會看到電影之外的花絮，並透過這些漏網鏡頭來感受所有參與者的努力、回味他們的酸甜苦辣、重溫他們無悔的初衷。"
          },
          {
            "content_id": "VOD00314269",
            "time_codes": [
              848000
            ],
            "timecode_duration": [],
            "length": 1617000,
            "asset_id": "vod67577-000001M001",
            "title": "旅遊星計劃",
            "subtitle": "第1集 輕鬆出遊第一步！熟睡舒適靠這張",
            "ep_number": 1,
            "rating": 1,
            "content_type": "show",
            "p_start": 1762241400000,
            "vod_channel_description": "有人說：「旅行不只是心靈的漫遊，更是一次發掘生活真諦的體驗機會。」那些隱藏在觀光工廠背後的寶藏，充滿了人情味與達人精妙的智慧與巧思，值得我們深入探索。跟著馬力歐與嫚萱探索各行各業的觀光工廠，一邊觀光體驗、一邊認識台灣在地達人背後的精彩故事！"
          },
          {
            "content_id": "VOD00314267",
            "time_codes": [
              794000
            ],
            "timecode_duration": [],
            "length": 1573000,
            "asset_id": "vod67576-000001M001",
            "title": "台灣故事多",
            "subtitle": "第1集 職人匠心技藝：感受精巧沙發工藝",
            "ep_number": 1,
            "rating": 1,
            "content_type": "show",
            "p_start": 1762243200000,
            "vod_channel_description": "從居家生活到藝術人文，這片土地上每樣與生活息息相關的產品都蘊藏著豐富的故事與歷史，讓我們跟著知性主持人林逸欣的腳步走入充滿魅力的製造現場，深入感受其中的匠心與技藝。透過節目細膩的鏡頭，感受這片土地上珍貴的產業脈動與文化底蘊。"
          },
          {
            "content_id": "VOD00256283",
            "time_codes": [
              762000,
              1482000,
              2298000
            ],
            "timecode_duration": [],
            "length": 3111000,
            "asset_id": "vod56025-000001M001",
            "title": "銀髮時刻",
            "subtitle": "第1集 台灣銀髮族協會介紹與活動紀錄",
            "ep_number": 1,
            "rating": 1,
            "content_type": "show",
            "p_start": 1762245000000,
            "vod_channel_description": "「銀髮時刻」主要講述臺灣銀髮族協會各分會之成立歷史，並介紹各分會之部門組成，以及訪問銀髮族各分會的重要核心人物，去瞭解這些人物背後所致力於推動的正向理念。希望透過本節目的介紹，讓銀髮長者可以透過協會這個平臺，追求樂活的銀髮人生。"
          },
          {
            "content_id": "VOD00256284",
            "time_codes": [
              707000,
              1360000,
              2008000
            ],
            "timecode_duration": [],
            "length": 2689000,
            "asset_id": "vod56025-000002M001",
            "title": "銀髮時刻",
            "subtitle": "第2集 台北市777銀髮族協會介紹",
            "ep_number": 2,
            "rating": 1,
            "content_type": "show",
            "p_start": 1762248300000,
            "vod_channel_description": "「銀髮時刻」主要講述臺灣銀髮族協會各分會之成立歷史，並介紹各分會之部門組成，以及訪問銀髮族各分會的重要核心人物，去瞭解這些人物背後所致力於推動的正向理念。希望透過本節目的介紹，讓銀髮長者可以透過協會這個平臺，追求樂活的銀髮人生。"
          },
          {
            "content_id": "VOD00273250",
            "time_codes": [
              519000,
              1140000
            ],
            "timecode_duration": [],
            "length": 1670000,
            "asset_id": "vod56025-000003M001",
            "title": "銀髮時刻",
            "subtitle": "第3集 健康快活的宗旨與造型氣球才藝",
            "ep_number": 3,
            "rating": 1,
            "content_type": "show",
            "p_start": 1762251300000,
            "vod_channel_description": "「銀髮時刻」主要講述臺灣銀髮族協會各分會之成立歷史，並介紹各分會之部門組成，以及訪問銀髮族各分會的重要核心人物，去瞭解這些人物背後所致力於推動的正向理念。希望透過本節目的介紹，讓銀髮長者可以透過協會這個平臺，追求樂活的銀髮人生。"
          },
          {
            "content_id": "VOD00273251",
            "time_codes": [
              465000,
              1198000
            ],
            "timecode_duration": [],
            "length": 1818000,
            "asset_id": "vod56025-000004M001",
            "title": "銀髮時刻",
            "subtitle": "第4集 7字緣理事長與爺孫的摺紙世界",
            "ep_number": 4,
            "rating": 1,
            "content_type": "show",
            "p_start": 1762253100000,
            "vod_channel_description": "「銀髮時刻」主要講述臺灣銀髮族協會各分會之成立歷史，並介紹各分會之部門組成，以及訪問銀髮族各分會的重要核心人物，去瞭解這些人物背後所致力於推動的正向理念。希望透過本節目的介紹，讓銀髮長者可以透過協會這個平臺，追求樂活的銀髮人生。"
          },
          {
            "content_id": "VOD00284499",
            "time_codes": [
              509000,
              1020000
            ],
            "timecode_duration": [],
            "length": 1274000,
            "asset_id": "vod56025-000005M001",
            "title": "銀髮時刻",
            "subtitle": "第5集 享受歡唱時刻，一起健康同樂！",
            "ep_number": 5,
            "rating": 1,
            "content_type": "show",
            "p_start": 1762255200000,
            "vod_channel_description": "「銀髮時刻」主要講述臺灣銀髮族協會各分會之成立歷史，並介紹各分會之部門組成，以及訪問銀髮族各分會的重要核心人物，去瞭解這些人物背後所致力於推動的正向理念。希望透過本節目的介紹，讓銀髮長者可以透過協會這個平臺，追求樂活的銀髮人生。"
          },
          {
            "content_id": "VOD00307854",
            "time_codes": [
              480000,
              1064000
            ],
            "timecode_duration": [],
            "length": 1533000,
            "asset_id": "vod56025-000006M001",
            "title": "銀髮時刻",
            "subtitle": "第6集 保持健康十四式，返璞歸真報你知",
            "ep_number": 6,
            "rating": 1,
            "content_type": "show",
            "p_start": 1762256700000,
            "vod_channel_description": "「銀髮時刻」主要講述臺灣銀髮族協會各分會之成立歷史，並介紹各分會之部門組成，以及訪問銀髮族各分會的重要核心人物，去瞭解這些人物背後所致力於推動的正向理念。希望透過本節目的介紹，讓銀髮長者可以透過協會這個平臺，追求樂活的銀髮人生。"
          },
          {
            "content_id": "VOD00307855",
            "time_codes": [
              572000,
              1136000
            ],
            "timecode_duration": [],
            "length": 1506000,
            "asset_id": "vod56025-000007M001",
            "title": "銀髮時刻",
            "subtitle": "第7集 港都文藝美如畫，高雄銀髮展風華",
            "ep_number": 7,
            "rating": 1,
            "content_type": "show",
            "p_start": 1762258500000,
            "vod_channel_description": "「銀髮時刻」主要講述臺灣銀髮族協會各分會之成立歷史，並介紹各分會之部門組成，以及訪問銀髮族各分會的重要核心人物，去瞭解這些人物背後所致力於推動的正向理念。希望透過本節目的介紹，讓銀髮長者可以透過協會這個平臺，追求樂活的銀髮人生。"
          },
          {
            "content_id": "VOD00341520",
            "time_codes": [
              600000,
              1200000
            ],
            "timecode_duration": [],
            "length": 1579000,
            "asset_id": "vod56025-000008M001",
            "title": "銀髮時刻",
            "subtitle": "第8集 健康養生七七七，銀髮友善易添得",
            "ep_number": 8,
            "rating": 1,
            "content_type": "show",
            "p_start": 1762260300000,
            "vod_channel_description": "「銀髮時刻」主要講述臺灣銀髮族協會各分會之成立歷史，並介紹各分會之部門組成，以及訪問銀髮族各分會的重要核心人物，去瞭解這些人物背後所致力於推動的正向理念。希望透過本節目的介紹，讓銀髮長者可以透過協會這個平臺，追求樂活的銀髮人生。"
          },
          {
            "content_id": "VOD00256295",
            "time_codes": [
              832000,
              1503000,
              2093000
            ],
            "timecode_duration": [],
            "length": 2808000,
            "asset_id": "vod56029-000001M001",
            "title": "黑膠年華",
            "subtitle": "第1集 經典老歌不插電一起唱、一同回味",
            "ep_number": 1,
            "rating": 1,
            "content_type": "show",
            "p_start": 1762262100000,
            "vod_channel_description": "「黑膠年華」主要是帶各位爺爺奶奶們重溫1930-1980年代的經典歌曲，內容同時具備歷史情懷、知識性和音樂性。\r\n每次將介紹三首歌曲創作的時空背景、分享創作者的傳聞軼事，佐以台灣流行音樂的發展歷史，帶大家走入時光隧道，憶起一首首經典歌曲背後所傳達的故事。"
          },
          {
            "content_id": "VOD00273249",
            "time_codes": [
              846000,
              1593000
            ],
            "timecode_duration": [],
            "length": 1929000,
            "asset_id": "vod56029-000002M001",
            "title": "黑膠年華",
            "subtitle": "第2集 跟著詞曲創作人回憶經典老歌~",
            "ep_number": 2,
            "rating": 1,
            "content_type": "show",
            "p_start": 1762265100000,
            "vod_channel_description": "「黑膠年華」主要是帶各位爺爺奶奶們重溫1930-1980年代的經典歌曲，內容同時具備歷史情懷、知識性和音樂性。\r\n每次將介紹三首歌曲創作的時空背景、分享創作者的傳聞軼事，佐以台灣流行音樂的發展歷史，帶大家走入時光隧道，憶起一首首經典歌曲背後所傳達的故事。"
          },
          {
            "content_id": "VOD00256286",
            "time_codes": [
              617000,
              1263000,
              1910000
            ],
            "timecode_duration": [],
            "length": 3144000,
            "asset_id": "vod56026-000001M001",
            "title": "銀髮寶典",
            "subtitle": "第1集 長輩跌倒怎麼做、重聽保健秘訣",
            "ep_number": 1,
            "rating": 1,
            "content_type": "show",
            "p_start": 1762267200000,
            "vod_channel_description": "「銀髮寶典」內容介紹銀髮族相關的醫療知識，讓爺爺奶奶們能了解銀髮族常見的疾病、或是身體常遇到的問題，並邀請專業的醫師上節目解答，詳細深入且淺顯易懂的方式講述給各位爺爺奶奶們。為銀髮族的身體健康預防把關，讓爺爺奶奶能有一個樂活的退休生活。"
          },
          {
            "content_id": "VOD00256287",
            "time_codes": [
              793000,
              1317000,
              1873000
            ],
            "timecode_duration": [],
            "length": 2534000,
            "asset_id": "vod56026-000002M001",
            "title": "銀髮寶典",
            "subtitle": "第2集 最適合爺奶的運動 健腳趴趴走！",
            "ep_number": 2,
            "rating": 1,
            "content_type": "show",
            "p_start": 1762270500000,
            "vod_channel_description": "「銀髮寶典」內容介紹銀髮族相關的醫療知識，讓爺爺奶奶們能了解銀髮族常見的疾病、或是身體常遇到的問題，並邀請專業的醫師上節目解答，詳細深入且淺顯易懂的方式講述給各位爺爺奶奶們。為銀髮族的身體健康預防把關，讓爺爺奶奶能有一個樂活的退休生活。"
          },
          {
            "content_id": "VOD00284675",
            "time_codes": [
              601000,
              1133000
            ],
            "timecode_duration": [],
            "length": 1733000,
            "asset_id": "vod56026-000003M001",
            "title": "銀髮寶典",
            "subtitle": "第3集 大誤會！健忘不等於失智症！",
            "ep_number": 3,
            "rating": 1,
            "content_type": "show",
            "p_start": 1762273200000,
            "vod_channel_description": "「銀髮寶典」內容介紹銀髮族相關的醫療知識，讓爺爺奶奶們能了解銀髮族常見的疾病、或是身體常遇到的問題，並邀請專業的醫師上節目解答，詳細深入且淺顯易懂的方式講述給各位爺爺奶奶們。為銀髮族的身體健康預防把關，讓爺爺奶奶能有一個樂活的退休生活。"
          },
          {
            "content_id": "VOD00290353",
            "time_codes": [
              768000
            ],
            "timecode_duration": [],
            "length": 1517000,
            "asset_id": "vod56026-000004M001",
            "title": "銀髮寶典",
            "subtitle": "第4集 腸胃好，人不老！健腸養胃不可少",
            "ep_number": 4,
            "rating": 1,
            "content_type": "show",
            "p_start": 1762275000000,
            "vod_channel_description": "「銀髮寶典」內容介紹銀髮族相關的醫療知識，讓爺爺奶奶們能了解銀髮族常見的疾病、或是身體常遇到的問題，並邀請專業的醫師上節目解答，詳細深入且淺顯易懂的方式講述給各位爺爺奶奶們。為銀髮族的身體健康預防把關，讓爺爺奶奶能有一個樂活的退休生活。"
          },
          {
            "content_id": "VOD00290354",
            "time_codes": [
              754000
            ],
            "timecode_duration": [],
            "length": 1509000,
            "asset_id": "vod56026-000005M001",
            "title": "銀髮寶典",
            "subtitle": "第5集 養氣活血，手腳不再冷冰冰",
            "ep_number": 5,
            "rating": 1,
            "content_type": "show",
            "p_start": 1762276800000,
            "vod_channel_description": "「銀髮寶典」內容介紹銀髮族相關的醫療知識，讓爺爺奶奶們能了解銀髮族常見的疾病、或是身體常遇到的問題，並邀請專業的醫師上節目解答，詳細深入且淺顯易懂的方式講述給各位爺爺奶奶們。為銀髮族的身體健康預防把關，讓爺爺奶奶能有一個樂活的退休生活。"
          },
          {
            "content_id": "VOD00290355",
            "time_codes": [
              744000
            ],
            "timecode_duration": [],
            "length": 1500000,
            "asset_id": "vod56026-000006M001",
            "title": "銀髮寶典",
            "subtitle": "第6集 守護靈魂之窗：視力保養跟我做！",
            "ep_number": 6,
            "rating": 1,
            "content_type": "show",
            "p_start": 1762278600000,
            "vod_channel_description": "「銀髮寶典」內容介紹銀髮族相關的醫療知識，讓爺爺奶奶們能了解銀髮族常見的疾病、或是身體常遇到的問題，並邀請專業的醫師上節目解答，詳細深入且淺顯易懂的方式講述給各位爺爺奶奶們。為銀髮族的身體健康預防把關，讓爺爺奶奶能有一個樂活的退休生活。"
          },
          {
            "content_id": "VOD00295064",
            "time_codes": [
              877000
            ],
            "timecode_duration": [],
            "length": 1491000,
            "asset_id": "vod56026-000007M001",
            "title": "銀髮寶典",
            "subtitle": "第7集 半夜睡不著覺，沒心情好煩惱",
            "ep_number": 7,
            "rating": 1,
            "content_type": "show",
            "p_start": 1762280400000,
            "vod_channel_description": "「銀髮寶典」內容介紹銀髮族相關的醫療知識，讓爺爺奶奶們能了解銀髮族常見的疾病、或是身體常遇到的問題，並邀請專業的醫師上節目解答，詳細深入且淺顯易懂的方式講述給各位爺爺奶奶們。為銀髮族的身體健康預防把關，讓爺爺奶奶能有一個樂活的退休生活。"
          },
          {
            "content_id": "VOD00295065",
            "time_codes": [
              869000
            ],
            "timecode_duration": [],
            "length": 1496000,
            "asset_id": "vod56026-000008M001",
            "title": "銀髮寶典",
            "subtitle": "第8集 尿不乾淨可能是膀胱以外的問題？",
            "ep_number": 8,
            "rating": 1,
            "content_type": "show",
            "p_start": 1762282200000,
            "vod_channel_description": "「銀髮寶典」內容介紹銀髮族相關的醫療知識，讓爺爺奶奶們能了解銀髮族常見的疾病、或是身體常遇到的問題，並邀請專業的醫師上節目解答，詳細深入且淺顯易懂的方式講述給各位爺爺奶奶們。為銀髮族的身體健康預防把關，讓爺爺奶奶能有一個樂活的退休生活。"
          },
          {
            "content_id": "VOD00256289",
            "time_codes": [
              635000,
              1325000,
              1867000
            ],
            "timecode_duration": [],
            "length": 2412000,
            "asset_id": "vod56027-000001M001",
            "title": "3C易起來",
            "subtitle": "第1集 超簡單手機操作爺奶們「易」起來",
            "ep_number": 1,
            "rating": 1,
            "content_type": "show",
            "p_start": 1762284000000,
            "vod_channel_description": "「3C易起來」內容專為銀髮族講述現代科技相關之知識，由手機開始，陸續介紹電腦、平板、穿戴式裝置等電子產品；和各種常見的實用軟體。另外，也將講述基本的資訊安全議題和防騙資訊，以預防潛藏的資安危機。節目會將難懂的科技知識轉換成較好理解的生活常識，讓爺爺奶奶們更好的和現代科技接軌。"
          },
          {
            "content_id": "VOD00256290",
            "time_codes": [
              696000,
              1451000,
              2202000
            ],
            "timecode_duration": [],
            "length": 3094000,
            "asset_id": "vod56027-000002M001",
            "title": "3C易起來",
            "subtitle": "第2集 詳細的「蘋果、安卓」設定介紹",
            "ep_number": 2,
            "rating": 1,
            "content_type": "show",
            "p_start": 1762286700000,
            "vod_channel_description": "「3C易起來」內容專為銀髮族講述現代科技相關之知識，由手機開始，陸續介紹電腦、平板、穿戴式裝置等電子產品；和各種常見的實用軟體。另外，也將講述基本的資訊安全議題和防騙資訊，以預防潛藏的資安危機。節目會將難懂的科技知識轉換成較好理解的生活常識，讓爺爺奶奶們更好的和現代科技接軌。"
          },
          {
            "content_id": "VOD00273248",
            "time_codes": [
              710000,
              1330000
            ],
            "timecode_duration": [],
            "length": 1873000,
            "asset_id": "vod56027-000003M001",
            "title": "3C易起來",
            "subtitle": "第3集 易起學習手機上的LiTV操作吧",
            "ep_number": 3,
            "rating": 1,
            "content_type": "show",
            "p_start": 1762290000000,
            "vod_channel_description": "「3C易起來」內容專為銀髮族講述現代科技相關之知識，由手機開始，陸續介紹電腦、平板、穿戴式裝置等電子產品；和各種常見的實用軟體。另外，也將講述基本的資訊安全議題和防騙資訊，以預防潛藏的資安危機。節目會將難懂的科技知識轉換成較好理解的生活常識，讓爺爺奶奶們更好的和現代科技接軌。"
          },
          {
            "content_id": "VOD00284676",
            "time_codes": [
              608000,
              1203000
            ],
            "timecode_duration": [],
            "length": 1630000,
            "asset_id": "vod56027-000004M001",
            "title": "3C易起來",
            "subtitle": "第4集 看完就懂！LINE加個好友吧！",
            "ep_number": 4,
            "rating": 1,
            "content_type": "show",
            "p_start": 1762292100000,
            "vod_channel_description": "「3C易起來」內容專為銀髮族講述現代科技相關之知識，由手機開始，陸續介紹電腦、平板、穿戴式裝置等電子產品；和各種常見的實用軟體。另外，也將講述基本的資訊安全議題和防騙資訊，以預防潛藏的資安危機。節目會將難懂的科技知識轉換成較好理解的生活常識，讓爺爺奶奶們更好的和現代科技接軌。"
          },
          {
            "content_id": "VOD00290356",
            "time_codes": [
              746000
            ],
            "timecode_duration": [],
            "length": 1507000,
            "asset_id": "vod56027-000005M001",
            "title": "3C易起來",
            "subtitle": "第5集 簡單Line一下：開相簿創群組",
            "ep_number": 5,
            "rating": 1,
            "content_type": "show",
            "p_start": 1762293900000,
            "vod_channel_description": "「3C易起來」內容專為銀髮族講述現代科技相關之知識，由手機開始，陸續介紹電腦、平板、穿戴式裝置等電子產品；和各種常見的實用軟體。另外，也將講述基本的資訊安全議題和防騙資訊，以預防潛藏的資安危機。節目會將難懂的科技知識轉換成較好理解的生活常識，讓爺爺奶奶們更好的和現代科技接軌。"
          },
          {
            "content_id": "VOD00295056",
            "time_codes": [
              749000
            ],
            "timecode_duration": [],
            "length": 1509000,
            "asset_id": "vod56027-000006M001",
            "title": "3C易起來",
            "subtitle": "第6集 開啟臉書（上） 忘記密碼怎麼辦？",
            "ep_number": 6,
            "rating": 1,
            "content_type": "show",
            "p_start": 1762295700000,
            "vod_channel_description": "「3C易起來」內容專為銀髮族講述現代科技相關之知識，由手機開始，陸續介紹電腦、平板、穿戴式裝置等電子產品；和各種常見的實用軟體。另外，也將講述基本的資訊安全議題和防騙資訊，以預防潛藏的資安危機。節目會將難懂的科技知識轉換成較好理解的生活常識，讓爺爺奶奶們更好的和現代科技接軌。"
          },
          {
            "content_id": "VOD00295057",
            "time_codes": [
              776000
            ],
            "timecode_duration": [],
            "length": 1502000,
            "asset_id": "vod56027-000007M001",
            "title": "3C易起來",
            "subtitle": "第7集 開啟臉書（下） 分享你的繽紛生活",
            "ep_number": 7,
            "rating": 1,
            "content_type": "show",
            "p_start": 1762297500000,
            "vod_channel_description": "「3C易起來」內容專為銀髮族講述現代科技相關之知識，由手機開始，陸續介紹電腦、平板、穿戴式裝置等電子產品；和各種常見的實用軟體。另外，也將講述基本的資訊安全議題和防騙資訊，以預防潛藏的資安危機。節目會將難懂的科技知識轉換成較好理解的生活常識，讓爺爺奶奶們更好的和現代科技接軌。"
          },
          {
            "content_id": "VOD00295058",
            "time_codes": [
              774000
            ],
            "timecode_duration": [],
            "length": 1501000,
            "asset_id": "vod56027-000008M001",
            "title": "3C易起來",
            "subtitle": "第8集 油土伯：下載觀看好簡單！",
            "ep_number": 8,
            "rating": 1,
            "content_type": "show",
            "p_start": 1762299300000,
            "vod_channel_description": "「3C易起來」內容專為銀髮族講述現代科技相關之知識，由手機開始，陸續介紹電腦、平板、穿戴式裝置等電子產品；和各種常見的實用軟體。另外，也將講述基本的資訊安全議題和防騙資訊，以預防潛藏的資安危機。節目會將難懂的科技知識轉換成較好理解的生活常識，讓爺爺奶奶們更好的和現代科技接軌。"
          },
          {
            "content_id": "VOD00256292",
            "time_codes": [
              698000,
              1336000,
              1892000
            ],
            "timecode_duration": [],
            "length": 2662000,
            "asset_id": "vod56028-000001M001",
            "title": "跟著爺奶導遊走",
            "subtitle": "第1集 高齡長輩健康爬山、走進大自然",
            "ep_number": 1,
            "rating": 1,
            "content_type": "show",
            "p_start": 1762301100000,
            "vod_channel_description": "「跟著爺奶導遊走」講述銀髮族的旅遊活動，目的是讓人們的後半段人生，不因為疾病、家人、退休等諸多因素失去活力、目標。再繼續開始的人生旅途上，這兒有一群享受生活追求健康的爺爺奶奶，不要害怕孤單煩惱，跟著他們就對了。"
          },
          {
            "content_id": "VOD00256293",
            "time_codes": [
              782000,
              1733000,
              2487000
            ],
            "timecode_duration": [],
            "length": 3678000,
            "asset_id": "vod56028-000002M001",
            "title": "跟著爺奶導遊走",
            "subtitle": "第2集 與爺奶行走天母川湯行義路",
            "ep_number": 2,
            "rating": 1,
            "content_type": "show",
            "p_start": 1762304100000,
            "vod_channel_description": "「跟著爺奶導遊走」講述銀髮族的旅遊活動，目的是讓人們的後半段人生，不因為疾病、家人、退休等諸多因素失去活力、目標。再繼續開始的人生旅途上，這兒有一群享受生活追求健康的爺爺奶奶，不要害怕孤單煩惱，跟著他們就對了。"
          },
          {
            "content_id": "VOD00284678",
            "time_codes": [
              665000,
              1300000
            ],
            "timecode_duration": [],
            "length": 1802000,
            "asset_id": "vod56028-000003M001",
            "title": "跟著爺奶導遊走",
            "subtitle": "第3集 爺奶探路天母，竹林祕境大曝光！",
            "ep_number": 3,
            "rating": 1,
            "content_type": "show",
            "p_start": 1762308000000,
            "vod_channel_description": "「跟著爺奶導遊走」講述銀髮族的旅遊活動，目的是讓人們的後半段人生，不因為疾病、家人、退休等諸多因素失去活力、目標。再繼續開始的人生旅途上，這兒有一群享受生活追求健康的爺爺奶奶，不要害怕孤單煩惱，跟著他們就對了。"
          },
          {
            "content_id": "VOD00290348",
            "time_codes": [
              774000
            ],
            "timecode_duration": [],
            "length": 1498000,
            "asset_id": "vod56028-000004M001",
            "title": "跟著爺奶導遊走",
            "subtitle": "第4集 元宵節快樂！玉兔壯彩，爺奶走春",
            "ep_number": 4,
            "rating": 1,
            "content_type": "show",
            "p_start": 1762310100000,
            "vod_channel_description": "「跟著爺奶導遊走」講述銀髮族的旅遊活動，目的是讓人們的後半段人生，不因為疾病、家人、退休等諸多因素失去活力、目標。再繼續開始的人生旅途上，這兒有一群享受生活追求健康的爺爺奶奶，不要害怕孤單煩惱，跟著他們就對了。"
          },
          {
            "content_id": "VOD00290349",
            "time_codes": [
              758000
            ],
            "timecode_duration": [],
            "length": 1500000,
            "asset_id": "vod56028-000005M001",
            "title": "跟著爺奶導遊走",
            "subtitle": "第5集 史蹟遊覽：淡水歷史之旅(上)",
            "ep_number": 5,
            "rating": 1,
            "content_type": "show",
            "p_start": 1762311900000,
            "vod_channel_description": "「跟著爺奶導遊走」講述銀髮族的旅遊活動，目的是讓人們的後半段人生，不因為疾病、家人、退休等諸多因素失去活力、目標。再繼續開始的人生旅途上，這兒有一群享受生活追求健康的爺爺奶奶，不要害怕孤單煩惱，跟著他們就對了。"
          },
          {
            "content_id": "VOD00295061",
            "time_codes": [
              793000
            ],
            "timecode_duration": [],
            "length": 1491000,
            "asset_id": "vod56028-000006M001",
            "title": "跟著爺奶導遊走",
            "subtitle": "第6集 史蹟遊覽：淡水歷史之旅(下)",
            "ep_number": 6,
            "rating": 1,
            "content_type": "show",
            "p_start": 1762313700000,
            "vod_channel_description": "「跟著爺奶導遊走」講述銀髮族的旅遊活動，目的是讓人們的後半段人生，不因為疾病、家人、退休等諸多因素失去活力、目標。再繼續開始的人生旅途上，這兒有一群享受生活追求健康的爺爺奶奶，不要害怕孤單煩惱，跟著他們就對了。"
          },
          {
            "content_id": "VOD00295062",
            "time_codes": [
              722000
            ],
            "timecode_duration": [],
            "length": 1504000,
            "asset_id": "vod56028-000007M001",
            "title": "跟著爺奶導遊走",
            "subtitle": "第7集 碧水長圍青山轉：探訪新烏小粗坑",
            "ep_number": 7,
            "rating": 1,
            "content_type": "show",
            "p_start": 1762315500000,
            "vod_channel_description": "「跟著爺奶導遊走」講述銀髮族的旅遊活動，目的是讓人們的後半段人生，不因為疾病、家人、退休等諸多因素失去活力、目標。再繼續開始的人生旅途上，這兒有一群享受生活追求健康的爺爺奶奶，不要害怕孤單煩惱，跟著他們就對了。"
          },
          {
            "content_id": "VOD00295063",
            "time_codes": [
              743000
            ],
            "timecode_duration": [],
            "length": 1498000,
            "asset_id": "vod56028-000008M001",
            "title": "跟著爺奶導遊走",
            "subtitle": "第8集 整裝出發！前進鬼斧神工金面山",
            "ep_number": 8,
            "rating": 1,
            "content_type": "show",
            "p_start": 1762317300000,
            "vod_channel_description": "「跟著爺奶導遊走」講述銀髮族的旅遊活動，目的是讓人們的後半段人生，不因為疾病、家人、退休等諸多因素失去活力、目標。再繼續開始的人生旅途上，這兒有一群享受生活追求健康的爺爺奶奶，不要害怕孤單煩惱，跟著他們就對了。"
          },
          {
            "content_id": "VOD00256263",
            "time_codes": [
              730000,
              1578000,
              2245000
            ],
            "timecode_duration": [],
            "length": 3021000,
            "asset_id": "vod55949-000001M001",
            "title": "私房好食光",
            "subtitle": "第1集 拈花食神-雷蒙 私房食譜大公開",
            "ep_number": 1,
            "rating": 1,
            "content_type": "show",
            "p_start": 1762319100000,
            "vod_channel_description": "家中尋常的飯菜，卻是在外頭都難以尋覓的美味，唯有阿公阿嬤的巧手才能重現其中風味。「私房好食光」帶觀眾尋找各種有特色又美味的獨門料理。從食材挑選到製作，都由阿公阿嬤親自教導，呈現傳承這道料理的溫馨過程。節目中後段，也會請到營養專家為大家介紹私房菜的營養價值。"
          },
          {
            "content_id": "VOD00256264",
            "time_codes": [
              728000,
              1399000,
              2527000
            ],
            "timecode_duration": [],
            "length": 3561000,
            "asset_id": "vod55949-000002M001",
            "title": "私房好食光",
            "subtitle": "第2集 教會私房菜最下飯滷肉、茶油雞",
            "ep_number": 2,
            "rating": 1,
            "content_type": "show",
            "p_start": 1762322400000,
            "vod_channel_description": "家中尋常的飯菜，卻是在外頭都難以尋覓的美味，唯有阿公阿嬤的巧手才能重現其中風味。「私房好食光」帶觀眾尋找各種有特色又美味的獨門料理。從食材挑選到製作，都由阿公阿嬤親自教導，呈現傳承這道料理的溫馨過程。節目中後段，也會請到營養專家為大家介紹私房菜的營養價值。"
          },
          {
            "content_id": "VOD00284677",
            "time_codes": [
              647000,
              1127000
            ],
            "timecode_duration": [],
            "length": 1806000,
            "asset_id": "vod55949-000003M001",
            "title": "私房好食光",
            "subtitle": "第3集 眷村飄香一甲子，外婆私房油爆蝦",
            "ep_number": 3,
            "rating": 1,
            "content_type": "show",
            "p_start": 1762326300000,
            "vod_channel_description": "家中尋常的飯菜，卻是在外頭都難以尋覓的美味，唯有阿公阿嬤的巧手才能重現其中風味。「私房好食光」帶觀眾尋找各種有特色又美味的獨門料理。從食材挑選到製作，都由阿公阿嬤親自教導，呈現傳承這道料理的溫馨過程。節目中後段，也會請到營養專家為大家介紹私房菜的營養價值。"
          },
          {
            "content_id": "VOD00290350",
            "time_codes": [
              761000
            ],
            "timecode_duration": [],
            "length": 1508000,
            "asset_id": "vod55949-000004M001",
            "title": "私房好食光",
            "subtitle": "第4集 蔬食饗宴：呷菜也能很美味",
            "ep_number": 4,
            "rating": 1,
            "content_type": "show",
            "p_start": 1762328400000,
            "vod_channel_description": "家中尋常的飯菜，卻是在外頭都難以尋覓的美味，唯有阿公阿嬤的巧手才能重現其中風味。「私房好食光」帶觀眾尋找各種有特色又美味的獨門料理。從食材挑選到製作，都由阿公阿嬤親自教導，呈現傳承這道料理的溫馨過程。節目中後段，也會請到營養專家為大家介紹私房菜的營養價值。"
          },
          {
            "content_id": "VOD00290351",
            "time_codes": [
              698000
            ],
            "timecode_duration": [],
            "length": 1504000,
            "asset_id": "vod55949-000005M001",
            "title": "私房好食光",
            "subtitle": "第5集 暖衣飽食：鹹香暖胃牛肉湯",
            "ep_number": 5,
            "rating": 1,
            "content_type": "show",
            "p_start": 1762330200000,
            "vod_channel_description": "家中尋常的飯菜，卻是在外頭都難以尋覓的美味，唯有阿公阿嬤的巧手才能重現其中風味。「私房好食光」帶觀眾尋找各種有特色又美味的獨門料理。從食材挑選到製作，都由阿公阿嬤親自教導，呈現傳承這道料理的溫馨過程。節目中後段，也會請到營養專家為大家介紹私房菜的營養價值。"
          },
          {
            "content_id": "VOD00290352",
            "time_codes": [
              800000
            ],
            "timecode_duration": [],
            "length": 1495000,
            "asset_id": "vod55949-000006M001",
            "title": "私房好食光",
            "subtitle": "第6集 萬用豬絞肉：料理好簡單！",
            "ep_number": 6,
            "rating": 1,
            "content_type": "show",
            "p_start": 1762332000000,
            "vod_channel_description": "家中尋常的飯菜，卻是在外頭都難以尋覓的美味，唯有阿公阿嬤的巧手才能重現其中風味。「私房好食光」帶觀眾尋找各種有特色又美味的獨門料理。從食材挑選到製作，都由阿公阿嬤親自教導，呈現傳承這道料理的溫馨過程。節目中後段，也會請到營養專家為大家介紹私房菜的營養價值。"
          },
          {
            "content_id": "VOD00295059",
            "time_codes": [
              726000
            ],
            "timecode_duration": [],
            "length": 1494000,
            "asset_id": "vod55949-000007M001",
            "title": "私房好食光",
            "subtitle": "第7集 澎湃料理一道道，阿嬤不讓你餓到",
            "ep_number": 7,
            "rating": 1,
            "content_type": "show",
            "p_start": 1762333800000,
            "vod_channel_description": "家中尋常的飯菜，卻是在外頭都難以尋覓的美味，唯有阿公阿嬤的巧手才能重現其中風味。「私房好食光」帶觀眾尋找各種有特色又美味的獨門料理。從食材挑選到製作，都由阿公阿嬤親自教導，呈現傳承這道料理的溫馨過程。節目中後段，也會請到營養專家為大家介紹私房菜的營養價值。"
          },
          {
            "content_id": "VOD00295060",
            "time_codes": [
              748000
            ],
            "timecode_duration": [],
            "length": 1498000,
            "asset_id": "vod55949-000008M001",
            "title": "私房好食光",
            "subtitle": "第8集 獨家秘方教一下，開胃養生這一夏",
            "ep_number": 8,
            "rating": 1,
            "content_type": "show",
            "p_start": 1762335600000,
            "vod_channel_description": "家中尋常的飯菜，卻是在外頭都難以尋覓的美味，唯有阿公阿嬤的巧手才能重現其中風味。「私房好食光」帶觀眾尋找各種有特色又美味的獨門料理。從食材挑選到製作，都由阿公阿嬤親自教導，呈現傳承這道料理的溫馨過程。節目中後段，也會請到營養專家為大家介紹私房菜的營養價值。"
          },
          {
            "content_id": "VOD00256325",
            "time_codes": [
              762000,
              1500000,
              2210000
            ],
            "timecode_duration": [],
            "length": 3018000,
            "asset_id": "vod56030-000001M001",
            "title": "植人聚卉",
            "subtitle": "第1集 台灣蘭花王國–探索蝴蝶蘭生長紀錄！",
            "ep_number": 1,
            "rating": 1,
            "content_type": "show",
            "p_start": 1762337400000,
            "vod_channel_description": "「植人聚卉」希望透過植物將家更凝聚在一起，帶銀髮族認識在我們生活周遭的植物，介紹其特性與照顧方式，讓爺爺奶奶與孫子、家人到外散步時，可以一起放慢腳步，欣賞、討論沿路所看到的花草樹木。而在家中也可以一同種植植栽，不僅美化居家環境，在過程中還可以療癒身心，並創造和家人間的話題與回憶。"
          }
        ],
        "total_length": 124214000,
        "focus_index": 19,
        "next_index": 20,
        "time": 418938,
        "focus_program": {
          "content_id": "VOD00321823",
          "time_codes": [
            730000
          ],
          "timecode_duration": [],
          "length": 1502000,
          "asset_id": "vod67387-000009M001",
          "title": "看到逐夢者",
          "subtitle": "第9集 水上80公分的視野：獨木舟運動",
          "ep_number": 9,
          "rating": 1,
          "content_type": "show",
          "p_start": 1762234200000,
          "vod_channel_description": "《跌跌撞撞的圓夢者》在長達2年3個月的製作期中，總共拍攝了超過567小時、累計了34,020分鐘的素材，因此，我們希望除了電影正片之外，也能讓社會大眾有機會看到電影之外的花絮，並透過這些漏網鏡頭來感受所有參與者的努力、回味他們的酸甜苦辣、重溫他們無悔的初衷。"
        }
      },
      "station_categories": [
        {
          "Name": "綜合",
          "EngName": "Variety",
          "MenuOrder": 4
        }
      ]
    },
    "introduction": {
      "image": "https://p-cdnstatic.svc.litv.tv/pics/vod_channel/logo_ofiii99_mobile_20221110.png",
      "description": "節目內容專為銀髮族設計，有介紹777銀髮族協會的《銀髮時刻》與相關醫療知識的《銀髮寶典》，還有現代科技知識分享《3C易起來》與爺奶們的旅遊活動《跟著爺奶導遊走》，以及唯有阿公阿嬤才能重現的私房美味料理《私房好食光》與重溫1930-1980年代的經典歌曲的《黑膠年華》還有可以讓大家認識周遭植物的《植人聚卉》，所有的節目都適合全家大小陪伴家中長者一同觀賞。",
      "href_maps": []
    },
    "recommends": [
      {
        "description": "《@_@跟著爺奶導遊走@_@》",
        "href_map": {
          "title": "跟著爺奶導遊走",
          "href": "/vod/56028/1/E8"
        }
      },
      {
        "description": "《@_@3C易起來@_@》",
        "href_map": {
          "title": "3C易起來",
          "href": "/vod/56027/1/E8"
        }
      }
    ],
    "ua": "Mozilla/5.0 (Windows NT 10.0; Win64; x64) AppleWebKit/537.36 (KHTML, like Gecko) Chrome/134.0.0.0 Safari/537.36"
  },
  "__N_SSP": true
}