{
  "pageProps": {
    "contentId": "ofiii244",
    "channel": {
      "title": "溢起趣打卡",
      "no": 244,
      "charge_mode": "F",
      "content_id": "ofiii244",
      "content_type": "vod-channel",
      "epg_categories": [
        18
      ],
      "genres": [
        {
          "id": "",
          "name": "VOD_CHANNEL",
          "logo": ""
        }
      ],
      "liad_id": "VODCHNEWOFIWEB",
      "package_info_id": "VOD_CHANNEL_DELUX",
      "picture": "pics/vod_channel/logo_3665_ofiii244_tv_20250305.png",
      "provider": [
        {
          "id": "",
          "name": "緯來電視",
          "logo": ""
        }
      ],
      "quality": "HD",
      "station_id": "station6599",
      "trial": "",
      "selectable": 1,
      "tr_logo": "pics/vod_channel/tr_logo_1741166072.png",
      "tl_logo": "",
      "br_logo": "",
      "bl_logo": "",
      "menu_type": 0,
      "vod_channel_schedule": {
        "channel_id": 244,
        "cdn_code": "ofiii244",
        "start_time": 1762958100000,
        "programs": [
          {
            "content_id": "VOD00330463",
            "time_codes": [
              1075000,
              1822000,
              2273000
            ],
            "timecode_duration": [],
            "length": 2702000,
            "asset_id": "vod71092-000001M001",
            "title": "",
            "subtitle": "第1集 印度 北北印 從喀什米爾發現大不同的印度",
            "ep_number": 1,
            "rating": 1,
            "content_type": "show",
            "p_start": 1762958100000,
            "vod_channel_description": "查謨與喀什米爾邦，位在印度的北邊，比被稱為北印的德里更北方，因此又被稱為北北印，我們選擇這裡當起點，自然是因為喀什米爾與整個印度，有著截然不同的風情，走入首都斯里那加的老城區，你會發現已有三、四百年歷史的清真寺、充滿伊斯蘭風，搭上西卡拉船漫遊在達爾湖，感受船屋居民的生活方式…"
          },
          {
            "content_id": "VOD00330464",
            "time_codes": [
              965000,
              1740000,
              2239000
            ],
            "timecode_duration": [],
            "length": 2714000,
            "asset_id": "vod71092-000002M001",
            "title": "",
            "subtitle": "第2集 印度 風情萬種的列城公路",
            "ep_number": 2,
            "rating": 1,
            "content_type": "show",
            "p_start": 1762961100000,
            "vod_channel_description": "列城公路是一條連接喀什米爾邦跟拉達克自治區的公路，起點在喀什米爾的斯里那加、終點是拉達克的列城，這一集便是從斯里那加往東、朝列城前進。只不過，離開斯里那加，我們先去拜訪了有百花草園之稱的貢馬，搭乘纜車來到3050公尺高的谷地，吃吃小點心、漫步在草原上好不自在…"
          },
          {
            "content_id": "VOD00330465",
            "time_codes": [
              1379000,
              1745000,
              2214000
            ],
            "timecode_duration": [],
            "length": 2721000,
            "asset_id": "vod71092-000003M001",
            "title": "",
            "subtitle": "第3集 印度 人間天堂列城",
            "ep_number": 3,
            "rating": 1,
            "content_type": "show",
            "p_start": 1762964100000,
            "vod_channel_description": "一路走走停停，從斯里那加踏上列城公路，花了二天的時間，終於抵達列城，有人說最快認識一座城市的方法，就是從市場着手，走在老街區，杏桃乾、酥油茶、小圓餅、發酵餅都來上一份，讓我們當一回地道的列城人，拐進巷弄裡，民生用品、傳統服飾、理髮廳，看似樸實無華、卻是光彩奪目…"
          },
          {
            "content_id": "VOD00330466",
            "time_codes": [
              1103000,
              1696000,
              2195000
            ],
            "timecode_duration": [],
            "length": 2664000,
            "asset_id": "vod71092-000004M001",
            "title": "",
            "subtitle": "第4集 土耳其 橫跨歐亞兩洲的城市—伊斯坦堡",
            "ep_number": 4,
            "rating": 1,
            "content_type": "show",
            "p_start": 1762967100000,
            "vod_channel_description": "伊斯坦堡是全世界唯一橫跨歐亞兩洲的城市，也是土耳其進出的門戶，及第一大城。平均每位土耳其人每年要喝掉6.9磅的茶葉，土耳其是全球最能喝茶，也最愛喝茶的民族。在伊斯坦堡歐洲區的某條街上，我們很幸運的找到了一家百年紅茶店，用一杯香醇的土耳其紅茶開啟了這趟新的旅程…"
          },
          {
            "content_id": "VOD00330467",
            "time_codes": [
              1056000,
              1722000,
              2170000
            ],
            "timecode_duration": [],
            "length": 2665000,
            "asset_id": "vod71092-000005M001",
            "title": "",
            "subtitle": "第5集 土耳其 布爾薩的深厚文化底蘊",
            "ep_number": 5,
            "rating": 1,
            "content_type": "show",
            "p_start": 1762970100000,
            "vod_channel_description": "布爾薩是古絲綢之路上重要的據點、鄂圖曼帝國的第一個首都、也是今日土耳其的第四大城，擁有深厚的文化底蘊。伊斯坎德爾烤肉，百餘年前由伊斯坎德爾先生發明。整個製作過程賞心悅目，令人垂涎；而烤羔羊肉鮮嫩的口感和香味，更是讓人停不下筷子。享用完烤肉大餐後，我們參觀了頗具特色的大清真寺…"
          },
          {
            "content_id": "VOD00330468",
            "time_codes": [
              949000,
              1785000,
              2254000
            ],
            "timecode_duration": [],
            "length": 2696000,
            "asset_id": "vod71092-000006M001",
            "title": "",
            "subtitle": "第6集 土耳其 梅爾辛擁有豐富的歷史和文化遺產",
            "ep_number": 6,
            "rating": 1,
            "content_type": "show",
            "p_start": 1762973100000,
            "vod_channel_description": "安卡拉的行程繼續。在眾多的博物館中，監獄博物館算是最特殊的一個。2006年以前，曾經關過無數的政治犯，甚至將年僅16歲的死刑犯處以絞刑。整個監獄博物館內的氣氛十分壓抑。參觀完監獄博物館後，我們往南走，來到了有地中海明珠之稱的城市梅爾辛，梅爾辛擁有超長的海岸線，是個極有特色的海港城市…"
          },
          {
            "content_id": "VOD00330469",
            "time_codes": [
              1006000,
              1753000,
              2382000
            ],
            "timecode_duration": [],
            "length": 2679000,
            "asset_id": "vod71092-000007M001",
            "title": "",
            "subtitle": "第7集 土耳其 哥貝克力石陣 最早的文明遺址",
            "ep_number": 7,
            "rating": 1,
            "content_type": "show",
            "p_start": 1762976100000,
            "vod_channel_description": "離開加濟安泰普，我們繼續東行，正式進入人類文明的發源地。哈爾費蒂，幼發拉底河畔的美麗小鎮，我們在碼頭旁品嚐了烤魚大餐後，搭船遊河，用最近的距離領略了這條孕育人類古文明大河的雄偉壯麗。哥貝克力石陣，被稱為考古界的奇蹟，因為它比埃及金字塔和英國巨石陣存在地球上的時間還要久遠許多…"
          },
          {
            "content_id": "VOD00330470",
            "time_codes": [
              951000,
              1958000,
              2263000
            ],
            "timecode_duration": [],
            "length": 2708000,
            "asset_id": "vod71092-000008M001",
            "title": "",
            "subtitle": "第8集 印尼 雅加達 既熟悉又陌生的國度",
            "ep_number": 8,
            "rating": 1,
            "content_type": "show",
            "p_start": 1762979100000,
            "vod_channel_description": "印尼，一個大家有點陌生、又有點熟悉的國家，熟悉的是大家都知道度假勝地峇里島、還有在台灣生活的大量移工；陌生的是除了峇里島，對印尼有什麼，真感到陌生，就帶大家從印尼的中心雅加達走起...雅加達是一座15世紀就已建造的老城，曾被英國、荷蘭與日本殖民，因此融合了不同國家的文化…"
          },
          {
            "content_id": "VOD00330471",
            "time_codes": [
              997000,
              2031000,
              2428000
            ],
            "timecode_duration": [],
            "length": 2715000,
            "asset_id": "vod71092-000009M001",
            "title": "",
            "subtitle": "第9集 印尼 萬隆 從產業認識地方 來一場知識之旅",
            "ep_number": 9,
            "rating": 1,
            "content_type": "show",
            "p_start": 1762982100000,
            "vod_channel_description": "蠟染是最能代表印尼的藝術之一，既能製成國家慶典、會議、婚禮等場合的正式服裝、也是日常便服，聯合國教科文組織還將蠟染工藝登錄為非物質文化資產，來到印尼怎能不拜訪、學習蠟染技巧。這一集從習得蠟染技術開始，帶著大家從產業文化來一場知識型之旅。"
          },
          {
            "content_id": "VOD00330472",
            "time_codes": [
              1214000,
              1694000,
              2554000
            ],
            "timecode_duration": [],
            "length": 2720000,
            "asset_id": "vod71092-000010M001",
            "title": "",
            "subtitle": "第10集 印尼 峇里島 信仰迥異的自在海島",
            "ep_number": 10,
            "rating": 1,
            "content_type": "show",
            "p_start": 1762985100000,
            "vod_channel_description": "印尼是全世界最大群島國，島嶼數有17500多座，這集轉向最為大家熟悉的島嶼--峇里島，在此之前，我們先去了將印尼各種族濃縮起來介紹的縮影公園，搭乘遊園車，看看特色建築，認識種族文化，初步瞭解各族群生活面貌。正式踏上峇里島，首先來到具有藝術氣息的餐廳，享用峇里島特色的料理…"
          },
          {
            "content_id": "VOD00330473",
            "time_codes": [
              1233000,
              1830000,
              2311000
            ],
            "timecode_duration": [],
            "length": 2626000,
            "asset_id": "vod71092-000011M001",
            "title": "",
            "subtitle": "第11集 突尼西亞 絕美藍白小鎮跟迦太基遺址",
            "ep_number": 11,
            "rating": 1,
            "content_type": "show",
            "p_start": 1762988100000,
            "vod_channel_description": "突尼西亞共和國是位於北非的國家，北部和東部緊鄰地中海，首都及最大城市為突尼斯市，以伊斯蘭教為國教。突尼西亞境內約有40%為撒哈拉沙漠，其餘60%的土地十分豐饒。到了突尼西亞後，我們馬不停蹄的趕往位於地中海旁的藍白小鎮聖布薩德，為的就是捕捉突尼西亞最美的夕陽。"
          },
          {
            "content_id": "VOD00330474",
            "time_codes": [
              1008000,
              1620000,
              2280000
            ],
            "timecode_duration": [],
            "length": 2674000,
            "asset_id": "vod71092-000012M001",
            "title": "",
            "subtitle": "第12集 突尼西亞 撒哈拉沙漠 驚現空前美景「海市蜃樓」",
            "ep_number": 12,
            "rating": 1,
            "content_type": "show",
            "p_start": 1762990800000,
            "vod_channel_description": "在突尼西亞境內，有40%的土地為撒哈拉沙漠佔據，而在黃沙遍野當中最有生機的地方，就是為綠色植被所覆蓋的綠洲。來自高山的泉水，讓吐澤成為大名鼎鼎的綠洲城市，也是柏柏人聚居的地方。除了綠洲之城外，吐澤還有一個名稱，叫做椰棗之都，顧名思義，這裡是椰棗的盛產地，而且產的還是北非最好的椰棗。"
          },
          {
            "content_id": "VOD00330475",
            "time_codes": [
              993000,
              1539000,
              2173000
            ],
            "timecode_duration": [],
            "length": 2659000,
            "asset_id": "vod71092-000013M001",
            "title": "",
            "subtitle": "第13集 突尼西亞 古城巡禮 突尼斯最火熱的早餐",
            "ep_number": 13,
            "rating": 1,
            "content_type": "show",
            "p_start": 1762993800000,
            "vod_channel_description": "回到突尼斯，我們終於有機會好好的探訪這座世界文化遺產老城。Lablabi是當地最傳統的早餐，香料滿滿、辣味十足。品嚐過Lablabi後，我們參觀有馬賽克藝術聖殿之稱的巴杜博物館。老城開羅安，一樣是一處世界文化遺產，也是著名的手工編織地毯之鄉。蘇斯是另一座極有特色的地中海港口城市…"
          }
        ],
        "total_length": 34943000,
        "focus_index": 12,
        "next_index": 0,
        "time": 2658205,
        "focus_program": {
          "content_id": "VOD00330475",
          "time_codes": [
            993000,
            1539000,
            2173000
          ],
          "timecode_duration": [],
          "length": 2659000,
          "asset_id": "vod71092-000013M001",
          "title": "",
          "subtitle": "第13集 突尼西亞 古城巡禮 突尼斯最火熱的早餐",
          "ep_number": 13,
          "rating": 1,
          "content_type": "show",
          "p_start": 1762993800000,
          "vod_channel_description": "回到突尼斯，我們終於有機會好好的探訪這座世界文化遺產老城。Lablabi是當地最傳統的早餐，香料滿滿、辣味十足。品嚐過Lablabi後，我們參觀有馬賽克藝術聖殿之稱的巴杜博物館。老城開羅安，一樣是一處世界文化遺產，也是著名的手工編織地毯之鄉。蘇斯是另一座極有特色的地中海港口城市…"
        }
      },
      "station_categories": [
        {
          "Name": "綜藝",
          "EngName": "Entertainment",
          "MenuOrder": 8
        }
      ]
    },
    "introduction": null,
    "recommends": null,
    "ua": "Mozilla/5.0 (Windows NT 10.0; Win64; x64) AppleWebKit/537.36 (KHTML, like Gecko) Chrome/134.0.0.0 Safari/537.36"
  },
  "__N_SSP": true
}