{
  "pageProps": {
    "contentId": "ofiii107",
    "channel": {
      "title": "軍師聯盟2 虎嘯龍吟",
      "no": 107,
      "charge_mode": "F",
      "content_id": "ofiii107",
      "content_type": "vod-channel",
      "epg_categories": [
        4
      ],
      "genres": [
        {
          "id": "",
          "name": "VOD_CHANNEL",
          "logo": ""
        }
      ],
      "liad_id": "VODCHNEWOFIWEB",
      "package_info_id": "VOD_CHANNEL_DELUX",
      "picture": "pics/vod_channel/logo_3071_ofiii107_tv_20250221.png",
      "provider": [
        {
          "id": "",
          "name": "龍華",
          "logo": ""
        }
      ],
      "quality": "HD",
      "station_id": "station6005",
      "trial": "",
      "selectable": 1,
      "tr_logo": "pics/vod_channel/tr_logo_1695204885.png",
      "tl_logo": "",
      "br_logo": "",
      "bl_logo": "",
      "menu_type": 1,
      "vod_channel_schedule": {
        "channel_id": 107,
        "cdn_code": "ofiii107",
        "start_time": 1762586439000,
        "programs": [
          {
            "content_id": "VOD00301106",
            "time_codes": [
              703000,
              1473000,
              2100000
            ],
            "timecode_duration": [],
            "length": 2727000,
            "asset_id": "vod65223-000001M001",
            "title": "",
            "subtitle": "第1集",
            "ep_number": 1,
            "rating": 1,
            "content_type": "drama",
            "p_start": 1740042900000,
            "vod_channel_description": "以司馬懿面對一生勁敵諸葛亮開始，群雄割據混戰的後三國時期，實現從輔臣到權傾大魏的後半生轉變。從司馬懿戎裝佩劍意氣風發，到諸葛亮手持白鶴羽扇揮斥方遒，都預示著一場場對戰呼之欲出。軍師聯盟的朝堂權謀、帝王心術、戰場博弈、宮闈秘辛……看一代軍師司馬懿如何在豪傑輩出的年代殺出一條血路。"
          },
          {
            "content_id": "VOD00301107",
            "time_codes": [
              680000,
              1441000,
              2095000
            ],
            "timecode_duration": [],
            "length": 2732000,
            "asset_id": "vod65223-000002M001",
            "title": "",
            "subtitle": "第2集",
            "ep_number": 2,
            "rating": 1,
            "content_type": "drama",
            "p_start": 1740045900000,
            "vod_channel_description": "以司馬懿面對一生勁敵諸葛亮開始，群雄割據混戰的後三國時期，實現從輔臣到權傾大魏的後半生轉變。從司馬懿戎裝佩劍意氣風發，到諸葛亮手持白鶴羽扇揮斥方遒，都預示著一場場對戰呼之欲出。軍師聯盟的朝堂權謀、帝王心術、戰場博弈、宮闈秘辛……看一代軍師司馬懿如何在豪傑輩出的年代殺出一條血路。"
          },
          {
            "content_id": "VOD00301108",
            "time_codes": [
              671000,
              1452000,
              2151000
            ],
            "timecode_duration": [],
            "length": 2691000,
            "asset_id": "vod65223-000003M001",
            "title": "",
            "subtitle": "第3集",
            "ep_number": 3,
            "rating": 1,
            "content_type": "drama",
            "p_start": 1740048900000,
            "vod_channel_description": "以司馬懿面對一生勁敵諸葛亮開始，群雄割據混戰的後三國時期，實現從輔臣到權傾大魏的後半生轉變。從司馬懿戎裝佩劍意氣風發，到諸葛亮手持白鶴羽扇揮斥方遒，都預示著一場場對戰呼之欲出。軍師聯盟的朝堂權謀、帝王心術、戰場博弈、宮闈秘辛……看一代軍師司馬懿如何在豪傑輩出的年代殺出一條血路。"
          },
          {
            "content_id": "VOD00301109",
            "time_codes": [
              692000,
              1484000,
              2135000
            ],
            "timecode_duration": [],
            "length": 2737000,
            "asset_id": "vod65223-000004M001",
            "title": "",
            "subtitle": "第4集",
            "ep_number": 4,
            "rating": 1,
            "content_type": "drama",
            "p_start": 1740051900000,
            "vod_channel_description": "以司馬懿面對一生勁敵諸葛亮開始，群雄割據混戰的後三國時期，實現從輔臣到權傾大魏的後半生轉變。從司馬懿戎裝佩劍意氣風發，到諸葛亮手持白鶴羽扇揮斥方遒，都預示著一場場對戰呼之欲出。軍師聯盟的朝堂權謀、帝王心術、戰場博弈、宮闈秘辛……看一代軍師司馬懿如何在豪傑輩出的年代殺出一條血路。"
          },
          {
            "content_id": "VOD00301110",
            "time_codes": [
              707000,
              1416000,
              2169000
            ],
            "timecode_duration": [],
            "length": 2707000,
            "asset_id": "vod65223-000005M001",
            "title": "",
            "subtitle": "第5集",
            "ep_number": 5,
            "rating": 1,
            "content_type": "drama",
            "p_start": 1740054900000,
            "vod_channel_description": "以司馬懿面對一生勁敵諸葛亮開始，群雄割據混戰的後三國時期，實現從輔臣到權傾大魏的後半生轉變。從司馬懿戎裝佩劍意氣風發，到諸葛亮手持白鶴羽扇揮斥方遒，都預示著一場場對戰呼之欲出。軍師聯盟的朝堂權謀、帝王心術、戰場博弈、宮闈秘辛……看一代軍師司馬懿如何在豪傑輩出的年代殺出一條血路。"
          },
          {
            "content_id": "VOD00301111",
            "time_codes": [
              783000,
              1386000,
              2212000
            ],
            "timecode_duration": [],
            "length": 2678000,
            "asset_id": "vod65223-000006M001",
            "title": "",
            "subtitle": "第6集",
            "ep_number": 6,
            "rating": 1,
            "content_type": "drama",
            "p_start": 1740057900000,
            "vod_channel_description": "以司馬懿面對一生勁敵諸葛亮開始，群雄割據混戰的後三國時期，實現從輔臣到權傾大魏的後半生轉變。從司馬懿戎裝佩劍意氣風發，到諸葛亮手持白鶴羽扇揮斥方遒，都預示著一場場對戰呼之欲出。軍師聯盟的朝堂權謀、帝王心術、戰場博弈、宮闈秘辛……看一代軍師司馬懿如何在豪傑輩出的年代殺出一條血路。"
          },
          {
            "content_id": "VOD00301112",
            "time_codes": [
              706000,
              1391000,
              2100000
            ],
            "timecode_duration": [],
            "length": 2708000,
            "asset_id": "vod65223-000007M001",
            "title": "",
            "subtitle": "第7集",
            "ep_number": 7,
            "rating": 1,
            "content_type": "drama",
            "p_start": 1740060900000,
            "vod_channel_description": "以司馬懿面對一生勁敵諸葛亮開始，群雄割據混戰的後三國時期，實現從輔臣到權傾大魏的後半生轉變。從司馬懿戎裝佩劍意氣風發，到諸葛亮手持白鶴羽扇揮斥方遒，都預示著一場場對戰呼之欲出。軍師聯盟的朝堂權謀、帝王心術、戰場博弈、宮闈秘辛……看一代軍師司馬懿如何在豪傑輩出的年代殺出一條血路。"
          },
          {
            "content_id": "VOD00301113",
            "time_codes": [
              708000,
              1419000,
              2104000
            ],
            "timecode_duration": [],
            "length": 2591000,
            "asset_id": "vod65223-000008M001",
            "title": "",
            "subtitle": "第8集",
            "ep_number": 8,
            "rating": 1,
            "content_type": "drama",
            "p_start": 1740063900000,
            "vod_channel_description": "以司馬懿面對一生勁敵諸葛亮開始，群雄割據混戰的後三國時期，實現從輔臣到權傾大魏的後半生轉變。從司馬懿戎裝佩劍意氣風發，到諸葛亮手持白鶴羽扇揮斥方遒，都預示著一場場對戰呼之欲出。軍師聯盟的朝堂權謀、帝王心術、戰場博弈、宮闈秘辛……看一代軍師司馬懿如何在豪傑輩出的年代殺出一條血路。"
          },
          {
            "content_id": "VOD00301114",
            "time_codes": [
              795000,
              1403000,
              2211000
            ],
            "timecode_duration": [],
            "length": 2531000,
            "asset_id": "vod65223-000009M001",
            "title": "",
            "subtitle": "第9集",
            "ep_number": 9,
            "rating": 1,
            "content_type": "drama",
            "p_start": 1740066600000,
            "vod_channel_description": "以司馬懿面對一生勁敵諸葛亮開始，群雄割據混戰的後三國時期，實現從輔臣到權傾大魏的後半生轉變。從司馬懿戎裝佩劍意氣風發，到諸葛亮手持白鶴羽扇揮斥方遒，都預示著一場場對戰呼之欲出。軍師聯盟的朝堂權謀、帝王心術、戰場博弈、宮闈秘辛……看一代軍師司馬懿如何在豪傑輩出的年代殺出一條血路。"
          },
          {
            "content_id": "VOD00301115",
            "time_codes": [
              690000,
              1496000,
              2238000
            ],
            "timecode_duration": [],
            "length": 2733000,
            "asset_id": "vod65223-000010M001",
            "title": "",
            "subtitle": "第10集",
            "ep_number": 10,
            "rating": 1,
            "content_type": "drama",
            "p_start": 1740069300000,
            "vod_channel_description": "以司馬懿面對一生勁敵諸葛亮開始，群雄割據混戰的後三國時期，實現從輔臣到權傾大魏的後半生轉變。從司馬懿戎裝佩劍意氣風發，到諸葛亮手持白鶴羽扇揮斥方遒，都預示著一場場對戰呼之欲出。軍師聯盟的朝堂權謀、帝王心術、戰場博弈、宮闈秘辛……看一代軍師司馬懿如何在豪傑輩出的年代殺出一條血路。"
          },
          {
            "content_id": "VOD00301116",
            "time_codes": [
              785000,
              1484000,
              2075000
            ],
            "timecode_duration": [],
            "length": 2748000,
            "asset_id": "vod65223-000011M001",
            "title": "",
            "subtitle": "第11集",
            "ep_number": 11,
            "rating": 1,
            "content_type": "drama",
            "p_start": 1740072300000,
            "vod_channel_description": "以司馬懿面對一生勁敵諸葛亮開始，群雄割據混戰的後三國時期，實現從輔臣到權傾大魏的後半生轉變。從司馬懿戎裝佩劍意氣風發，到諸葛亮手持白鶴羽扇揮斥方遒，都預示著一場場對戰呼之欲出。軍師聯盟的朝堂權謀、帝王心術、戰場博弈、宮闈秘辛……看一代軍師司馬懿如何在豪傑輩出的年代殺出一條血路。"
          },
          {
            "content_id": "VOD00301117",
            "time_codes": [
              676000,
              1479000,
              2189000
            ],
            "timecode_duration": [],
            "length": 2652000,
            "asset_id": "vod65223-000012M001",
            "title": "",
            "subtitle": "第12集",
            "ep_number": 12,
            "rating": 1,
            "content_type": "drama",
            "p_start": 1740075300000,
            "vod_channel_description": "以司馬懿面對一生勁敵諸葛亮開始，群雄割據混戰的後三國時期，實現從輔臣到權傾大魏的後半生轉變。從司馬懿戎裝佩劍意氣風發，到諸葛亮手持白鶴羽扇揮斥方遒，都預示著一場場對戰呼之欲出。軍師聯盟的朝堂權謀、帝王心術、戰場博弈、宮闈秘辛……看一代軍師司馬懿如何在豪傑輩出的年代殺出一條血路。"
          },
          {
            "content_id": "VOD00301118",
            "time_codes": [
              708000,
              1387000,
              2091000
            ],
            "timecode_duration": [],
            "length": 2587000,
            "asset_id": "vod65223-000013M001",
            "title": "",
            "subtitle": "第13集",
            "ep_number": 13,
            "rating": 1,
            "content_type": "drama",
            "p_start": 1740078300000,
            "vod_channel_description": "以司馬懿面對一生勁敵諸葛亮開始，群雄割據混戰的後三國時期，實現從輔臣到權傾大魏的後半生轉變。從司馬懿戎裝佩劍意氣風發，到諸葛亮手持白鶴羽扇揮斥方遒，都預示著一場場對戰呼之欲出。軍師聯盟的朝堂權謀、帝王心術、戰場博弈、宮闈秘辛……看一代軍師司馬懿如何在豪傑輩出的年代殺出一條血路。"
          },
          {
            "content_id": "VOD00301119",
            "time_codes": [
              718000,
              1385000,
              2118000
            ],
            "timecode_duration": [],
            "length": 2591000,
            "asset_id": "vod65223-000014M001",
            "title": "",
            "subtitle": "第14集",
            "ep_number": 14,
            "rating": 1,
            "content_type": "drama",
            "p_start": 1740081000000,
            "vod_channel_description": "以司馬懿面對一生勁敵諸葛亮開始，群雄割據混戰的後三國時期，實現從輔臣到權傾大魏的後半生轉變。從司馬懿戎裝佩劍意氣風發，到諸葛亮手持白鶴羽扇揮斥方遒，都預示著一場場對戰呼之欲出。軍師聯盟的朝堂權謀、帝王心術、戰場博弈、宮闈秘辛……看一代軍師司馬懿如何在豪傑輩出的年代殺出一條血路。"
          },
          {
            "content_id": "VOD00301120",
            "time_codes": [
              674000,
              1389000,
              2102000
            ],
            "timecode_duration": [],
            "length": 2551000,
            "asset_id": "vod65223-000015M001",
            "title": "",
            "subtitle": "第15集",
            "ep_number": 15,
            "rating": 1,
            "content_type": "drama",
            "p_start": 1740083700000,
            "vod_channel_description": "以司馬懿面對一生勁敵諸葛亮開始，群雄割據混戰的後三國時期，實現從輔臣到權傾大魏的後半生轉變。從司馬懿戎裝佩劍意氣風發，到諸葛亮手持白鶴羽扇揮斥方遒，都預示著一場場對戰呼之欲出。軍師聯盟的朝堂權謀、帝王心術、戰場博弈、宮闈秘辛……看一代軍師司馬懿如何在豪傑輩出的年代殺出一條血路。"
          },
          {
            "content_id": "VOD00301121",
            "time_codes": [
              710000,
              1418000,
              2102000
            ],
            "timecode_duration": [],
            "length": 2626000,
            "asset_id": "vod65223-000016M001",
            "title": "",
            "subtitle": "第16集",
            "ep_number": 16,
            "rating": 1,
            "content_type": "drama",
            "p_start": 1740086400000,
            "vod_channel_description": "以司馬懿面對一生勁敵諸葛亮開始，群雄割據混戰的後三國時期，實現從輔臣到權傾大魏的後半生轉變。從司馬懿戎裝佩劍意氣風發，到諸葛亮手持白鶴羽扇揮斥方遒，都預示著一場場對戰呼之欲出。軍師聯盟的朝堂權謀、帝王心術、戰場博弈、宮闈秘辛……看一代軍師司馬懿如何在豪傑輩出的年代殺出一條血路。"
          },
          {
            "content_id": "VOD00301122",
            "time_codes": [
              668000,
              1462000,
              2189000
            ],
            "timecode_duration": [],
            "length": 2648000,
            "asset_id": "vod65223-000017M001",
            "title": "",
            "subtitle": "第17集",
            "ep_number": 17,
            "rating": 1,
            "content_type": "drama",
            "p_start": 1740089100000,
            "vod_channel_description": "以司馬懿面對一生勁敵諸葛亮開始，群雄割據混戰的後三國時期，實現從輔臣到權傾大魏的後半生轉變。從司馬懿戎裝佩劍意氣風發，到諸葛亮手持白鶴羽扇揮斥方遒，都預示著一場場對戰呼之欲出。軍師聯盟的朝堂權謀、帝王心術、戰場博弈、宮闈秘辛……看一代軍師司馬懿如何在豪傑輩出的年代殺出一條血路。"
          },
          {
            "content_id": "VOD00301123",
            "time_codes": [
              723000,
              1411000,
              2167000
            ],
            "timecode_duration": [],
            "length": 2652000,
            "asset_id": "vod65223-000018M001",
            "title": "",
            "subtitle": "第18集",
            "ep_number": 18,
            "rating": 1,
            "content_type": "drama",
            "p_start": 1740092100000,
            "vod_channel_description": "以司馬懿面對一生勁敵諸葛亮開始，群雄割據混戰的後三國時期，實現從輔臣到權傾大魏的後半生轉變。從司馬懿戎裝佩劍意氣風發，到諸葛亮手持白鶴羽扇揮斥方遒，都預示著一場場對戰呼之欲出。軍師聯盟的朝堂權謀、帝王心術、戰場博弈、宮闈秘辛……看一代軍師司馬懿如何在豪傑輩出的年代殺出一條血路。"
          },
          {
            "content_id": "VOD00301124",
            "time_codes": [
              661000,
              1443000,
              2162000
            ],
            "timecode_duration": [],
            "length": 2648000,
            "asset_id": "vod65223-000019M001",
            "title": "",
            "subtitle": "第19集",
            "ep_number": 19,
            "rating": 1,
            "content_type": "drama",
            "p_start": 1740095100000,
            "vod_channel_description": "以司馬懿面對一生勁敵諸葛亮開始，群雄割據混戰的後三國時期，實現從輔臣到權傾大魏的後半生轉變。從司馬懿戎裝佩劍意氣風發，到諸葛亮手持白鶴羽扇揮斥方遒，都預示著一場場對戰呼之欲出。軍師聯盟的朝堂權謀、帝王心術、戰場博弈、宮闈秘辛……看一代軍師司馬懿如何在豪傑輩出的年代殺出一條血路。"
          },
          {
            "content_id": "VOD00301125",
            "time_codes": [
              761000,
              1475000,
              2122000
            ],
            "timecode_duration": [],
            "length": 2710000,
            "asset_id": "vod65223-000020M001",
            "title": "",
            "subtitle": "第20集",
            "ep_number": 20,
            "rating": 1,
            "content_type": "drama",
            "p_start": 1740098100000,
            "vod_channel_description": "以司馬懿面對一生勁敵諸葛亮開始，群雄割據混戰的後三國時期，實現從輔臣到權傾大魏的後半生轉變。從司馬懿戎裝佩劍意氣風發，到諸葛亮手持白鶴羽扇揮斥方遒，都預示著一場場對戰呼之欲出。軍師聯盟的朝堂權謀、帝王心術、戰場博弈、宮闈秘辛……看一代軍師司馬懿如何在豪傑輩出的年代殺出一條血路。"
          },
          {
            "content_id": "VOD00301126",
            "time_codes": [
              746000,
              1401000,
              2146000
            ],
            "timecode_duration": [],
            "length": 2699000,
            "asset_id": "vod65223-000021M001",
            "title": "",
            "subtitle": "第21集",
            "ep_number": 21,
            "rating": 1,
            "content_type": "drama",
            "p_start": 1740101100000,
            "vod_channel_description": "以司馬懿面對一生勁敵諸葛亮開始，群雄割據混戰的後三國時期，實現從輔臣到權傾大魏的後半生轉變。從司馬懿戎裝佩劍意氣風發，到諸葛亮手持白鶴羽扇揮斥方遒，都預示著一場場對戰呼之欲出。軍師聯盟的朝堂權謀、帝王心術、戰場博弈、宮闈秘辛……看一代軍師司馬懿如何在豪傑輩出的年代殺出一條血路。"
          },
          {
            "content_id": "VOD00301127",
            "time_codes": [
              776000,
              1465000,
              2137000
            ],
            "timecode_duration": [],
            "length": 2648000,
            "asset_id": "vod65223-000022M001",
            "title": "",
            "subtitle": "第22集",
            "ep_number": 22,
            "rating": 1,
            "content_type": "drama",
            "p_start": 1740104100000,
            "vod_channel_description": "以司馬懿面對一生勁敵諸葛亮開始，群雄割據混戰的後三國時期，實現從輔臣到權傾大魏的後半生轉變。從司馬懿戎裝佩劍意氣風發，到諸葛亮手持白鶴羽扇揮斥方遒，都預示著一場場對戰呼之欲出。軍師聯盟的朝堂權謀、帝王心術、戰場博弈、宮闈秘辛……看一代軍師司馬懿如何在豪傑輩出的年代殺出一條血路。"
          },
          {
            "content_id": "VOD00301128",
            "time_codes": [
              748000,
              1422000,
              2215000
            ],
            "timecode_duration": [],
            "length": 2682000,
            "asset_id": "vod65223-000023M001",
            "title": "",
            "subtitle": "第23集",
            "ep_number": 23,
            "rating": 1,
            "content_type": "drama",
            "p_start": 1740107100000,
            "vod_channel_description": "以司馬懿面對一生勁敵諸葛亮開始，群雄割據混戰的後三國時期，實現從輔臣到權傾大魏的後半生轉變。從司馬懿戎裝佩劍意氣風發，到諸葛亮手持白鶴羽扇揮斥方遒，都預示著一場場對戰呼之欲出。軍師聯盟的朝堂權謀、帝王心術、戰場博弈、宮闈秘辛……看一代軍師司馬懿如何在豪傑輩出的年代殺出一條血路。"
          },
          {
            "content_id": "VOD00301129",
            "time_codes": [
              671000,
              1448000,
              2128000
            ],
            "timecode_duration": [],
            "length": 2727000,
            "asset_id": "vod65223-000024M001",
            "title": "",
            "subtitle": "第24集",
            "ep_number": 24,
            "rating": 1,
            "content_type": "drama",
            "p_start": 1740110100000,
            "vod_channel_description": "以司馬懿面對一生勁敵諸葛亮開始，群雄割據混戰的後三國時期，實現從輔臣到權傾大魏的後半生轉變。從司馬懿戎裝佩劍意氣風發，到諸葛亮手持白鶴羽扇揮斥方遒，都預示著一場場對戰呼之欲出。軍師聯盟的朝堂權謀、帝王心術、戰場博弈、宮闈秘辛……看一代軍師司馬懿如何在豪傑輩出的年代殺出一條血路。"
          },
          {
            "content_id": "VOD00301130",
            "time_codes": [
              765000,
              1455000,
              2191000
            ],
            "timecode_duration": [],
            "length": 2641000,
            "asset_id": "vod65223-000025M001",
            "title": "",
            "subtitle": "第25集",
            "ep_number": 25,
            "rating": 1,
            "content_type": "drama",
            "p_start": 1740113100000,
            "vod_channel_description": "以司馬懿面對一生勁敵諸葛亮開始，群雄割據混戰的後三國時期，實現從輔臣到權傾大魏的後半生轉變。從司馬懿戎裝佩劍意氣風發，到諸葛亮手持白鶴羽扇揮斥方遒，都預示著一場場對戰呼之欲出。軍師聯盟的朝堂權謀、帝王心術、戰場博弈、宮闈秘辛……看一代軍師司馬懿如何在豪傑輩出的年代殺出一條血路。"
          },
          {
            "content_id": "VOD00301131",
            "time_codes": [
              781000,
              1451000,
              2176000
            ],
            "timecode_duration": [],
            "length": 2744000,
            "asset_id": "vod65223-000026M001",
            "title": "",
            "subtitle": "第26集",
            "ep_number": 26,
            "rating": 1,
            "content_type": "drama",
            "p_start": 1740116100000,
            "vod_channel_description": "以司馬懿面對一生勁敵諸葛亮開始，群雄割據混戰的後三國時期，實現從輔臣到權傾大魏的後半生轉變。從司馬懿戎裝佩劍意氣風發，到諸葛亮手持白鶴羽扇揮斥方遒，都預示著一場場對戰呼之欲出。軍師聯盟的朝堂權謀、帝王心術、戰場博弈、宮闈秘辛……看一代軍師司馬懿如何在豪傑輩出的年代殺出一條血路。"
          },
          {
            "content_id": "VOD00301132",
            "time_codes": [
              716000,
              1477000,
              2181000
            ],
            "timecode_duration": [],
            "length": 2741000,
            "asset_id": "vod65223-000027M001",
            "title": "",
            "subtitle": "第27集",
            "ep_number": 27,
            "rating": 1,
            "content_type": "drama",
            "p_start": 1740119100000,
            "vod_channel_description": "以司馬懿面對一生勁敵諸葛亮開始，群雄割據混戰的後三國時期，實現從輔臣到權傾大魏的後半生轉變。從司馬懿戎裝佩劍意氣風發，到諸葛亮手持白鶴羽扇揮斥方遒，都預示著一場場對戰呼之欲出。軍師聯盟的朝堂權謀、帝王心術、戰場博弈、宮闈秘辛……看一代軍師司馬懿如何在豪傑輩出的年代殺出一條血路。"
          },
          {
            "content_id": "VOD00301133",
            "time_codes": [
              735000,
              1399000,
              2145000
            ],
            "timecode_duration": [],
            "length": 2621000,
            "asset_id": "vod65223-000028M001",
            "title": "",
            "subtitle": "第28集",
            "ep_number": 28,
            "rating": 1,
            "content_type": "drama",
            "p_start": 1740122100000,
            "vod_channel_description": "以司馬懿面對一生勁敵諸葛亮開始，群雄割據混戰的後三國時期，實現從輔臣到權傾大魏的後半生轉變。從司馬懿戎裝佩劍意氣風發，到諸葛亮手持白鶴羽扇揮斥方遒，都預示著一場場對戰呼之欲出。軍師聯盟的朝堂權謀、帝王心術、戰場博弈、宮闈秘辛……看一代軍師司馬懿如何在豪傑輩出的年代殺出一條血路。"
          },
          {
            "content_id": "VOD00301134",
            "time_codes": [
              755000,
              1376000,
              2229000
            ],
            "timecode_duration": [],
            "length": 2734000,
            "asset_id": "vod65223-000029M001",
            "title": "",
            "subtitle": "第29集",
            "ep_number": 29,
            "rating": 1,
            "content_type": "drama",
            "p_start": 1740124800000,
            "vod_channel_description": "以司馬懿面對一生勁敵諸葛亮開始，群雄割據混戰的後三國時期，實現從輔臣到權傾大魏的後半生轉變。從司馬懿戎裝佩劍意氣風發，到諸葛亮手持白鶴羽扇揮斥方遒，都預示著一場場對戰呼之欲出。軍師聯盟的朝堂權謀、帝王心術、戰場博弈、宮闈秘辛……看一代軍師司馬懿如何在豪傑輩出的年代殺出一條血路。"
          },
          {
            "content_id": "VOD00301135",
            "time_codes": [
              767000,
              1376000,
              2108000
            ],
            "timecode_duration": [],
            "length": 2709000,
            "asset_id": "vod65223-000030M001",
            "title": "",
            "subtitle": "第30集",
            "ep_number": 30,
            "rating": 1,
            "content_type": "drama",
            "p_start": 1740127800000,
            "vod_channel_description": "以司馬懿面對一生勁敵諸葛亮開始，群雄割據混戰的後三國時期，實現從輔臣到權傾大魏的後半生轉變。從司馬懿戎裝佩劍意氣風發，到諸葛亮手持白鶴羽扇揮斥方遒，都預示著一場場對戰呼之欲出。軍師聯盟的朝堂權謀、帝王心術、戰場博弈、宮闈秘辛……看一代軍師司馬懿如何在豪傑輩出的年代殺出一條血路。"
          },
          {
            "content_id": "VOD00301136",
            "time_codes": [
              771000,
              1428000,
              2231000
            ],
            "timecode_duration": [],
            "length": 2653000,
            "asset_id": "vod65223-000031M001",
            "title": "",
            "subtitle": "第31集",
            "ep_number": 31,
            "rating": 1,
            "content_type": "drama",
            "p_start": 1740130800000,
            "vod_channel_description": "以司馬懿面對一生勁敵諸葛亮開始，群雄割據混戰的後三國時期，實現從輔臣到權傾大魏的後半生轉變。從司馬懿戎裝佩劍意氣風發，到諸葛亮手持白鶴羽扇揮斥方遒，都預示著一場場對戰呼之欲出。軍師聯盟的朝堂權謀、帝王心術、戰場博弈、宮闈秘辛……看一代軍師司馬懿如何在豪傑輩出的年代殺出一條血路。"
          },
          {
            "content_id": "VOD00301137",
            "time_codes": [
              714000,
              1435000,
              2145000
            ],
            "timecode_duration": [],
            "length": 2710000,
            "asset_id": "vod65223-000032M001",
            "title": "",
            "subtitle": "第32集",
            "ep_number": 32,
            "rating": 1,
            "content_type": "drama",
            "p_start": 1740133800000,
            "vod_channel_description": "以司馬懿面對一生勁敵諸葛亮開始，群雄割據混戰的後三國時期，實現從輔臣到權傾大魏的後半生轉變。從司馬懿戎裝佩劍意氣風發，到諸葛亮手持白鶴羽扇揮斥方遒，都預示著一場場對戰呼之欲出。軍師聯盟的朝堂權謀、帝王心術、戰場博弈、宮闈秘辛……看一代軍師司馬懿如何在豪傑輩出的年代殺出一條血路。"
          },
          {
            "content_id": "VOD00301138",
            "time_codes": [
              743000,
              1497000,
              2192000
            ],
            "timecode_duration": [],
            "length": 2685000,
            "asset_id": "vod65223-000033M001",
            "title": "",
            "subtitle": "第33集",
            "ep_number": 33,
            "rating": 1,
            "content_type": "drama",
            "p_start": 1740136800000,
            "vod_channel_description": "以司馬懿面對一生勁敵諸葛亮開始，群雄割據混戰的後三國時期，實現從輔臣到權傾大魏的後半生轉變。從司馬懿戎裝佩劍意氣風發，到諸葛亮手持白鶴羽扇揮斥方遒，都預示著一場場對戰呼之欲出。軍師聯盟的朝堂權謀、帝王心術、戰場博弈、宮闈秘辛……看一代軍師司馬懿如何在豪傑輩出的年代殺出一條血路。"
          },
          {
            "content_id": "VOD00301139",
            "time_codes": [
              773000,
              1434000,
              2234000
            ],
            "timecode_duration": [],
            "length": 2676000,
            "asset_id": "vod65223-000034M001",
            "title": "",
            "subtitle": "第34集",
            "ep_number": 34,
            "rating": 1,
            "content_type": "drama",
            "p_start": 1740139800000,
            "vod_channel_description": "以司馬懿面對一生勁敵諸葛亮開始，群雄割據混戰的後三國時期，實現從輔臣到權傾大魏的後半生轉變。從司馬懿戎裝佩劍意氣風發，到諸葛亮手持白鶴羽扇揮斥方遒，都預示著一場場對戰呼之欲出。軍師聯盟的朝堂權謀、帝王心術、戰場博弈、宮闈秘辛……看一代軍師司馬懿如何在豪傑輩出的年代殺出一條血路。"
          },
          {
            "content_id": "VOD00301140",
            "time_codes": [
              718000,
              1399000,
              2257000
            ],
            "timecode_duration": [],
            "length": 2650000,
            "asset_id": "vod65223-000035M001",
            "title": "",
            "subtitle": "第35集",
            "ep_number": 35,
            "rating": 1,
            "content_type": "drama",
            "p_start": 1740142800000,
            "vod_channel_description": "以司馬懿面對一生勁敵諸葛亮開始，群雄割據混戰的後三國時期，實現從輔臣到權傾大魏的後半生轉變。從司馬懿戎裝佩劍意氣風發，到諸葛亮手持白鶴羽扇揮斥方遒，都預示著一場場對戰呼之欲出。軍師聯盟的朝堂權謀、帝王心術、戰場博弈、宮闈秘辛……看一代軍師司馬懿如何在豪傑輩出的年代殺出一條血路。"
          },
          {
            "content_id": "VOD00301141",
            "time_codes": [
              702000,
              1510000,
              2194000
            ],
            "timecode_duration": [],
            "length": 2670000,
            "asset_id": "vod65223-000036M001",
            "title": "",
            "subtitle": "第36集",
            "ep_number": 36,
            "rating": 1,
            "content_type": "drama",
            "p_start": 1740145800000,
            "vod_channel_description": "以司馬懿面對一生勁敵諸葛亮開始，群雄割據混戰的後三國時期，實現從輔臣到權傾大魏的後半生轉變。從司馬懿戎裝佩劍意氣風發，到諸葛亮手持白鶴羽扇揮斥方遒，都預示著一場場對戰呼之欲出。軍師聯盟的朝堂權謀、帝王心術、戰場博弈、宮闈秘辛……看一代軍師司馬懿如何在豪傑輩出的年代殺出一條血路。"
          },
          {
            "content_id": "VOD00301142",
            "time_codes": [
              725000,
              1389000,
              2128000
            ],
            "timecode_duration": [],
            "length": 2712000,
            "asset_id": "vod65223-000037M001",
            "title": "",
            "subtitle": "第37集",
            "ep_number": 37,
            "rating": 1,
            "content_type": "drama",
            "p_start": 1740148800000,
            "vod_channel_description": "以司馬懿面對一生勁敵諸葛亮開始，群雄割據混戰的後三國時期，實現從輔臣到權傾大魏的後半生轉變。從司馬懿戎裝佩劍意氣風發，到諸葛亮手持白鶴羽扇揮斥方遒，都預示著一場場對戰呼之欲出。軍師聯盟的朝堂權謀、帝王心術、戰場博弈、宮闈秘辛……看一代軍師司馬懿如何在豪傑輩出的年代殺出一條血路。"
          },
          {
            "content_id": "VOD00301143",
            "time_codes": [
              751000,
              1413000,
              2233000
            ],
            "timecode_duration": [],
            "length": 2655000,
            "asset_id": "vod65223-000038M001",
            "title": "",
            "subtitle": "第38集",
            "ep_number": 38,
            "rating": 1,
            "content_type": "drama",
            "p_start": 1740151800000,
            "vod_channel_description": "以司馬懿面對一生勁敵諸葛亮開始，群雄割據混戰的後三國時期，實現從輔臣到權傾大魏的後半生轉變。從司馬懿戎裝佩劍意氣風發，到諸葛亮手持白鶴羽扇揮斥方遒，都預示著一場場對戰呼之欲出。軍師聯盟的朝堂權謀、帝王心術、戰場博弈、宮闈秘辛……看一代軍師司馬懿如何在豪傑輩出的年代殺出一條血路。"
          },
          {
            "content_id": "VOD00301144",
            "time_codes": [
              777000,
              1497000,
              2252000
            ],
            "timecode_duration": [],
            "length": 2672000,
            "asset_id": "vod65223-000039M001",
            "title": "",
            "subtitle": "第39集",
            "ep_number": 39,
            "rating": 1,
            "content_type": "drama",
            "p_start": 1740154800000,
            "vod_channel_description": "以司馬懿面對一生勁敵諸葛亮開始，群雄割據混戰的後三國時期，實現從輔臣到權傾大魏的後半生轉變。從司馬懿戎裝佩劍意氣風發，到諸葛亮手持白鶴羽扇揮斥方遒，都預示著一場場對戰呼之欲出。軍師聯盟的朝堂權謀、帝王心術、戰場博弈、宮闈秘辛……看一代軍師司馬懿如何在豪傑輩出的年代殺出一條血路。"
          },
          {
            "content_id": "VOD00301145",
            "time_codes": [
              755000,
              1502000,
              2171000
            ],
            "timecode_duration": [],
            "length": 2740000,
            "asset_id": "vod65223-000040M001",
            "title": "",
            "subtitle": "第40集",
            "ep_number": 40,
            "rating": 1,
            "content_type": "drama",
            "p_start": 1740157800000,
            "vod_channel_description": "以司馬懿面對一生勁敵諸葛亮開始，群雄割據混戰的後三國時期，實現從輔臣到權傾大魏的後半生轉變。從司馬懿戎裝佩劍意氣風發，到諸葛亮手持白鶴羽扇揮斥方遒，都預示著一場場對戰呼之欲出。軍師聯盟的朝堂權謀、帝王心術、戰場博弈、宮闈秘辛……看一代軍師司馬懿如何在豪傑輩出的年代殺出一條血路。"
          },
          {
            "content_id": "VOD00301146",
            "time_codes": [
              742000,
              1425000,
              2163000
            ],
            "timecode_duration": [],
            "length": 2818000,
            "asset_id": "vod65223-000041M001",
            "title": "",
            "subtitle": "第41集",
            "ep_number": 41,
            "rating": 1,
            "content_type": "drama",
            "p_start": 1740160800000,
            "vod_channel_description": "以司馬懿面對一生勁敵諸葛亮開始，群雄割據混戰的後三國時期，實現從輔臣到權傾大魏的後半生轉變。從司馬懿戎裝佩劍意氣風發，到諸葛亮手持白鶴羽扇揮斥方遒，都預示著一場場對戰呼之欲出。軍師聯盟的朝堂權謀、帝王心術、戰場博弈、宮闈秘辛……看一代軍師司馬懿如何在豪傑輩出的年代殺出一條血路。"
          },
          {
            "content_id": "VOD00301147",
            "time_codes": [
              666000,
              1527000,
              2128000
            ],
            "timecode_duration": [],
            "length": 2683000,
            "asset_id": "vod65223-000042M001",
            "title": "",
            "subtitle": "第42集",
            "ep_number": 42,
            "rating": 1,
            "content_type": "drama",
            "p_start": 1740163800000,
            "vod_channel_description": "以司馬懿面對一生勁敵諸葛亮開始，群雄割據混戰的後三國時期，實現從輔臣到權傾大魏的後半生轉變。從司馬懿戎裝佩劍意氣風發，到諸葛亮手持白鶴羽扇揮斥方遒，都預示著一場場對戰呼之欲出。軍師聯盟的朝堂權謀、帝王心術、戰場博弈、宮闈秘辛……看一代軍師司馬懿如何在豪傑輩出的年代殺出一條血路。"
          },
          {
            "content_id": "VOD00301148",
            "time_codes": [
              752000,
              1533000,
              2162000
            ],
            "timecode_duration": [],
            "length": 2578000,
            "asset_id": "vod65223-000043M001",
            "title": "",
            "subtitle": "第43集",
            "ep_number": 43,
            "rating": 1,
            "content_type": "drama",
            "p_start": 1740166800000,
            "vod_channel_description": "以司馬懿面對一生勁敵諸葛亮開始，群雄割據混戰的後三國時期，實現從輔臣到權傾大魏的後半生轉變。從司馬懿戎裝佩劍意氣風發，到諸葛亮手持白鶴羽扇揮斥方遒，都預示著一場場對戰呼之欲出。軍師聯盟的朝堂權謀、帝王心術、戰場博弈、宮闈秘辛……看一代軍師司馬懿如何在豪傑輩出的年代殺出一條血路。"
          },
          {
            "content_id": "VOD00301149",
            "time_codes": [
              752000,
              1480000,
              2223000
            ],
            "timecode_duration": [],
            "length": 2933000,
            "asset_id": "vod65223-000044M001",
            "title": "",
            "subtitle": "第44集",
            "ep_number": 44,
            "rating": 1,
            "content_type": "drama",
            "p_start": 1740169500000,
            "vod_channel_description": "以司馬懿面對一生勁敵諸葛亮開始，群雄割據混戰的後三國時期，實現從輔臣到權傾大魏的後半生轉變。從司馬懿戎裝佩劍意氣風發，到諸葛亮手持白鶴羽扇揮斥方遒，都預示著一場場對戰呼之欲出。軍師聯盟的朝堂權謀、帝王心術、戰場博弈、宮闈秘辛……看一代軍師司馬懿如何在豪傑輩出的年代殺出一條血路。"
          }
        ],
        "total_length": 118029000,
        "focus_index": 23,
        "next_index": 24,
        "time": 1569965,
        "focus_program": {
          "content_id": "VOD00301129",
          "time_codes": [
            671000,
            1448000,
            2128000
          ],
          "timecode_duration": [],
          "length": 2727000,
          "asset_id": "vod65223-000024M001",
          "title": "",
          "subtitle": "第24集",
          "ep_number": 24,
          "rating": 1,
          "content_type": "drama",
          "p_start": 1740110100000,
          "vod_channel_description": "以司馬懿面對一生勁敵諸葛亮開始，群雄割據混戰的後三國時期，實現從輔臣到權傾大魏的後半生轉變。從司馬懿戎裝佩劍意氣風發，到諸葛亮手持白鶴羽扇揮斥方遒，都預示著一場場對戰呼之欲出。軍師聯盟的朝堂權謀、帝王心術、戰場博弈、宮闈秘辛……看一代軍師司馬懿如何在豪傑輩出的年代殺出一條血路。"
        }
      },
      "station_categories": [
        {
          "Name": "戲劇",
          "EngName": "Drama",
          "MenuOrder": 7
        }
      ]
    },
    "introduction": {
      "image": "https://p-cdnstatic.svc.litv.tv/pics/vod_channel/logo_3071_ofiii107_mobile_20230920.png",
      "description": "",
      "href_maps": []
    },
    "recommends": [],
    "ua": "Mozilla/5.0 (Windows NT 10.0; Win64; x64) AppleWebKit/537.36 (KHTML, like Gecko) Chrome/134.0.0.0 Safari/537.36"
  },
  "__N_SSP": true
}