{
  "pageProps": {
    "contentId": "ofiii172",
    "channel": {
      "title": "無職轉生，到了異世界就拿出真本事",
      "no": 172,
      "charge_mode": "F",
      "content_id": "ofiii172",
      "content_type": "vod-channel",
      "epg_categories": [
        109
      ],
      "genres": [
        {
          "id": "",
          "name": "VOD_CHANNEL",
          "logo": ""
        }
      ],
      "liad_id": "VODCHNEWOFIWEB",
      "package_info_id": "VOD_CHANNEL_DELUX",
      "picture": "pics/vod_channel/logo_3128_ofiii172_tv_20250221.png",
      "provider": [
        {
          "id": "",
          "name": "木棉花",
          "logo": ""
        }
      ],
      "quality": "HD",
      "station_id": "station6062",
      "trial": "",
      "selectable": 1,
      "tr_logo": "pics/vod_channel/tr_logo_1699426862.png",
      "tl_logo": "",
      "br_logo": "",
      "bl_logo": "",
      "menu_type": 0,
      "vod_channel_schedule": {
        "channel_id": 172,
        "cdn_code": "ofiii172",
        "start_time": 1762373400000,
        "programs": [
          {
            "content_id": "VOD00200019",
            "time_codes": [
              739000
            ],
            "timecode_duration": [],
            "length": 1420000,
            "asset_id": "vod44765-010001M001",
            "title": "",
            "subtitle": "第1季第1集 無職轉生",
            "ep_number": 1,
            "rating": 5,
            "content_type": "comic",
            "p_start": 1762373400000,
            "vod_channel_description": "《無職轉生，到了異世界就拿出真本事》動漫線上看。34歲、處男、無職的家裡蹲尼特男被車撞飛後結束人生……原本應該是這樣。但是在那名男人再次醒來時，出現在眼前的是劍與魔法的異世界。轉生成少年魯迪烏斯的男人，對此的想法是「如果在這個世界，我說不定也能夠認真過活」。"
          },
          {
            "content_id": "VOD00200020",
            "time_codes": [
              679000
            ],
            "timecode_duration": [],
            "length": 1420000,
            "asset_id": "vod44765-010002M001",
            "title": "",
            "subtitle": "第1季第2集 師傅",
            "ep_number": 2,
            "rating": 5,
            "content_type": "comic",
            "p_start": 1762374900000,
            "vod_channel_description": "父母決定為年僅三歲就展現魔術才華的魯迪烏斯聘請家教了。在不親切又眼神兇惡的蘿莉女孩洛琪希師傅指導下，魯迪烏斯有著顯著的成長。接著歲月流逝，洛琪希給魯迪烏斯出了一項考驗。然而為了這項考驗，魯迪烏斯必須跨越前世的心靈創傷才行。"
          },
          {
            "content_id": "VOD00200021",
            "time_codes": [
              728000
            ],
            "timecode_duration": [],
            "length": 1420000,
            "asset_id": "vod44765-010003M001",
            "title": "",
            "subtitle": "第1季第3集 朋友",
            "ep_number": 3,
            "rating": 5,
            "content_type": "comic",
            "p_start": 1762376400000,
            "vod_channel_description": "魯迪烏斯在村外目擊到了霸凌現場。他在因為那幅景象回想起前世痛苦的記憶的同時，出手救了被霸凌的孩子希露弗。因為下定決心要一點一點「重新做起」在前世做不到的事，魯迪烏斯與希露弗成為了朋友。交到在這個世界的第一個朋友後，魯迪烏斯開始指導希露弗魔術，然而……"
          },
          {
            "content_id": "VOD00200022",
            "time_codes": [
              778000
            ],
            "timecode_duration": [],
            "length": 1420000,
            "asset_id": "vod44765-010004M001",
            "title": "",
            "subtitle": "第1季第4集 緊急家族會議",
            "ep_number": 4,
            "rating": 5,
            "content_type": "comic",
            "p_start": 1762377900000,
            "vod_channel_description": "格雷拉特一家因為魯迪烏斯的母親塞妮絲懷孕而高興到不行。但是在一個月後，就發現女僕莉莉雅也懷孕了。而且孩子的父親還是……面對肯定引發修羅場的重大事件，魯迪烏斯靠著隨機應變……"
          },
          {
            "content_id": "VOD00200023",
            "time_codes": [
              775000
            ],
            "timecode_duration": [],
            "length": 1420000,
            "asset_id": "vod44765-010005M001",
            "title": "",
            "subtitle": "第1季第5集 大小姐與暴力",
            "ep_number": 5,
            "rating": 5,
            "content_type": "comic",
            "p_start": 1762379400000,
            "vod_channel_description": "魯迪烏斯被保羅送往羅亞。他在保羅的朋友基列奴的陪伴下，準備前去擔任伯雷亞斯家的大小姐——艾莉絲的家教。然而艾莉絲卻是非常難以對付的狂暴大小姐，為了教育旁若無人的艾莉絲，魯迪烏斯決定實行某項計畫，然而……"
          },
          {
            "content_id": "VOD00200024",
            "time_codes": [
              732000
            ],
            "timecode_duration": [],
            "length": 1420000,
            "asset_id": "vod44765-010006M001",
            "title": "",
            "subtitle": "第1季第6集 羅亞假期",
            "ep_number": 6,
            "rating": 5,
            "content_type": "comic",
            "p_start": 1762380900000,
            "vod_channel_description": "綁架事件落幕，魯迪烏斯正式成為艾莉絲的家教開始工作。在指導艾莉絲和基列奴算術及魔術的同時，也在基列奴的指導下學習劍術，魯迪烏斯持續過著辛苦但平穩而充實的每一天。然而在某一天，由於毫無階段的課程造成的壓力，使得艾莉絲再次狂暴化……"
          },
          {
            "content_id": "VOD00200025",
            "time_codes": [
              728000
            ],
            "timecode_duration": [],
            "length": 1420000,
            "asset_id": "vod44765-010007M001",
            "title": "",
            "subtitle": "第1季第7集 在努力之後能到手的東西",
            "ep_number": 7,
            "rating": 5,
            "content_type": "comic",
            "p_start": 1762382400000,
            "vod_channel_description": "艾莉絲即將迎接10歲生日。雖然當天預定要召開盛大的宴會，但艾莉絲非常不擅長跳舞。為了改善這點，魯迪烏斯陪著艾莉絲一直練習。多虧如此，艾莉絲的舞蹈逐漸有在進步。接著在生日到來前不久的某一天，魯迪烏斯收到了來自洛琪希的信……"
          },
          {
            "content_id": "VOD00200026",
            "time_codes": [
              666000
            ],
            "timecode_duration": [],
            "length": 1420000,
            "asset_id": "vod44765-010008M001",
            "title": "",
            "subtitle": "第1季第8集 轉折點1",
            "ep_number": 8,
            "rating": 5,
            "content_type": "comic",
            "p_start": 1762383900000,
            "vod_channel_description": "魯迪烏斯來到伯雷亞斯家後過了三年，艾莉絲等人為了幫魯迪烏斯慶祝十歲生日暗中進行宴會的準備。魯迪烏斯雖然有發現艾莉絲他們的驚喜，但也假裝什麼都不知道。像這樣安穩的每一天，都讓魯迪烏斯感覺很幸福。接著到了魯迪烏斯生日當天，出乎意料的人物出現在他的房間……!?"
          },
          {
            "content_id": "VOD00200027",
            "time_codes": [
              670000
            ],
            "timecode_duration": [],
            "length": 1420000,
            "asset_id": "vod44765-010009M001",
            "title": "",
            "subtitle": "第1季第9集 邂逅",
            "ep_number": 9,
            "rating": 5,
            "content_type": "comic",
            "p_start": 1762385400000,
            "vod_channel_description": "在被神祕光芒包圍的魯迪烏斯面前，出現了自稱是神明的「人神」。在與人神邂逅後，等魯迪烏斯再度醒來，已經身處魔大陸的荒野上。一旁還有一名男人的身影。該名男性有著綠色頭髮，額頭上還有類似寶石的石頭，那正是洛琪希交代「絕對不能接近」的斯佩路德族才有的特徵。"
          },
          {
            "content_id": "VOD00200028",
            "time_codes": [
              683000
            ],
            "timecode_duration": [],
            "length": 1420000,
            "asset_id": "vod44765-010010M001",
            "title": "",
            "subtitle": "第1季第10集 人命與第一次工作",
            "ep_number": 10,
            "rating": 5,
            "content_type": "comic",
            "p_start": 1762386900000,
            "vod_channel_description": "魯迪烏斯等人離開了米格路德族的村落，朝利卡里斯鎮移動，透過鎮上的檢查，魯迪烏斯實際感受到作為「Dead End」的瑞傑路德有多受人害怕，但也同時讓他想到洗刷斯佩路德族污名的作戰。"
          },
          {
            "content_id": "VOD00200029",
            "time_codes": [
              743000
            ],
            "timecode_duration": [],
            "length": 1420000,
            "asset_id": "vod44765-010011M001",
            "title": "",
            "subtitle": "第1季第11集 孩子與戰士",
            "ep_number": 11,
            "rating": 5,
            "content_type": "comic",
            "p_start": 1762388400000,
            "vod_channel_description": "魯迪烏斯、艾莉絲及瑞傑路德因為魔物調查的委託前往石化之森，但那裡卻有兩組接到相同依賴的冒險者。當他們在先搶先贏的競爭下準備完成委託時，魯迪烏斯卻被迫做出某個判斷。另一方面，洛琪希抵達發生轉移事件的菲托亞領地並前去魯迪烏斯的家，然而……"
          },
          {
            "content_id": "VOD00200030",
            "time_codes": [
              738000
            ],
            "timecode_duration": [],
            "length": 1420000,
            "asset_id": "vod44765-010012M001",
            "title": "",
            "subtitle": "第1季第12集 擁有魔眼的女人",
            "ep_number": 12,
            "rating": 5,
            "content_type": "comic",
            "p_start": 1762389900000,
            "vod_channel_description": "魯迪烏斯一行人抵達魔大陸最南端的港鎮溫恩港。雖然三人打算搭船前往米里斯大陸，但卻被以有斯佩路德族為由，要求極度誇張的渡船費。當天晚上，煩惱著資金不足的魯迪烏斯在夢裡見到人神，並得到了建議。隔天，魯迪烏斯在鎮上閒晃時，遇見了餓著肚子的神祕少女。"
          },
          {
            "content_id": "VOD00200031",
            "time_codes": [
              709000
            ],
            "timecode_duration": [],
            "length": 1420000,
            "asset_id": "vod44765-010013M001",
            "title": "",
            "subtitle": "第1季第13集 擦肩而過",
            "ep_number": 13,
            "rating": 5,
            "content_type": "comic",
            "p_start": 1762391400000,
            "vod_channel_description": "洛琪希尋找著失蹤的魯迪烏斯等人。與魯迪的父親保羅的熟人艾莉娜麗潔，以及塔爾韓德一同來到溫恩港後，洛琪希在尋找線索時，聽說了關於惡名昭彰的Dead End的傳聞。另一方面，魯迪烏斯等人與走私組織的賈爾斯做了交易，以解放藏身處的奴隸為條件，渡海抵達期望已久的米里斯大陸，然而……"
          },
          {
            "content_id": "VOD00200032",
            "time_codes": [
              760000
            ],
            "timecode_duration": [],
            "length": 1420000,
            "asset_id": "vod44765-010014M001",
            "title": "",
            "subtitle": "第1季第14集 沒有比免費更貴的東西",
            "ep_number": 14,
            "rating": 5,
            "content_type": "comic",
            "p_start": 1762392900000,
            "vod_channel_description": "魯迪烏斯因為受冤枉被抓到獸族的村落。就在他期待著艾莉絲和瑞傑路德會來迎接自己時，魔族的基斯因為在賭博時出老千而被關進同一間牢房。魯迪烏斯邊與基斯聊天邊尋求逃獄的的可能性，但走私組織卻突然襲擊村落。"
          },
          {
            "content_id": "VOD00200033",
            "time_codes": [
              759000
            ],
            "timecode_duration": [],
            "length": 1420000,
            "asset_id": "vod44765-010015M001",
            "title": "",
            "subtitle": "第1季第15集 德路迪亞村的悠哉生活",
            "ep_number": 15,
            "rating": 5,
            "content_type": "comic",
            "p_start": 1762394400000,
            "vod_channel_description": "魯迪烏斯、艾莉絲、瑞傑路德進入了德路迪亞族的村落。得知這個村落是基列奴的故鄉讓艾莉絲感到很高興，但基列奴的兄長裘耶斯卻責備基列奴是一族的污點，使得兩人陷入一觸及發的狀態。正當魯迪烏斯等人對這不尋常的氣氛感到困惑時，裘耶斯的女兒蜜妮托娜開口請艾莉絲教她劍術……"
          },
          {
            "content_id": "VOD00200034",
            "time_codes": [
              686000
            ],
            "timecode_duration": [],
            "length": 1419000,
            "asset_id": "vod44765-010016M001",
            "title": "",
            "subtitle": "第1季第16集 父子吵架",
            "ep_number": 16,
            "rating": 5,
            "content_type": "comic",
            "p_start": 1762395900000,
            "vod_channel_description": "魯迪烏斯等人抵達了米里斯神聖國的首都米里希昂。為了賺取資金決定暫時留在這裡的魯迪烏斯上街散步，卻遇上了綁架孩童的現場。為了拯救那名孩子，魯迪烏斯隨後跟上並且與綁票犯們展開戰鬥，但這起綁架卻跟魯迪很熟悉的人有關。"
          },
          {
            "content_id": "VOD00200035",
            "time_codes": [
              670000
            ],
            "timecode_duration": [],
            "length": 1420000,
            "asset_id": "vod44765-010017M001",
            "title": "",
            "subtitle": "第1季第17集 我不會忘記",
            "ep_number": 17,
            "rating": 5,
            "content_type": "comic",
            "p_start": 1762397400000,
            "vod_channel_description": "即使撐過了大規模攻勢，突如其來的長距離砲擊，還是讓齊亞德聯邦的前線部隊遭受莫大的傷害。推測敵軍武器為「電磁加速砲」。那是曾讓辛他們先鋒戰隊瀕臨半毀的，芙蕾德利嘉的騎士──面對前所未見的強大「軍團」，聯邦做出了一項決定──聯邦軍人全都籠罩在說不定明天就會面臨死亡的緊張感之中，但辛卻顯得心不在焉的樣子……"
          },
          {
            "content_id": "VOD00200036",
            "time_codes": [
              745000
            ],
            "timecode_duration": [],
            "length": 1420000,
            "asset_id": "vod44765-010018M001",
            "title": "",
            "subtitle": "第1季第18集 各自的旅行",
            "ep_number": 18,
            "rating": 5,
            "content_type": "comic",
            "p_start": 1762398900000,
            "vod_channel_description": "魯迪烏斯與保羅和解，在為了各自尋找家人而分別後，就與艾莉絲及瑞傑路德一同搭船前往中央大陸。另一方面，洛琪希、艾莉娜麗潔及塔爾韓德也在尋找塞妮絲等格雷拉特一家。洛琪希在利卡里斯鎮與諾克巴拉重逢，並且在他的催促下，回到了故鄉米格路德族之村。身處離開時跟離家出走沒兩樣的故鄉讓洛琪希深感憂心，究竟她與雙親的再會……"
          },
          {
            "content_id": "VOD00200037",
            "time_codes": [
              672000
            ],
            "timecode_duration": [],
            "length": 1420000,
            "asset_id": "vod44765-010019M001",
            "title": "",
            "subtitle": "第1季第19集 路線選擇",
            "ep_number": 19,
            "rating": 5,
            "content_type": "comic",
            "p_start": 1762400400000,
            "vod_channel_description": "從人神那裡聽說莉莉雅和愛夏的所在地後，魯迪烏斯來到了西隆王國首都拉塔基亞。接著，魯迪烏斯在街上遇到並救了試著從士兵手中逃走的愛夏，也問出了她被士兵追趕的原因及莉莉雅的所在地。接著，雖然魯迪烏斯打算請在西隆王國的洛琪希幫忙……"
          },
          {
            "content_id": "VOD00200038",
            "time_codes": [
              703000
            ],
            "timecode_duration": [],
            "length": 1420000,
            "asset_id": "vod44765-010020M001",
            "title": "",
            "subtitle": "第1季第20集 妹妹女僕誕生之日",
            "ep_number": 20,
            "rating": 5,
            "content_type": "comic",
            "p_start": 1762401900000,
            "vod_channel_description": "魯迪烏斯被帕庫斯關進牢籠，準備當成引誘洛琪希前來的誘餌。然而帕庫斯的哥哥，西隆第三王子札諾巴卻出現在魯迪烏斯面前。札諾巴拿出了某樣東西，向魯迪烏斯提出問題。接著事態開始往意想不到的狀況發展……另一方面，艾莉絲和瑞傑路德聽說了魯迪烏斯被抓的事情後，動身前去救人。"
          },
          {
            "content_id": "VOD00200039",
            "time_codes": [
              683000
            ],
            "timecode_duration": [],
            "length": 1420000,
            "asset_id": "vod44765-010021M001",
            "title": "",
            "subtitle": "第1季第21集 轉折點2",
            "ep_number": 21,
            "rating": 5,
            "content_type": "comic",
            "p_start": 1762403400000,
            "vod_channel_description": "與莉莉雅及愛夏道別，魯迪烏斯一行人繼續以故鄉為目標移動。在途中，他們遇到了七大列強之一的龍神奧爾斯帝德。接著艾莉絲和瑞傑路德突然臉色大變開始發抖。明明是初次見面，奧爾斯帝德卻認識艾莉絲和瑞傑路德，甚至還很清楚保羅的事，然而他卻不認識魯迪烏斯。這時奧爾斯帝德提出了問題，魯迪烏斯才一回答，奧爾斯帝德就突然動手攻擊！"
          },
          {
            "content_id": "VOD00200040",
            "time_codes": [
              671000
            ],
            "timecode_duration": [],
            "length": 1420000,
            "asset_id": "vod44765-010022M001",
            "title": "",
            "subtitle": "第1季第22集 現實",
            "ep_number": 22,
            "rating": 5,
            "content_type": "comic",
            "p_start": 1762404900000,
            "vod_channel_description": "終於回到菲托亞領地的魯迪烏斯等人。但是故鄉布耶納村已成了荒地，伯雷亞斯家所在的羅亞也成了聚集轉移事件受害者們的難民營。艾莉絲與管家阿爾馮斯及基列奴重逢，並得知菲托亞領地及伯雷亞斯家現狀，經過獨自思考後，她來到了魯迪烏斯的身邊。"
          },
          {
            "content_id": "VOD00200041",
            "time_codes": [
              762000
            ],
            "timecode_duration": [],
            "length": 1420000,
            "asset_id": "vod44765-010023M001",
            "title": "",
            "subtitle": "第1季第23集 醒來，跨出一步",
            "ep_number": 23,
            "rating": 5,
            "content_type": "comic",
            "p_start": 1762406400000,
            "vod_channel_description": "艾莉絲留下信後就突然不見了。人生重新來過，魯迪烏斯原本覺得自己透過各種相遇和經驗有所改變了，但因為失去艾莉絲的衝擊，使他再次跟前世一樣閉門不出。正當魯迪烏斯準備放棄一切時，他的腦海中回想起了母親塞妮絲……"
          },
          {
            "content_id": "VOD00228854",
            "time_codes": [
              773000
            ],
            "timecode_duration": [],
            "length": 1415000,
            "asset_id": "vod44765-019001M001",
            "title": "",
            "subtitle": "OVA",
            "ep_number": 9001,
            "rating": 5,
            "content_type": "comic",
            "p_start": 1762407900000,
            "vod_channel_description": "34歲、處男、無職的家裡蹲尼特男。他在雙親葬禮當天被趕出家門的瞬間，就遭卡車碾過喪命。等他重新醒來，發現自己在劍與魔法的異世界轉生成了小嬰兒！曾活得跟垃圾一樣的男人，發誓要做為少年魯迪烏斯在異世界認真過活！等待著魯迪烏斯的，是與蘿莉魔術師、有著妖精耳朵卻使用男性化自稱的美少女、兇暴傲嬌大小姐，以及其他各式各樣人物的相遇，以及殘酷的冒險與戰鬥。「人生重來」奇幻故事，現在開幕！"
          },
          {
            "content_id": "VOD00293190",
            "time_codes": [
              749000
            ],
            "timecode_duration": [],
            "length": 1420000,
            "asset_id": "vod44765-029001M001",
            "title": "",
            "subtitle": "第2季第0集 守護術師菲茲",
            "ep_number": 9001,
            "rating": 3,
            "content_type": "comic",
            "p_start": 1762409400000,
            "vod_channel_description": "在阿斯拉王國的王族庭園裡，第二公主愛麗兒遭受到突然出現的魔物襲擊。當護衛也被魔物擊倒時，從危機之中拯救她的是一位「從天而降」的白髮神祕人物。在那之後經過了一段時日，當王宮籠罩在王位繼承的權力之爭時，愛麗兒身邊出現了一位被稱作「沉默的菲茲」的人物……。"
          },
          {
            "content_id": "VOD00293166",
            "time_codes": [
              773000
            ],
            "timecode_duration": [],
            "length": 1419000,
            "asset_id": "vod44765-020001M001",
            "title": "",
            "subtitle": "第2季第1集 失意的魔術師",
            "ep_number": 1,
            "rating": 3,
            "content_type": "comic",
            "p_start": 1762410900000,
            "vod_channel_description": "魯迪烏斯為了尋找母親塞妮絲而踏上旅程。然而，他依然無法從失去艾莉絲的失意谷底走出來。在前往北方大地的馬車中，魯迪烏斯認識了冒險者隊伍Counter Arrow的莎拉及蘇珊娜，並為了接下冒險者工會裡的某項委託而與Counter Arrow一起行動。"
          },
          {
            "content_id": "VOD00293167",
            "time_codes": [
              710000
            ],
            "timecode_duration": [],
            "length": 1420000,
            "asset_id": "vod44765-020002M001",
            "title": "",
            "subtitle": "第2季第2集 深夜裡的森林",
            "ep_number": 2,
            "rating": 3,
            "content_type": "comic",
            "p_start": 1762412400000,
            "vod_channel_description": "為了讓自己的名聲傳到母親塞妮絲的耳中，魯迪烏斯在冒險者工作上締造實績，並讓「泥沼」這個稱號廣為流傳。某天，他跟Counter Arrow一起接下某個委託，但來到的地方卻出現了大量魔物。這時現身的是劍士佐爾達特帶領的隊伍。佐爾達特對魯迪烏斯他們表現出目中無人的態度……"
          },
          {
            "content_id": "VOD00293168",
            "time_codes": [
              904000
            ],
            "timecode_duration": [],
            "length": 1419000,
            "asset_id": "vod44765-020003M001",
            "title": "",
            "subtitle": "第2季第3集 快速進展",
            "ep_number": 3,
            "rating": 3,
            "content_type": "comic",
            "p_start": 1762413900000,
            "vod_channel_description": "自從魯迪烏斯救了莎拉一命之後，跟她在相處上也產生了變化，兩人之間的距離越來越靠近。魯迪烏斯在莎拉說想買短劍的邀請下一起去約會。開心地逛了街，並在酒館閒聊時，兩人的情調也漸漸昂揚。儘管腦海中掠過艾莉絲的身影，魯迪烏斯還是接受了莎拉對自己的態度並下定決心……！"
          },
          {
            "content_id": "VOD00293169",
            "time_codes": [
              787000
            ],
            "timecode_duration": [],
            "length": 1419000,
            "asset_id": "vod44765-020004M001",
            "title": "",
            "subtitle": "第2季第4集 推薦函",
            "ep_number": 4,
            "rating": 3,
            "content_type": "comic",
            "p_start": 1762415400000,
            "vod_channel_description": "為了一吐變得不舉的怨氣，魯迪烏斯跟佐爾達特意氣相投，也常會一起行動。當魯迪烏斯待在丕平時，過去曾跟保羅待在同一個隊伍，還跟洛琪希在旅途中相伴的艾莉娜麗潔出現在他面前。她替魯迪烏斯帶來了某個消息。"
          },
          {
            "content_id": "VOD00293170",
            "time_codes": [
              561000
            ],
            "timecode_duration": [],
            "length": 1420000,
            "asset_id": "vod44765-020005M001",
            "title": "",
            "subtitle": "第2季第5集 拉諾亞魔法大學",
            "ep_number": 5,
            "rating": 3,
            "content_type": "comic",
            "p_start": 1762416900000,
            "vod_channel_description": "收到推薦函再加上人神的建言，魯迪烏斯決定進入拉諾亞魔法大學。跟艾莉娜麗潔一起抵達大學之後，便被要求與在校生進行一場模擬戰作為測驗。對手是跟魯迪烏斯同樣使用無詠唱魔法的，名為菲茲的人物。而且，大學裡也聚集了許多個性鮮明的學生。"
          },
          {
            "content_id": "VOD00293171",
            "time_codes": [
              772000
            ],
            "timecode_duration": [],
            "length": 1420000,
            "asset_id": "vod44765-020006M001",
            "title": "",
            "subtitle": "第2季第6集 我不想死",
            "ep_number": 6,
            "rating": 3,
            "content_type": "comic",
            "p_start": 1762418400000,
            "vod_channel_description": "開始到拉諾亞魔法大學上課的魯迪烏斯，在調查轉移事件的過程中，漸漸加深了與菲茲之間的交流。將魯迪烏斯視為製作人偶（模型）師傅崇拜的札巴諾也在大學裡就讀。然而他一身異於常人的怪力無法順利製作人偶，為了找個可以代札巴諾做這些靈巧作工的人，魯迪烏斯便前往奴隸市場。"
          },
          {
            "content_id": "VOD00293172",
            "time_codes": [
              705000
            ],
            "timecode_duration": [],
            "length": 1420000,
            "asset_id": "vod44765-020007M001",
            "title": "",
            "subtitle": "第2季第7集 獸族大小姐綁架監禁事件",
            "ep_number": 7,
            "rating": 3,
            "content_type": "comic",
            "p_start": 1762419900000,
            "vod_channel_description": "跟札諾巴及茱麗一起製作人偶的某一天，魯迪烏斯突然想起以前自己做的，最後流轉到札諾巴手中的洛琪希人偶。向札諾巴確認了之後，才發現人偶被破壞殆盡。原因是他跟獸人族的莉妮亞及普露塞娜決鬥後敗北，才會遭到破壞。憤怒到渾身顫抖的魯迪烏斯決定…!?"
          },
          {
            "content_id": "VOD00293173",
            "time_codes": [
              607000
            ],
            "timecode_duration": [],
            "length": 1420000,
            "asset_id": "vod44765-020008M001",
            "title": "",
            "subtitle": "第2季第8集 絕望的未婚妻",
            "ep_number": 8,
            "rating": 3,
            "content_type": "comic",
            "p_start": 1762421400000,
            "vod_channel_description": "戀愛季節到來……!?魯迪烏斯受到特別生克里夫的拜託向他介紹某位女性。另一方面，由於獸族一到秋天就會熱烈進行求婚的決鬥，身為德路迪亞族公主的莉妮亞及普露塞娜為了避開決鬥都窩在宿舍裡頭。但不知為何，竟然有人向魯迪烏斯挑起決鬥……!?"
          },
          {
            "content_id": "VOD00293174",
            "time_codes": [
              610000
            ],
            "timecode_duration": [],
            "length": 1420000,
            "asset_id": "vod44765-020009M001",
            "title": "",
            "subtitle": "第2季第9集 白色面具",
            "ep_number": 9,
            "rating": 3,
            "content_type": "comic",
            "p_start": 1762422900000,
            "vod_channel_description": "跟菲茲一起調查菲托亞領地轉移事件的魯迪烏斯。認為轉移跟召喚有相似之處，為了得知召喚魔術的知識，魯迪烏斯便前去拜訪在大學專門研究召喚魔術的特別生塞倫特．賽文斯塔。然而那位人物的真實身分是……"
          },
          {
            "content_id": "VOD00293175",
            "time_codes": [
              649000
            ],
            "timecode_duration": [],
            "length": 1420000,
            "asset_id": "vod44765-020010M001",
            "title": "",
            "subtitle": "第2季第10集 這份心意",
            "ep_number": 10,
            "rating": 3,
            "content_type": "comic",
            "p_start": 1762424400000,
            "vod_channel_description": "魯迪烏斯跟雖然不是轉生，但跟自己是從相同世界來到這裡的塞倫特．賽文斯塔，也就是七星一起調查轉移事件跟召喚魔術。菲茲看著這樣的兩人，因為不明所以地感受到莫名的羈絆而不禁消沉。但另一方面，魯迪烏斯也開始對身為男性的菲茲產生了某種心意。"
          },
          {
            "content_id": "VOD00293176",
            "time_codes": [
              773000
            ],
            "timecode_duration": [],
            "length": 1419000,
            "asset_id": "vod44765-020011M001",
            "title": "",
            "subtitle": "第2季第11集 給你",
            "ep_number": 11,
            "rating": 3,
            "content_type": "comic",
            "p_start": 1762425900000,
            "vod_channel_description": "菲茲其實是一位女性。觸碰了她的身體，自己不舉的狀況也出現了治療的徵兆。魯迪烏斯在菲茲身上看見了希望，但因為她假扮男性的事情而苦惱著彼此之間的距離感。這時路克前來找他……另一方面，愛麗兒對菲茲說了一番話。"
          },
          {
            "content_id": "VOD00293177",
            "time_codes": [
              713000
            ],
            "timecode_duration": [],
            "length": 1420000,
            "asset_id": "vod44765-020012M001",
            "title": "",
            "subtitle": "第2季第12集 想告訴你",
            "ep_number": 12,
            "rating": 3,
            "content_type": "comic",
            "p_start": 1762427400000,
            "vod_channel_description": "魯迪總算得知菲茲就是希露菲的事實。希露菲也對魯迪坦言自己的心意，兩人終成眷屬。魯迪烏斯為了這麼久的時間都沒發現菲茲就是希露菲一事而道歉，但菲茲只是溫柔地微笑原諒了他。下定決心的魯迪烏斯，跟菲茲一同前去拜訪愛麗兒──"
          },
          {
            "content_id": "VOD00293178",
            "time_codes": [
              532000
            ],
            "timecode_duration": [],
            "length": 1420000,
            "asset_id": "vod44765-020013M001",
            "title": "",
            "subtitle": "第2季第13集 我夢想中的家",
            "ep_number": 13,
            "rating": 5,
            "content_type": "comic",
            "p_start": 1762428900000,
            "vod_channel_description": "魯迪烏斯雖和希露菲締結了婚約，但他不清楚這個世界結婚的程序，於是他跟札諾巴與克里夫商量。魯迪烏斯聽說首先得決定要居住的房子，於是房仲介紹了他一間很大卻相當便宜的房子。那是所有進去的人都會離奇死亡的問題物件…。"
          },
          {
            "content_id": "VOD00293179",
            "time_codes": [
              859000
            ],
            "timecode_duration": [],
            "length": 1420000,
            "asset_id": "vod44765-020014M001",
            "title": "",
            "subtitle": "第2季第14集 婚宴",
            "ep_number": 14,
            "rating": 5,
            "content_type": "comic",
            "p_start": 1762430400000,
            "vod_channel_description": "這個世界結婚時會在會在自家舉行派對，於是魯迪烏斯便和希露菲一同進行準備。到了派對當天，艾麗兒和札諾巴等拉諾亞魔法大學的參加者出席時，艾莉娜麗潔卻露出了和往常不同的表情。同時，魯迪烏斯接受了愛麗兒提出的某個請求…。"
          },
          {
            "content_id": "VOD00293180",
            "time_codes": [
              614000
            ],
            "timecode_duration": [],
            "length": 1420000,
            "asset_id": "vod44765-020015M001",
            "title": "",
            "subtitle": "第2季第15集 遙遠",
            "ep_number": 15,
            "rating": 5,
            "content_type": "comic",
            "p_start": 1762431900000,
            "vod_channel_description": "魯迪收到了來自父親保羅的信。他希望魯迪可以照顧妹妹諾倫與愛夏，因此請了護衛送兩人到魯迪那邊。同時，和魯迪烏斯從相同世界轉移而來的七星，為了回到原來的世界持續研究魔法，但始終找不到突破口而感到焦慮。"
          },
          {
            "content_id": "VOD00293181",
            "time_codes": [
              719000
            ],
            "timecode_duration": [],
            "length": 1420000,
            "asset_id": "vod44765-020016M001",
            "title": "",
            "subtitle": "第2季第16集 諾倫與愛夏",
            "ep_number": 16,
            "rating": 5,
            "content_type": "comic",
            "p_start": 1762433400000,
            "vod_channel_description": "魯迪烏斯的妹妹諾倫和愛夏來到了魯迪烏斯的家。但相較於開朗的愛夏，諾倫則相當內向，也不願對魯迪烏斯敞開心胸……。魯迪烏斯對該如何對待完全相反的妹妹感到頭痛，他決定按照保羅所說的，試圖讓兩人去上學…。"
          },
          {
            "content_id": "VOD00293182",
            "time_codes": [
              722000
            ],
            "timecode_duration": [],
            "length": 1420000,
            "asset_id": "vod44765-020017M001",
            "title": "",
            "subtitle": "第2季第17集 大哥的心情",
            "ep_number": 17,
            "rating": 5,
            "content_type": "comic",
            "p_start": 1762434900000,
            "vod_channel_description": "在拉諾亞魔法大學宿舍開始生活的諾倫突然閉門不出。魯迪烏斯把她和前世的自己重疊，決心要拯救諾倫的他前往了諾倫的教室。而魯迪烏斯在那裡聽到的消息卻讓他非常震驚…。另一方面，諾倫也煩惱著該如何面對魯迪烏斯這個存在…。"
          },
          {
            "content_id": "VOD00293183",
            "time_codes": [
              851000
            ],
            "timecode_duration": [],
            "length": 1420000,
            "asset_id": "vod44765-020018M001",
            "title": "",
            "subtitle": "第2季第18集 轉折點3",
            "ep_number": 18,
            "rating": 5,
            "content_type": "comic",
            "p_start": 1762436400000,
            "vod_channel_description": "因為魯迪烏斯對待諾倫的方式，以及在學校交到了朋友，諾倫也有所變化。魯迪烏斯和家人以及在大學過著平穩的生活。但某一天，希露菲突然要告訴他的究竟是…？以及來自某人的信上所寫的又是…？同時人神要給他的新「建議」…!?"
          },
          {
            "content_id": "VOD00293184",
            "time_codes": [
              809000
            ],
            "timecode_duration": [],
            "length": 1420000,
            "asset_id": "vod44765-020019M001",
            "title": "",
            "subtitle": "第2季第19集 沙漠之旅",
            "ep_number": 19,
            "rating": 5,
            "content_type": "comic",
            "p_start": 1762437900000,
            "vod_channel_description": "魯迪烏斯收到了基斯寫著「塞妮絲難以救出，請求支援」的信。但趕去救援，就會留下懷孕的希露菲、諾倫和愛夏…。煩惱不已的魯迪還是決定前往貝卡利特大陸的迷宮都市拉龐。但是路途比想像的更加艱難，並且伴隨著生命的危險。"
          },
          {
            "content_id": "VOD00293185",
            "time_codes": [
              847000
            ],
            "timecode_duration": [],
            "length": 1420000,
            "asset_id": "vod44765-020020M001",
            "title": "",
            "subtitle": "第2季第20集 進入迷宮",
            "ep_number": 20,
            "rating": 5,
            "content_type": "comic",
            "p_start": 1762439400000,
            "vod_channel_description": "魯迪烏斯和艾莉娜麗潔剛抵達迷宮都市拉龐，馬上就找到了基斯，他帶著兩人來到保羅和莉莉雅的所在之處。面對無法救出塞妮絲而心力憔悴的保羅，魯迪烏斯溫柔地安慰了他。正要討論攻略塞妮絲所在的迷宮時，卻發現洛琪希的身影不在這裡…。"
          },
          {
            "content_id": "VOD00293186",
            "time_codes": [
              712000
            ],
            "timecode_duration": [],
            "length": 1420000,
            "asset_id": "vod44765-020021M001",
            "title": "",
            "subtitle": "第2季第21集 第六層的魔法陣",
            "ep_number": 21,
            "rating": 5,
            "content_type": "comic",
            "p_start": 1762440900000,
            "vod_channel_description": "魯迪烏斯和保羅等人救出了被獨自留在迷宮的洛琪希，為了讓她恢復體力，一行人暫時回到了鎮上。魯迪烏斯非常在意分隔許久的洛琪希，也與她愉快地聊起了往事。三天後，他們再次進入轉移迷宮，並且開始提升攻略樓層的速度―！"
          },
          {
            "content_id": "VOD00293187",
            "time_codes": [
              732000
            ],
            "timecode_duration": [],
            "length": 1420000,
            "asset_id": "vod44765-020022M001",
            "title": "",
            "subtitle": "第2季第22集 雙親",
            "ep_number": 22,
            "rating": 5,
            "content_type": "comic",
            "p_start": 1762442400000,
            "vod_channel_description": "魯迪烏斯等人轉移到了最終樓層，他們終於確認到塞妮絲的身影！但那裡有著這個迷宮的守護者，巨大的九頭龍擋住了他們的去路。那頭九頭龍是早應滅絕的傳說中的生物，被稱為「惡魔之龍」的強敵―！"
          },
          {
            "content_id": "VOD00293188",
            "time_codes": [
              911000
            ],
            "timecode_duration": [],
            "length": 1419000,
            "asset_id": "vod44765-020023M001",
            "title": "",
            "subtitle": "第2季第23集 回去吧",
            "ep_number": 23,
            "rating": 5,
            "content_type": "comic",
            "p_start": 1762443900000,
            "vod_channel_description": "在與魔石多頭龍的壯烈死鬥後，魯迪烏斯等人救出了塞妮絲。然而代價卻是魯迪烏斯失去了左手，以及保羅犧牲了性命。更糟的是，塞妮絲還失去了心智…。面對父親保羅的死，魯迪烏斯陷入了後悔與絕望。而此時洛琪希向他搭話了…。"
          },
          {
            "content_id": "VOD00293189",
            "time_codes": [
              660000
            ],
            "timecode_duration": [],
            "length": 1435000,
            "asset_id": "vod44765-020024M001",
            "title": "",
            "subtitle": "第2季第24集 繼承",
            "ep_number": 24,
            "rating": 5,
            "content_type": "comic",
            "p_start": 1762445400000,
            "vod_channel_description": "魯迪烏斯時隔半年後回到了希露菲她們等待的家裡。他描述了轉移迷宮的始末、保羅的死以及塞妮絲的狀態。接著他也說了洛琪希的事…。而諾倫、愛夏以及希露菲對這件事的回應是…?"
          }
        ],
        "total_length": 69584000,
        "focus_index": 6,
        "next_index": 7,
        "time": 458193,
        "focus_program": {
          "content_id": "VOD00200025",
          "time_codes": [
            728000
          ],
          "timecode_duration": [],
          "length": 1420000,
          "asset_id": "vod44765-010007M001",
          "title": "",
          "subtitle": "第1季第7集 在努力之後能到手的東西",
          "ep_number": 7,
          "rating": 5,
          "content_type": "comic",
          "p_start": 1762382400000,
          "vod_channel_description": "艾莉絲即將迎接10歲生日。雖然當天預定要召開盛大的宴會，但艾莉絲非常不擅長跳舞。為了改善這點，魯迪烏斯陪著艾莉絲一直練習。多虧如此，艾莉絲的舞蹈逐漸有在進步。接著在生日到來前不久的某一天，魯迪烏斯收到了來自洛琪希的信……"
        }
      },
      "station_categories": [
        {
          "Name": "動漫",
          "EngName": "Animate",
          "MenuOrder": 109
        }
      ]
    },
    "introduction": {
      "image": "https://p-cdnstatic.svc.litv.tv/pics/vod_channel/logo_2991_ofiii165_mobile_20230802.png",
      "description": "",
      "href_maps": []
    },
    "recommends": [],
    "ua": "Mozilla/5.0 (Windows NT 10.0; Win64; x64) AppleWebKit/537.36 (KHTML, like Gecko) Chrome/114.0.0.0 Safari/537.36 Edg/114.0.1823.86"
  },
  "__N_SSP": true
}