{
  "pageProps": {
    "contentId": "ofiii245",
    "channel": {
      "title": "台灣壹百種味道",
      "no": 245,
      "charge_mode": "F",
      "content_id": "ofiii245",
      "content_type": "vod-channel",
      "epg_categories": [
        18
      ],
      "genres": [
        {
          "id": "",
          "name": "VOD_CHANNEL",
          "logo": ""
        }
      ],
      "liad_id": "VODCHNEWOFIWEB",
      "package_info_id": "VOD_CHANNEL_DELUX",
      "picture": "pics/vod_channel/logo_3666_ofiii245_tv_20250305.png",
      "provider": [
        {
          "id": "",
          "name": "年代",
          "logo": ""
        }
      ],
      "quality": "HD",
      "station_id": "station6600",
      "trial": "",
      "selectable": 1,
      "tr_logo": "pics/vod_channel/tr_logo_1741166062.png",
      "tl_logo": "",
      "br_logo": "",
      "bl_logo": "",
      "menu_type": 0,
      "vod_channel_schedule": {
        "channel_id": 245,
        "cdn_code": "ofiii245",
        "start_time": 1763206500000,
        "programs": [
          {
            "content_id": "VOD00188204",
            "time_codes": [
              568000,
              1082000
            ],
            "timecode_duration": [],
            "length": 1461000,
            "asset_id": "vod43534-010011M001",
            "title": "",
            "subtitle": "第1季第11集 秋日元氣料理：兩家人的養生餐",
            "ep_number": 11,
            "rating": 1,
            "content_type": "show",
            "p_start": 1763206500000,
            "vod_channel_description": "《台灣壹百種味道》以台灣味為主角，透過節目，呈現每一道台灣菜的滋味與廚師的故事。每集主題不只談食材的來源、廚師作法的異同，還有更多藉由一道道美食，看見每一位美食作手，背後所潛藏的人生故事。觀眾跟著節目裡面的故事，了解台灣美食、歷史淵源、多元文化、生活方式以及屬於台灣人的情感。"
          },
          {
            "content_id": "VOD00188205",
            "time_codes": [
              560000,
              1036000
            ],
            "timecode_duration": [],
            "length": 1461000,
            "asset_id": "vod43534-010012M001",
            "title": "",
            "subtitle": "第1季第12集 秋日元氣料理：千金女的蟳夢園",
            "ep_number": 12,
            "rating": 1,
            "content_type": "show",
            "p_start": 1763208300000,
            "vod_channel_description": "《台灣壹百種味道》以台灣味為主角，透過節目，呈現每一道台灣菜的滋味與廚師的故事。每集主題不只談食材的來源、廚師作法的異同，還有更多藉由一道道美食，看見每一位美食作手，背後所潛藏的人生故事。觀眾跟著節目裡面的故事，了解台灣美食、歷史淵源、多元文化、生活方式以及屬於台灣人的情感。"
          },
          {
            "content_id": "VOD00188206",
            "time_codes": [
              488000,
              1000000
            ],
            "timecode_duration": [],
            "length": 1461000,
            "asset_id": "vod43534-010013M001",
            "title": "",
            "subtitle": "第1季第13集 一甲子的功夫菜：姚家菜 味濃",
            "ep_number": 13,
            "rating": 1,
            "content_type": "show",
            "p_start": 1763210100000,
            "vod_channel_description": "《台灣壹百種味道》以台灣味為主角，透過節目，呈現每一道台灣菜的滋味與廚師的故事。每集主題不只談食材的來源、廚師作法的異同，還有更多藉由一道道美食，看見每一位美食作手，背後所潛藏的人生故事。觀眾跟著節目裡面的故事，了解台灣美食、歷史淵源、多元文化、生活方式以及屬於台灣人的情感。"
          },
          {
            "content_id": "VOD00188207",
            "time_codes": [
              478000,
              1022000
            ],
            "timecode_duration": [],
            "length": 1461000,
            "asset_id": "vod43534-010014M001",
            "title": "",
            "subtitle": "第1季第14集 頑固老爹古早味：排骨 酥香",
            "ep_number": 14,
            "rating": 1,
            "content_type": "show",
            "p_start": 1763211900000,
            "vod_channel_description": "《台灣壹百種味道》以台灣味為主角，透過節目，呈現每一道台灣菜的滋味與廚師的故事。每集主題不只談食材的來源、廚師作法的異同，還有更多藉由一道道美食，看見每一位美食作手，背後所潛藏的人生故事。觀眾跟著節目裡面的故事，了解台灣美食、歷史淵源、多元文化、生活方式以及屬於台灣人的情感。"
          },
          {
            "content_id": "VOD00188208",
            "time_codes": [
              488000,
              1114000
            ],
            "timecode_duration": [],
            "length": 1461000,
            "asset_id": "vod43534-010015M001",
            "title": "",
            "subtitle": "第1季第15集 鍋裡的祕密",
            "ep_number": 15,
            "rating": 1,
            "content_type": "show",
            "p_start": 1763213700000,
            "vod_channel_description": "《台灣壹百種味道》以台灣味為主角，透過節目，呈現每一道台灣菜的滋味與廚師的故事。每集主題不只談食材的來源、廚師作法的異同，還有更多藉由一道道美食，看見每一位美食作手，背後所潛藏的人生故事。觀眾跟著節目裡面的故事，了解台灣美食、歷史淵源、多元文化、生活方式以及屬於台灣人的情感。"
          },
          {
            "content_id": "VOD00188209",
            "time_codes": [
              488000,
              1052000
            ],
            "timecode_duration": [],
            "length": 1461000,
            "asset_id": "vod43534-010016M001",
            "title": "",
            "subtitle": "第1季第16集 南北美食匯一方：內湖老麵店",
            "ep_number": 16,
            "rating": 1,
            "content_type": "show",
            "p_start": 1763215500000,
            "vod_channel_description": "《台灣壹百種味道》以台灣味為主角，透過節目，呈現每一道台灣菜的滋味與廚師的故事。每集主題不只談食材的來源、廚師作法的異同，還有更多藉由一道道美食，看見每一位美食作手，背後所潛藏的人生故事。觀眾跟著節目裡面的故事，了解台灣美食、歷史淵源、多元文化、生活方式以及屬於台灣人的情感。"
          },
          {
            "content_id": "VOD00188210",
            "time_codes": [
              464000,
              982000
            ],
            "timecode_duration": [],
            "length": 1461000,
            "asset_id": "vod43534-010017M001",
            "title": "",
            "subtitle": "第1季第17集 跨越半世紀美味：暖入心坎 茶葉蛋",
            "ep_number": 17,
            "rating": 1,
            "content_type": "show",
            "p_start": 1763217300000,
            "vod_channel_description": "《台灣壹百種味道》以台灣味為主角，透過節目，呈現每一道台灣菜的滋味與廚師的故事。每集主題不只談食材的來源、廚師作法的異同，還有更多藉由一道道美食，看見每一位美食作手，背後所潛藏的人生故事。觀眾跟著節目裡面的故事，了解台灣美食、歷史淵源、多元文化、生活方式以及屬於台灣人的情感。"
          },
          {
            "content_id": "VOD00188211",
            "time_codes": [
              498000,
              1030000
            ],
            "timecode_duration": [],
            "length": 1488000,
            "asset_id": "vod43534-010018M001",
            "title": "",
            "subtitle": "第1季第18集 溫故知新府城味：老P的異饗世界",
            "ep_number": 18,
            "rating": 1,
            "content_type": "show",
            "p_start": 1763219100000,
            "vod_channel_description": "《台灣壹百種味道》以台灣味為主角，透過節目，呈現每一道台灣菜的滋味與廚師的故事。每集主題不只談食材的來源、廚師作法的異同，還有更多藉由一道道美食，看見每一位美食作手，背後所潛藏的人生故事。觀眾跟著節目裡面的故事，了解台灣美食、歷史淵源、多元文化、生活方式以及屬於台灣人的情感。"
          },
          {
            "content_id": "VOD00188212",
            "time_codes": [
              503000,
              1039000
            ],
            "timecode_duration": [],
            "length": 1461000,
            "asset_id": "vod43534-010019M001",
            "title": "",
            "subtitle": "第1季第19集 少年頭家食補王國：南國 呷補",
            "ep_number": 19,
            "rating": 1,
            "content_type": "show",
            "p_start": 1763220900000,
            "vod_channel_description": "《台灣壹百種味道》以台灣味為主角，透過節目，呈現每一道台灣菜的滋味與廚師的故事。每集主題不只談食材的來源、廚師作法的異同，還有更多藉由一道道美食，看見每一位美食作手，背後所潛藏的人生故事。觀眾跟著節目裡面的故事，了解台灣美食、歷史淵源、多元文化、生活方式以及屬於台灣人的情感。"
          },
          {
            "content_id": "VOD00188213",
            "time_codes": [
              501000,
              990000
            ],
            "timecode_duration": [],
            "length": 1461000,
            "asset_id": "vod43534-010020M001",
            "title": "",
            "subtitle": "第1季第20集 老客棧人情味",
            "ep_number": 20,
            "rating": 1,
            "content_type": "show",
            "p_start": 1763222700000,
            "vod_channel_description": "《台灣壹百種味道》以台灣味為主角，透過節目，呈現每一道台灣菜的滋味與廚師的故事。每集主題不只談食材的來源、廚師作法的異同，還有更多藉由一道道美食，看見每一位美食作手，背後所潛藏的人生故事。觀眾跟著節目裡面的故事，了解台灣美食、歷史淵源、多元文化、生活方式以及屬於台灣人的情感。"
          },
          {
            "content_id": "VOD00188214",
            "time_codes": [
              505000,
              985000
            ],
            "timecode_duration": [],
            "length": 1461000,
            "asset_id": "vod43534-010021M001",
            "title": "",
            "subtitle": "第1季第21集 柴燒原汁原味",
            "ep_number": 21,
            "rating": 1,
            "content_type": "show",
            "p_start": 1763224500000,
            "vod_channel_description": "《台灣壹百種味道》以台灣味為主角，透過節目，呈現每一道台灣菜的滋味與廚師的故事。每集主題不只談食材的來源、廚師作法的異同，還有更多藉由一道道美食，看見每一位美食作手，背後所潛藏的人生故事。觀眾跟著節目裡面的故事，了解台灣美食、歷史淵源、多元文化、生活方式以及屬於台灣人的情感。"
          },
          {
            "content_id": "VOD00188215",
            "time_codes": [
              444000,
              1023000
            ],
            "timecode_duration": [],
            "length": 1461000,
            "asset_id": "vod43534-010022M001",
            "title": "",
            "subtitle": "第1季第22集 慢工細活北方味",
            "ep_number": 22,
            "rating": 1,
            "content_type": "show",
            "p_start": 1763226300000,
            "vod_channel_description": "《台灣壹百種味道》以台灣味為主角，透過節目，呈現每一道台灣菜的滋味與廚師的故事。每集主題不只談食材的來源、廚師作法的異同，還有更多藉由一道道美食，看見每一位美食作手，背後所潛藏的人生故事。觀眾跟著節目裡面的故事，了解台灣美食、歷史淵源、多元文化、生活方式以及屬於台灣人的情感。"
          },
          {
            "content_id": "VOD00188216",
            "time_codes": [
              464000,
              978000
            ],
            "timecode_duration": [],
            "length": 1461000,
            "asset_id": "vod43534-010023M001",
            "title": "",
            "subtitle": "第1季第23集 這就是媽媽的味道",
            "ep_number": 23,
            "rating": 1,
            "content_type": "show",
            "p_start": 1763228100000,
            "vod_channel_description": "《台灣壹百種味道》以台灣味為主角，透過節目，呈現每一道台灣菜的滋味與廚師的故事。每集主題不只談食材的來源、廚師作法的異同，還有更多藉由一道道美食，看見每一位美食作手，背後所潛藏的人生故事。觀眾跟著節目裡面的故事，了解台灣美食、歷史淵源、多元文化、生活方式以及屬於台灣人的情感。"
          },
          {
            "content_id": "VOD00188217",
            "time_codes": [
              449000,
              1017000
            ],
            "timecode_duration": [],
            "length": 1461000,
            "asset_id": "vod43534-010024M001",
            "title": "",
            "subtitle": "第1季第24集 相知相惜老韻味：復古 時光機",
            "ep_number": 24,
            "rating": 1,
            "content_type": "show",
            "p_start": 1763229900000,
            "vod_channel_description": "《台灣壹百種味道》以台灣味為主角，透過節目，呈現每一道台灣菜的滋味與廚師的故事。每集主題不只談食材的來源、廚師作法的異同，還有更多藉由一道道美食，看見每一位美食作手，背後所潛藏的人生故事。觀眾跟著節目裡面的故事，了解台灣美食、歷史淵源、多元文化、生活方式以及屬於台灣人的情感。"
          },
          {
            "content_id": "VOD00188218",
            "time_codes": [
              418000,
              1038000
            ],
            "timecode_duration": [],
            "length": 1461000,
            "asset_id": "vod43534-010025M001",
            "title": "",
            "subtitle": "第1季第25集 美味關係：歐式美食饗宴、有愛的糕點",
            "ep_number": 25,
            "rating": 1,
            "content_type": "show",
            "p_start": 1763231700000,
            "vod_channel_description": "《台灣壹百種味道》以台灣味為主角，透過節目，呈現每一道台灣菜的滋味與廚師的故事。每集主題不只談食材的來源、廚師作法的異同，還有更多藉由一道道美食，看見每一位美食作手，背後所潛藏的人生故事。觀眾跟著節目裡面的故事，了解台灣美食、歷史淵源、多元文化、生活方式以及屬於台灣人的情感。"
          },
          {
            "content_id": "VOD00188219",
            "time_codes": [
              435000,
              1007000
            ],
            "timecode_duration": [],
            "length": 1461000,
            "asset_id": "vod43534-010026M001",
            "title": "",
            "subtitle": "第1季第26集 灶腳ㄟ古早味：遺失的老味道",
            "ep_number": 26,
            "rating": 1,
            "content_type": "show",
            "p_start": 1763233500000,
            "vod_channel_description": "《台灣壹百種味道》以台灣味為主角，透過節目，呈現每一道台灣菜的滋味與廚師的故事。每集主題不只談食材的來源、廚師作法的異同，還有更多藉由一道道美食，看見每一位美食作手，背後所潛藏的人生故事。觀眾跟著節目裡面的故事，了解台灣美食、歷史淵源、多元文化、生活方式以及屬於台灣人的情感。"
          },
          {
            "content_id": "VOD00188220",
            "time_codes": [
              504000,
              982000
            ],
            "timecode_duration": [],
            "length": 1461000,
            "asset_id": "vod43534-010027M001",
            "title": "",
            "subtitle": "第1季第27集 濃情巧克力",
            "ep_number": 27,
            "rating": 1,
            "content_type": "show",
            "p_start": 1763235300000,
            "vod_channel_description": "《台灣壹百種味道》以台灣味為主角，透過節目，呈現每一道台灣菜的滋味與廚師的故事。每集主題不只談食材的來源、廚師作法的異同，還有更多藉由一道道美食，看見每一位美食作手，背後所潛藏的人生故事。觀眾跟著節目裡面的故事，了解台灣美食、歷史淵源、多元文化、生活方式以及屬於台灣人的情感。"
          },
          {
            "content_id": "VOD00188221",
            "time_codes": [
              504000,
              996000
            ],
            "timecode_duration": [],
            "length": 1461000,
            "asset_id": "vod43534-010028M001",
            "title": "",
            "subtitle": "第1季第28集 鐵板博士救老店",
            "ep_number": 28,
            "rating": 1,
            "content_type": "show",
            "p_start": 1763237100000,
            "vod_channel_description": "《台灣壹百種味道》以台灣味為主角，透過節目，呈現每一道台灣菜的滋味與廚師的故事。每集主題不只談食材的來源、廚師作法的異同，還有更多藉由一道道美食，看見每一位美食作手，背後所潛藏的人生故事。觀眾跟著節目裡面的故事，了解台灣美食、歷史淵源、多元文化、生活方式以及屬於台灣人的情感。"
          },
          {
            "content_id": "VOD00188222",
            "time_codes": [
              444000,
              1013000
            ],
            "timecode_duration": [],
            "length": 1461000,
            "asset_id": "vod43534-010029M001",
            "title": "",
            "subtitle": "第1季第29集 媽媽味道的割包",
            "ep_number": 29,
            "rating": 1,
            "content_type": "show",
            "p_start": 1763238900000,
            "vod_channel_description": "《台灣壹百種味道》以台灣味為主角，透過節目，呈現每一道台灣菜的滋味與廚師的故事。每集主題不只談食材的來源、廚師作法的異同，還有更多藉由一道道美食，看見每一位美食作手，背後所潛藏的人生故事。觀眾跟著節目裡面的故事，了解台灣美食、歷史淵源、多元文化、生活方式以及屬於台灣人的情感。"
          },
          {
            "content_id": "VOD00188223",
            "time_codes": [
              485000,
              1032000
            ],
            "timecode_duration": [],
            "length": 1461000,
            "asset_id": "vod43534-010030M001",
            "title": "",
            "subtitle": "第1季第30集 落地生根新疆味",
            "ep_number": 30,
            "rating": 1,
            "content_type": "show",
            "p_start": 1763240700000,
            "vod_channel_description": "《台灣壹百種味道》以台灣味為主角，透過節目，呈現每一道台灣菜的滋味與廚師的故事。每集主題不只談食材的來源、廚師作法的異同，還有更多藉由一道道美食，看見每一位美食作手，背後所潛藏的人生故事。觀眾跟著節目裡面的故事，了解台灣美食、歷史淵源、多元文化、生活方式以及屬於台灣人的情感。"
          },
          {
            "content_id": "VOD00188224",
            "time_codes": [
              501000,
              944000
            ],
            "timecode_duration": [],
            "length": 1461000,
            "asset_id": "vod43534-010031M001",
            "title": "",
            "subtitle": "第1季第31集 販賣幸福的小店：救命麵包",
            "ep_number": 31,
            "rating": 1,
            "content_type": "show",
            "p_start": 1763242500000,
            "vod_channel_description": "《台灣壹百種味道》以台灣味為主角，透過節目，呈現每一道台灣菜的滋味與廚師的故事。每集主題不只談食材的來源、廚師作法的異同，還有更多藉由一道道美食，看見每一位美食作手，背後所潛藏的人生故事。觀眾跟著節目裡面的故事，了解台灣美食、歷史淵源、多元文化、生活方式以及屬於台灣人的情感。"
          },
          {
            "content_id": "VOD00188225",
            "time_codes": [
              474000,
              1037000
            ],
            "timecode_duration": [],
            "length": 1461000,
            "asset_id": "vod43534-010032M001",
            "title": "",
            "subtitle": "第1季第32集 平民小吃鹽酥雞",
            "ep_number": 32,
            "rating": 1,
            "content_type": "show",
            "p_start": 1763244300000,
            "vod_channel_description": "《台灣壹百種味道》以台灣味為主角，透過節目，呈現每一道台灣菜的滋味與廚師的故事。每集主題不只談食材的來源、廚師作法的異同，還有更多藉由一道道美食，看見每一位美食作手，背後所潛藏的人生故事。觀眾跟著節目裡面的故事，了解台灣美食、歷史淵源、多元文化、生活方式以及屬於台灣人的情感。"
          },
          {
            "content_id": "VOD00188226",
            "time_codes": [
              402000,
              1025000
            ],
            "timecode_duration": [],
            "length": 1461000,
            "asset_id": "vod43534-010033M001",
            "title": "",
            "subtitle": "第1季第33集 日洋混搭心滋味",
            "ep_number": 33,
            "rating": 1,
            "content_type": "show",
            "p_start": 1763246100000,
            "vod_channel_description": "《台灣壹百種味道》以台灣味為主角，透過節目，呈現每一道台灣菜的滋味與廚師的故事。每集主題不只談食材的來源、廚師作法的異同，還有更多藉由一道道美食，看見每一位美食作手，背後所潛藏的人生故事。觀眾跟著節目裡面的故事，了解台灣美食、歷史淵源、多元文化、生活方式以及屬於台灣人的情感。"
          },
          {
            "content_id": "VOD00188227",
            "time_codes": [
              477000,
              988000
            ],
            "timecode_duration": [],
            "length": 1461000,
            "asset_id": "vod43534-010034M001",
            "title": "",
            "subtitle": "第1季第34集 台日混血甜不辣：小倆口天婦羅、黑輪伯的古早味",
            "ep_number": 34,
            "rating": 1,
            "content_type": "show",
            "p_start": 1763247900000,
            "vod_channel_description": "《台灣壹百種味道》以台灣味為主角，透過節目，呈現每一道台灣菜的滋味與廚師的故事。每集主題不只談食材的來源、廚師作法的異同，還有更多藉由一道道美食，看見每一位美食作手，背後所潛藏的人生故事。觀眾跟著節目裡面的故事，了解台灣美食、歷史淵源、多元文化、生活方式以及屬於台灣人的情感。"
          },
          {
            "content_id": "VOD00188228",
            "time_codes": [
              448000,
              1000000
            ],
            "timecode_duration": [],
            "length": 1461000,
            "asset_id": "vod43534-010035M001",
            "title": "",
            "subtitle": "第1季第35集 香麻鮮辣 新派川菜：愛上川菜的男人",
            "ep_number": 35,
            "rating": 1,
            "content_type": "show",
            "p_start": 1763249700000,
            "vod_channel_description": "《台灣壹百種味道》以台灣味為主角，透過節目，呈現每一道台灣菜的滋味與廚師的故事。每集主題不只談食材的來源、廚師作法的異同，還有更多藉由一道道美食，看見每一位美食作手，背後所潛藏的人生故事。觀眾跟著節目裡面的故事，了解台灣美食、歷史淵源、多元文化、生活方式以及屬於台灣人的情感。"
          },
          {
            "content_id": "VOD00188229",
            "time_codes": [
              465000,
              1053000
            ],
            "timecode_duration": [],
            "length": 1461000,
            "asset_id": "vod43534-010036M001",
            "title": "",
            "subtitle": "第1季第36集 單鍋燉煮羊肉爐：一鍋一爐古早味",
            "ep_number": 36,
            "rating": 1,
            "content_type": "show",
            "p_start": 1763251500000,
            "vod_channel_description": "《台灣壹百種味道》以台灣味為主角，透過節目，呈現每一道台灣菜的滋味與廚師的故事。每集主題不只談食材的來源、廚師作法的異同，還有更多藉由一道道美食，看見每一位美食作手，背後所潛藏的人生故事。觀眾跟著節目裡面的故事，了解台灣美食、歷史淵源、多元文化、生活方式以及屬於台灣人的情感。"
          },
          {
            "content_id": "VOD00188230",
            "time_codes": [
              416000,
              936000
            ],
            "timecode_duration": [],
            "length": 1461000,
            "asset_id": "vod43534-010037M001",
            "title": "",
            "subtitle": "第1季第37集 客家庄 米食香",
            "ep_number": 37,
            "rating": 1,
            "content_type": "show",
            "p_start": 1763253300000,
            "vod_channel_description": "《台灣壹百種味道》以台灣味為主角，透過節目，呈現每一道台灣菜的滋味與廚師的故事。每集主題不只談食材的來源、廚師作法的異同，還有更多藉由一道道美食，看見每一位美食作手，背後所潛藏的人生故事。觀眾跟著節目裡面的故事，了解台灣美食、歷史淵源、多元文化、生活方式以及屬於台灣人的情感。"
          },
          {
            "content_id": "VOD00188231",
            "time_codes": [
              447000,
              1084000
            ],
            "timecode_duration": [],
            "length": 1461000,
            "asset_id": "vod43534-010038M001",
            "title": "",
            "subtitle": "第1季第38集 傳承祖母的好味道：客家媳婦 私房菜",
            "ep_number": 38,
            "rating": 1,
            "content_type": "show",
            "p_start": 1763255100000,
            "vod_channel_description": "《台灣壹百種味道》以台灣味為主角，透過節目，呈現每一道台灣菜的滋味與廚師的故事。每集主題不只談食材的來源、廚師作法的異同，還有更多藉由一道道美食，看見每一位美食作手，背後所潛藏的人生故事。觀眾跟著節目裡面的故事，了解台灣美食、歷史淵源、多元文化、生活方式以及屬於台灣人的情感。"
          },
          {
            "content_id": "VOD00188232",
            "time_codes": [
              441000,
              1028000
            ],
            "timecode_duration": [],
            "length": 1461000,
            "asset_id": "vod43534-010039M001",
            "title": "",
            "subtitle": "第1季第39集 野草的美味：最勇 最敢 台灣阿美",
            "ep_number": 39,
            "rating": 1,
            "content_type": "show",
            "p_start": 1763256900000,
            "vod_channel_description": "《台灣壹百種味道》以台灣味為主角，透過節目，呈現每一道台灣菜的滋味與廚師的故事。每集主題不只談食材的來源、廚師作法的異同，還有更多藉由一道道美食，看見每一位美食作手，背後所潛藏的人生故事。觀眾跟著節目裡面的故事，了解台灣美食、歷史淵源、多元文化、生活方式以及屬於台灣人的情感。"
          },
          {
            "content_id": "VOD00188233",
            "time_codes": [
              536000,
              1085000
            ],
            "timecode_duration": [],
            "length": 1461000,
            "asset_id": "vod43534-010040M001",
            "title": "",
            "subtitle": "第1季第40集 淡水美食 新舊代名詞：阿給、融入淡水的溫州味",
            "ep_number": 40,
            "rating": 1,
            "content_type": "show",
            "p_start": 1763258700000,
            "vod_channel_description": "《台灣壹百種味道》以台灣味為主角，透過節目，呈現每一道台灣菜的滋味與廚師的故事。每集主題不只談食材的來源、廚師作法的異同，還有更多藉由一道道美食，看見每一位美食作手，背後所潛藏的人生故事。觀眾跟著節目裡面的故事，了解台灣美食、歷史淵源、多元文化、生活方式以及屬於台灣人的情感。"
          },
          {
            "content_id": "VOD00188234",
            "time_codes": [
              458000,
              1005000
            ],
            "timecode_duration": [],
            "length": 1461000,
            "asset_id": "vod43534-010041M001",
            "title": "",
            "subtitle": "第1季第41集 活力滿點秦家味",
            "ep_number": 41,
            "rating": 1,
            "content_type": "show",
            "p_start": 1763260500000,
            "vod_channel_description": "《台灣壹百種味道》以台灣味為主角，透過節目，呈現每一道台灣菜的滋味與廚師的故事。每集主題不只談食材的來源、廚師作法的異同，還有更多藉由一道道美食，看見每一位美食作手，背後所潛藏的人生故事。觀眾跟著節目裡面的故事，了解台灣美食、歷史淵源、多元文化、生活方式以及屬於台灣人的情感。"
          },
          {
            "content_id": "VOD00188235",
            "time_codes": [
              505000,
              1005000
            ],
            "timecode_duration": [],
            "length": 1461000,
            "asset_id": "vod43534-010042M001",
            "title": "",
            "subtitle": "第1季第42集 正港熱情台灣味",
            "ep_number": 42,
            "rating": 1,
            "content_type": "show",
            "p_start": 1763262300000,
            "vod_channel_description": "《台灣壹百種味道》以台灣味為主角，透過節目，呈現每一道台灣菜的滋味與廚師的故事。每集主題不只談食材的來源、廚師作法的異同，還有更多藉由一道道美食，看見每一位美食作手，背後所潛藏的人生故事。觀眾跟著節目裡面的故事，了解台灣美食、歷史淵源、多元文化、生活方式以及屬於台灣人的情感。"
          },
          {
            "content_id": "VOD00188236",
            "time_codes": [
              443000,
              958000
            ],
            "timecode_duration": [],
            "length": 1461000,
            "asset_id": "vod43534-010043M001",
            "title": "",
            "subtitle": "第1季第43集 東洋精髓 一麵入魂",
            "ep_number": 43,
            "rating": 1,
            "content_type": "show",
            "p_start": 1763264100000,
            "vod_channel_description": "《台灣壹百種味道》以台灣味為主角，透過節目，呈現每一道台灣菜的滋味與廚師的故事。每集主題不只談食材的來源、廚師作法的異同，還有更多藉由一道道美食，看見每一位美食作手，背後所潛藏的人生故事。觀眾跟著節目裡面的故事，了解台灣美食、歷史淵源、多元文化、生活方式以及屬於台灣人的情感。"
          },
          {
            "content_id": "VOD00188237",
            "time_codes": [
              460000,
              954000
            ],
            "timecode_duration": [],
            "length": 1461000,
            "asset_id": "vod43534-010044M001",
            "title": "",
            "subtitle": "第1季第44集 族群融合原鄉味",
            "ep_number": 44,
            "rating": 1,
            "content_type": "show",
            "p_start": 1763265900000,
            "vod_channel_description": "《台灣壹百種味道》以台灣味為主角，透過節目，呈現每一道台灣菜的滋味與廚師的故事。每集主題不只談食材的來源、廚師作法的異同，還有更多藉由一道道美食，看見每一位美食作手，背後所潛藏的人生故事。觀眾跟著節目裡面的故事，了解台灣美食、歷史淵源、多元文化、生活方式以及屬於台灣人的情感。"
          },
          {
            "content_id": "VOD00188238",
            "time_codes": [
              464000,
              1025000
            ],
            "timecode_duration": [],
            "length": 1461000,
            "asset_id": "vod43534-010045M001",
            "title": "",
            "subtitle": "第1季第45集 狗母魚養活一家人",
            "ep_number": 45,
            "rating": 1,
            "content_type": "show",
            "p_start": 1763267700000,
            "vod_channel_description": "《台灣壹百種味道》以台灣味為主角，透過節目，呈現每一道台灣菜的滋味與廚師的故事。每集主題不只談食材的來源、廚師作法的異同，還有更多藉由一道道美食，看見每一位美食作手，背後所潛藏的人生故事。觀眾跟著節目裡面的故事，了解台灣美食、歷史淵源、多元文化、生活方式以及屬於台灣人的情感。"
          },
          {
            "content_id": "VOD00189543",
            "time_codes": [
              520000,
              919000
            ],
            "timecode_duration": [],
            "length": 1461000,
            "asset_id": "vod43534-010046M001",
            "title": "",
            "subtitle": "第1季第46集 古早肉餅香百年",
            "ep_number": 46,
            "rating": 1,
            "content_type": "show",
            "p_start": 1763269500000,
            "vod_channel_description": "《台灣壹百種味道》以台灣味為主角，透過節目，呈現每一道台灣菜的滋味與廚師的故事。每集主題不只談食材的來源、廚師作法的異同，還有更多藉由一道道美食，看見每一位美食作手，背後所潛藏的人生故事。觀眾跟著節目裡面的故事，了解台灣美食、歷史淵源、多元文化、生活方式以及屬於台灣人的情感。"
          },
          {
            "content_id": "VOD00189544",
            "time_codes": [
              506000,
              1078000
            ],
            "timecode_duration": [],
            "length": 1461000,
            "asset_id": "vod43534-010047M001",
            "title": "",
            "subtitle": "第1季第47集 吮指回味的肉香：豬腿變黃金",
            "ep_number": 47,
            "rating": 1,
            "content_type": "show",
            "p_start": 1763271300000,
            "vod_channel_description": "《台灣壹百種味道》以台灣味為主角，透過節目，呈現每一道台灣菜的滋味與廚師的故事。每集主題不只談食材的來源、廚師作法的異同，還有更多藉由一道道美食，看見每一位美食作手，背後所潛藏的人生故事。觀眾跟著節目裡面的故事，了解台灣美食、歷史淵源、多元文化、生活方式以及屬於台灣人的情感。"
          },
          {
            "content_id": "VOD00189545",
            "time_codes": [
              494000,
              1063000
            ],
            "timecode_duration": [],
            "length": 1461000,
            "asset_id": "vod43534-010048M001",
            "title": "",
            "subtitle": "第1季第48集 灶腳內的女英雄",
            "ep_number": 48,
            "rating": 1,
            "content_type": "show",
            "p_start": 1763273100000,
            "vod_channel_description": "《台灣壹百種味道》以台灣味為主角，透過節目，呈現每一道台灣菜的滋味與廚師的故事。每集主題不只談食材的來源、廚師作法的異同，還有更多藉由一道道美食，看見每一位美食作手，背後所潛藏的人生故事。觀眾跟著節目裡面的故事，了解台灣美食、歷史淵源、多元文化、生活方式以及屬於台灣人的情感。"
          },
          {
            "content_id": "VOD00189546",
            "time_codes": [
              474000,
              957000
            ],
            "timecode_duration": [],
            "length": 1461000,
            "asset_id": "vod43534-010049M001",
            "title": "",
            "subtitle": "第1季第49集 原味風義式饗宴",
            "ep_number": 49,
            "rating": 1,
            "content_type": "show",
            "p_start": 1763274900000,
            "vod_channel_description": "《台灣壹百種味道》以台灣味為主角，透過節目，呈現每一道台灣菜的滋味與廚師的故事。每集主題不只談食材的來源、廚師作法的異同，還有更多藉由一道道美食，看見每一位美食作手，背後所潛藏的人生故事。觀眾跟著節目裡面的故事，了解台灣美食、歷史淵源、多元文化、生活方式以及屬於台灣人的情感。"
          },
          {
            "content_id": "VOD00189547",
            "time_codes": [
              457000,
              1023000
            ],
            "timecode_duration": [],
            "length": 1461000,
            "asset_id": "vod43534-010050M001",
            "title": "",
            "subtitle": "第1季第50集 海口人零嘴：燒酒螺 賣出一片天",
            "ep_number": 50,
            "rating": 1,
            "content_type": "show",
            "p_start": 1763276700000,
            "vod_channel_description": "《台灣壹百種味道》以台灣味為主角，透過節目，呈現每一道台灣菜的滋味與廚師的故事。每集主題不只談食材的來源、廚師作法的異同，還有更多藉由一道道美食，看見每一位美食作手，背後所潛藏的人生故事。觀眾跟著節目裡面的故事，了解台灣美食、歷史淵源、多元文化、生活方式以及屬於台灣人的情感。"
          },
          {
            "content_id": "VOD00189548",
            "time_codes": [
              500000,
              1015000
            ],
            "timecode_duration": [],
            "length": 1453000,
            "asset_id": "vod43534-010051M001",
            "title": "",
            "subtitle": "第1季第51集 火燒蝦味鮮：青山漁港搶手蝦干、火爆浪子爆蝦餅",
            "ep_number": 51,
            "rating": 1,
            "content_type": "show",
            "p_start": 1763278500000,
            "vod_channel_description": "《台灣壹百種味道》以台灣味為主角，透過節目，呈現每一道台灣菜的滋味與廚師的故事。每集主題不只談食材的來源、廚師作法的異同，還有更多藉由一道道美食，看見每一位美食作手，背後所潛藏的人生故事。觀眾跟著節目裡面的故事，了解台灣美食、歷史淵源、多元文化、生活方式以及屬於台灣人的情感。"
          },
          {
            "content_id": "VOD00189549",
            "time_codes": [
              448000,
              1059000
            ],
            "timecode_duration": [],
            "length": 1461000,
            "asset_id": "vod43534-010052M001",
            "title": "",
            "subtitle": "第1季第52集 和風火燒蝦味鮮：和風創作火燒蝦、台日混搭蝦仁飯",
            "ep_number": 52,
            "rating": 1,
            "content_type": "show",
            "p_start": 1763280300000,
            "vod_channel_description": "《台灣壹百種味道》以台灣味為主角，透過節目，呈現每一道台灣菜的滋味與廚師的故事。每集主題不只談食材的來源、廚師作法的異同，還有更多藉由一道道美食，看見每一位美食作手，背後所潛藏的人生故事。觀眾跟著節目裡面的故事，了解台灣美食、歷史淵源、多元文化、生活方式以及屬於台灣人的情感。"
          },
          {
            "content_id": "VOD00189550",
            "time_codes": [
              458000,
              1037000
            ],
            "timecode_duration": [],
            "length": 1461000,
            "asset_id": "vod43534-010053M001",
            "title": "",
            "subtitle": "第1季第53集 掉進美食溫柔鄉：不老騎士美味日記",
            "ep_number": 53,
            "rating": 1,
            "content_type": "show",
            "p_start": 1763282100000,
            "vod_channel_description": "《台灣壹百種味道》以台灣味為主角，透過節目，呈現每一道台灣菜的滋味與廚師的故事。每集主題不只談食材的來源、廚師作法的異同，還有更多藉由一道道美食，看見每一位美食作手，背後所潛藏的人生故事。觀眾跟著節目裡面的故事，了解台灣美食、歷史淵源、多元文化、生活方式以及屬於台灣人的情感。"
          },
          {
            "content_id": "VOD00189551",
            "time_codes": [
              430000,
              1013000
            ],
            "timecode_duration": [],
            "length": 1461000,
            "asset_id": "vod43534-010054M001",
            "title": "",
            "subtitle": "第1季第54集 大鍋小菜 美味不設限：師徒的美味關係",
            "ep_number": 54,
            "rating": 1,
            "content_type": "show",
            "p_start": 1763283900000,
            "vod_channel_description": "《台灣壹百種味道》以台灣味為主角，透過節目，呈現每一道台灣菜的滋味與廚師的故事。每集主題不只談食材的來源、廚師作法的異同，還有更多藉由一道道美食，看見每一位美食作手，背後所潛藏的人生故事。觀眾跟著節目裡面的故事，了解台灣美食、歷史淵源、多元文化、生活方式以及屬於台灣人的情感。"
          },
          {
            "content_id": "VOD00189552",
            "time_codes": [
              438000,
              1079000
            ],
            "timecode_duration": [],
            "length": 1461000,
            "asset_id": "vod43534-010055M001",
            "title": "",
            "subtitle": "第1季第55集 功夫麵線 好勁道",
            "ep_number": 55,
            "rating": 1,
            "content_type": "show",
            "p_start": 1763285700000,
            "vod_channel_description": "《台灣壹百種味道》以台灣味為主角，透過節目，呈現每一道台灣菜的滋味與廚師的故事。每集主題不只談食材的來源、廚師作法的異同，還有更多藉由一道道美食，看見每一位美食作手，背後所潛藏的人生故事。觀眾跟著節目裡面的故事，了解台灣美食、歷史淵源、多元文化、生活方式以及屬於台灣人的情感。"
          },
          {
            "content_id": "VOD00189553",
            "time_codes": [
              502000,
              1001000
            ],
            "timecode_duration": [],
            "length": 1461000,
            "asset_id": "vod43534-010056M001",
            "title": "",
            "subtitle": "第1季第56集 得來不易的滷菜",
            "ep_number": 56,
            "rating": 1,
            "content_type": "show",
            "p_start": 1763287500000,
            "vod_channel_description": "《台灣壹百種味道》以台灣味為主角，透過節目，呈現每一道台灣菜的滋味與廚師的故事。每集主題不只談食材的來源、廚師作法的異同，還有更多藉由一道道美食，看見每一位美食作手，背後所潛藏的人生故事。觀眾跟著節目裡面的故事，了解台灣美食、歷史淵源、多元文化、生活方式以及屬於台灣人的情感。"
          },
          {
            "content_id": "VOD00189554",
            "time_codes": [
              424000,
              955000
            ],
            "timecode_duration": [],
            "length": 1461000,
            "asset_id": "vod43534-010057M001",
            "title": "",
            "subtitle": "第1季第57集 美味創意 硬漢包子",
            "ep_number": 57,
            "rating": 1,
            "content_type": "show",
            "p_start": 1763289300000,
            "vod_channel_description": "《台灣壹百種味道》以台灣味為主角，透過節目，呈現每一道台灣菜的滋味與廚師的故事。每集主題不只談食材的來源、廚師作法的異同，還有更多藉由一道道美食，看見每一位美食作手，背後所潛藏的人生故事。觀眾跟著節目裡面的故事，了解台灣美食、歷史淵源、多元文化、生活方式以及屬於台灣人的情感。"
          },
          {
            "content_id": "VOD00189555",
            "time_codes": [
              515000,
              985000
            ],
            "timecode_duration": [],
            "length": 1461000,
            "asset_id": "vod43534-010058M001",
            "title": "",
            "subtitle": "第1季第58集 緊黏一家子的油飯",
            "ep_number": 58,
            "rating": 1,
            "content_type": "show",
            "p_start": 1763291100000,
            "vod_channel_description": "《台灣壹百種味道》以台灣味為主角，透過節目，呈現每一道台灣菜的滋味與廚師的故事。每集主題不只談食材的來源、廚師作法的異同，還有更多藉由一道道美食，看見每一位美食作手，背後所潛藏的人生故事。觀眾跟著節目裡面的故事，了解台灣美食、歷史淵源、多元文化、生活方式以及屬於台灣人的情感。"
          },
          {
            "content_id": "VOD00189556",
            "time_codes": [
              468000,
              992000
            ],
            "timecode_duration": [],
            "length": 1461000,
            "asset_id": "vod43534-010059M001",
            "title": "",
            "subtitle": "第1季第59集 瘋狂烘焙師",
            "ep_number": 59,
            "rating": 1,
            "content_type": "show",
            "p_start": 1763292900000,
            "vod_channel_description": "《台灣壹百種味道》以台灣味為主角，透過節目，呈現每一道台灣菜的滋味與廚師的故事。每集主題不只談食材的來源、廚師作法的異同，還有更多藉由一道道美食，看見每一位美食作手，背後所潛藏的人生故事。觀眾跟著節目裡面的故事，了解台灣美食、歷史淵源、多元文化、生活方式以及屬於台灣人的情感。"
          },
          {
            "content_id": "VOD00189557",
            "time_codes": [
              446000,
              1005000
            ],
            "timecode_duration": [],
            "length": 1461000,
            "asset_id": "vod43534-010060M001",
            "title": "",
            "subtitle": "第1季第60集 南部早點：虱目魚粥 狀元夢",
            "ep_number": 60,
            "rating": 1,
            "content_type": "show",
            "p_start": 1763294700000,
            "vod_channel_description": "《台灣壹百種味道》以台灣味為主角，透過節目，呈現每一道台灣菜的滋味與廚師的故事。每集主題不只談食材的來源、廚師作法的異同，還有更多藉由一道道美食，看見每一位美食作手，背後所潛藏的人生故事。觀眾跟著節目裡面的故事，了解台灣美食、歷史淵源、多元文化、生活方式以及屬於台灣人的情感。"
          },
          {
            "content_id": "VOD00189558",
            "time_codes": [
              475000,
              990000
            ],
            "timecode_duration": [],
            "length": 1581000,
            "asset_id": "vod43534-010061M001",
            "title": "",
            "subtitle": "第1季第61集 港邊的浪人小館",
            "ep_number": 61,
            "rating": 1,
            "content_type": "show",
            "p_start": 1763296500000,
            "vod_channel_description": "《台灣壹百種味道》以台灣味為主角，透過節目，呈現每一道台灣菜的滋味與廚師的故事。每集主題不只談食材的來源、廚師作法的異同，還有更多藉由一道道美食，看見每一位美食作手，背後所潛藏的人生故事。觀眾跟著節目裡面的故事，了解台灣美食、歷史淵源、多元文化、生活方式以及屬於台灣人的情感。"
          },
          {
            "content_id": "VOD00189559",
            "time_codes": [
              489000,
              1113000
            ],
            "timecode_duration": [],
            "length": 1461000,
            "asset_id": "vod43534-010062M001",
            "title": "",
            "subtitle": "第1季第62集 漁人的手打旗魚糬",
            "ep_number": 62,
            "rating": 1,
            "content_type": "show",
            "p_start": 1763298300000,
            "vod_channel_description": "《台灣壹百種味道》以台灣味為主角，透過節目，呈現每一道台灣菜的滋味與廚師的故事。每集主題不只談食材的來源、廚師作法的異同，還有更多藉由一道道美食，看見每一位美食作手，背後所潛藏的人生故事。觀眾跟著節目裡面的故事，了解台灣美食、歷史淵源、多元文化、生活方式以及屬於台灣人的情感。"
          },
          {
            "content_id": "VOD00189560",
            "time_codes": [
              504000,
              1090000
            ],
            "timecode_duration": [],
            "length": 1461000,
            "asset_id": "vod43534-010063M001",
            "title": "",
            "subtitle": "第1季第63集 愛笑的包子",
            "ep_number": 63,
            "rating": 1,
            "content_type": "show",
            "p_start": 1763300100000,
            "vod_channel_description": "《台灣壹百種味道》以台灣味為主角，透過節目，呈現每一道台灣菜的滋味與廚師的故事。每集主題不只談食材的來源、廚師作法的異同，還有更多藉由一道道美食，看見每一位美食作手，背後所潛藏的人生故事。觀眾跟著節目裡面的故事，了解台灣美食、歷史淵源、多元文化、生活方式以及屬於台灣人的情感。"
          },
          {
            "content_id": "VOD00189561",
            "time_codes": [
              431000,
              955000
            ],
            "timecode_duration": [],
            "length": 1461000,
            "asset_id": "vod43534-010064M001",
            "title": "",
            "subtitle": "第1季第64集 就愛這一鍋 巷弄裡的老沙茶",
            "ep_number": 64,
            "rating": 1,
            "content_type": "show",
            "p_start": 1763301900000,
            "vod_channel_description": "《台灣壹百種味道》以台灣味為主角，透過節目，呈現每一道台灣菜的滋味與廚師的故事。每集主題不只談食材的來源、廚師作法的異同，還有更多藉由一道道美食，看見每一位美食作手，背後所潛藏的人生故事。觀眾跟著節目裡面的故事，了解台灣美食、歷史淵源、多元文化、生活方式以及屬於台灣人的情感。"
          },
          {
            "content_id": "VOD00189562",
            "time_codes": [
              509000,
              965000
            ],
            "timecode_duration": [],
            "length": 1461000,
            "asset_id": "vod43534-010065M001",
            "title": "",
            "subtitle": "第1季第65集 鴨稻共生 天然米香：合鴨巡田自然米",
            "ep_number": 65,
            "rating": 1,
            "content_type": "show",
            "p_start": 1763303700000,
            "vod_channel_description": "《台灣壹百種味道》以台灣味為主角，透過節目，呈現每一道台灣菜的滋味與廚師的故事。每集主題不只談食材的來源、廚師作法的異同，還有更多藉由一道道美食，看見每一位美食作手，背後所潛藏的人生故事。觀眾跟著節目裡面的故事，了解台灣美食、歷史淵源、多元文化、生活方式以及屬於台灣人的情感。"
          },
          {
            "content_id": "VOD00189563",
            "time_codes": [
              464000,
              1039000
            ],
            "timecode_duration": [],
            "length": 1461000,
            "asset_id": "vod43534-010066M001",
            "title": "",
            "subtitle": "第1季第66集 百年蘭陽味 在地點心：四代傳香 麻糬米糕",
            "ep_number": 66,
            "rating": 1,
            "content_type": "show",
            "p_start": 1763305500000,
            "vod_channel_description": "《台灣壹百種味道》以台灣味為主角，透過節目，呈現每一道台灣菜的滋味與廚師的故事。每集主題不只談食材的來源、廚師作法的異同，還有更多藉由一道道美食，看見每一位美食作手，背後所潛藏的人生故事。觀眾跟著節目裡面的故事，了解台灣美食、歷史淵源、多元文化、生活方式以及屬於台灣人的情感。"
          },
          {
            "content_id": "VOD00189564",
            "time_codes": [
              451000,
              1008000
            ],
            "timecode_duration": [],
            "length": 1461000,
            "asset_id": "vod43534-010067M001",
            "title": "",
            "subtitle": "第1季第67集 老頑童的環島辣椒醬",
            "ep_number": 67,
            "rating": 1,
            "content_type": "show",
            "p_start": 1763307300000,
            "vod_channel_description": "《台灣壹百種味道》以台灣味為主角，透過節目，呈現每一道台灣菜的滋味與廚師的故事。每集主題不只談食材的來源、廚師作法的異同，還有更多藉由一道道美食，看見每一位美食作手，背後所潛藏的人生故事。觀眾跟著節目裡面的故事，了解台灣美食、歷史淵源、多元文化、生活方式以及屬於台灣人的情感。"
          },
          {
            "content_id": "VOD00189565",
            "time_codes": [
              448000,
              1044000
            ],
            "timecode_duration": [],
            "length": 1461000,
            "asset_id": "vod43534-010068M001",
            "title": "",
            "subtitle": "第1季第68集 老東北酸菜白肉團圓鍋",
            "ep_number": 68,
            "rating": 1,
            "content_type": "show",
            "p_start": 1763309100000,
            "vod_channel_description": "《台灣壹百種味道》以台灣味為主角，透過節目，呈現每一道台灣菜的滋味與廚師的故事。每集主題不只談食材的來源、廚師作法的異同，還有更多藉由一道道美食，看見每一位美食作手，背後所潛藏的人生故事。觀眾跟著節目裡面的故事，了解台灣美食、歷史淵源、多元文化、生活方式以及屬於台灣人的情感。"
          },
          {
            "content_id": "VOD00189566",
            "time_codes": [
              501000,
              1061000
            ],
            "timecode_duration": [],
            "length": 1461000,
            "asset_id": "vod43534-010069M001",
            "title": "",
            "subtitle": "第1季第69集 活力 夢想 鰻魚飯",
            "ep_number": 69,
            "rating": 1,
            "content_type": "show",
            "p_start": 1763310900000,
            "vod_channel_description": "《台灣壹百種味道》以台灣味為主角，透過節目，呈現每一道台灣菜的滋味與廚師的故事。每集主題不只談食材的來源、廚師作法的異同，還有更多藉由一道道美食，看見每一位美食作手，背後所潛藏的人生故事。觀眾跟著節目裡面的故事，了解台灣美食、歷史淵源、多元文化、生活方式以及屬於台灣人的情感。"
          },
          {
            "content_id": "VOD00189567",
            "time_codes": [
              491000,
              1045000
            ],
            "timecode_duration": [],
            "length": 1461000,
            "asset_id": "vod43534-010070M001",
            "title": "",
            "subtitle": "第1季第70集 老店重生母子情",
            "ep_number": 70,
            "rating": 1,
            "content_type": "show",
            "p_start": 1763312700000,
            "vod_channel_description": "《台灣壹百種味道》以台灣味為主角，透過節目，呈現每一道台灣菜的滋味與廚師的故事。每集主題不只談食材的來源、廚師作法的異同，還有更多藉由一道道美食，看見每一位美食作手，背後所潛藏的人生故事。觀眾跟著節目裡面的故事，了解台灣美食、歷史淵源、多元文化、生活方式以及屬於台灣人的情感。"
          },
          {
            "content_id": "VOD00189568",
            "time_codes": [
              494000,
              990000
            ],
            "timecode_duration": [],
            "length": 1461000,
            "asset_id": "vod43534-010071M001",
            "title": "",
            "subtitle": "第1季第71集 媽媽的還願菜",
            "ep_number": 71,
            "rating": 1,
            "content_type": "show",
            "p_start": 1763314500000,
            "vod_channel_description": "《台灣壹百種味道》以台灣味為主角，透過節目，呈現每一道台灣菜的滋味與廚師的故事。每集主題不只談食材的來源、廚師作法的異同，還有更多藉由一道道美食，看見每一位美食作手，背後所潛藏的人生故事。觀眾跟著節目裡面的故事，了解台灣美食、歷史淵源、多元文化、生活方式以及屬於台灣人的情感。"
          },
          {
            "content_id": "VOD00189569",
            "time_codes": [
              451000,
              986000
            ],
            "timecode_duration": [],
            "length": 1461000,
            "asset_id": "vod43534-010072M001",
            "title": "",
            "subtitle": "第1季第72集 無菜單 料理拼創意",
            "ep_number": 72,
            "rating": 1,
            "content_type": "show",
            "p_start": 1763316300000,
            "vod_channel_description": "《台灣壹百種味道》以台灣味為主角，透過節目，呈現每一道台灣菜的滋味與廚師的故事。每集主題不只談食材的來源、廚師作法的異同，還有更多藉由一道道美食，看見每一位美食作手，背後所潛藏的人生故事。觀眾跟著節目裡面的故事，了解台灣美食、歷史淵源、多元文化、生活方式以及屬於台灣人的情感。"
          },
          {
            "content_id": "VOD00189570",
            "time_codes": [
              459000,
              961000
            ],
            "timecode_duration": [],
            "length": 1461000,
            "asset_id": "vod43534-010073M001",
            "title": "",
            "subtitle": "第1季第73集 豪邁漁人海之味",
            "ep_number": 73,
            "rating": 1,
            "content_type": "show",
            "p_start": 1763318100000,
            "vod_channel_description": "《台灣壹百種味道》以台灣味為主角，透過節目，呈現每一道台灣菜的滋味與廚師的故事。每集主題不只談食材的來源、廚師作法的異同，還有更多藉由一道道美食，看見每一位美食作手，背後所潛藏的人生故事。觀眾跟著節目裡面的故事，了解台灣美食、歷史淵源、多元文化、生活方式以及屬於台灣人的情感。"
          },
          {
            "content_id": "VOD00189571",
            "time_codes": [
              470000,
              937000
            ],
            "timecode_duration": [],
            "length": 1461000,
            "asset_id": "vod43534-010074M001",
            "title": "",
            "subtitle": "第1季第74集 海口男兒新鮮味：蚵仔炸",
            "ep_number": 74,
            "rating": 1,
            "content_type": "show",
            "p_start": 1763319900000,
            "vod_channel_description": "《台灣壹百種味道》以台灣味為主角，透過節目，呈現每一道台灣菜的滋味與廚師的故事。每集主題不只談食材的來源、廚師作法的異同，還有更多藉由一道道美食，看見每一位美食作手，背後所潛藏的人生故事。觀眾跟著節目裡面的故事，了解台灣美食、歷史淵源、多元文化、生活方式以及屬於台灣人的情感。"
          },
          {
            "content_id": "VOD00189572",
            "time_codes": [
              510000,
              976000
            ],
            "timecode_duration": [],
            "length": 1461000,
            "asset_id": "vod43534-010075M001",
            "title": "",
            "subtitle": "第1季第75集 阿秋的恆春三寶故鄉情",
            "ep_number": 75,
            "rating": 1,
            "content_type": "show",
            "p_start": 1763321700000,
            "vod_channel_description": "《台灣壹百種味道》以台灣味為主角，透過節目，呈現每一道台灣菜的滋味與廚師的故事。每集主題不只談食材的來源、廚師作法的異同，還有更多藉由一道道美食，看見每一位美食作手，背後所潛藏的人生故事。觀眾跟著節目裡面的故事，了解台灣美食、歷史淵源、多元文化、生活方式以及屬於台灣人的情感。"
          },
          {
            "content_id": "VOD00189573",
            "time_codes": [
              506000,
              994000
            ],
            "timecode_duration": [],
            "length": 1461000,
            "asset_id": "vod43534-010076M001",
            "title": "",
            "subtitle": "第1季第76集 小夫妻的台東夢",
            "ep_number": 76,
            "rating": 1,
            "content_type": "show",
            "p_start": 1763323500000,
            "vod_channel_description": "《台灣壹百種味道》以台灣味為主角，透過節目，呈現每一道台灣菜的滋味與廚師的故事。每集主題不只談食材的來源、廚師作法的異同，還有更多藉由一道道美食，看見每一位美食作手，背後所潛藏的人生故事。觀眾跟著節目裡面的故事，了解台灣美食、歷史淵源、多元文化、生活方式以及屬於台灣人的情感。"
          },
          {
            "content_id": "VOD00189574",
            "time_codes": [
              482000,
              939000
            ],
            "timecode_duration": [],
            "length": 1461000,
            "asset_id": "vod43534-010077M001",
            "title": "",
            "subtitle": "第1季第77集 四代不變 老味滷飯：永仔的爆皮飯",
            "ep_number": 77,
            "rating": 1,
            "content_type": "show",
            "p_start": 1763325300000,
            "vod_channel_description": "《台灣壹百種味道》以台灣味為主角，透過節目，呈現每一道台灣菜的滋味與廚師的故事。每集主題不只談食材的來源、廚師作法的異同，還有更多藉由一道道美食，看見每一位美食作手，背後所潛藏的人生故事。觀眾跟著節目裡面的故事，了解台灣美食、歷史淵源、多元文化、生活方式以及屬於台灣人的情感。"
          },
          {
            "content_id": "VOD00189575",
            "time_codes": [
              465000,
              1003000
            ],
            "timecode_duration": [],
            "length": 1461000,
            "asset_id": "vod43534-010078M001",
            "title": "",
            "subtitle": "第1季第78集 老菜新吃色誘味蕾",
            "ep_number": 78,
            "rating": 1,
            "content_type": "show",
            "p_start": 1763327100000,
            "vod_channel_description": "《台灣壹百種味道》以台灣味為主角，透過節目，呈現每一道台灣菜的滋味與廚師的故事。每集主題不只談食材的來源、廚師作法的異同，還有更多藉由一道道美食，看見每一位美食作手，背後所潛藏的人生故事。觀眾跟著節目裡面的故事，了解台灣美食、歷史淵源、多元文化、生活方式以及屬於台灣人的情感。"
          },
          {
            "content_id": "VOD00189576",
            "time_codes": [
              467000,
              906000
            ],
            "timecode_duration": [],
            "length": 1461000,
            "asset_id": "vod43534-010079M001",
            "title": "",
            "subtitle": "第1季第79集 旗聚一堂鮮滋味",
            "ep_number": 79,
            "rating": 1,
            "content_type": "show",
            "p_start": 1763328900000,
            "vod_channel_description": "《台灣壹百種味道》以台灣味為主角，透過節目，呈現每一道台灣菜的滋味與廚師的故事。每集主題不只談食材的來源、廚師作法的異同，還有更多藉由一道道美食，看見每一位美食作手，背後所潛藏的人生故事。觀眾跟著節目裡面的故事，了解台灣美食、歷史淵源、多元文化、生活方式以及屬於台灣人的情感。"
          },
          {
            "content_id": "VOD00189577",
            "time_codes": [
              499000,
              932000
            ],
            "timecode_duration": [],
            "length": 1461000,
            "asset_id": "vod43534-010080M001",
            "title": "",
            "subtitle": "第1季第80集 阿爸的交代",
            "ep_number": 80,
            "rating": 1,
            "content_type": "show",
            "p_start": 1763330700000,
            "vod_channel_description": "《台灣壹百種味道》以台灣味為主角，透過節目，呈現每一道台灣菜的滋味與廚師的故事。每集主題不只談食材的來源、廚師作法的異同，還有更多藉由一道道美食，看見每一位美食作手，背後所潛藏的人生故事。觀眾跟著節目裡面的故事，了解台灣美食、歷史淵源、多元文化、生活方式以及屬於台灣人的情感。"
          },
          {
            "content_id": "VOD00189578",
            "time_codes": [
              473000,
              1035000
            ],
            "timecode_duration": [],
            "length": 1461000,
            "asset_id": "vod43534-010081M001",
            "title": "",
            "subtitle": "第1季第81集 夢想咖啡館",
            "ep_number": 81,
            "rating": 1,
            "content_type": "show",
            "p_start": 1763332500000,
            "vod_channel_description": "《台灣壹百種味道》以台灣味為主角，透過節目，呈現每一道台灣菜的滋味與廚師的故事。每集主題不只談食材的來源、廚師作法的異同，還有更多藉由一道道美食，看見每一位美食作手，背後所潛藏的人生故事。觀眾跟著節目裡面的故事，了解台灣美食、歷史淵源、多元文化、生活方式以及屬於台灣人的情感。"
          },
          {
            "content_id": "VOD00189579",
            "time_codes": [
              444000,
              946000
            ],
            "timecode_duration": [],
            "length": 1461000,
            "asset_id": "vod43534-010082M001",
            "title": "",
            "subtitle": "第1季第82集 父子良心茶",
            "ep_number": 82,
            "rating": 1,
            "content_type": "show",
            "p_start": 1763334300000,
            "vod_channel_description": "《台灣壹百種味道》以台灣味為主角，透過節目，呈現每一道台灣菜的滋味與廚師的故事。每集主題不只談食材的來源、廚師作法的異同，還有更多藉由一道道美食，看見每一位美食作手，背後所潛藏的人生故事。觀眾跟著節目裡面的故事，了解台灣美食、歷史淵源、多元文化、生活方式以及屬於台灣人的情感。"
          },
          {
            "content_id": "VOD00189580",
            "time_codes": [
              426000,
              968000
            ],
            "timecode_duration": [],
            "length": 1461000,
            "asset_id": "vod43534-010083M001",
            "title": "",
            "subtitle": "第1季第83集 越吃越涮嘴東山鴨頭 道地吮指好滋味",
            "ep_number": 83,
            "rating": 1,
            "content_type": "show",
            "p_start": 1763336100000,
            "vod_channel_description": "《台灣壹百種味道》以台灣味為主角，透過節目，呈現每一道台灣菜的滋味與廚師的故事。每集主題不只談食材的來源、廚師作法的異同，還有更多藉由一道道美食，看見每一位美食作手，背後所潛藏的人生故事。觀眾跟著節目裡面的故事，了解台灣美食、歷史淵源、多元文化、生活方式以及屬於台灣人的情感。"
          },
          {
            "content_id": "VOD00189581",
            "time_codes": [
              517000,
              1090000
            ],
            "timecode_duration": [],
            "length": 1461000,
            "asset_id": "vod43534-010084M001",
            "title": "",
            "subtitle": "第1季第84集 媽媽的點心時間",
            "ep_number": 84,
            "rating": 1,
            "content_type": "show",
            "p_start": 1763337900000,
            "vod_channel_description": "《台灣壹百種味道》以台灣味為主角，透過節目，呈現每一道台灣菜的滋味與廚師的故事。每集主題不只談食材的來源、廚師作法的異同，還有更多藉由一道道美食，看見每一位美食作手，背後所潛藏的人生故事。觀眾跟著節目裡面的故事，了解台灣美食、歷史淵源、多元文化、生活方式以及屬於台灣人的情感。"
          },
          {
            "content_id": "VOD00189582",
            "time_codes": [
              444000,
              973000
            ],
            "timecode_duration": [],
            "length": 1461000,
            "asset_id": "vod43534-010085M001",
            "title": "",
            "subtitle": "第1季第85集 情人麻油雞",
            "ep_number": 85,
            "rating": 1,
            "content_type": "show",
            "p_start": 1763339700000,
            "vod_channel_description": "《台灣壹百種味道》以台灣味為主角，透過節目，呈現每一道台灣菜的滋味與廚師的故事。每集主題不只談食材的來源、廚師作法的異同，還有更多藉由一道道美食，看見每一位美食作手，背後所潛藏的人生故事。觀眾跟著節目裡面的故事，了解台灣美食、歷史淵源、多元文化、生活方式以及屬於台灣人的情感。"
          },
          {
            "content_id": "VOD00189583",
            "time_codes": [
              442000,
              1034000
            ],
            "timecode_duration": [],
            "length": 1461000,
            "asset_id": "vod43534-010086M001",
            "title": "",
            "subtitle": "第1季第86集 發哥的愛心粄條",
            "ep_number": 86,
            "rating": 1,
            "content_type": "show",
            "p_start": 1763341500000,
            "vod_channel_description": "《台灣壹百種味道》以台灣味為主角，透過節目，呈現每一道台灣菜的滋味與廚師的故事。每集主題不只談食材的來源、廚師作法的異同，還有更多藉由一道道美食，看見每一位美食作手，背後所潛藏的人生故事。觀眾跟著節目裡面的故事，了解台灣美食、歷史淵源、多元文化、生活方式以及屬於台灣人的情感。"
          },
          {
            "content_id": "VOD00189584",
            "time_codes": [
              498000,
              976000
            ],
            "timecode_duration": [],
            "length": 1461000,
            "asset_id": "vod43534-010087M001",
            "title": "",
            "subtitle": "第1季第87集 以客為尊情意粽",
            "ep_number": 87,
            "rating": 1,
            "content_type": "show",
            "p_start": 1763343300000,
            "vod_channel_description": "《台灣壹百種味道》以台灣味為主角，透過節目，呈現每一道台灣菜的滋味與廚師的故事。每集主題不只談食材的來源、廚師作法的異同，還有更多藉由一道道美食，看見每一位美食作手，背後所潛藏的人生故事。觀眾跟著節目裡面的故事，了解台灣美食、歷史淵源、多元文化、生活方式以及屬於台灣人的情感。"
          },
          {
            "content_id": "VOD00189585",
            "time_codes": [
              388000,
              972000
            ],
            "timecode_duration": [],
            "length": 1461000,
            "asset_id": "vod43534-010088M001",
            "title": "",
            "subtitle": "第1季第88集 戀戀家鄉味",
            "ep_number": 88,
            "rating": 1,
            "content_type": "show",
            "p_start": 1763345100000,
            "vod_channel_description": "《台灣壹百種味道》以台灣味為主角，透過節目，呈現每一道台灣菜的滋味與廚師的故事。每集主題不只談食材的來源、廚師作法的異同，還有更多藉由一道道美食，看見每一位美食作手，背後所潛藏的人生故事。觀眾跟著節目裡面的故事，了解台灣美食、歷史淵源、多元文化、生活方式以及屬於台灣人的情感。"
          },
          {
            "content_id": "VOD00189586",
            "time_codes": [
              434000,
              1062000
            ],
            "timecode_duration": [],
            "length": 1461000,
            "asset_id": "vod43534-010089M001",
            "title": "",
            "subtitle": "第1季第89集 真心誠意古早冰",
            "ep_number": 89,
            "rating": 1,
            "content_type": "show",
            "p_start": 1763346900000,
            "vod_channel_description": "《台灣壹百種味道》以台灣味為主角，透過節目，呈現每一道台灣菜的滋味與廚師的故事。每集主題不只談食材的來源、廚師作法的異同，還有更多藉由一道道美食，看見每一位美食作手，背後所潛藏的人生故事。觀眾跟著節目裡面的故事，了解台灣美食、歷史淵源、多元文化、生活方式以及屬於台灣人的情感。"
          },
          {
            "content_id": "VOD00189587",
            "time_codes": [
              434000,
              1033000
            ],
            "timecode_duration": [],
            "length": 1461000,
            "asset_id": "vod43534-010090M001",
            "title": "",
            "subtitle": "第1季第90集 峰迴路轉好命飯",
            "ep_number": 90,
            "rating": 1,
            "content_type": "show",
            "p_start": 1763348700000,
            "vod_channel_description": "《台灣壹百種味道》以台灣味為主角，透過節目，呈現每一道台灣菜的滋味與廚師的故事。每集主題不只談食材的來源、廚師作法的異同，還有更多藉由一道道美食，看見每一位美食作手，背後所潛藏的人生故事。觀眾跟著節目裡面的故事，了解台灣美食、歷史淵源、多元文化、生活方式以及屬於台灣人的情感。"
          },
          {
            "content_id": "VOD00189588",
            "time_codes": [
              379000,
              1019000
            ],
            "timecode_duration": [],
            "length": 1461000,
            "asset_id": "vod43534-010091M001",
            "title": "",
            "subtitle": "第1季第91集 有夢就能飛",
            "ep_number": 91,
            "rating": 1,
            "content_type": "show",
            "p_start": 1763350500000,
            "vod_channel_description": "《台灣壹百種味道》以台灣味為主角，透過節目，呈現每一道台灣菜的滋味與廚師的故事。每集主題不只談食材的來源、廚師作法的異同，還有更多藉由一道道美食，看見每一位美食作手，背後所潛藏的人生故事。觀眾跟著節目裡面的故事，了解台灣美食、歷史淵源、多元文化、生活方式以及屬於台灣人的情感。"
          },
          {
            "content_id": "VOD00189589",
            "time_codes": [
              522000,
              1016000
            ],
            "timecode_duration": [],
            "length": 1461000,
            "asset_id": "vod43534-010092M001",
            "title": "",
            "subtitle": "第1季第92集 記憶中的上海媽媽菜",
            "ep_number": 92,
            "rating": 1,
            "content_type": "show",
            "p_start": 1763352300000,
            "vod_channel_description": "《台灣壹百種味道》以台灣味為主角，透過節目，呈現每一道台灣菜的滋味與廚師的故事。每集主題不只談食材的來源、廚師作法的異同，還有更多藉由一道道美食，看見每一位美食作手，背後所潛藏的人生故事。觀眾跟著節目裡面的故事，了解台灣美食、歷史淵源、多元文化、生活方式以及屬於台灣人的情感。"
          },
          {
            "content_id": "VOD00189590",
            "time_codes": [
              436000,
              993000
            ],
            "timecode_duration": [],
            "length": 1461000,
            "asset_id": "vod43534-010093M001",
            "title": "",
            "subtitle": "第1季第93集 上海中醫師爆漿包",
            "ep_number": 93,
            "rating": 1,
            "content_type": "show",
            "p_start": 1763354100000,
            "vod_channel_description": "《台灣壹百種味道》以台灣味為主角，透過節目，呈現每一道台灣菜的滋味與廚師的故事。每集主題不只談食材的來源、廚師作法的異同，還有更多藉由一道道美食，看見每一位美食作手，背後所潛藏的人生故事。觀眾跟著節目裡面的故事，了解台灣美食、歷史淵源、多元文化、生活方式以及屬於台灣人的情感。"
          },
          {
            "content_id": "VOD00189591",
            "time_codes": [
              370000,
              928000
            ],
            "timecode_duration": [],
            "length": 1461000,
            "asset_id": "vod43534-010094M001",
            "title": "",
            "subtitle": "第1季第94集 哈克的旺來",
            "ep_number": 94,
            "rating": 1,
            "content_type": "show",
            "p_start": 1763355900000,
            "vod_channel_description": "《台灣壹百種味道》以台灣味為主角，透過節目，呈現每一道台灣菜的滋味與廚師的故事。每集主題不只談食材的來源、廚師作法的異同，還有更多藉由一道道美食，看見每一位美食作手，背後所潛藏的人生故事。觀眾跟著節目裡面的故事，了解台灣美食、歷史淵源、多元文化、生活方式以及屬於台灣人的情感。"
          },
          {
            "content_id": "VOD00189592",
            "time_codes": [
              466000,
              951000
            ],
            "timecode_duration": [],
            "length": 1461000,
            "asset_id": "vod43534-010095M001",
            "title": "",
            "subtitle": "第1季第95集 愛，熟成的滋味",
            "ep_number": 95,
            "rating": 1,
            "content_type": "show",
            "p_start": 1763357700000,
            "vod_channel_description": "《台灣壹百種味道》以台灣味為主角，透過節目，呈現每一道台灣菜的滋味與廚師的故事。每集主題不只談食材的來源、廚師作法的異同，還有更多藉由一道道美食，看見每一位美食作手，背後所潛藏的人生故事。觀眾跟著節目裡面的故事，了解台灣美食、歷史淵源、多元文化、生活方式以及屬於台灣人的情感。"
          },
          {
            "content_id": "VOD00189593",
            "time_codes": [
              510000,
              1001000
            ],
            "timecode_duration": [],
            "length": 1461000,
            "asset_id": "vod43534-010096M001",
            "title": "",
            "subtitle": "第1季第96集 海軍少校的香豬捲",
            "ep_number": 96,
            "rating": 1,
            "content_type": "show",
            "p_start": 1763359500000,
            "vod_channel_description": "《台灣壹百種味道》以台灣味為主角，透過節目，呈現每一道台灣菜的滋味與廚師的故事。每集主題不只談食材的來源、廚師作法的異同，還有更多藉由一道道美食，看見每一位美食作手，背後所潛藏的人生故事。觀眾跟著節目裡面的故事，了解台灣美食、歷史淵源、多元文化、生活方式以及屬於台灣人的情感。"
          },
          {
            "content_id": "VOD00189594",
            "time_codes": [
              422000,
              977000
            ],
            "timecode_duration": [],
            "length": 1461000,
            "asset_id": "vod43534-010097M001",
            "title": "",
            "subtitle": "第1季第97集 食堂裡的三朵花",
            "ep_number": 97,
            "rating": 1,
            "content_type": "show",
            "p_start": 1763361300000,
            "vod_channel_description": "《台灣壹百種味道》以台灣味為主角，透過節目，呈現每一道台灣菜的滋味與廚師的故事。每集主題不只談食材的來源、廚師作法的異同，還有更多藉由一道道美食，看見每一位美食作手，背後所潛藏的人生故事。觀眾跟著節目裡面的故事，了解台灣美食、歷史淵源、多元文化、生活方式以及屬於台灣人的情感。"
          },
          {
            "content_id": "VOD00189595",
            "time_codes": [
              488000,
              963000
            ],
            "timecode_duration": [],
            "length": 1462000,
            "asset_id": "vod43534-010098M001",
            "title": "",
            "subtitle": "第1季第98集 胖廚師小米",
            "ep_number": 98,
            "rating": 1,
            "content_type": "show",
            "p_start": 1763363100000,
            "vod_channel_description": "《台灣壹百種味道》以台灣味為主角，透過節目，呈現每一道台灣菜的滋味與廚師的故事。每集主題不只談食材的來源、廚師作法的異同，還有更多藉由一道道美食，看見每一位美食作手，背後所潛藏的人生故事。觀眾跟著節目裡面的故事，了解台灣美食、歷史淵源、多元文化、生活方式以及屬於台灣人的情感。"
          },
          {
            "content_id": "VOD00189596",
            "time_codes": [
              526000,
              1025000
            ],
            "timecode_duration": [],
            "length": 1461000,
            "asset_id": "vod43534-010099M001",
            "title": "",
            "subtitle": "第1季第99集 不計較的米糕",
            "ep_number": 99,
            "rating": 1,
            "content_type": "show",
            "p_start": 1763364900000,
            "vod_channel_description": "《台灣壹百種味道》以台灣味為主角，透過節目，呈現每一道台灣菜的滋味與廚師的故事。每集主題不只談食材的來源、廚師作法的異同，還有更多藉由一道道美食，看見每一位美食作手，背後所潛藏的人生故事。觀眾跟著節目裡面的故事，了解台灣美食、歷史淵源、多元文化、生活方式以及屬於台灣人的情感。"
          },
          {
            "content_id": "VOD00189597",
            "time_codes": [
              396000,
              996000
            ],
            "timecode_duration": [],
            "length": 1461000,
            "asset_id": "vod43534-010100M001",
            "title": "",
            "subtitle": "第1季第100集 美人的壹百種味道",
            "ep_number": 100,
            "rating": 1,
            "content_type": "show",
            "p_start": 1763366700000,
            "vod_channel_description": "《台灣壹百種味道》以台灣味為主角，透過節目，呈現每一道台灣菜的滋味與廚師的故事。每集主題不只談食材的來源、廚師作法的異同，還有更多藉由一道道美食，看見每一位美食作手，背後所潛藏的人生故事。觀眾跟著節目裡面的故事，了解台灣美食、歷史淵源、多元文化、生活方式以及屬於台灣人的情感。"
          },
          {
            "content_id": "VOD00189598",
            "time_codes": [
              454000,
              928000
            ],
            "timecode_duration": [],
            "length": 1461000,
            "asset_id": "vod43534-010101M001",
            "title": "",
            "subtitle": "第1季第101集 日月潭邵族美食",
            "ep_number": 101,
            "rating": 1,
            "content_type": "show",
            "p_start": 1763368500000,
            "vod_channel_description": "《台灣壹百種味道》以台灣味為主角，透過節目，呈現每一道台灣菜的滋味與廚師的故事。每集主題不只談食材的來源、廚師作法的異同，還有更多藉由一道道美食，看見每一位美食作手，背後所潛藏的人生故事。觀眾跟著節目裡面的故事，了解台灣美食、歷史淵源、多元文化、生活方式以及屬於台灣人的情感。"
          },
          {
            "content_id": "VOD00189599",
            "time_codes": [
              468000,
              1027000
            ],
            "timecode_duration": [],
            "length": 1461000,
            "asset_id": "vod43534-010102M001",
            "title": "",
            "subtitle": "第1季第102集 鴨博士的冰火滷味",
            "ep_number": 102,
            "rating": 1,
            "content_type": "show",
            "p_start": 1763370300000,
            "vod_channel_description": "《台灣壹百種味道》以台灣味為主角，透過節目，呈現每一道台灣菜的滋味與廚師的故事。每集主題不只談食材的來源、廚師作法的異同，還有更多藉由一道道美食，看見每一位美食作手，背後所潛藏的人生故事。觀眾跟著節目裡面的故事，了解台灣美食、歷史淵源、多元文化、生活方式以及屬於台灣人的情感。"
          },
          {
            "content_id": "VOD00189600",
            "time_codes": [
              455000,
              1012000
            ],
            "timecode_duration": [],
            "length": 1461000,
            "asset_id": "vod43534-010103M001",
            "title": "",
            "subtitle": "第1季第103集 阿達仔ㄟ奶凍捲",
            "ep_number": 103,
            "rating": 1,
            "content_type": "show",
            "p_start": 1763372100000,
            "vod_channel_description": "《台灣壹百種味道》以台灣味為主角，透過節目，呈現每一道台灣菜的滋味與廚師的故事。每集主題不只談食材的來源、廚師作法的異同，還有更多藉由一道道美食，看見每一位美食作手，背後所潛藏的人生故事。觀眾跟著節目裡面的故事，了解台灣美食、歷史淵源、多元文化、生活方式以及屬於台灣人的情感。"
          }
        ],
        "total_length": 136013000,
        "focus_index": 33,
        "next_index": 34,
        "time": 518656,
        "focus_program": {
          "content_id": "VOD00188237",
          "time_codes": [
            460000,
            954000
          ],
          "timecode_duration": [],
          "length": 1461000,
          "asset_id": "vod43534-010044M001",
          "title": "",
          "subtitle": "第1季第44集 族群融合原鄉味",
          "ep_number": 44,
          "rating": 1,
          "content_type": "show",
          "p_start": 1763265900000,
          "vod_channel_description": "《台灣壹百種味道》以台灣味為主角，透過節目，呈現每一道台灣菜的滋味與廚師的故事。每集主題不只談食材的來源、廚師作法的異同，還有更多藉由一道道美食，看見每一位美食作手，背後所潛藏的人生故事。觀眾跟著節目裡面的故事，了解台灣美食、歷史淵源、多元文化、生活方式以及屬於台灣人的情感。"
        }
      },
      "station_categories": [
        {
          "Name": "綜藝",
          "EngName": "Entertainment",
          "MenuOrder": 8
        }
      ]
    },
    "introduction": null,
    "recommends": null,
    "ua": "Mozilla/5.0 (Windows NT 10.0; Win64; x64) AppleWebKit/537.36 (KHTML, like Gecko) Chrome/134.0.0.0 Safari/537.36"
  },
  "__N_SSP": true
}