{
  "pageProps": {
    "contentId": "ofiii39",
    "channel": {
      "title": "短劇馬拉松",
      "no": 39,
      "charge_mode": "F",
      "content_id": "ofiii39",
      "content_type": "vod-channel",
      "epg_categories": [
        4
      ],
      "genres": [
        {
          "id": "",
          "name": "VOD_CHANNEL",
          "logo": ""
        }
      ],
      "liad_id": "VODCHNEWSPECIALOFIWEB",
      "package_info_id": "VOD_CHANNEL_DELUX",
      "picture": "pics/vod_channel/logo_3689_ofiii39_tv_20250328.png",
      "provider": [
        {
          "id": "",
          "name": "",
          "logo": ""
        }
      ],
      "quality": "HD",
      "station_id": "station6623",
      "trial": "",
      "selectable": 1,
      "tr_logo": "pics/vod_channel/tr_logo_1743144658.png",
      "tl_logo": "",
      "br_logo": "",
      "bl_logo": "",
      "menu_type": 0,
      "vod_channel_schedule": {
        "channel_id": 39,
        "cdn_code": "ofiii39",
        "start_time": 1762162200000,
        "programs": [
          {
            "content_id": "VOD00357682",
            "time_codes": [
              600000
            ],
            "timecode_duration": [],
            "length": 942000,
            "asset_id": "vod76555-000001M001",
            "title": "佔有姜西",
            "subtitle": "第1集",
            "ep_number": 1,
            "rating": 1,
            "content_type": "drama",
            "p_start": 1762162200000,
            "vod_channel_description": "因一場大火而失去雙親的閔姜西，投靠坤城之首的秦家，立志成為第一女先生。卻被秦家現任掌權人秦佔當成別有用心的“倒貼女”。閔姜西憑藉自身才華，幫助秦家化解商業危機，令秦佔刮目相看，並決定聘請她為秦家教書先生，此舉引起馮靜芸的不滿，進而利用秦家死對頭江東設計陷害閔姜西..."
          },
          {
            "content_id": "VOD00357683",
            "time_codes": [
              600000
            ],
            "timecode_duration": [],
            "length": 942000,
            "asset_id": "vod76555-000002M001",
            "title": "佔有姜西",
            "subtitle": "第2集",
            "ep_number": 2,
            "rating": 1,
            "content_type": "drama",
            "p_start": 1762163400000,
            "vod_channel_description": "因一場大火而失去雙親的閔姜西，投靠坤城之首的秦家，立志成為第一女先生。卻被秦家現任掌權人秦佔當成別有用心的“倒貼女”。閔姜西憑藉自身才華，幫助秦家化解商業危機，令秦佔刮目相看，並決定聘請她為秦家教書先生，此舉引起馮靜芸的不滿，進而利用秦家死對頭江東設計陷害閔姜西..."
          },
          {
            "content_id": "VOD00357684",
            "time_codes": [
              600000
            ],
            "timecode_duration": [],
            "length": 963000,
            "asset_id": "vod76555-000003M001",
            "title": "佔有姜西",
            "subtitle": "第3集",
            "ep_number": 3,
            "rating": 1,
            "content_type": "drama",
            "p_start": 1762164600000,
            "vod_channel_description": "因一場大火而失去雙親的閔姜西，投靠坤城之首的秦家，立志成為第一女先生。卻被秦家現任掌權人秦佔當成別有用心的“倒貼女”。閔姜西憑藉自身才華，幫助秦家化解商業危機，令秦佔刮目相看，並決定聘請她為秦家教書先生，此舉引起馮靜芸的不滿，進而利用秦家死對頭江東設計陷害閔姜西..."
          },
          {
            "content_id": "VOD00357685",
            "time_codes": [
              786000
            ],
            "timecode_duration": [],
            "length": 1304000,
            "asset_id": "vod76555-000004M001",
            "title": "佔有姜西",
            "subtitle": "第4集",
            "ep_number": 4,
            "rating": 1,
            "content_type": "drama",
            "p_start": 1762165800000,
            "vod_channel_description": "因一場大火而失去雙親的閔姜西，投靠坤城之首的秦家，立志成為第一女先生。卻被秦家現任掌權人秦佔當成別有用心的“倒貼女”。閔姜西憑藉自身才華，幫助秦家化解商業危機，令秦佔刮目相看，並決定聘請她為秦家教書先生，此舉引起馮靜芸的不滿，進而利用秦家死對頭江東設計陷害閔姜西..."
          },
          {
            "content_id": "VOD00357686",
            "time_codes": [
              724000
            ],
            "timecode_duration": [],
            "length": 1247000,
            "asset_id": "vod76555-000005M001",
            "title": "佔有姜西",
            "subtitle": "第5集",
            "ep_number": 5,
            "rating": 1,
            "content_type": "drama",
            "p_start": 1762167300000,
            "vod_channel_description": "因一場大火而失去雙親的閔姜西，投靠坤城之首的秦家，立志成為第一女先生。卻被秦家現任掌權人秦佔當成別有用心的“倒貼女”。閔姜西憑藉自身才華，幫助秦家化解商業危機，令秦佔刮目相看，並決定聘請她為秦家教書先生，此舉引起馮靜芸的不滿，進而利用秦家死對頭江東設計陷害閔姜西..."
          },
          {
            "content_id": "VOD00357687",
            "time_codes": [
              600000
            ],
            "timecode_duration": [],
            "length": 910000,
            "asset_id": "vod76555-000006M001",
            "title": "佔有姜西",
            "subtitle": "第6集",
            "ep_number": 6,
            "rating": 1,
            "content_type": "drama",
            "p_start": 1762168800000,
            "vod_channel_description": "因一場大火而失去雙親的閔姜西，投靠坤城之首的秦家，立志成為第一女先生。卻被秦家現任掌權人秦佔當成別有用心的“倒貼女”。閔姜西憑藉自身才華，幫助秦家化解商業危機，令秦佔刮目相看，並決定聘請她為秦家教書先生，此舉引起馮靜芸的不滿，進而利用秦家死對頭江東設計陷害閔姜西..."
          },
          {
            "content_id": "VOD00357688",
            "time_codes": [
              600000
            ],
            "timecode_duration": [],
            "length": 836000,
            "asset_id": "vod76555-000007M001",
            "title": "佔有姜西",
            "subtitle": "第7集",
            "ep_number": 7,
            "rating": 1,
            "content_type": "drama",
            "p_start": 1762170000000,
            "vod_channel_description": "因一場大火而失去雙親的閔姜西，投靠坤城之首的秦家，立志成為第一女先生。卻被秦家現任掌權人秦佔當成別有用心的“倒貼女”。閔姜西憑藉自身才華，幫助秦家化解商業危機，令秦佔刮目相看，並決定聘請她為秦家教書先生，此舉引起馮靜芸的不滿，進而利用秦家死對頭江東設計陷害閔姜西..."
          },
          {
            "content_id": "VOD00357689",
            "time_codes": [
              600000
            ],
            "timecode_duration": [],
            "length": 868000,
            "asset_id": "vod76555-000008M001",
            "title": "佔有姜西",
            "subtitle": "第8集",
            "ep_number": 8,
            "rating": 1,
            "content_type": "drama",
            "p_start": 1762171200000,
            "vod_channel_description": "因一場大火而失去雙親的閔姜西，投靠坤城之首的秦家，立志成為第一女先生。卻被秦家現任掌權人秦佔當成別有用心的“倒貼女”。閔姜西憑藉自身才華，幫助秦家化解商業危機，令秦佔刮目相看，並決定聘請她為秦家教書先生，此舉引起馮靜芸的不滿，進而利用秦家死對頭江東設計陷害閔姜西..."
          },
          {
            "content_id": "VOD00357690",
            "time_codes": [
              600000
            ],
            "timecode_duration": [],
            "length": 934000,
            "asset_id": "vod76555-000009M001",
            "title": "佔有姜西",
            "subtitle": "第9集",
            "ep_number": 9,
            "rating": 1,
            "content_type": "drama",
            "p_start": 1762172400000,
            "vod_channel_description": "因一場大火而失去雙親的閔姜西，投靠坤城之首的秦家，立志成為第一女先生。卻被秦家現任掌權人秦佔當成別有用心的“倒貼女”。閔姜西憑藉自身才華，幫助秦家化解商業危機，令秦佔刮目相看，並決定聘請她為秦家教書先生，此舉引起馮靜芸的不滿，進而利用秦家死對頭江東設計陷害閔姜西..."
          },
          {
            "content_id": "VOD00357692",
            "time_codes": [
              600000
            ],
            "timecode_duration": [],
            "length": 815000,
            "asset_id": "vod76555-000010M001",
            "title": "佔有姜西",
            "subtitle": "第10集",
            "ep_number": 10,
            "rating": 1,
            "content_type": "drama",
            "p_start": 1762173600000,
            "vod_channel_description": "因一場大火而失去雙親的閔姜西，投靠坤城之首的秦家，立志成為第一女先生。卻被秦家現任掌權人秦佔當成別有用心的“倒貼女”。閔姜西憑藉自身才華，幫助秦家化解商業危機，令秦佔刮目相看，並決定聘請她為秦家教書先生，此舉引起馮靜芸的不滿，進而利用秦家死對頭江東設計陷害閔姜西..."
          },
          {
            "content_id": "VOD00357694",
            "time_codes": [
              600000
            ],
            "timecode_duration": [],
            "length": 939000,
            "asset_id": "vod76555-000011M001",
            "title": "佔有姜西",
            "subtitle": "第11集",
            "ep_number": 11,
            "rating": 1,
            "content_type": "drama",
            "p_start": 1762174800000,
            "vod_channel_description": "因一場大火而失去雙親的閔姜西，投靠坤城之首的秦家，立志成為第一女先生。卻被秦家現任掌權人秦佔當成別有用心的“倒貼女”。閔姜西憑藉自身才華，幫助秦家化解商業危機，令秦佔刮目相看，並決定聘請她為秦家教書先生，此舉引起馮靜芸的不滿，進而利用秦家死對頭江東設計陷害閔姜西..."
          },
          {
            "content_id": "VOD00357696",
            "time_codes": [
              667000
            ],
            "timecode_duration": [],
            "length": 1190000,
            "asset_id": "vod76555-000012M001",
            "title": "佔有姜西",
            "subtitle": "第12集",
            "ep_number": 12,
            "rating": 1,
            "content_type": "drama",
            "p_start": 1762176000000,
            "vod_channel_description": "因一場大火而失去雙親的閔姜西，投靠坤城之首的秦家，立志成為第一女先生。卻被秦家現任掌權人秦佔當成別有用心的“倒貼女”。閔姜西憑藉自身才華，幫助秦家化解商業危機，令秦佔刮目相看，並決定聘請她為秦家教書先生，此舉引起馮靜芸的不滿，進而利用秦家死對頭江東設計陷害閔姜西..."
          },
          {
            "content_id": "VOD00357697",
            "time_codes": [
              600000
            ],
            "timecode_duration": [],
            "length": 1012000,
            "asset_id": "vod76555-000013M001",
            "title": "佔有姜西",
            "subtitle": "第13集",
            "ep_number": 13,
            "rating": 1,
            "content_type": "drama",
            "p_start": 1762177500000,
            "vod_channel_description": "因一場大火而失去雙親的閔姜西，投靠坤城之首的秦家，立志成為第一女先生。卻被秦家現任掌權人秦佔當成別有用心的“倒貼女”。閔姜西憑藉自身才華，幫助秦家化解商業危機，令秦佔刮目相看，並決定聘請她為秦家教書先生，此舉引起馮靜芸的不滿，進而利用秦家死對頭江東設計陷害閔姜西..."
          },
          {
            "content_id": "VOD00357700",
            "time_codes": [
              600000
            ],
            "timecode_duration": [],
            "length": 1069000,
            "asset_id": "vod76555-000014M001",
            "title": "佔有姜西",
            "subtitle": "第14集",
            "ep_number": 14,
            "rating": 1,
            "content_type": "drama",
            "p_start": 1762178700000,
            "vod_channel_description": "因一場大火而失去雙親的閔姜西，投靠坤城之首的秦家，立志成為第一女先生。卻被秦家現任掌權人秦佔當成別有用心的“倒貼女”。閔姜西憑藉自身才華，幫助秦家化解商業危機，令秦佔刮目相看，並決定聘請她為秦家教書先生，此舉引起馮靜芸的不滿，進而利用秦家死對頭江東設計陷害閔姜西..."
          },
          {
            "content_id": "VOD00357701",
            "time_codes": [
              600000
            ],
            "timecode_duration": [],
            "length": 966000,
            "asset_id": "vod76555-000015M001",
            "title": "佔有姜西",
            "subtitle": "第15集",
            "ep_number": 15,
            "rating": 1,
            "content_type": "drama",
            "p_start": 1762179900000,
            "vod_channel_description": "因一場大火而失去雙親的閔姜西，投靠坤城之首的秦家，立志成為第一女先生。卻被秦家現任掌權人秦佔當成別有用心的“倒貼女”。閔姜西憑藉自身才華，幫助秦家化解商業危機，令秦佔刮目相看，並決定聘請她為秦家教書先生，此舉引起馮靜芸的不滿，進而利用秦家死對頭江東設計陷害閔姜西..."
          },
          {
            "content_id": "VOD00357702",
            "time_codes": [
              600000
            ],
            "timecode_duration": [],
            "length": 1012000,
            "asset_id": "vod76555-000016M001",
            "title": "佔有姜西",
            "subtitle": "第16集",
            "ep_number": 16,
            "rating": 1,
            "content_type": "drama",
            "p_start": 1762181100000,
            "vod_channel_description": "因一場大火而失去雙親的閔姜西，投靠坤城之首的秦家，立志成為第一女先生。卻被秦家現任掌權人秦佔當成別有用心的“倒貼女”。閔姜西憑藉自身才華，幫助秦家化解商業危機，令秦佔刮目相看，並決定聘請她為秦家教書先生，此舉引起馮靜芸的不滿，進而利用秦家死對頭江東設計陷害閔姜西..."
          },
          {
            "content_id": "VOD00357703",
            "time_codes": [
              600000
            ],
            "timecode_duration": [],
            "length": 940000,
            "asset_id": "vod76555-000017M001",
            "title": "佔有姜西",
            "subtitle": "第17集",
            "ep_number": 17,
            "rating": 1,
            "content_type": "drama",
            "p_start": 1762182300000,
            "vod_channel_description": "因一場大火而失去雙親的閔姜西，投靠坤城之首的秦家，立志成為第一女先生。卻被秦家現任掌權人秦佔當成別有用心的“倒貼女”。閔姜西憑藉自身才華，幫助秦家化解商業危機，令秦佔刮目相看，並決定聘請她為秦家教書先生，此舉引起馮靜芸的不滿，進而利用秦家死對頭江東設計陷害閔姜西..."
          },
          {
            "content_id": "VOD00357704",
            "time_codes": [
              600000
            ],
            "timecode_duration": [],
            "length": 892000,
            "asset_id": "vod76555-000018M001",
            "title": "佔有姜西",
            "subtitle": "第18集",
            "ep_number": 18,
            "rating": 1,
            "content_type": "drama",
            "p_start": 1762183500000,
            "vod_channel_description": "因一場大火而失去雙親的閔姜西，投靠坤城之首的秦家，立志成為第一女先生。卻被秦家現任掌權人秦佔當成別有用心的“倒貼女”。閔姜西憑藉自身才華，幫助秦家化解商業危機，令秦佔刮目相看，並決定聘請她為秦家教書先生，此舉引起馮靜芸的不滿，進而利用秦家死對頭江東設計陷害閔姜西..."
          },
          {
            "content_id": "VOD00357705",
            "time_codes": [
              600000
            ],
            "timecode_duration": [],
            "length": 891000,
            "asset_id": "vod76555-000019M001",
            "title": "佔有姜西",
            "subtitle": "第19集",
            "ep_number": 19,
            "rating": 1,
            "content_type": "drama",
            "p_start": 1762184700000,
            "vod_channel_description": "因一場大火而失去雙親的閔姜西，投靠坤城之首的秦家，立志成為第一女先生。卻被秦家現任掌權人秦佔當成別有用心的“倒貼女”。閔姜西憑藉自身才華，幫助秦家化解商業危機，令秦佔刮目相看，並決定聘請她為秦家教書先生，此舉引起馮靜芸的不滿，進而利用秦家死對頭江東設計陷害閔姜西..."
          },
          {
            "content_id": "VOD00357706",
            "time_codes": [
              600000
            ],
            "timecode_duration": [],
            "length": 1000000,
            "asset_id": "vod76555-000020M001",
            "title": "佔有姜西",
            "subtitle": "第20集",
            "ep_number": 20,
            "rating": 1,
            "content_type": "drama",
            "p_start": 1762185900000,
            "vod_channel_description": "因一場大火而失去雙親的閔姜西，投靠坤城之首的秦家，立志成為第一女先生。卻被秦家現任掌權人秦佔當成別有用心的“倒貼女”。閔姜西憑藉自身才華，幫助秦家化解商業危機，令秦佔刮目相看，並決定聘請她為秦家教書先生，此舉引起馮靜芸的不滿，進而利用秦家死對頭江東設計陷害閔姜西..."
          },
          {
            "content_id": "VOD00357707",
            "time_codes": [
              600000
            ],
            "timecode_duration": [],
            "length": 966000,
            "asset_id": "vod76555-000021M001",
            "title": "佔有姜西",
            "subtitle": "第21集",
            "ep_number": 21,
            "rating": 1,
            "content_type": "drama",
            "p_start": 1762187100000,
            "vod_channel_description": "因一場大火而失去雙親的閔姜西，投靠坤城之首的秦家，立志成為第一女先生。卻被秦家現任掌權人秦佔當成別有用心的“倒貼女”。閔姜西憑藉自身才華，幫助秦家化解商業危機，令秦佔刮目相看，並決定聘請她為秦家教書先生，此舉引起馮靜芸的不滿，進而利用秦家死對頭江東設計陷害閔姜西..."
          },
          {
            "content_id": "VOD00357708",
            "time_codes": [
              600000
            ],
            "timecode_duration": [],
            "length": 906000,
            "asset_id": "vod76555-000022M001",
            "title": "佔有姜西",
            "subtitle": "第22集",
            "ep_number": 22,
            "rating": 1,
            "content_type": "drama",
            "p_start": 1762188300000,
            "vod_channel_description": "因一場大火而失去雙親的閔姜西，投靠坤城之首的秦家，立志成為第一女先生。卻被秦家現任掌權人秦佔當成別有用心的“倒貼女”。閔姜西憑藉自身才華，幫助秦家化解商業危機，令秦佔刮目相看，並決定聘請她為秦家教書先生，此舉引起馮靜芸的不滿，進而利用秦家死對頭江東設計陷害閔姜西..."
          },
          {
            "content_id": "VOD00357709",
            "time_codes": [
              600000
            ],
            "timecode_duration": [],
            "length": 960000,
            "asset_id": "vod76555-000023M001",
            "title": "佔有姜西",
            "subtitle": "第23集",
            "ep_number": 23,
            "rating": 1,
            "content_type": "drama",
            "p_start": 1762189500000,
            "vod_channel_description": "因一場大火而失去雙親的閔姜西，投靠坤城之首的秦家，立志成為第一女先生。卻被秦家現任掌權人秦佔當成別有用心的“倒貼女”。閔姜西憑藉自身才華，幫助秦家化解商業危機，令秦佔刮目相看，並決定聘請她為秦家教書先生，此舉引起馮靜芸的不滿，進而利用秦家死對頭江東設計陷害閔姜西..."
          },
          {
            "content_id": "VOD00357710",
            "time_codes": [
              600000
            ],
            "timecode_duration": [],
            "length": 966000,
            "asset_id": "vod76555-000024M001",
            "title": "佔有姜西",
            "subtitle": "第24集",
            "ep_number": 24,
            "rating": 1,
            "content_type": "drama",
            "p_start": 1762190700000,
            "vod_channel_description": "因一場大火而失去雙親的閔姜西，投靠坤城之首的秦家，立志成為第一女先生。卻被秦家現任掌權人秦佔當成別有用心的“倒貼女”。閔姜西憑藉自身才華，幫助秦家化解商業危機，令秦佔刮目相看，並決定聘請她為秦家教書先生，此舉引起馮靜芸的不滿，進而利用秦家死對頭江東設計陷害閔姜西..."
          },
          {
            "content_id": "VOD00359221",
            "time_codes": [
              600000
            ],
            "timecode_duration": [],
            "length": 860000,
            "asset_id": "vod76897-000001M001",
            "title": "將軍府來了個小廚娘之落難千金",
            "subtitle": "第1集",
            "ep_number": 1,
            "rating": 1,
            "content_type": "drama",
            "p_start": 1762191900000,
            "vod_channel_description": "冬至日，蘇淺淺一家突遭變故，父親被指控通敵叛國，全家發配邊疆。途中，蘇母為保護女兒犧牲。蘇淺淺帶著復仇之志逃至將軍府，持婚書求見老祖宗，欲履行婚約。為贏得認可，她挑戰以料理喚醒恒公食欲。首道開水白菜未見成效，險遭驅逐。楚天澤與明珠密謀陷害蘇家，而楚君遙得知蘇家遭遇，決意前往營救。"
          },
          {
            "content_id": "VOD00359222",
            "time_codes": [
              600000
            ],
            "timecode_duration": [],
            "length": 992000,
            "asset_id": "vod76897-000002M001",
            "title": "將軍府來了個小廚娘之落難千金",
            "subtitle": "第2集",
            "ep_number": 2,
            "rating": 1,
            "content_type": "drama",
            "p_start": 1762193100000,
            "vod_channel_description": "蘇淺淺遭二夫人虐待，幸得楚母解救，並因恒公對其菜肴的喜愛，成功嫁入楚家。楚君遙得知蘇家噩耗，誓尋蘇淺淺。河邊重逢，蘇淺淺卻宣佈婚訊，令楚君遙心痛。蘇淺淺在將軍府內屢遭陷害，憑機智反擊，揭露丫鬟夢夢的陰謀。楚天澤輕蔑欺壓，蘇淺淺以牙還牙。楚母告誡將軍府險惡，蘇淺淺決心利用將軍府力量為蘇家平反。"
          },
          {
            "content_id": "VOD00359223",
            "time_codes": [
              600000
            ],
            "timecode_duration": [],
            "length": 854000,
            "asset_id": "vod76897-000003M001",
            "title": "將軍府來了個小廚娘之落難千金",
            "subtitle": "第3集",
            "ep_number": 3,
            "rating": 1,
            "content_type": "drama",
            "p_start": 1762194300000,
            "vod_channel_description": "蘇淺淺婚約落空，楚君遙回京尋人，卻發現蘇家遭遇不幸。楚君遙憑菜肴認出蘇淺淺，楚母卻稱已送其出城。明珠郡主為奪虎符，視楚君遙為障礙，安排影衛欲除蘇淺淺。楚天澤嫉妒楚君遙，爭奪繼承權。蘇淺淺丫鬟盈盈受難，幸得楚君遙副將子軒相救。蘇淺淺離府前，以料理表達感激。"
          },
          {
            "content_id": "VOD00359224",
            "time_codes": [
              600000
            ],
            "timecode_duration": [],
            "length": 957000,
            "asset_id": "vod76897-000004M001",
            "title": "將軍府來了個小廚娘之落難千金",
            "subtitle": "第4集",
            "ep_number": 4,
            "rating": 1,
            "content_type": "drama",
            "p_start": 1762195500000,
            "vod_channel_description": "楚君遙救出被綁受虐的蘇淺淺，揭露自己將軍身份，誓言為蘇家平反。蘇淺淺推測甯安侯府與陷害有關。楚君遙下令徹查。楚天澤嫉妒楚君遙與夕瑤公主婚約，策劃暗害。蘇淺淺決心復仇，卻不願連累楚君遙。楚君遙肩負家族與國家責任，同時尋求真相。"
          },
          {
            "content_id": "VOD00359225",
            "time_codes": [
              600000
            ],
            "timecode_duration": [],
            "length": 1129000,
            "asset_id": "vod76897-000005M001",
            "title": "將軍府來了個小廚娘之落難千金",
            "subtitle": "第5集",
            "ep_number": 5,
            "rating": 1,
            "content_type": "drama",
            "p_start": 1762196700000,
            "vod_channel_description": "楚君遙欲與蘇淺淺廝守，不惜違抗聖旨。楚母提出權宜之計，讓蘇淺淺以妾室入門，對外稱已懷孕。婚禮當日，蘇淺淺身著喪服，紀念亡故家人。楚君遙無視傳統，攜其跨過正門。明珠郡主敵意顯露，蘇淺淺送上亡靈禮物，挑戰其權威。"
          },
          {
            "content_id": "VOD00359226",
            "time_codes": [
              600000,
              1200000
            ],
            "timecode_duration": [],
            "length": 1243000,
            "asset_id": "vod76897-000006M001",
            "title": "將軍府來了個小廚娘之落難千金",
            "subtitle": "第6集",
            "ep_number": 6,
            "rating": 1,
            "content_type": "drama",
            "p_start": 1762198200000,
            "vod_channel_description": "蘇淺淺與明珠郡主正面交鋒，誓言為蘇家昭雪。楚母警告蘇淺淺勿擾亂將軍府秩序，並要求儘快懷孕。楚君遙與蘇淺淺調查冤案，發現關鍵證據被毀。新婚之夜，蘇淺淺因守孝而分床，楚君遙尊重其決定。回憶初遇，楚君遙情根深種，新婚夜互動，展現兩人純真情感。"
          },
          {
            "content_id": "VOD00359227",
            "time_codes": [
              600000
            ],
            "timecode_duration": [],
            "length": 1066000,
            "asset_id": "vod76897-000007M001",
            "title": "將軍府來了個小廚娘之落難千金",
            "subtitle": "第7集",
            "ep_number": 7,
            "rating": 1,
            "content_type": "drama",
            "p_start": 1762199700000,
            "vod_channel_description": "蘇淺淺與楚君遙、明珠與楚天澤一同參加家庭聚會。明珠得體，蘇淺淺拒絕其安胎服務。王大夫未能準確判斷蘇淺淺是否懷孕。楚母安排保護蘇淺淺，並提供“送子神仙湯”。明珠欲除王大夫。楚母調整居住環境，增加懷孕機會。楚君遙試圖親密，卻遇意外。"
          },
          {
            "content_id": "VOD00359228",
            "time_codes": [
              600000,
              1200000
            ],
            "timecode_duration": [],
            "length": 1218000,
            "asset_id": "vod76897-000008M001",
            "title": "將軍府來了個小廚娘之落難千金",
            "subtitle": "第8集",
            "ep_number": 8,
            "rating": 1,
            "content_type": "drama",
            "p_start": 1762200900000,
            "vod_channel_description": "蘇淺淺與楚君遙情感加深，親密時刻咬傷楚君遙。楚君遙追查證人張捕頭，蘇淺淺親製梨花糕，教導盈盈防毒。二夫人訓誡明珠，欲鞏固地位。蘇淺淺保護盈盈，對抗二夫人。二夫人不慎傷及“有孕”蘇淺淺，遭責罰。"
          },
          {
            "content_id": "VOD00359229",
            "time_codes": [
              600000
            ],
            "timecode_duration": [],
            "length": 1125000,
            "asset_id": "vod76897-000009M001",
            "title": "將軍府來了個小廚娘之落難千金",
            "subtitle": "第9集",
            "ep_number": 9,
            "rating": 1,
            "content_type": "drama",
            "p_start": 1762202400000,
            "vod_channel_description": "蘇淺淺假小產，楚母理解其苦衷。蘇淺淺承諾準備月膳，加深婆媳關係。二夫人遭明珠冷嘲熱諷，怨恨加深。蘇淺淺欲開酒樓，收集權貴秘密。楚君遙支持，卻經濟拮据。蘇淺淺決心獨自實現。子軒報復二夫人，蘇淺淺招募強盜團夥，杜子騰歸順。"
          },
          {
            "content_id": "VOD00359230",
            "time_codes": [
              600000,
              1200000
            ],
            "timecode_duration": [],
            "length": 1200000,
            "asset_id": "vod76897-000010M001",
            "title": "將軍府來了個小廚娘之落難千金",
            "subtitle": "第10集",
            "ep_number": 10,
            "rating": 1,
            "content_type": "drama",
            "p_start": 1762203900000,
            "vod_channel_description": "蘇淺淺指導杜子騰等人廚藝，籌備京城最大酒樓。明珠與楚天澤密謀對付蘇淺淺夫婦，追查張捕頭。蘇淺淺與楚君遙籌集資金，討好楚母。楚母雖支持，卻僅給予少量資助。蘇淺淺以“送子神仙湯”贏得楚母信任，成功獲取更多資金，為酒樓籌備助力。"
          },
          {
            "content_id": "VOD00359231",
            "time_codes": [
              600000
            ],
            "timecode_duration": [],
            "length": 1069000,
            "asset_id": "vod76897-000011M001",
            "title": "將軍府來了個小廚娘之落難千金",
            "subtitle": "第11集",
            "ep_number": 11,
            "rating": 1,
            "content_type": "drama",
            "p_start": 1762205400000,
            "vod_channel_description": "楚君遙與蘇淺淺感情升溫，明珠怒斥楚天澤尋歡，並以張捕頭為餌設局。楚君遙前往處理張捕頭線索，蘇淺淺負責酒樓選址。面對抬價，蘇淺淺果斷退出，並與另一家酒樓合作，欲壓低價格。楚母暗中關注，準備助蘇淺淺低價購得酒樓。蘇淺淺與酒樓老闆博弈，成功迫使對方主動談判。"
          },
          {
            "content_id": "VOD00359232",
            "time_codes": [
              600000,
              1200000
            ],
            "timecode_duration": [],
            "length": 1229000,
            "asset_id": "vod76897-000012M001",
            "title": "將軍府來了個小廚娘之落難千金",
            "subtitle": "第12集",
            "ep_number": 12,
            "rating": 1,
            "content_type": "drama",
            "p_start": 1762206600000,
            "vod_channel_description": "蘇淺淺以低價購得酒樓，楚母顏面無光。蘇淺淺割傷手指，心生不祥。楚天澤透露陰謀，家族氣氛緊張。蘇淺淺擔憂楚君遙，二夫人挑釁，蘇淺淺回擊。楚君遙歷經艱險歸來，與蘇淺淺深情相擁。蘇淺淺展現商業智慧與應對能力，楚君遙歸來，矛盾與陰謀仍在醞釀。"
          },
          {
            "content_id": "VOD00359233",
            "time_codes": [
              600000,
              1200000
            ],
            "timecode_duration": [],
            "length": 1230000,
            "asset_id": "vod76897-000013M001",
            "title": "將軍府來了個小廚娘之落難千金",
            "subtitle": "第13集",
            "ep_number": 13,
            "rating": 1,
            "content_type": "drama",
            "p_start": 1762208100000,
            "vod_channel_description": "楚天澤與明珠復仇受挫，張捕頭喪失利用價值。楚君遙得知張捕頭遭遇，意識到敵人殘忍。蘇淺淺鼓勵楚君遙，楚母祈求祖先庇護。老祖宗逝世，楚母繼承權威，明珠欲奪符印。楚母調楚天澤至前線，堅守忠誠。家族衝突與外部挑戰交織，蘇淺淺與楚君遙決心對抗甯安侯府。"
          },
          {
            "content_id": "VOD00359234",
            "time_codes": [
              600000
            ],
            "timecode_duration": [],
            "length": 1156000,
            "asset_id": "vod76897-000014M001",
            "title": "將軍府來了個小廚娘之落難千金",
            "subtitle": "第14集",
            "ep_number": 14,
            "rating": 1,
            "content_type": "drama",
            "p_start": 1762209600000,
            "vod_channel_description": "二夫人幸災樂禍，散佈蘇淺淺謠言。蘇淺淺籌備酒樓，楚君遙自豪。楚母調查謠言，嚴懲傳播者。杜子騰介紹未婚妻小娟，蘇淺淺贈禮。楚母審問少卿，揭露謠言幕後，制止謠言。二夫人與楚母衝突，春桃維護規則。楚母展現家主責任與權威。"
          },
          {
            "content_id": "VOD00359235",
            "time_codes": [
              600000
            ],
            "timecode_duration": [],
            "length": 1188000,
            "asset_id": "vod76897-000015M001",
            "title": "將軍府來了個小廚娘之落難千金",
            "subtitle": "第15集",
            "ep_number": 15,
            "rating": 1,
            "content_type": "drama",
            "p_start": 1762211100000,
            "vod_channel_description": "楚天澤以死相逼，二夫人求楚母。光明大酒樓開業，蘇淺淺掌廚，八寶鴨征服達官貴人。楚君遙與官員朋友品嘗，官員們讚不絕口，決定在此舉辦壽宴。"
          },
          {
            "content_id": "VOD00359236",
            "time_codes": [
              600000
            ],
            "timecode_duration": [],
            "length": 1121000,
            "asset_id": "vod76897-000016M001",
            "title": "將軍府來了個小廚娘之落難千金",
            "subtitle": "第16集",
            "ep_number": 16,
            "rating": 1,
            "content_type": "drama",
            "p_start": 1762212600000,
            "vod_channel_description": "楚母拒絕二夫人求助，杜子騰提親受阻。楚母與雷將軍商議，楚家需提供物資交換。杜子騰目睹小娟被搶，蘇淺淺出手相救。杜子騰和小娟感激，蘇淺淺指示款待甯安侯府之人。"
          },
          {
            "content_id": "VOD00359237",
            "time_codes": [
              600000
            ],
            "timecode_duration": [],
            "length": 1111000,
            "asset_id": "vod76897-000017M001",
            "title": "將軍府來了個小廚娘之落難千金",
            "subtitle": "第17集",
            "ep_number": 17,
            "rating": 1,
            "content_type": "drama",
            "p_start": 1762214100000,
            "vod_channel_description": "蘇淺淺與楚君遙得知甯安侯府陰謀，蘇淺淺拒絕指控。楚母送湯，提及夕瑤公主，楚天澤赴邊疆。明珠加強監視，甯安侯宴請楊統領。蘇淺淺準備菜肴，杜子騰介紹招牌菜，明珠試探蘇淺淺身份，小娟掩飾。"
          },
          {
            "content_id": "VOD00359238",
            "time_codes": [
              600000
            ],
            "timecode_duration": [],
            "length": 1170000,
            "asset_id": "vod76897-000018M001",
            "title": "將軍府來了個小廚娘之落難千金",
            "subtitle": "第18集",
            "ep_number": 18,
            "rating": 1,
            "content_type": "drama",
            "p_start": 1762215600000,
            "vod_channel_description": "明珠試探蘇淺淺，提及婚禮。明珠查封酒樓，杜子騰被捕。蘇淺淺通知封鎖秘密，楚母救下杜子騰。楚君遙入宮，皇帝授權調查。明珠殺害二夫人，密謀處理屍體。楚君遙保證報仇，楚母憂慮。二夫人失蹤，楚母搜查。"
          },
          {
            "content_id": "VOD00359239",
            "time_codes": [
              600000
            ],
            "timecode_duration": [],
            "length": 1008000,
            "asset_id": "vod76897-000019M001",
            "title": "將軍府來了個小廚娘之落難千金",
            "subtitle": "第19集",
            "ep_number": 19,
            "rating": 1,
            "content_type": "drama",
            "p_start": 1762217100000,
            "vod_channel_description": "楚母搜查，月娥被捕。楚母嚴審月娥，限制明珠自由。狗找到遺骸，楚二爺崩潰。明珠鎮定，楚母軟禁。月娥透露明珠罪行，吞毒自殺。楚君遙安慰楚二爺，蘇淺淺揭露明珠。"
          },
          {
            "content_id": "VOD00359240",
            "time_codes": [
              600000
            ],
            "timecode_duration": [],
            "length": 1013000,
            "asset_id": "vod76897-000020M001",
            "title": "將軍府來了個小廚娘之落難千金",
            "subtitle": "第20集",
            "ep_number": 20,
            "rating": 1,
            "content_type": "drama",
            "p_start": 1762218300000,
            "vod_channel_description": "明珠對蘇淺淺的指控不屑一顧，威脅月娥家人。寧安侯親赴將軍府，要求帶走明珠，楚母允許三日內提供證據。楚君遙與蘇淺淺決定收集證據，等待最佳時機。子騰與小娟婚禮前夕，二人及蘇淺淺的弟子遭殺害，留下制式兵器，顯示官方背景。蘇淺淺誓言復仇，明珠冷漠挑釁。楚君遙克制怒火，暫時放手。"
          },
          {
            "content_id": "VOD00359241",
            "time_codes": [
              600000
            ],
            "timecode_duration": [],
            "length": 968000,
            "asset_id": "vod76897-000021M001",
            "title": "將軍府來了個小廚娘之落難千金",
            "subtitle": "第21集",
            "ep_number": 21,
            "rating": 1,
            "content_type": "drama",
            "p_start": 1762219500000,
            "vod_channel_description": "雷嶽假死誘敵，挫敗明珠陰謀。明珠圍攻將軍府，楚二爺抵抗。蘇淺淺揭露明珠動機，雷嶽率軍救援，明珠被蘇淺淺終結。楚君遙歸來，與蘇淺淺祭奠先人，卻面臨皇帝賜婚。蘇淺淺提出休書，楚君遙拒絕。雷嶽表達對楚母情感，楚母矛盾。楚君遙與蘇淺淺商議對策，決定直面問題。"
          },
          {
            "content_id": "VOD00359242",
            "time_codes": [
              600000
            ],
            "timecode_duration": [],
            "length": 1089000,
            "asset_id": "vod76897-000022M001",
            "title": "將軍府來了個小廚娘之落難千金",
            "subtitle": "第22集",
            "ep_number": 22,
            "rating": 1,
            "content_type": "drama",
            "p_start": 1762220700000,
            "vod_channel_description": "楚君遙請求夕瑤解除賜婚，夕瑤表示理解，但皇上封蘇淺淺為平妻。楚君遙心情沉重，蘇淺淺提出分房睡。楚君遙向母親求助，楚母建議給予蘇淺淺安全感。楚君遙與家人製作孔明燈，表達愛意，蘇淺淺感動，二人和好。子軒和盈盈見證愛情，盈盈流露依戀。"
          },
          {
            "content_id": "VOD00359243",
            "time_codes": [
              600000,
              1200000
            ],
            "timecode_duration": [],
            "length": 1220000,
            "asset_id": "vod76897-000023M001",
            "title": "將軍府來了個小廚娘之落難千金",
            "subtitle": "第23集",
            "ep_number": 23,
            "rating": 1,
            "content_type": "drama",
            "p_start": 1762222200000,
            "vod_channel_description": "楚君遙在新婚之夜前往夕瑤新房，夕瑤接受命運，請求楚君遙留下。楚君遙假裝暈倒，安排蘇淺淺前來。三人秉燭夜談，夕瑤展現理解與尊重。蘇淺淺分享愛情故事，三人達成平衡。楚君遙擔憂兩女相處，楚母持保留態度。楚君遙決定處理家務事，避免紛爭。"
          },
          {
            "content_id": "VOD00359244",
            "time_codes": [
              600000,
              1200000
            ],
            "timecode_duration": [],
            "length": 1206000,
            "asset_id": "vod76897-000024M001",
            "title": "將軍府來了個小廚娘之落難千金",
            "subtitle": "第24集",
            "ep_number": 24,
            "rating": 1,
            "content_type": "drama",
            "p_start": 1762223700000,
            "vod_channel_description": "家宴上，楚母促進家庭團結，楚君遙化解蘇淺淺與夕瑤的微妙競爭。楚君遙解釋難處，夕瑤感到孤獨。夕瑤反思，理解真愛。楚天澤綁架兩女，企圖逼迫楚君遙選擇，卻是夕瑤的考驗。楚君遙交出兵權，楚天澤失敗。雷嶽告白楚母，蘇淺淺生下龍鳳胎，家庭歡樂。"
          },
          {
            "content_id": "VOD00338728",
            "time_codes": [
              648000
            ],
            "timecode_duration": [],
            "length": 1103000,
            "asset_id": "vod72578-000001M001",
            "title": "玉奴嬌",
            "subtitle": "第1集",
            "ep_number": 1,
            "rating": 1,
            "content_type": "drama",
            "p_start": 1762225200000,
            "vod_channel_description": "謝家千金謝蘊，曾與殷稷相識相愛，卻被誤會為背叛殷稷轉嫁齊王的始亂終棄之人。殷稷登上王位後，開啟了謝蘊地獄般的宮廷生活。謝蘊在與殷稷的愛恨糾葛中依然守住本心，兩人攜手粉碎了逆賊的陰謀。"
          },
          {
            "content_id": "VOD00338729",
            "time_codes": [
              673000
            ],
            "timecode_duration": [],
            "length": 1124000,
            "asset_id": "vod72578-000002M001",
            "title": "玉奴嬌",
            "subtitle": "第2集",
            "ep_number": 2,
            "rating": 1,
            "content_type": "drama",
            "p_start": 1762226400000,
            "vod_channel_description": "謝家千金謝蘊，曾與殷稷相識相愛，卻被誤會為背叛殷稷轉嫁齊王的始亂終棄之人。殷稷登上王位後，開啟了謝蘊地獄般的宮廷生活。謝蘊在與殷稷的愛恨糾葛中依然守住本心，兩人攜手粉碎了逆賊的陰謀。"
          },
          {
            "content_id": "VOD00338730",
            "time_codes": [
              620000
            ],
            "timecode_duration": [],
            "length": 1121000,
            "asset_id": "vod72578-000003M001",
            "title": "玉奴嬌",
            "subtitle": "第3集",
            "ep_number": 3,
            "rating": 1,
            "content_type": "drama",
            "p_start": 1762227600000,
            "vod_channel_description": "謝家千金謝蘊，曾與殷稷相識相愛，卻被誤會為背叛殷稷轉嫁齊王的始亂終棄之人。殷稷登上王位後，開啟了謝蘊地獄般的宮廷生活。謝蘊在與殷稷的愛恨糾葛中依然守住本心，兩人攜手粉碎了逆賊的陰謀。"
          },
          {
            "content_id": "VOD00338731",
            "time_codes": [
              656000
            ],
            "timecode_duration": [],
            "length": 1187000,
            "asset_id": "vod72578-000004M001",
            "title": "玉奴嬌",
            "subtitle": "第4集",
            "ep_number": 4,
            "rating": 1,
            "content_type": "drama",
            "p_start": 1762228800000,
            "vod_channel_description": "謝家千金謝蘊，曾與殷稷相識相愛，卻被誤會為背叛殷稷轉嫁齊王的始亂終棄之人。殷稷登上王位後，開啟了謝蘊地獄般的宮廷生活。謝蘊在與殷稷的愛恨糾葛中依然守住本心，兩人攜手粉碎了逆賊的陰謀。"
          },
          {
            "content_id": "VOD00338732",
            "time_codes": [
              632000
            ],
            "timecode_duration": [],
            "length": 1087000,
            "asset_id": "vod72578-000005M001",
            "title": "玉奴嬌",
            "subtitle": "第5集",
            "ep_number": 5,
            "rating": 1,
            "content_type": "drama",
            "p_start": 1762230300000,
            "vod_channel_description": "謝家千金謝蘊，曾與殷稷相識相愛，卻被誤會為背叛殷稷轉嫁齊王的始亂終棄之人。殷稷登上王位後，開啟了謝蘊地獄般的宮廷生活。謝蘊在與殷稷的愛恨糾葛中依然守住本心，兩人攜手粉碎了逆賊的陰謀。"
          },
          {
            "content_id": "VOD00338733",
            "time_codes": [
              614000
            ],
            "timecode_duration": [],
            "length": 1052000,
            "asset_id": "vod72578-000006M001",
            "title": "玉奴嬌",
            "subtitle": "第6集",
            "ep_number": 6,
            "rating": 1,
            "content_type": "drama",
            "p_start": 1762231500000,
            "vod_channel_description": "謝家千金謝蘊，曾與殷稷相識相愛，卻被誤會為背叛殷稷轉嫁齊王的始亂終棄之人。殷稷登上王位後，開啟了謝蘊地獄般的宮廷生活。謝蘊在與殷稷的愛恨糾葛中依然守住本心，兩人攜手粉碎了逆賊的陰謀。"
          },
          {
            "content_id": "VOD00338734",
            "time_codes": [
              623000
            ],
            "timecode_duration": [],
            "length": 1126000,
            "asset_id": "vod72578-000007M001",
            "title": "玉奴嬌",
            "subtitle": "第7集",
            "ep_number": 7,
            "rating": 1,
            "content_type": "drama",
            "p_start": 1762232700000,
            "vod_channel_description": "謝家千金謝蘊，曾與殷稷相識相愛，卻被誤會為背叛殷稷轉嫁齊王的始亂終棄之人。殷稷登上王位後，開啟了謝蘊地獄般的宮廷生活。謝蘊在與殷稷的愛恨糾葛中依然守住本心，兩人攜手粉碎了逆賊的陰謀。"
          },
          {
            "content_id": "VOD00338735",
            "time_codes": [
              631000
            ],
            "timecode_duration": [],
            "length": 1100000,
            "asset_id": "vod72578-000008M001",
            "title": "玉奴嬌",
            "subtitle": "第8集",
            "ep_number": 8,
            "rating": 1,
            "content_type": "drama",
            "p_start": 1762233900000,
            "vod_channel_description": "謝家千金謝蘊，曾與殷稷相識相愛，卻被誤會為背叛殷稷轉嫁齊王的始亂終棄之人。殷稷登上王位後，開啟了謝蘊地獄般的宮廷生活。謝蘊在與殷稷的愛恨糾葛中依然守住本心，兩人攜手粉碎了逆賊的陰謀。"
          },
          {
            "content_id": "VOD00338736",
            "time_codes": [
              614000
            ],
            "timecode_duration": [],
            "length": 1151000,
            "asset_id": "vod72578-000009M001",
            "title": "玉奴嬌",
            "subtitle": "第9集",
            "ep_number": 9,
            "rating": 1,
            "content_type": "drama",
            "p_start": 1762235100000,
            "vod_channel_description": "謝家千金謝蘊，曾與殷稷相識相愛，卻被誤會為背叛殷稷轉嫁齊王的始亂終棄之人。殷稷登上王位後，開啟了謝蘊地獄般的宮廷生活。謝蘊在與殷稷的愛恨糾葛中依然守住本心，兩人攜手粉碎了逆賊的陰謀。"
          },
          {
            "content_id": "VOD00338737",
            "time_codes": [
              640000
            ],
            "timecode_duration": [],
            "length": 1142000,
            "asset_id": "vod72578-000010M001",
            "title": "玉奴嬌",
            "subtitle": "第10集",
            "ep_number": 10,
            "rating": 1,
            "content_type": "drama",
            "p_start": 1762236600000,
            "vod_channel_description": "謝家千金謝蘊，曾與殷稷相識相愛，卻被誤會為背叛殷稷轉嫁齊王的始亂終棄之人。殷稷登上王位後，開啟了謝蘊地獄般的宮廷生活。謝蘊在與殷稷的愛恨糾葛中依然守住本心，兩人攜手粉碎了逆賊的陰謀。"
          },
          {
            "content_id": "VOD00338738",
            "time_codes": [
              620000
            ],
            "timecode_duration": [],
            "length": 1125000,
            "asset_id": "vod72578-000011M001",
            "title": "玉奴嬌",
            "subtitle": "第11集",
            "ep_number": 11,
            "rating": 1,
            "content_type": "drama",
            "p_start": 1762238100000,
            "vod_channel_description": "謝家千金謝蘊，曾與殷稷相識相愛，卻被誤會為背叛殷稷轉嫁齊王的始亂終棄之人。殷稷登上王位後，開啟了謝蘊地獄般的宮廷生活。謝蘊在與殷稷的愛恨糾葛中依然守住本心，兩人攜手粉碎了逆賊的陰謀。"
          },
          {
            "content_id": "VOD00338739",
            "time_codes": [
              614000
            ],
            "timecode_duration": [],
            "length": 1138000,
            "asset_id": "vod72578-000012M001",
            "title": "玉奴嬌",
            "subtitle": "第12集",
            "ep_number": 12,
            "rating": 1,
            "content_type": "drama",
            "p_start": 1762239300000,
            "vod_channel_description": "謝家千金謝蘊，曾與殷稷相識相愛，卻被誤會為背叛殷稷轉嫁齊王的始亂終棄之人。殷稷登上王位後，開啟了謝蘊地獄般的宮廷生活。謝蘊在與殷稷的愛恨糾葛中依然守住本心，兩人攜手粉碎了逆賊的陰謀。"
          },
          {
            "content_id": "VOD00338740",
            "time_codes": [
              633000
            ],
            "timecode_duration": [],
            "length": 1139000,
            "asset_id": "vod72578-000013M001",
            "title": "玉奴嬌",
            "subtitle": "第13集",
            "ep_number": 13,
            "rating": 1,
            "content_type": "drama",
            "p_start": 1762240500000,
            "vod_channel_description": "謝家千金謝蘊，曾與殷稷相識相愛，卻被誤會為背叛殷稷轉嫁齊王的始亂終棄之人。殷稷登上王位後，開啟了謝蘊地獄般的宮廷生活。謝蘊在與殷稷的愛恨糾葛中依然守住本心，兩人攜手粉碎了逆賊的陰謀。"
          },
          {
            "content_id": "VOD00338741",
            "time_codes": [
              600000
            ],
            "timecode_duration": [],
            "length": 919000,
            "asset_id": "vod72578-000014M001",
            "title": "玉奴嬌",
            "subtitle": "第14集",
            "ep_number": 14,
            "rating": 1,
            "content_type": "drama",
            "p_start": 1762241700000,
            "vod_channel_description": "謝家千金謝蘊，曾與殷稷相識相愛，卻被誤會為背叛殷稷轉嫁齊王的始亂終棄之人。殷稷登上王位後，開啟了謝蘊地獄般的宮廷生活。謝蘊在與殷稷的愛恨糾葛中依然守住本心，兩人攜手粉碎了逆賊的陰謀。"
          },
          {
            "content_id": "VOD00338742",
            "time_codes": [
              600000
            ],
            "timecode_duration": [],
            "length": 898000,
            "asset_id": "vod72578-000015M001",
            "title": "玉奴嬌",
            "subtitle": "第15集",
            "ep_number": 15,
            "rating": 1,
            "content_type": "drama",
            "p_start": 1762242900000,
            "vod_channel_description": "謝家千金謝蘊，曾與殷稷相識相愛，卻被誤會為背叛殷稷轉嫁齊王的始亂終棄之人。殷稷登上王位後，開啟了謝蘊地獄般的宮廷生活。謝蘊在與殷稷的愛恨糾葛中依然守住本心，兩人攜手粉碎了逆賊的陰謀。"
          },
          {
            "content_id": "VOD00338743",
            "time_codes": [
              600000
            ],
            "timecode_duration": [],
            "length": 909000,
            "asset_id": "vod72578-000016M001",
            "title": "玉奴嬌",
            "subtitle": "第16集",
            "ep_number": 16,
            "rating": 1,
            "content_type": "drama",
            "p_start": 1762244100000,
            "vod_channel_description": "謝家千金謝蘊，曾與殷稷相識相愛，卻被誤會為背叛殷稷轉嫁齊王的始亂終棄之人。殷稷登上王位後，開啟了謝蘊地獄般的宮廷生活。謝蘊在與殷稷的愛恨糾葛中依然守住本心，兩人攜手粉碎了逆賊的陰謀。"
          },
          {
            "content_id": "VOD00338744",
            "time_codes": [
              600000
            ],
            "timecode_duration": [],
            "length": 872000,
            "asset_id": "vod72578-000017M001",
            "title": "玉奴嬌",
            "subtitle": "第17集",
            "ep_number": 17,
            "rating": 1,
            "content_type": "drama",
            "p_start": 1762245300000,
            "vod_channel_description": "謝家千金謝蘊，曾與殷稷相識相愛，卻被誤會為背叛殷稷轉嫁齊王的始亂終棄之人。殷稷登上王位後，開啟了謝蘊地獄般的宮廷生活。謝蘊在與殷稷的愛恨糾葛中依然守住本心，兩人攜手粉碎了逆賊的陰謀。"
          },
          {
            "content_id": "VOD00338745",
            "time_codes": [
              600000
            ],
            "timecode_duration": [],
            "length": 966000,
            "asset_id": "vod72578-000018M001",
            "title": "玉奴嬌",
            "subtitle": "第18集",
            "ep_number": 18,
            "rating": 1,
            "content_type": "drama",
            "p_start": 1762246500000,
            "vod_channel_description": "謝家千金謝蘊，曾與殷稷相識相愛，卻被誤會為背叛殷稷轉嫁齊王的始亂終棄之人。殷稷登上王位後，開啟了謝蘊地獄般的宮廷生活。謝蘊在與殷稷的愛恨糾葛中依然守住本心，兩人攜手粉碎了逆賊的陰謀。"
          },
          {
            "content_id": "VOD00338746",
            "time_codes": [
              600000
            ],
            "timecode_duration": [],
            "length": 924000,
            "asset_id": "vod72578-000019M001",
            "title": "玉奴嬌",
            "subtitle": "第19集",
            "ep_number": 19,
            "rating": 1,
            "content_type": "drama",
            "p_start": 1762247700000,
            "vod_channel_description": "謝家千金謝蘊，曾與殷稷相識相愛，卻被誤會為背叛殷稷轉嫁齊王的始亂終棄之人。殷稷登上王位後，開啟了謝蘊地獄般的宮廷生活。謝蘊在與殷稷的愛恨糾葛中依然守住本心，兩人攜手粉碎了逆賊的陰謀。"
          },
          {
            "content_id": "VOD00338747",
            "time_codes": [
              600000
            ],
            "timecode_duration": [],
            "length": 945000,
            "asset_id": "vod72578-000020M001",
            "title": "玉奴嬌",
            "subtitle": "第20集",
            "ep_number": 20,
            "rating": 1,
            "content_type": "drama",
            "p_start": 1762248900000,
            "vod_channel_description": "謝家千金謝蘊，曾與殷稷相識相愛，卻被誤會為背叛殷稷轉嫁齊王的始亂終棄之人。殷稷登上王位後，開啟了謝蘊地獄般的宮廷生活。謝蘊在與殷稷的愛恨糾葛中依然守住本心，兩人攜手粉碎了逆賊的陰謀。"
          },
          {
            "content_id": "VOD00338748",
            "time_codes": [
              600000
            ],
            "timecode_duration": [],
            "length": 911000,
            "asset_id": "vod72578-000021M001",
            "title": "玉奴嬌",
            "subtitle": "第21集",
            "ep_number": 21,
            "rating": 1,
            "content_type": "drama",
            "p_start": 1762250100000,
            "vod_channel_description": "謝家千金謝蘊，曾與殷稷相識相愛，卻被誤會為背叛殷稷轉嫁齊王的始亂終棄之人。殷稷登上王位後，開啟了謝蘊地獄般的宮廷生活。謝蘊在與殷稷的愛恨糾葛中依然守住本心，兩人攜手粉碎了逆賊的陰謀。"
          },
          {
            "content_id": "VOD00338749",
            "time_codes": [
              600000
            ],
            "timecode_duration": [],
            "length": 913000,
            "asset_id": "vod72578-000022M001",
            "title": "玉奴嬌",
            "subtitle": "第22集",
            "ep_number": 22,
            "rating": 1,
            "content_type": "drama",
            "p_start": 1762251300000,
            "vod_channel_description": "謝家千金謝蘊，曾與殷稷相識相愛，卻被誤會為背叛殷稷轉嫁齊王的始亂終棄之人。殷稷登上王位後，開啟了謝蘊地獄般的宮廷生活。謝蘊在與殷稷的愛恨糾葛中依然守住本心，兩人攜手粉碎了逆賊的陰謀。"
          },
          {
            "content_id": "VOD00338750",
            "time_codes": [
              646000
            ],
            "timecode_duration": [],
            "length": 1053000,
            "asset_id": "vod72578-000023M001",
            "title": "玉奴嬌",
            "subtitle": "第23集",
            "ep_number": 23,
            "rating": 1,
            "content_type": "drama",
            "p_start": 1762252500000,
            "vod_channel_description": "謝家千金謝蘊，曾與殷稷相識相愛，卻被誤會為背叛殷稷轉嫁齊王的始亂終棄之人。殷稷登上王位後，開啟了謝蘊地獄般的宮廷生活。謝蘊在與殷稷的愛恨糾葛中依然守住本心，兩人攜手粉碎了逆賊的陰謀。"
          },
          {
            "content_id": "VOD00338751",
            "time_codes": [
              619000
            ],
            "timecode_duration": [],
            "length": 1047000,
            "asset_id": "vod72578-000024M001",
            "title": "玉奴嬌",
            "subtitle": "第24集",
            "ep_number": 24,
            "rating": 1,
            "content_type": "drama",
            "p_start": 1762253700000,
            "vod_channel_description": "謝家千金謝蘊，曾與殷稷相識相愛，卻被誤會為背叛殷稷轉嫁齊王的始亂終棄之人。殷稷登上王位後，開啟了謝蘊地獄般的宮廷生活。謝蘊在與殷稷的愛恨糾葛中依然守住本心，兩人攜手粉碎了逆賊的陰謀。"
          },
          {
            "content_id": "VOD00346816",
            "time_codes": [],
            "timecode_duration": [],
            "length": 594000,
            "asset_id": "vod74246-000001M001",
            "title": "眉間雪",
            "subtitle": "第1集",
            "ep_number": 1,
            "rating": 1,
            "content_type": "drama",
            "p_start": 1762254900000,
            "vod_channel_description": "林歡歡和林商商是一對雙胞胎，妹妹歡歡自幼被送上深山學習醫術。多年後，姐姐商商與太子相愛，不料皇后故意將商商賜婚給皇子上官離，林商商為此自縊身亡。林歡歡被迫代替姐姐出嫁，開啟一場冤家路窄的同居生活！"
          },
          {
            "content_id": "VOD00346817",
            "time_codes": [
              600000
            ],
            "timecode_duration": [],
            "length": 709000,
            "asset_id": "vod74246-000002M001",
            "title": "眉間雪",
            "subtitle": "第2集",
            "ep_number": 2,
            "rating": 1,
            "content_type": "drama",
            "p_start": 1762255800000,
            "vod_channel_description": "林歡歡和林商商是一對雙胞胎，妹妹歡歡自幼被送上深山學習醫術。多年後，姐姐商商與太子相愛，不料皇后故意將商商賜婚給皇子上官離，林商商為此自縊身亡。林歡歡被迫代替姐姐出嫁，開啟一場冤家路窄的同居生活！"
          },
          {
            "content_id": "VOD00346818",
            "time_codes": [
              600000
            ],
            "timecode_duration": [],
            "length": 625000,
            "asset_id": "vod74246-000003M001",
            "title": "眉間雪",
            "subtitle": "第3集",
            "ep_number": 3,
            "rating": 1,
            "content_type": "drama",
            "p_start": 1762256700000,
            "vod_channel_description": "林歡歡和林商商是一對雙胞胎，妹妹歡歡自幼被送上深山學習醫術。多年後，姐姐商商與太子相愛，不料皇后故意將商商賜婚給皇子上官離，林商商為此自縊身亡。林歡歡被迫代替姐姐出嫁，開啟一場冤家路窄的同居生活！"
          },
          {
            "content_id": "VOD00346819",
            "time_codes": [],
            "timecode_duration": [],
            "length": 570000,
            "asset_id": "vod74246-000004M001",
            "title": "眉間雪",
            "subtitle": "第4集",
            "ep_number": 4,
            "rating": 1,
            "content_type": "drama",
            "p_start": 1762257600000,
            "vod_channel_description": "林歡歡和林商商是一對雙胞胎，妹妹歡歡自幼被送上深山學習醫術。多年後，姐姐商商與太子相愛，不料皇后故意將商商賜婚給皇子上官離，林商商為此自縊身亡。林歡歡被迫代替姐姐出嫁，開啟一場冤家路窄的同居生活！"
          },
          {
            "content_id": "VOD00346820",
            "time_codes": [
              600000
            ],
            "timecode_duration": [],
            "length": 744000,
            "asset_id": "vod74246-000005M001",
            "title": "眉間雪",
            "subtitle": "第5集",
            "ep_number": 5,
            "rating": 1,
            "content_type": "drama",
            "p_start": 1762258500000,
            "vod_channel_description": "林歡歡和林商商是一對雙胞胎，妹妹歡歡自幼被送上深山學習醫術。多年後，姐姐商商與太子相愛，不料皇后故意將商商賜婚給皇子上官離，林商商為此自縊身亡。林歡歡被迫代替姐姐出嫁，開啟一場冤家路窄的同居生活！"
          },
          {
            "content_id": "VOD00346821",
            "time_codes": [],
            "timecode_duration": [],
            "length": 517000,
            "asset_id": "vod74246-000006M001",
            "title": "眉間雪",
            "subtitle": "第6集",
            "ep_number": 6,
            "rating": 1,
            "content_type": "drama",
            "p_start": 1762259400000,
            "vod_channel_description": "林歡歡和林商商是一對雙胞胎，妹妹歡歡自幼被送上深山學習醫術。多年後，姐姐商商與太子相愛，不料皇后故意將商商賜婚給皇子上官離，林商商為此自縊身亡。林歡歡被迫代替姐姐出嫁，開啟一場冤家路窄的同居生活！"
          },
          {
            "content_id": "VOD00346822",
            "time_codes": [
              600000
            ],
            "timecode_duration": [],
            "length": 740000,
            "asset_id": "vod74246-000007M001",
            "title": "眉間雪",
            "subtitle": "第7集",
            "ep_number": 7,
            "rating": 1,
            "content_type": "drama",
            "p_start": 1762260000000,
            "vod_channel_description": "林歡歡和林商商是一對雙胞胎，妹妹歡歡自幼被送上深山學習醫術。多年後，姐姐商商與太子相愛，不料皇后故意將商商賜婚給皇子上官離，林商商為此自縊身亡。林歡歡被迫代替姐姐出嫁，開啟一場冤家路窄的同居生活！"
          },
          {
            "content_id": "VOD00346823",
            "time_codes": [
              600000
            ],
            "timecode_duration": [],
            "length": 724000,
            "asset_id": "vod74246-000008M001",
            "title": "眉間雪",
            "subtitle": "第8集",
            "ep_number": 8,
            "rating": 1,
            "content_type": "drama",
            "p_start": 1762260900000,
            "vod_channel_description": "林歡歡和林商商是一對雙胞胎，妹妹歡歡自幼被送上深山學習醫術。多年後，姐姐商商與太子相愛，不料皇后故意將商商賜婚給皇子上官離，林商商為此自縊身亡。林歡歡被迫代替姐姐出嫁，開啟一場冤家路窄的同居生活！"
          },
          {
            "content_id": "VOD00346824",
            "time_codes": [
              600000
            ],
            "timecode_duration": [],
            "length": 707000,
            "asset_id": "vod74246-000009M001",
            "title": "眉間雪",
            "subtitle": "第9集",
            "ep_number": 9,
            "rating": 1,
            "content_type": "drama",
            "p_start": 1762261800000,
            "vod_channel_description": "林歡歡和林商商是一對雙胞胎，妹妹歡歡自幼被送上深山學習醫術。多年後，姐姐商商與太子相愛，不料皇后故意將商商賜婚給皇子上官離，林商商為此自縊身亡。林歡歡被迫代替姐姐出嫁，開啟一場冤家路窄的同居生活！"
          },
          {
            "content_id": "VOD00346825",
            "time_codes": [
              600000
            ],
            "timecode_duration": [],
            "length": 659000,
            "asset_id": "vod74246-000010M001",
            "title": "眉間雪",
            "subtitle": "第10集",
            "ep_number": 10,
            "rating": 1,
            "content_type": "drama",
            "p_start": 1762262700000,
            "vod_channel_description": "林歡歡和林商商是一對雙胞胎，妹妹歡歡自幼被送上深山學習醫術。多年後，姐姐商商與太子相愛，不料皇后故意將商商賜婚給皇子上官離，林商商為此自縊身亡。林歡歡被迫代替姐姐出嫁，開啟一場冤家路窄的同居生活！"
          },
          {
            "content_id": "VOD00346826",
            "time_codes": [
              600000
            ],
            "timecode_duration": [],
            "length": 684000,
            "asset_id": "vod74246-000011M001",
            "title": "眉間雪",
            "subtitle": "第11集",
            "ep_number": 11,
            "rating": 1,
            "content_type": "drama",
            "p_start": 1762263600000,
            "vod_channel_description": "林歡歡和林商商是一對雙胞胎，妹妹歡歡自幼被送上深山學習醫術。多年後，姐姐商商與太子相愛，不料皇后故意將商商賜婚給皇子上官離，林商商為此自縊身亡。林歡歡被迫代替姐姐出嫁，開啟一場冤家路窄的同居生活！"
          },
          {
            "content_id": "VOD00346827",
            "time_codes": [
              600000
            ],
            "timecode_duration": [],
            "length": 714000,
            "asset_id": "vod74246-000012M001",
            "title": "眉間雪",
            "subtitle": "第12集",
            "ep_number": 12,
            "rating": 1,
            "content_type": "drama",
            "p_start": 1762264500000,
            "vod_channel_description": "林歡歡和林商商是一對雙胞胎，妹妹歡歡自幼被送上深山學習醫術。多年後，姐姐商商與太子相愛，不料皇后故意將商商賜婚給皇子上官離，林商商為此自縊身亡。林歡歡被迫代替姐姐出嫁，開啟一場冤家路窄的同居生活！"
          },
          {
            "content_id": "VOD00346828",
            "time_codes": [
              600000
            ],
            "timecode_duration": [],
            "length": 713000,
            "asset_id": "vod74246-000013M001",
            "title": "眉間雪",
            "subtitle": "第13集",
            "ep_number": 13,
            "rating": 1,
            "content_type": "drama",
            "p_start": 1762265400000,
            "vod_channel_description": "林歡歡和林商商是一對雙胞胎，妹妹歡歡自幼被送上深山學習醫術。多年後，姐姐商商與太子相愛，不料皇后故意將商商賜婚給皇子上官離，林商商為此自縊身亡。林歡歡被迫代替姐姐出嫁，開啟一場冤家路窄的同居生活！"
          },
          {
            "content_id": "VOD00346829",
            "time_codes": [
              600000
            ],
            "timecode_duration": [],
            "length": 686000,
            "asset_id": "vod74246-000014M001",
            "title": "眉間雪",
            "subtitle": "第14集",
            "ep_number": 14,
            "rating": 1,
            "content_type": "drama",
            "p_start": 1762266300000,
            "vod_channel_description": "林歡歡和林商商是一對雙胞胎，妹妹歡歡自幼被送上深山學習醫術。多年後，姐姐商商與太子相愛，不料皇后故意將商商賜婚給皇子上官離，林商商為此自縊身亡。林歡歡被迫代替姐姐出嫁，開啟一場冤家路窄的同居生活！"
          },
          {
            "content_id": "VOD00346830",
            "time_codes": [
              600000
            ],
            "timecode_duration": [],
            "length": 643000,
            "asset_id": "vod74246-000015M001",
            "title": "眉間雪",
            "subtitle": "第15集",
            "ep_number": 15,
            "rating": 1,
            "content_type": "drama",
            "p_start": 1762267200000,
            "vod_channel_description": "林歡歡和林商商是一對雙胞胎，妹妹歡歡自幼被送上深山學習醫術。多年後，姐姐商商與太子相愛，不料皇后故意將商商賜婚給皇子上官離，林商商為此自縊身亡。林歡歡被迫代替姐姐出嫁，開啟一場冤家路窄的同居生活！"
          },
          {
            "content_id": "VOD00346831",
            "time_codes": [
              600000
            ],
            "timecode_duration": [],
            "length": 690000,
            "asset_id": "vod74246-000016M001",
            "title": "眉間雪",
            "subtitle": "第16集",
            "ep_number": 16,
            "rating": 1,
            "content_type": "drama",
            "p_start": 1762268100000,
            "vod_channel_description": "林歡歡和林商商是一對雙胞胎，妹妹歡歡自幼被送上深山學習醫術。多年後，姐姐商商與太子相愛，不料皇后故意將商商賜婚給皇子上官離，林商商為此自縊身亡。林歡歡被迫代替姐姐出嫁，開啟一場冤家路窄的同居生活！"
          },
          {
            "content_id": "VOD00346832",
            "time_codes": [
              600000
            ],
            "timecode_duration": [],
            "length": 762000,
            "asset_id": "vod74246-000017M001",
            "title": "眉間雪",
            "subtitle": "第17集",
            "ep_number": 17,
            "rating": 1,
            "content_type": "drama",
            "p_start": 1762269000000,
            "vod_channel_description": "林歡歡和林商商是一對雙胞胎，妹妹歡歡自幼被送上深山學習醫術。多年後，姐姐商商與太子相愛，不料皇后故意將商商賜婚給皇子上官離，林商商為此自縊身亡。林歡歡被迫代替姐姐出嫁，開啟一場冤家路窄的同居生活！"
          },
          {
            "content_id": "VOD00346833",
            "time_codes": [
              600000
            ],
            "timecode_duration": [],
            "length": 639000,
            "asset_id": "vod74246-000018M001",
            "title": "眉間雪",
            "subtitle": "第18集",
            "ep_number": 18,
            "rating": 1,
            "content_type": "drama",
            "p_start": 1762269900000,
            "vod_channel_description": "林歡歡和林商商是一對雙胞胎，妹妹歡歡自幼被送上深山學習醫術。多年後，姐姐商商與太子相愛，不料皇后故意將商商賜婚給皇子上官離，林商商為此自縊身亡。林歡歡被迫代替姐姐出嫁，開啟一場冤家路窄的同居生活！"
          },
          {
            "content_id": "VOD00356041",
            "time_codes": [],
            "timecode_duration": [],
            "length": 535000,
            "asset_id": "vod76268-000001M001",
            "title": "了不起的女俠",
            "subtitle": "第1集",
            "ep_number": 1,
            "rating": 1,
            "content_type": "drama",
            "p_start": 1762270800000,
            "vod_channel_description": "錦鯉體質的雍州城公子蕭子期，因為意外被倒楣體質的長留山掌門鄭鯉姵擄上山門做了壓寨夫婿。本是與世無爭的長留山變成邵、雍兩州爭奪之地，歡喜冤家的兩人捲入權勢之爭，開始了一段守衛家園的冒險愛情故事。"
          },
          {
            "content_id": "VOD00356042",
            "time_codes": [],
            "timecode_duration": [],
            "length": 571000,
            "asset_id": "vod76268-000002M001",
            "title": "了不起的女俠",
            "subtitle": "第2集",
            "ep_number": 2,
            "rating": 1,
            "content_type": "drama",
            "p_start": 1762271400000,
            "vod_channel_description": "錦鯉體質的雍州城公子蕭子期，因為意外被倒楣體質的長留山掌門鄭鯉姵擄上山門做了壓寨夫婿。本是與世無爭的長留山變成邵、雍兩州爭奪之地，歡喜冤家的兩人捲入權勢之爭，開始了一段守衛家園的冒險愛情故事。"
          },
          {
            "content_id": "VOD00356043",
            "time_codes": [
              600000
            ],
            "timecode_duration": [],
            "length": 673000,
            "asset_id": "vod76268-000003M001",
            "title": "了不起的女俠",
            "subtitle": "第3集",
            "ep_number": 3,
            "rating": 1,
            "content_type": "drama",
            "p_start": 1762272300000,
            "vod_channel_description": "錦鯉體質的雍州城公子蕭子期，因為意外被倒楣體質的長留山掌門鄭鯉姵擄上山門做了壓寨夫婿。本是與世無爭的長留山變成邵、雍兩州爭奪之地，歡喜冤家的兩人捲入權勢之爭，開始了一段守衛家園的冒險愛情故事。"
          },
          {
            "content_id": "VOD00356044",
            "time_codes": [
              600000
            ],
            "timecode_duration": [],
            "length": 695000,
            "asset_id": "vod76268-000004M001",
            "title": "了不起的女俠",
            "subtitle": "第4集",
            "ep_number": 4,
            "rating": 1,
            "content_type": "drama",
            "p_start": 1762273200000,
            "vod_channel_description": "錦鯉體質的雍州城公子蕭子期，因為意外被倒楣體質的長留山掌門鄭鯉姵擄上山門做了壓寨夫婿。本是與世無爭的長留山變成邵、雍兩州爭奪之地，歡喜冤家的兩人捲入權勢之爭，開始了一段守衛家園的冒險愛情故事。"
          },
          {
            "content_id": "VOD00356045",
            "time_codes": [
              600000
            ],
            "timecode_duration": [],
            "length": 722000,
            "asset_id": "vod76268-000005M001",
            "title": "了不起的女俠",
            "subtitle": "第5集",
            "ep_number": 5,
            "rating": 1,
            "content_type": "drama",
            "p_start": 1762274100000,
            "vod_channel_description": "錦鯉體質的雍州城公子蕭子期，因為意外被倒楣體質的長留山掌門鄭鯉姵擄上山門做了壓寨夫婿。本是與世無爭的長留山變成邵、雍兩州爭奪之地，歡喜冤家的兩人捲入權勢之爭，開始了一段守衛家園的冒險愛情故事。"
          },
          {
            "content_id": "VOD00356046",
            "time_codes": [
              600000
            ],
            "timecode_duration": [],
            "length": 705000,
            "asset_id": "vod76268-000006M001",
            "title": "了不起的女俠",
            "subtitle": "第6集",
            "ep_number": 6,
            "rating": 1,
            "content_type": "drama",
            "p_start": 1762275000000,
            "vod_channel_description": "錦鯉體質的雍州城公子蕭子期，因為意外被倒楣體質的長留山掌門鄭鯉姵擄上山門做了壓寨夫婿。本是與世無爭的長留山變成邵、雍兩州爭奪之地，歡喜冤家的兩人捲入權勢之爭，開始了一段守衛家園的冒險愛情故事。"
          },
          {
            "content_id": "VOD00356047",
            "time_codes": [
              600000
            ],
            "timecode_duration": [],
            "length": 763000,
            "asset_id": "vod76268-000007M001",
            "title": "了不起的女俠",
            "subtitle": "第7集",
            "ep_number": 7,
            "rating": 1,
            "content_type": "drama",
            "p_start": 1762275900000,
            "vod_channel_description": "錦鯉體質的雍州城公子蕭子期，因為意外被倒楣體質的長留山掌門鄭鯉姵擄上山門做了壓寨夫婿。本是與世無爭的長留山變成邵、雍兩州爭奪之地，歡喜冤家的兩人捲入權勢之爭，開始了一段守衛家園的冒險愛情故事。"
          },
          {
            "content_id": "VOD00356048",
            "time_codes": [
              600000
            ],
            "timecode_duration": [],
            "length": 705000,
            "asset_id": "vod76268-000008M001",
            "title": "了不起的女俠",
            "subtitle": "第8集",
            "ep_number": 8,
            "rating": 1,
            "content_type": "drama",
            "p_start": 1762276800000,
            "vod_channel_description": "錦鯉體質的雍州城公子蕭子期，因為意外被倒楣體質的長留山掌門鄭鯉姵擄上山門做了壓寨夫婿。本是與世無爭的長留山變成邵、雍兩州爭奪之地，歡喜冤家的兩人捲入權勢之爭，開始了一段守衛家園的冒險愛情故事。"
          },
          {
            "content_id": "VOD00356049",
            "time_codes": [
              600000
            ],
            "timecode_duration": [],
            "length": 707000,
            "asset_id": "vod76268-000009M001",
            "title": "了不起的女俠",
            "subtitle": "第9集",
            "ep_number": 9,
            "rating": 1,
            "content_type": "drama",
            "p_start": 1762277700000,
            "vod_channel_description": "錦鯉體質的雍州城公子蕭子期，因為意外被倒楣體質的長留山掌門鄭鯉姵擄上山門做了壓寨夫婿。本是與世無爭的長留山變成邵、雍兩州爭奪之地，歡喜冤家的兩人捲入權勢之爭，開始了一段守衛家園的冒險愛情故事。"
          },
          {
            "content_id": "VOD00356050",
            "time_codes": [
              600000
            ],
            "timecode_duration": [],
            "length": 679000,
            "asset_id": "vod76268-000010M001",
            "title": "了不起的女俠",
            "subtitle": "第10集",
            "ep_number": 10,
            "rating": 1,
            "content_type": "drama",
            "p_start": 1762278600000,
            "vod_channel_description": "錦鯉體質的雍州城公子蕭子期，因為意外被倒楣體質的長留山掌門鄭鯉姵擄上山門做了壓寨夫婿。本是與世無爭的長留山變成邵、雍兩州爭奪之地，歡喜冤家的兩人捲入權勢之爭，開始了一段守衛家園的冒險愛情故事。"
          }
        ],
        "total_length": 93719000,
        "focus_index": 42,
        "next_index": 43,
        "time": 677353,
        "focus_program": {
          "content_id": "VOD00359239",
          "time_codes": [
            600000
          ],
          "timecode_duration": [],
          "length": 1008000,
          "asset_id": "vod76897-000019M001",
          "title": "將軍府來了個小廚娘之落難千金",
          "subtitle": "第19集",
          "ep_number": 19,
          "rating": 1,
          "content_type": "drama",
          "p_start": 1762217100000,
          "vod_channel_description": "楚母搜查，月娥被捕。楚母嚴審月娥，限制明珠自由。狗找到遺骸，楚二爺崩潰。明珠鎮定，楚母軟禁。月娥透露明珠罪行，吞毒自殺。楚君遙安慰楚二爺，蘇淺淺揭露明珠。"
        }
      },
      "station_categories": [
        {
          "Name": "戲劇",
          "EngName": "Drama",
          "MenuOrder": 7
        }
      ]
    },
    "introduction": null,
    "recommends": null,
    "ua": "Mozilla/5.0 (Windows NT 10.0; Win64; x64) AppleWebKit/537.36 (KHTML, like Gecko) Chrome/91.0.4472.124 Safari/537.36"
  },
  "__N_SSP": true
}