{
  "pageProps": {
    "contentId": "ofiii155",
    "channel": {
      "title": "茶金",
      "no": 155,
      "charge_mode": "F",
      "content_id": "ofiii155",
      "content_type": "vod-channel",
      "epg_categories": [
        4
      ],
      "genres": [
        {
          "id": "",
          "name": "VOD_CHANNEL",
          "logo": ""
        }
      ],
      "liad_id": "VODCHNEWOFIWEB",
      "package_info_id": "VOD_CHANNEL_DELUX",
      "picture": "pics/vod_channel/logo_3119_ofiii155_tv_20250221.png",
      "provider": [
        {
          "id": "",
          "name": "公視",
          "logo": ""
        }
      ],
      "quality": "HD",
      "station_id": "station6053",
      "trial": "",
      "selectable": 1,
      "tr_logo": "pics/vod_channel/tr_logo_1697684618.png",
      "tl_logo": "",
      "br_logo": "",
      "bl_logo": "",
      "menu_type": 1,
      "vod_channel_schedule": {
        "channel_id": 155,
        "cdn_code": "ofiii155",
        "start_time": 1762172526000,
        "programs": [
          {
            "content_id": "VOD00296263",
            "time_codes": [
              701000,
              1427000,
              2163000,
              2908000
            ],
            "timecode_duration": [],
            "length": 3470000,
            "asset_id": "vod64656-000001M001",
            "title": "",
            "subtitle": "第1集",
            "ep_number": 1,
            "rating": 1,
            "content_type": "drama",
            "p_start": 1740133200000,
            "vod_channel_description": "1949年夏，台灣惡性通膨嚴重，茶虎張福吉（吉桑）並不知道，他的茶葉王國，即將陷入風暴。貨幣改革會議上，懷特公司特助劉坤凱（KK）看著中美雙方激辯，身為台灣人的他卻只能緘默。即將招贅結婚的吉桑千金張薏心自知娶一個丈夫進門是她在張家的使命，這個夏天揭開張家與台灣動盪序幕⋯⋯"
          },
          {
            "content_id": "VOD00296264",
            "time_codes": [
              763000,
              1413000,
              2136000,
              2929000
            ],
            "timecode_duration": [],
            "length": 3080000,
            "asset_id": "vod64656-000002M001",
            "title": "",
            "subtitle": "第2集",
            "ep_number": 2,
            "rating": 1,
            "content_type": "drama",
            "p_start": 1740136800000,
            "vod_channel_description": "「四萬換一元」讓全台灣兵荒馬亂，也讓吉桑一夕債台高築，不但被文貴的父親范頭家退婚，又被怡和洋行終止續約。為存續紅茶大夢，吉桑力拚參選茶業公會理事長；也依阿土師生前指示到深山茶寮尋找接班茶師。中美雙方對美援運用無法取得共識，KK被長官委派建造化肥廠來到新竹，薏心與KK結下不解之緣。"
          },
          {
            "content_id": "VOD00296265",
            "time_codes": [
              738000,
              1429000,
              2174000,
              2834000
            ],
            "timecode_duration": [],
            "length": 3569000,
            "asset_id": "vod64656-000003M001",
            "title": "",
            "subtitle": "第3集",
            "ep_number": 3,
            "rating": 1,
            "content_type": "drama",
            "p_start": 1740140100000,
            "vod_channel_description": "選上公會理事長的吉桑被外交部委派利薄工多的「智利外交茶」，債務雪上加霜，薏心反對接單卻沒插手餘地，吉桑找來新女婿武雄。二師石頭用爛茶菁考驗山妹，山妹卻帶茶離開茶廠；退婚後的文貴接班日光夢碎，被父親掃地出門。KK目睹茶農烏面哥無肥可用，激起建化肥廠使命。"
          },
          {
            "content_id": "VOD00296266",
            "time_codes": [
              726000,
              1489000,
              2180000,
              2822000
            ],
            "timecode_duration": [],
            "length": 3260000,
            "asset_id": "vod64656-000004M001",
            "title": "",
            "subtitle": "第4集",
            "ep_number": 4,
            "rating": 1,
            "content_type": "drama",
            "p_start": 1740144000000,
            "vod_channel_description": "日光與化肥廠共生的商業關係，使KK與薏心往來日益頻繁，KK像薏心對商業世界的啟蒙老師。山妹以「蟲茶」做出外交茶獲肯定；薏心則一舉將日光由虧轉盈，贏得「新社長」美名。薏心發現武雄打算結束吉桑的茶業，更把薏心視為生子工具。化肥廠水到渠成之際，美援撤台，興建嘎然而止，KK萬念俱灰。"
          },
          {
            "content_id": "VOD00296267",
            "time_codes": [
              708000,
              1424000,
              2121000
            ],
            "timecode_duration": [],
            "length": 2880000,
            "asset_id": "vod64656-000005M001",
            "title": "",
            "subtitle": "第5集",
            "ep_number": 5,
            "rating": 1,
            "content_type": "drama",
            "p_start": 1740147600000,
            "vod_channel_description": "國際茶市斷頭，日光再度面臨窘境；吉桑卻堅持製作無利潤的「日本比賽茶」，與薏心再度發生經營衝突。石頭帶著山妹合力製作比賽茶，並誓言讓日光光耀門楣。未料茶還沒做完，石頭卻遇上化肥廠漏氣意外住院。不久後，韓戰爆發，美援因戰線部署又回到台灣，薏心異想天開要KK帶她到美軍俱樂部賣茶。"
          },
          {
            "content_id": "VOD00296268",
            "time_codes": [
              706000,
              1457000,
              2183000,
              2831000
            ],
            "timecode_duration": [],
            "length": 3240000,
            "asset_id": "vod64656-000006M001",
            "title": "",
            "subtitle": "第6集",
            "ep_number": 6,
            "rating": 1,
            "content_type": "drama",
            "p_start": 1740150600000,
            "vod_channel_description": "美國克拉克將軍要薏心親自將六號茶茶樣送到他手上；薏心卻遇大雨封路，無法回新竹拿茶。KK在美方幫助下順利開張化肥廠，成了「化肥大王」的吉桑舉辦「北埔例」慶功宴，酒酣耳熱氛圍拉近了KK與薏心的距離；民主思潮雜誌聚會也讓KK與夏慕雪日益熟稔。"
          },
          {
            "content_id": "VOD00296269",
            "time_codes": [
              732000,
              1467000,
              2165000,
              2898000
            ],
            "timecode_duration": [],
            "length": 3200000,
            "asset_id": "vod64656-000007M001",
            "title": "",
            "subtitle": "第7集",
            "ep_number": 7,
            "rating": 1,
            "content_type": "drama",
            "p_start": 1740153900000,
            "vod_channel_description": "懷抱紅茶大夢的吉桑沒想到穆老要合作綠茶，一口回絕；新興的綠茶市場則讓薏心很感興趣。在大稻埕做茶猴的文貴，被軍政色彩濃厚的「國華公司」相中，做茶葉買賣賺外匯。力求表現的文貴與日光打起茶菁收購戰。"
          },
          {
            "content_id": "VOD00296270",
            "time_codes": [
              676000,
              1467000,
              2218000,
              2820000
            ],
            "timecode_duration": [],
            "length": 3439000,
            "asset_id": "vod64656-000008M001",
            "title": "",
            "subtitle": "第8集",
            "ep_number": 8,
            "rating": 1,
            "content_type": "drama",
            "p_start": 1740157200000,
            "vod_channel_description": "入獄的吉桑擔憂天有不測，在獄中將薏心託付給KK。薏心保釋吉桑一波三折。山妹為了趕工添加糯米粉，甫保釋的吉桑回到茶廠見檢查員來取締添加物，憤而賠款退單，並命令薏心不得再插手製茶，薏心大受打擊。薏心潛入國華公司拿取電報底價，薏心帶電報到台北找KK翻譯，驚見夏慕雪在KK家。"
          },
          {
            "content_id": "VOD00296271",
            "time_codes": [
              717000,
              1468000,
              2162000,
              2848000
            ],
            "timecode_duration": [],
            "length": 3220000,
            "asset_id": "vod64656-000009M001",
            "title": "",
            "subtitle": "第9集",
            "ep_number": 9,
            "rating": 1,
            "content_type": "drama",
            "p_start": 1740160800000,
            "vod_channel_description": "薏心來到KK家不久，窗外一陣槍響，眾人在KK家度過不安的一夜。薏心成功取得底價，以低價搶下大單，卻被穆佬與茶郊大佬們責備破壞行情，只得單打獨鬥。日光沒茶可收又遇外匯收款失敗，薏心找來文貴幫忙，文貴脅迫高價代工，薏心也盤算著文貴。"
          },
          {
            "content_id": "VOD00296272",
            "time_codes": [
              694000,
              1409000,
              2190000,
              2841000
            ],
            "timecode_duration": [],
            "length": 3530000,
            "asset_id": "vod64656-000010M001",
            "title": "",
            "subtitle": "第10集",
            "ep_number": 10,
            "rating": 1,
            "content_type": "drama",
            "p_start": 1740164100000,
            "vod_channel_description": "薏心與文貴雙贏完成電報單，並共同成立「台灣綠茶聯合小組」密切往來促使文貴再度對薏心提親。三年後，KK與夏慕雪結婚，決心看顧母女倆，放棄尋找女兒。徐主編邀請KK撰寫民主思潮社論「暢言專刊」，失去化肥舞台的KK以文字大肆宣洩。"
          },
          {
            "content_id": "VOD00296273",
            "time_codes": [
              721000,
              1415000,
              2120000
            ],
            "timecode_duration": [],
            "length": 3040000,
            "asset_id": "vod64656-000011M001",
            "title": "",
            "subtitle": "第11集",
            "ep_number": 11,
            "rating": 1,
            "content_type": "drama",
            "p_start": 1740167700000,
            "vod_channel_description": "山妹再現天皇茶失敗，吉桑坦言天皇茶無法複製，道出當年製作天皇茶滿山著蝝的傳奇光景。吉桑勸薏心接納文貴，薏心見吉桑日漸年邁與憂心，對文貴求婚開始動搖。外匯匯率一夕大變，日光面臨破產危機。「暢言專刊」迴響熱烈，成功撼動糧食局修改換肥政策；夏慕雪演出新編「六月雪」，被憲兵當場帶走。"
          },
          {
            "content_id": "VOD00296274",
            "time_codes": [
              674000,
              1404000,
              2158000,
              2902000
            ],
            "timecode_duration": [],
            "length": 3569000,
            "asset_id": "vod64656-000012M001",
            "title": "",
            "subtitle": "第12集",
            "ep_number": 12,
            "rating": 1,
            "content_type": "drama",
            "p_start": 1740171000000,
            "vod_channel_description": "吉桑脫產並召集大批茶農發予現金，伯公聽聞風聲前來關切；幾天後，烏面茶園滿山著蝝，日光全員趕工「日光茶」。日光破產解散，山妹去日本深造茶藝；吉桑薏心離開洋樓，茶虎傳奇畫下句點；文貴繼承日光衣缽，帶台茶邁向新篇章。薏心帶著與KK共譜的英文講稿來到英國。"
          }
        ],
        "total_length": 39497000,
        "focus_index": 9,
        "next_index": 10,
        "time": 672295,
        "focus_program": {
          "content_id": "VOD00296272",
          "time_codes": [
            694000,
            1409000,
            2190000,
            2841000
          ],
          "timecode_duration": [],
          "length": 3530000,
          "asset_id": "vod64656-000010M001",
          "title": "",
          "subtitle": "第10集",
          "ep_number": 10,
          "rating": 1,
          "content_type": "drama",
          "p_start": 1740164100000,
          "vod_channel_description": "薏心與文貴雙贏完成電報單，並共同成立「台灣綠茶聯合小組」密切往來促使文貴再度對薏心提親。三年後，KK與夏慕雪結婚，決心看顧母女倆，放棄尋找女兒。徐主編邀請KK撰寫民主思潮社論「暢言專刊」，失去化肥舞台的KK以文字大肆宣洩。"
        }
      },
      "station_categories": [
        {
          "Name": "戲劇",
          "EngName": "Drama",
          "MenuOrder": 7
        }
      ]
    },
    "introduction": {
      "image": "https://p-cdnstatic.svc.litv.tv/pics/vod_channel/logo_3119_litv-vchannel142_mobile_20231019.png",
      "description": "",
      "href_maps": []
    },
    "recommends": [],
    "ua": "Mozilla/5.0 (Windows NT 10.0; Win64; x64) AppleWebKit/537.36 (KHTML, like Gecko) Chrome/91.0.4472.124 Safari/537.36"
  },
  "__N_SSP": true
}