{
  "pageProps": {
    "contentId": "ofiii140",
    "channel": {
      "title": "木曜4超玩 一日系列",
      "no": 140,
      "charge_mode": "F",
      "content_id": "ofiii140",
      "content_type": "vod-channel",
      "epg_categories": [
        18
      ],
      "genres": [
        {
          "id": "",
          "name": "VOD_CHANNEL",
          "logo": ""
        }
      ],
      "liad_id": "VODCHNEWOFIWEB",
      "package_info_id": "VOD_CHANNEL_DELUX",
      "picture": "pics/vod_channel/logo_3694_ofiii140_tv_20250331.png",
      "provider": [
        {
          "id": "",
          "name": "原創-麥",
          "logo": ""
        }
      ],
      "quality": "HD",
      "station_id": "station6628",
      "trial": "",
      "selectable": 1,
      "tr_logo": "pics/vod_channel/tr_logo_1743144733.png",
      "tl_logo": "",
      "br_logo": "",
      "bl_logo": "",
      "menu_type": 0,
      "vod_channel_schedule": {
        "channel_id": 140,
        "cdn_code": "ofiii140",
        "start_time": 1762435800000,
        "programs": [
          {
            "content_id": "VOD00360780",
            "time_codes": [
              1347000,
              2024000,
              2488000,
              3355000,
              3772000,
              4137000
            ],
            "timecode_duration": [],
            "length": 4383000,
            "asset_id": "vod76564-000152M001",
            "title": "",
            "subtitle": "第152集 一日電梯技術員 電影裡才會出現的場面，邰哥帶你進入電梯內部、學習電梯安全知識！",
            "ep_number": 152,
            "rating": 1,
            "content_type": "show",
            "p_start": 1762435800000,
            "vod_channel_description": "木曜4超玩《一日系列》挑戰365行！阿公邰智源帶領你體驗各行各業！透過實際體驗台灣各行各業工作內容，讓民眾瞭解其背後專業和辛苦。"
          },
          {
            "content_id": "VOD00360781",
            "time_codes": [
              904000,
              1445000,
              2096000,
              2792000,
              3248000
            ],
            "timecode_duration": [],
            "length": 3922000,
            "asset_id": "vod76564-000153M001",
            "title": "",
            "subtitle": "第153集 一日法式料理見習 邰哥和坤達來到台灣最強的法式料理餐廳，進行一日見習！",
            "ep_number": 153,
            "rating": 1,
            "content_type": "show",
            "p_start": 1762440300000,
            "vod_channel_description": "木曜4超玩《一日系列》挑戰365行！阿公邰智源帶領你體驗各行各業！透過實際體驗台灣各行各業工作內容，讓民眾瞭解其背後專業和辛苦。"
          },
          {
            "content_id": "VOD00360782",
            "time_codes": [
              1004000,
              1480000,
              1967000
            ],
            "timecode_duration": [],
            "length": 2817000,
            "asset_id": "vod76564-000154M001",
            "title": "",
            "subtitle": "第154集 一日咖啡農 品茶老人邰哥與咖啡王子謝坤達，究竟誰能成為咖啡王？",
            "ep_number": 154,
            "rating": 1,
            "content_type": "show",
            "p_start": 1762444500000,
            "vod_channel_description": "木曜4超玩《一日系列》挑戰365行！阿公邰智源帶領你體驗各行各業！透過實際體驗台灣各行各業工作內容，讓民眾瞭解其背後專業和辛苦。"
          },
          {
            "content_id": "VOD00360783",
            "time_codes": [
              645000,
              1476000,
              1998000,
              2821000,
              3467000,
              4257000,
              4949000,
              5243000
            ],
            "timecode_duration": [],
            "length": 5545000,
            "asset_id": "vod76564-000155M001",
            "title": "",
            "subtitle": "第155集 一日調查官 邰哥和坤達來到調查局，看看調查官到底在做什麼？",
            "ep_number": 155,
            "rating": 1,
            "content_type": "show",
            "p_start": 1762447500000,
            "vod_channel_description": "木曜4超玩《一日系列》挑戰365行！阿公邰智源帶領你體驗各行各業！透過實際體驗台灣各行各業工作內容，讓民眾瞭解其背後專業和辛苦。"
          },
          {
            "content_id": "VOD00360784",
            "time_codes": [
              1058000,
              1588000,
              2113000,
              2611000
            ],
            "timecode_duration": [],
            "length": 3320000,
            "asset_id": "vod76564-000156M001",
            "title": "",
            "subtitle": "第156集 一日馬侍 邰哥與坤達開啟一段與馬的友誼？！",
            "ep_number": 156,
            "rating": 1,
            "content_type": "show",
            "p_start": 1762453200000,
            "vod_channel_description": "木曜4超玩《一日系列》挑戰365行！阿公邰智源帶領你體驗各行各業！透過實際體驗台灣各行各業工作內容，讓民眾瞭解其背後專業和辛苦。"
          },
          {
            "content_id": "VOD00360785",
            "time_codes": [
              665000,
              1242000,
              1886000,
              2377000,
              2911000
            ],
            "timecode_duration": [],
            "length": 3737000,
            "asset_id": "vod76564-000157M001",
            "title": "",
            "subtitle": "第157集 一日拖吊車作業人員 違規車輛都注意！邰哥開拖吊車來了！",
            "ep_number": 157,
            "rating": 1,
            "content_type": "show",
            "p_start": 1762456800000,
            "vod_channel_description": "木曜4超玩《一日系列》挑戰365行！阿公邰智源帶領你體驗各行各業！透過實際體驗台灣各行各業工作內容，讓民眾瞭解其背後專業和辛苦。"
          },
          {
            "content_id": "VOD00360786",
            "time_codes": [
              685000,
              1222000,
              2043000,
              2775000,
              3204000
            ],
            "timecode_duration": [],
            "length": 3866000,
            "asset_id": "vod76564-000158M001",
            "title": "",
            "subtitle": "第158集 一日隧道工程師 邰智源、KID來到施工現場，帶你深入了解隧道工程！",
            "ep_number": 158,
            "rating": 1,
            "content_type": "show",
            "p_start": 1762460700000,
            "vod_channel_description": "木曜4超玩《一日系列》挑戰365行！阿公邰智源帶領你體驗各行各業！透過實際體驗台灣各行各業工作內容，讓民眾瞭解其背後專業和辛苦。"
          },
          {
            "content_id": "VOD00360787",
            "time_codes": [
              1073000,
              1587000,
              2100000,
              2656000
            ],
            "timecode_duration": [],
            "length": 3563000,
            "asset_id": "vod76564-000159M001",
            "title": "",
            "subtitle": "第159集 一日西裝師傅 帥還能更帥？！邰哥一針一線為坤達量身訂製專屬西裝！",
            "ep_number": 159,
            "rating": 1,
            "content_type": "show",
            "p_start": 1762464900000,
            "vod_channel_description": "木曜4超玩《一日系列》挑戰365行！阿公邰智源帶領你體驗各行各業！透過實際體驗台灣各行各業工作內容，讓民眾瞭解其背後專業和辛苦。"
          },
          {
            "content_id": "VOD00360788",
            "time_codes": [
              994000,
              1855000,
              2258000,
              2764000,
              3262000
            ],
            "timecode_duration": [],
            "length": 3744000,
            "asset_id": "vod76564-000160M001",
            "title": "",
            "subtitle": "第160集 一日柴燒醬油釀造師 美味料理的靈魂在醬汁，邰哥和達哥親自釀造醬油啦！",
            "ep_number": 160,
            "rating": 1,
            "content_type": "show",
            "p_start": 1762468800000,
            "vod_channel_description": "木曜4超玩《一日系列》挑戰365行！阿公邰智源帶領你體驗各行各業！透過實際體驗台灣各行各業工作內容，讓民眾瞭解其背後專業和辛苦。"
          },
          {
            "content_id": "VOD00360789",
            "time_codes": [
              927000,
              1468000,
              2174000,
              2659000
            ],
            "timecode_duration": [],
            "length": 3163000,
            "asset_id": "vod76564-000161M001",
            "title": "",
            "subtitle": "第161集 一日日式燒肉店 邰哥來到燒肉店，學習烤肉的好功夫！",
            "ep_number": 161,
            "rating": 1,
            "content_type": "show",
            "p_start": 1762472700000,
            "vod_channel_description": "木曜4超玩《一日系列》挑戰365行！阿公邰智源帶領你體驗各行各業！透過實際體驗台灣各行各業工作內容，讓民眾瞭解其背後專業和辛苦。"
          },
          {
            "content_id": "VOD00360790",
            "time_codes": [
              933000,
              1521000,
              2184000,
              2621000,
              3199000
            ],
            "timecode_duration": [],
            "length": 3671000,
            "asset_id": "vod76564-000162M001",
            "title": "",
            "subtitle": "第162集 一日中藥行 邰哥出現返老還童的跡象？工作結合興趣，學習老祖宗的智慧！",
            "ep_number": 162,
            "rating": 1,
            "content_type": "show",
            "p_start": 1762476000000,
            "vod_channel_description": "木曜4超玩《一日系列》挑戰365行！阿公邰智源帶領你體驗各行各業！透過實際體驗台灣各行各業工作內容，讓民眾瞭解其背後專業和辛苦。"
          },
          {
            "content_id": "VOD00360791",
            "time_codes": [
              774000,
              1295000,
              1982000,
              2637000,
              3067000
            ],
            "timecode_duration": [],
            "length": 3688000,
            "asset_id": "vod76564-000163M001",
            "title": "",
            "subtitle": "第163集 一日射擊選手 邰哥竟然是射擊界的天才，要挑戰奧運？",
            "ep_number": 163,
            "rating": 1,
            "content_type": "show",
            "p_start": 1762479900000,
            "vod_channel_description": "木曜4超玩《一日系列》挑戰365行！阿公邰智源帶領你體驗各行各業！透過實際體驗台灣各行各業工作內容，讓民眾瞭解其背後專業和辛苦。"
          },
          {
            "content_id": "VOD00360792",
            "time_codes": [
              854000,
              1434000,
              2029000,
              2764000,
              3179000
            ],
            "timecode_duration": [],
            "length": 3700000,
            "asset_id": "vod76564-000164M001",
            "title": "",
            "subtitle": "第164集 一日卡車維修員 邰哥、KID從司機助手，進化到能開卡車、還會修車了！",
            "ep_number": 164,
            "rating": 1,
            "content_type": "show",
            "p_start": 1762483800000,
            "vod_channel_description": "木曜4超玩《一日系列》挑戰365行！阿公邰智源帶領你體驗各行各業！透過實際體驗台灣各行各業工作內容，讓民眾瞭解其背後專業和辛苦。"
          },
          {
            "content_id": "VOD00360793",
            "time_codes": [
              804000,
              1379000,
              2020000,
              2780000
            ],
            "timecode_duration": [],
            "length": 3583000,
            "asset_id": "vod76564-000165M001",
            "title": "",
            "subtitle": "第165集 一日行政執行官 邰哥、坤達來到法務部行政執行署，跟著執行官進行合法債務追討 ！",
            "ep_number": 165,
            "rating": 1,
            "content_type": "show",
            "p_start": 1762487700000,
            "vod_channel_description": "木曜4超玩《一日系列》挑戰365行！阿公邰智源帶領你體驗各行各業！透過實際體驗台灣各行各業工作內容，讓民眾瞭解其背後專業和辛苦。"
          },
          {
            "content_id": "VOD00360794",
            "time_codes": [
              1113000,
              2006000,
              2459000,
              2879000,
              3563000,
              3988000
            ],
            "timecode_duration": [],
            "length": 4598000,
            "asset_id": "vod76564-000166M001",
            "title": "",
            "subtitle": "第166集 一日時裝設計師 賽門回來了！邰哥與坤達一同挑戰臺北時裝週！",
            "ep_number": 166,
            "rating": 1,
            "content_type": "show",
            "p_start": 1762491600000,
            "vod_channel_description": "木曜4超玩《一日系列》挑戰365行！阿公邰智源帶領你體驗各行各業！透過實際體驗台灣各行各業工作內容，讓民眾瞭解其背後專業和辛苦。"
          },
          {
            "content_id": "VOD00360795",
            "time_codes": [
              924000,
              1782000,
              2521000,
              2943000
            ],
            "timecode_duration": [],
            "length": 3487000,
            "asset_id": "vod76564-000167M001",
            "title": "",
            "subtitle": "第167集 一日KTV服務人員 邰哥體驗服務業最大挑戰，擔任 一日KTV服務人員！",
            "ep_number": 167,
            "rating": 1,
            "content_type": "show",
            "p_start": 1762496400000,
            "vod_channel_description": "木曜4超玩《一日系列》挑戰365行！阿公邰智源帶領你體驗各行各業！透過實際體驗台灣各行各業工作內容，讓民眾瞭解其背後專業和辛苦。"
          },
          {
            "content_id": "VOD00360796",
            "time_codes": [
              883000,
              1569000,
              2228000,
              2723000
            ],
            "timecode_duration": [],
            "length": 3153000,
            "asset_id": "vod76564-000168M001",
            "title": "",
            "subtitle": "第168集 一日楊俊瀚 台灣百米No.1最速男襲來！邰哥與坤達能不能蛻變成風一般的男子？",
            "ep_number": 168,
            "rating": 1,
            "content_type": "show",
            "p_start": 1762500000000,
            "vod_channel_description": "木曜4超玩《一日系列》挑戰365行！阿公邰智源帶領你體驗各行各業！透過實際體驗台灣各行各業工作內容，讓民眾瞭解其背後專業和辛苦。"
          },
          {
            "content_id": "VOD00360797",
            "time_codes": [
              1025000,
              1448000,
              1981000,
              2520000,
              3335000
            ],
            "timecode_duration": [],
            "length": 3793000,
            "asset_id": "vod76564-000169M001",
            "title": "",
            "subtitle": "第169集 一日水族館 從虛擬玩到現實，和邰哥一起打造屬於自己的水族箱！",
            "ep_number": 169,
            "rating": 1,
            "content_type": "show",
            "p_start": 1762503300000,
            "vod_channel_description": "木曜4超玩《一日系列》挑戰365行！阿公邰智源帶領你體驗各行各業！透過實際體驗台灣各行各業工作內容，讓民眾瞭解其背後專業和辛苦。"
          },
          {
            "content_id": "VOD00360798",
            "time_codes": [
              1139000,
              1976000,
              2501000,
              3263000,
              3941000,
              4549000,
              5012000,
              5514000,
              5952000,
              6528000
            ],
            "timecode_duration": [],
            "length": 7004000,
            "asset_id": "vod76564-000170M001",
            "title": "",
            "subtitle": "第170集 一日海軍水下作業大隊 怒海潛將邰哥、KID四度入伍，對於史上最苦的受訓，他們能撐得下來嗎？",
            "ep_number": 170,
            "rating": 1,
            "content_type": "show",
            "p_start": 1762507200000,
            "vod_channel_description": "木曜4超玩《一日系列》挑戰365行！阿公邰智源帶領你體驗各行各業！透過實際體驗台灣各行各業工作內容，讓民眾瞭解其背後專業和辛苦。"
          },
          {
            "content_id": "VOD00360799",
            "time_codes": [
              677000,
              1184000,
              1856000,
              2336000
            ],
            "timecode_duration": [],
            "length": 2963000,
            "asset_id": "vod76564-000171M001",
            "title": "",
            "subtitle": "第171集 一日迴轉壽司 邰桑挑戰日本最強手速！握壽司「基本10手」有多難？",
            "ep_number": 171,
            "rating": 1,
            "content_type": "show",
            "p_start": 1762514400000,
            "vod_channel_description": "木曜4超玩《一日系列》挑戰365行！阿公邰智源帶領你體驗各行各業！透過實際體驗台灣各行各業工作內容，讓民眾瞭解其背後專業和辛苦。"
          },
          {
            "content_id": "VOD00360800",
            "time_codes": [
              1274000,
              1950000,
              2433000,
              3066000,
              3755000,
              4431000,
              4851000,
              5449000
            ],
            "timecode_duration": [],
            "length": 5905000,
            "asset_id": "vod76564-000172M001",
            "title": "",
            "subtitle": "第172集 一日星宇航空空服員 六大金剛來到星宇航空接受訓練，他們能成功擔任空服員嗎？",
            "ep_number": 172,
            "rating": 1,
            "content_type": "show",
            "p_start": 1762517700000,
            "vod_channel_description": "木曜4超玩《一日系列》挑戰365行！阿公邰智源帶領你體驗各行各業！透過實際體驗台灣各行各業工作內容，讓民眾瞭解其背後專業和辛苦。"
          },
          {
            "content_id": "VOD00360801",
            "time_codes": [
              1347000,
              1994000,
              2586000,
              3003000,
              3661000
            ],
            "timecode_duration": [],
            "length": 4025000,
            "asset_id": "vod76564-000173M001",
            "title": "",
            "subtitle": "第173集 一日柔道 柔道男神降臨！國手楊勇緯和林真豪來摔邰哥啦！",
            "ep_number": 173,
            "rating": 1,
            "content_type": "show",
            "p_start": 1762523700000,
            "vod_channel_description": "木曜4超玩《一日系列》挑戰365行！阿公邰智源帶領你體驗各行各業！透過實際體驗台灣各行各業工作內容，讓民眾瞭解其背後專業和辛苦。"
          },
          {
            "content_id": "VOD00360802",
            "time_codes": [
              1075000,
              1427000,
              1996000,
              2705000
            ],
            "timecode_duration": [],
            "length": 3085000,
            "asset_id": "vod76564-000174M001",
            "title": "",
            "subtitle": "第174集 一日印度料理 跟著邰邰一起闖入香料國度！難道是要學寶萊塢印度舞？",
            "ep_number": 174,
            "rating": 1,
            "content_type": "show",
            "p_start": 1762527900000,
            "vod_channel_description": "木曜4超玩《一日系列》挑戰365行！阿公邰智源帶領你體驗各行各業！透過實際體驗台灣各行各業工作內容，讓民眾瞭解其背後專業和辛苦。"
          },
          {
            "content_id": "VOD00360803",
            "time_codes": [
              651000,
              1723000,
              2280000,
              2891000,
              3524000,
              3998000
            ],
            "timecode_duration": [],
            "length": 4285000,
            "asset_id": "vod76564-000175M001",
            "title": "",
            "subtitle": "第175集 一日踢踏舞者 辣個腳下有風的男人來了！黃宣和邰哥、坤達PK踢踏舞技！",
            "ep_number": 175,
            "rating": 1,
            "content_type": "show",
            "p_start": 1762531200000,
            "vod_channel_description": "木曜4超玩《一日系列》挑戰365行！阿公邰智源帶領你體驗各行各業！透過實際體驗台灣各行各業工作內容，讓民眾瞭解其背後專業和辛苦。"
          },
          {
            "content_id": "VOD00360804",
            "time_codes": [
              1029000,
              1815000,
              2338000,
              2899000,
              3626000
            ],
            "timecode_duration": [],
            "length": 4143000,
            "asset_id": "vod76564-000176M001",
            "title": "",
            "subtitle": "第176集 一日麻辣火鍋 邰哥來到最愛的麻辣火鍋店，解密美味的秘訣！",
            "ep_number": 176,
            "rating": 1,
            "content_type": "show",
            "p_start": 1762535700000,
            "vod_channel_description": "木曜4超玩《一日系列》挑戰365行！阿公邰智源帶領你體驗各行各業！透過實際體驗台灣各行各業工作內容，讓民眾瞭解其背後專業和辛苦。"
          },
          {
            "content_id": "VOD00360805",
            "time_codes": [
              927000,
              1469000,
              2096000,
              2547000,
              2977000
            ],
            "timecode_duration": [],
            "length": 3765000,
            "asset_id": "vod76564-000177M001",
            "title": "",
            "subtitle": "第177集 一日手工製鞋 做一雙少一雙的頂級手工藝！邰哥、坤達趕在失傳前來學個皮毛！",
            "ep_number": 177,
            "rating": 1,
            "content_type": "show",
            "p_start": 1762540200000,
            "vod_channel_description": "木曜4超玩《一日系列》挑戰365行！阿公邰智源帶領你體驗各行各業！透過實際體驗台灣各行各業工作內容，讓民眾瞭解其背後專業和辛苦。"
          },
          {
            "content_id": "VOD00360806",
            "time_codes": [
              1051000,
              1574000,
              2281000
            ],
            "timecode_duration": [],
            "length": 2942000,
            "asset_id": "vod76564-000178M001",
            "title": "",
            "subtitle": "第178集 一日養蝦農 摸蝦仔兼洗褲！蛙丸、蛇丸兄弟倆合體啦！",
            "ep_number": 178,
            "rating": 1,
            "content_type": "show",
            "p_start": 1762544100000,
            "vod_channel_description": "木曜4超玩《一日系列》挑戰365行！阿公邰智源帶領你體驗各行各業！透過實際體驗台灣各行各業工作內容，讓民眾瞭解其背後專業和辛苦。"
          },
          {
            "content_id": "VOD00360807",
            "time_codes": [
              1216000,
              1838000,
              2544000,
              3247000,
              3781000,
              4247000
            ],
            "timecode_duration": [],
            "length": 4423000,
            "asset_id": "vod76564-000179M001",
            "title": "",
            "subtitle": "第179集 一日合唱團 木曜愛樂即將成立？邰哥帶著坤達、溫妮、阿部挑戰國家音樂廳！",
            "ep_number": 179,
            "rating": 1,
            "content_type": "show",
            "p_start": 1762547400000,
            "vod_channel_description": "木曜4超玩《一日系列》挑戰365行！阿公邰智源帶領你體驗各行各業！透過實際體驗台灣各行各業工作內容，讓民眾瞭解其背後專業和辛苦。"
          },
          {
            "content_id": "VOD00360808",
            "time_codes": [
              756000,
              1383000,
              1833000,
              2515000
            ],
            "timecode_duration": [],
            "length": 2977000,
            "asset_id": "vod76564-000180M001",
            "title": "",
            "subtitle": "第180集 一日銅鑼窯 邰哥、坤達挑戰充滿皺摺的菊花練！",
            "ep_number": 180,
            "rating": 1,
            "content_type": "show",
            "p_start": 1762551900000,
            "vod_channel_description": "木曜4超玩《一日系列》挑戰365行！阿公邰智源帶領你體驗各行各業！透過實際體驗台灣各行各業工作內容，讓民眾瞭解其背後專業和辛苦。"
          },
          {
            "content_id": "VOD00360809",
            "time_codes": [
              962000,
              1450000,
              2044000,
              2728000
            ],
            "timecode_duration": [],
            "length": 3115000,
            "asset_id": "vod76564-000181M001",
            "title": "",
            "subtitle": "第181集 一日中古車 這一行水有多深？小施帶邰哥揭開二手車商的不能說的秘密！",
            "ep_number": 181,
            "rating": 1,
            "content_type": "show",
            "p_start": 1762555200000,
            "vod_channel_description": "木曜4超玩《一日系列》挑戰365行！阿公邰智源帶領你體驗各行各業！透過實際體驗台灣各行各業工作內容，讓民眾瞭解其背後專業和辛苦。"
          },
          {
            "content_id": "VOD00360810",
            "time_codes": [
              1227000,
              1729000,
              2310000,
              2688000,
              3342000
            ],
            "timecode_duration": [],
            "length": 4155000,
            "asset_id": "vod76564-000182M001",
            "title": "",
            "subtitle": "第182集 一日撞球國手 木曜三帥找學姐挑一桿！邰哥帶坤達、KID一起看江水淨跳球！",
            "ep_number": 182,
            "rating": 1,
            "content_type": "show",
            "p_start": 1762558500000,
            "vod_channel_description": "木曜4超玩《一日系列》挑戰365行！阿公邰智源帶領你體驗各行各業！透過實際體驗台灣各行各業工作內容，讓民眾瞭解其背後專業和辛苦。"
          },
          {
            "content_id": "VOD00360811",
            "time_codes": [
              1267000,
              1593000,
              2241000,
              2887000,
              3315000
            ],
            "timecode_duration": [],
            "length": 3857000,
            "asset_id": "vod76564-000184M001",
            "title": "",
            "subtitle": "第184集 一日調酒師 吧檯裡的世界是什麼樣子？今晚，你想與Julia吳卓源來杯特調嗎？",
            "ep_number": 184,
            "rating": 1,
            "content_type": "show",
            "p_start": 1762563000000,
            "vod_channel_description": "木曜4超玩《一日系列》挑戰365行！阿公邰智源帶領你體驗各行各業！透過實際體驗台灣各行各業工作內容，讓民眾瞭解其背後專業和辛苦。"
          },
          {
            "content_id": "VOD00360812",
            "time_codes": [
              1330000,
              1915000,
              2372000,
              3028000
            ],
            "timecode_duration": [],
            "length": 3176000,
            "asset_id": "vod76564-000186M001",
            "title": "",
            "subtitle": "第186集 一日日本拉麵 睽違多年的海外一日！學習職人精神！可是...為何心動了？",
            "ep_number": 186,
            "rating": 1,
            "content_type": "show",
            "p_start": 1762567200000,
            "vod_channel_description": "木曜4超玩《一日系列》挑戰365行！阿公邰智源帶領你體驗各行各業！透過實際體驗台灣各行各業工作內容，讓民眾瞭解其背後專業和辛苦。"
          },
          {
            "content_id": "VOD00360813",
            "time_codes": [
              1144000,
              1501000,
              2253000,
              2826000,
              3737000
            ],
            "timecode_duration": [],
            "length": 4014000,
            "asset_id": "vod76564-000187M001",
            "title": "",
            "subtitle": "第187集 一日台積電 邰靖初登場！老爸不懂的兒子來！邰哥泱泱帶你來看護國神山的最狂福利！",
            "ep_number": 187,
            "rating": 1,
            "content_type": "show",
            "p_start": 1762570500000,
            "vod_channel_description": "木曜4超玩《一日系列》挑戰365行！阿公邰智源帶領你體驗各行各業！透過實際體驗台灣各行各業工作內容，讓民眾瞭解其背後專業和辛苦。"
          },
          {
            "content_id": "VOD00360814",
            "time_codes": [
              995000,
              1659000,
              2094000,
              2560000,
              3036000
            ],
            "timecode_duration": [],
            "length": 3642000,
            "asset_id": "vod76564-000188M001",
            "title": "",
            "subtitle": "第188集 一日日本清酒釀造-木陰之魚 今晚不讓你回家！終於等到邰哥最愛清酒 ~木陰之魚！",
            "ep_number": 188,
            "rating": 1,
            "content_type": "show",
            "p_start": 1762574700000,
            "vod_channel_description": "木曜4超玩《一日系列》挑戰365行！阿公邰智源帶領你體驗各行各業！透過實際體驗台灣各行各業工作內容，讓民眾瞭解其背後專業和辛苦。"
          },
          {
            "content_id": "VOD00360815",
            "time_codes": [
              883000,
              1358000,
              1785000,
              2199000,
              3118000
            ],
            "timecode_duration": [],
            "length": 4015000,
            "asset_id": "vod76564-000190M001",
            "title": "",
            "subtitle": "第190集 一日橄欖球員 57歲對上17歲！邰哥揪老友重溫年少回憶~熱血大叔們用愛國心衝向達陣線 ！",
            "ep_number": 190,
            "rating": 1,
            "content_type": "show",
            "p_start": 1762578600000,
            "vod_channel_description": "木曜4超玩《一日系列》挑戰365行！阿公邰智源帶領你體驗各行各業！透過實際體驗台灣各行各業工作內容，讓民眾瞭解其背後專業和辛苦。"
          },
          {
            "content_id": "VOD00360817",
            "time_codes": [
              920000,
              1626000,
              2162000,
              2787000
            ],
            "timecode_duration": [],
            "length": 3171000,
            "asset_id": "vod76564-000193M001",
            "title": "",
            "subtitle": "第193集 一日里長 邰哥來找「最美里長」，一起了解地方大小事！",
            "ep_number": 193,
            "rating": 1,
            "content_type": "show",
            "p_start": 1762582800000,
            "vod_channel_description": "木曜4超玩《一日系列》挑戰365行！阿公邰智源帶領你體驗各行各業！透過實際體驗台灣各行各業工作內容，讓民眾瞭解其背後專業和辛苦。"
          },
          {
            "content_id": "VOD00360818",
            "time_codes": [
              1035000,
              1622000,
              2240000
            ],
            "timecode_duration": [],
            "length": 2785000,
            "asset_id": "vod76564-000194M001",
            "title": "",
            "subtitle": "第194集 一日琺瑯鑄鐵鍋 阿部跟邰哥在日本名故屋拜師、學習手工製作鑄鐵鍋！",
            "ep_number": 194,
            "rating": 1,
            "content_type": "show",
            "p_start": 1762586100000,
            "vod_channel_description": "木曜4超玩《一日系列》挑戰365行！阿公邰智源帶領你體驗各行各業！透過實際體驗台灣各行各業工作內容，讓民眾瞭解其背後專業和辛苦。"
          },
          {
            "content_id": "VOD00360819",
            "time_codes": [
              811000,
              1371000,
              2009000,
              2733000
            ],
            "timecode_duration": [],
            "length": 3115000,
            "asset_id": "vod76564-000195M001",
            "title": "",
            "subtitle": "第195集 一日羅蘭-男公關俱樂部挑戰 邰哥、坤達來到歌舞伎町找傳奇男公關羅蘭，他們能加入男公關俱樂部嗎？",
            "ep_number": 195,
            "rating": 1,
            "content_type": "show",
            "p_start": 1762589100000,
            "vod_channel_description": "木曜4超玩《一日系列》挑戰365行！阿公邰智源帶領你體驗各行各業！透過實際體驗台灣各行各業工作內容，讓民眾瞭解其背後專業和辛苦。"
          },
          {
            "content_id": "VOD00360820",
            "time_codes": [
              983000,
              1603000,
              2012000,
              2599000,
              3513000
            ],
            "timecode_duration": [],
            "length": 3877000,
            "asset_id": "vod76564-000197M001",
            "title": "",
            "subtitle": "第197集 一日美國房仲 木曜來到美國找莎白，到底是當房仲還是看房？",
            "ep_number": 197,
            "rating": 1,
            "content_type": "show",
            "p_start": 1762592400000,
            "vod_channel_description": "木曜4超玩《一日系列》挑戰365行！阿公邰智源帶領你體驗各行各業！透過實際體驗台灣各行各業工作內容，讓民眾瞭解其背後專業和辛苦。"
          },
          {
            "content_id": "VOD00373488",
            "time_codes": [
              866000,
              1547000,
              2145000
            ],
            "timecode_duration": [],
            "length": 2619000,
            "asset_id": "vod76564-000198M001",
            "title": "",
            "subtitle": "第198集 一日警犬隊 有過領犬員經驗的邰哥，能夠順利帶領丘涵跟金魚腦加入警犬隊嗎？",
            "ep_number": 198,
            "rating": 1,
            "content_type": "show",
            "p_start": 1762596600000,
            "vod_channel_description": "木曜4超玩《一日系列》挑戰365行！阿公邰智源帶領你體驗各行各業！透過實際體驗台灣各行各業工作內容，讓民眾瞭解其背後專業和辛苦。"
          },
          {
            "content_id": "VOD00360821",
            "time_codes": [
              643000,
              1486000,
              2081000,
              2626000
            ],
            "timecode_duration": [],
            "length": 3278000,
            "asset_id": "vod76564-000199M001",
            "title": "",
            "subtitle": "第199集 一日搬家公司 搬家實習生報到！邰哥打包、裝箱、搬運都做得來嗎？",
            "ep_number": 199,
            "rating": 1,
            "content_type": "show",
            "p_start": 1762599300000,
            "vod_channel_description": "木曜4超玩《一日系列》挑戰365行！阿公邰智源帶領你體驗各行各業！透過實際體驗台灣各行各業工作內容，讓民眾瞭解其背後專業和辛苦。"
          },
          {
            "content_id": "VOD00360822",
            "time_codes": [
              1390000,
              2061000,
              2789000,
              3316000,
              3852000,
              4282000,
              4732000,
              5567000,
              6013000,
              6852000,
              7440000
            ],
            "timecode_duration": [],
            "length": 7954000,
            "asset_id": "vod76564-000200M001",
            "title": "",
            "subtitle": "第200集 一日牛仔 來美國西部牧場帥一波！這三天的體驗太充實了～牛仔真的好忙好忙 feat. 莎白",
            "ep_number": 200,
            "rating": 1,
            "content_type": "show",
            "p_start": 1762602900000,
            "vod_channel_description": "木曜4超玩《一日系列》挑戰365行！阿公邰智源帶領你體驗各行各業！透過實際體驗台灣各行各業工作內容，讓民眾瞭解其背後專業和辛苦。"
          },
          {
            "content_id": "VOD00360823",
            "time_codes": [
              878000,
              1820000,
              2193000
            ],
            "timecode_duration": [],
            "length": 2448000,
            "asset_id": "vod76564-000204M001",
            "title": "",
            "subtitle": "第204集 一日米干店員 邰哥、瑪利亞突襲鳥屎的猓玀苑！遇到史上最嚴格學長，今天可以安全下庄嗎？",
            "ep_number": 204,
            "rating": 1,
            "content_type": "show",
            "p_start": 1762611000000,
            "vod_channel_description": "木曜4超玩《一日系列》挑戰365行！阿公邰智源帶領你體驗各行各業！透過實際體驗台灣各行各業工作內容，讓民眾瞭解其背後專業和辛苦。"
          },
          {
            "content_id": "VOD00360824",
            "time_codes": [
              1025000,
              1523000,
              2067000
            ],
            "timecode_duration": [],
            "length": 2490000,
            "asset_id": "vod76564-000206M001",
            "title": "",
            "subtitle": "第206集 一日法國酒莊 邰哥、KID來到法國酒莊拍攝最享受的一日？葡萄酒原來是這樣來的！",
            "ep_number": 206,
            "rating": 1,
            "content_type": "show",
            "p_start": 1762613700000,
            "vod_channel_description": "木曜4超玩《一日系列》挑戰365行！阿公邰智源帶領你體驗各行各業！透過實際體驗台灣各行各業工作內容，讓民眾瞭解其背後專業和辛苦。"
          },
          {
            "content_id": "VOD00360825",
            "time_codes": [
              1019000,
              1880000,
              2450000
            ],
            "timecode_duration": [],
            "length": 2735000,
            "asset_id": "vod76564-000207M001",
            "title": "",
            "subtitle": "第207集 一日鞋類清潔專家  三位女神出考題，邰哥和Fred遭遇史上最大困難！",
            "ep_number": 207,
            "rating": 1,
            "content_type": "show",
            "p_start": 1762616400000,
            "vod_channel_description": "木曜4超玩《一日系列》挑戰365行！阿公邰智源帶領你體驗各行各業！透過實際體驗台灣各行各業工作內容，讓民眾瞭解其背後專業和辛苦。"
          },
          {
            "content_id": "VOD00360826",
            "time_codes": [
              977000,
              1842000
            ],
            "timecode_duration": [],
            "length": 2337000,
            "asset_id": "vod76564-000209M001",
            "title": "",
            "subtitle": "第209集 一日捕蟹 KID帶邰哥跟坤達出海捕蟹，這次能順利嗎？",
            "ep_number": 209,
            "rating": 1,
            "content_type": "show",
            "p_start": 1762619400000,
            "vod_channel_description": "木曜4超玩《一日系列》挑戰365行！阿公邰智源帶領你體驗各行各業！透過實際體驗台灣各行各業工作內容，讓民眾瞭解其背後專業和辛苦。"
          },
          {
            "content_id": "VOD00360827",
            "time_codes": [
              840000,
              1694000,
              2193000,
              2680000
            ],
            "timecode_duration": [],
            "length": 3056000,
            "asset_id": "vod76564-000210M001",
            "title": "",
            "subtitle": "第210集 一日7-ELEVEN鮮食研發 木曜跟7-ELEVEN聯名啦！泱泱和瑪利亞能研發出世紀美味嗎？",
            "ep_number": 210,
            "rating": 1,
            "content_type": "show",
            "p_start": 1762621800000,
            "vod_channel_description": "木曜4超玩《一日系列》挑戰365行！阿公邰智源帶領你體驗各行各業！透過實際體驗台灣各行各業工作內容，讓民眾瞭解其背後專業和辛苦。"
          },
          {
            "content_id": "VOD00360828",
            "time_codes": [
              816000,
              1286000,
              1698000
            ],
            "timecode_duration": [],
            "length": 2485000,
            "asset_id": "vod76564-000211M001",
            "title": "",
            "subtitle": "第211集 一日國慶禮賓人員 邰哥和阿部來到國慶大會擔任禮賓人員，一起用台上視角看國慶日！",
            "ep_number": 211,
            "rating": 1,
            "content_type": "show",
            "p_start": 1762625100000,
            "vod_channel_description": "木曜4超玩《一日系列》挑戰365行！阿公邰智源帶領你體驗各行各業！透過實際體驗台灣各行各業工作內容，讓民眾瞭解其背後專業和辛苦。"
          },
          {
            "content_id": "VOD00373489",
            "time_codes": [
              766000,
              1568000,
              2007000
            ],
            "timecode_duration": [],
            "length": 2761000,
            "asset_id": "vod76564-000213M001",
            "title": "",
            "subtitle": "第213集 一日怪手駕駛 邰哥和 KID實現男人的夢想，這次駕駛挖土機拆房子了！",
            "ep_number": 213,
            "rating": 1,
            "content_type": "show",
            "p_start": 1762627800000,
            "vod_channel_description": "木曜4超玩《一日系列》挑戰365行！阿公邰智源帶領你體驗各行各業！透過實際體驗台灣各行各業工作內容，讓民眾瞭解其背後專業和辛苦。"
          },
          {
            "content_id": "VOD00360829",
            "time_codes": [
              977000,
              1846000,
              2342000,
              2824000
            ],
            "timecode_duration": [],
            "length": 3430000,
            "asset_id": "vod76564-000216M001",
            "title": "",
            "subtitle": "第216集 一日總統幕僚1 蔡英文總統成為邰哥的老闆？一日系列華麗升級！",
            "ep_number": 216,
            "rating": 1,
            "content_type": "show",
            "p_start": 1762630800000,
            "vod_channel_description": "木曜4超玩《一日系列》挑戰365行！阿公邰智源帶領你體驗各行各業！透過實際體驗台灣各行各業工作內容，讓民眾瞭解其背後專業和辛苦。"
          },
          {
            "content_id": "VOD00360830",
            "time_codes": [
              1000000,
              1634000,
              2566000
            ],
            "timecode_duration": [],
            "length": 2929000,
            "asset_id": "vod76564-000217M001",
            "title": "",
            "subtitle": "第217集 一日總統幕僚2 蔡英文總統帶著幕僚邰哥出訪非洲友邦、接待國慶嘉賓！",
            "ep_number": 217,
            "rating": 1,
            "content_type": "show",
            "p_start": 1762634400000,
            "vod_channel_description": "木曜4超玩《一日系列》挑戰365行！阿公邰智源帶領你體驗各行各業！透過實際體驗台灣各行各業工作內容，讓民眾瞭解其背後專業和辛苦。"
          },
          {
            "content_id": "VOD00360831",
            "time_codes": [
              1064000,
              1857000,
              2365000
            ],
            "timecode_duration": [],
            "length": 2835000,
            "asset_id": "vod76564-000218M001",
            "title": "",
            "subtitle": "第218集 一日總統幕僚3 看似小工作卻讓總統幕僚邰哥手抖！總統致詞聽到泛淚！",
            "ep_number": 218,
            "rating": 1,
            "content_type": "show",
            "p_start": 1762637400000,
            "vod_channel_description": "木曜4超玩《一日系列》挑戰365行！阿公邰智源帶領你體驗各行各業！透過實際體驗台灣各行各業工作內容，讓民眾瞭解其背後專業和辛苦。"
          },
          {
            "content_id": "VOD00360832",
            "time_codes": [
              909000,
              1451000,
              2330000
            ],
            "timecode_duration": [],
            "length": 2873000,
            "asset_id": "vod76564-000219M001",
            "title": "",
            "subtitle": "第219集 一日總統幕僚4 總統幕僚的最後一份任務！邰哥和蔡英文總統一起畢業！",
            "ep_number": 219,
            "rating": 1,
            "content_type": "show",
            "p_start": 1762640400000,
            "vod_channel_description": "木曜4超玩《一日系列》挑戰365行！阿公邰智源帶領你體驗各行各業！透過實際體驗台灣各行各業工作內容，讓民眾瞭解其背後專業和辛苦。"
          },
          {
            "content_id": "VOD00360833",
            "time_codes": [
              1190000,
              1954000
            ],
            "timecode_duration": [],
            "length": 2369000,
            "asset_id": "vod76564-000220M001",
            "title": "",
            "subtitle": "第220集 一日法國小農 邰哥嗅覺大破防！不可能到法國還躲不過香菜吧？",
            "ep_number": 220,
            "rating": 1,
            "content_type": "show",
            "p_start": 1762643400000,
            "vod_channel_description": "木曜4超玩《一日系列》挑戰365行！阿公邰智源帶領你體驗各行各業！透過實際體驗台灣各行各業工作內容，讓民眾瞭解其背後專業和辛苦。"
          },
          {
            "content_id": "VOD00360834",
            "time_codes": [
              1039000,
              1634000
            ],
            "timecode_duration": [],
            "length": 2159000,
            "asset_id": "vod76564-000221M001",
            "title": "",
            "subtitle": "第221集 一日里昂肉腸 法國行最終回！邰哥和阿辰師、酷帶大家了解里昂頂級內臟腸裡都放什麼？",
            "ep_number": 221,
            "rating": 1,
            "content_type": "show",
            "p_start": 1762646100000,
            "vod_channel_description": "木曜4超玩《一日系列》挑戰365行！阿公邰智源帶領你體驗各行各業！透過實際體驗台灣各行各業工作內容，讓民眾瞭解其背後專業和辛苦。"
          },
          {
            "content_id": "VOD00360835",
            "time_codes": [
              830000,
              1700000
            ],
            "timecode_duration": [],
            "length": 2073000,
            "asset_id": "vod76564-000223M001",
            "title": "",
            "subtitle": "第223集 一日日本海漁師 邰哥帶領阿中勇闖日本海，風浪高達三米！這一次邰哥能順利登船嗎？",
            "ep_number": 223,
            "rating": 1,
            "content_type": "show",
            "p_start": 1762648500000,
            "vod_channel_description": "木曜4超玩《一日系列》挑戰365行！阿公邰智源帶領你體驗各行各業！透過實際體驗台灣各行各業工作內容，讓民眾瞭解其背後專業和辛苦。"
          },
          {
            "content_id": "VOD00365543",
            "time_codes": [
              1000000,
              1721000,
              2471000
            ],
            "timecode_duration": [],
            "length": 2870000,
            "asset_id": "vod76564-000224M001",
            "title": "",
            "subtitle": "第224集 一日檜木浴桶製作 做一個檜木浴桶到底要幾天？邰哥的十根手指能安全下庄嗎？",
            "ep_number": 224,
            "rating": 1,
            "content_type": "show",
            "p_start": 1762650900000,
            "vod_channel_description": "木曜4超玩《一日系列》挑戰365行！阿公邰智源帶領你體驗各行各業！透過實際體驗台灣各行各業工作內容，讓民眾瞭解其背後專業和辛苦。"
          },
          {
            "content_id": "VOD00365544",
            "time_codes": [
              1259000,
              1755000,
              2366000,
              2907000,
              3404000
            ],
            "timecode_duration": [],
            "length": 4191000,
            "asset_id": "vod76564-000226M001",
            "title": "",
            "subtitle": "第226集 一日影集製作 EP1 木曜聯手黃宣，能通過雙豪導演的試鏡成為跨界影星嗎？",
            "ep_number": 226,
            "rating": 1,
            "content_type": "show",
            "p_start": 1762653900000,
            "vod_channel_description": "木曜4超玩《一日系列》挑戰365行！阿公邰智源帶領你體驗各行各業！透過實際體驗台灣各行各業工作內容，讓民眾瞭解其背後專業和辛苦。"
          },
          {
            "content_id": "VOD00365545",
            "time_codes": [
              1018000,
              1714000,
              2183000,
              3022000,
              3850000,
              4609000
            ],
            "timecode_duration": [],
            "length": 4795000,
            "asset_id": "vod76564-000228M001",
            "title": "",
            "subtitle": "第228集 一日影集製作 EP2 成魔小隊拍攝過程全紀錄！正港分局與木曜4超玩聯手拍攝影集！",
            "ep_number": 228,
            "rating": 1,
            "content_type": "show",
            "p_start": 1762658400000,
            "vod_channel_description": "木曜4超玩《一日系列》挑戰365行！阿公邰智源帶領你體驗各行各業！透過實際體驗台灣各行各業工作內容，讓民眾瞭解其背後專業和辛苦。"
          },
          {
            "content_id": "VOD00365546",
            "time_codes": [
              940000,
              1396000,
              2086000
            ],
            "timecode_duration": [],
            "length": 2756000,
            "asset_id": "vod76564-000229M001",
            "title": "",
            "subtitle": "第229集 一日成人展工作人員 未滿十八歲慎入！邰哥勇闖成人展，血壓控制得住嗎？",
            "ep_number": 229,
            "rating": 1,
            "content_type": "show",
            "p_start": 1762663500000,
            "vod_channel_description": "木曜4超玩《一日系列》挑戰365行！阿公邰智源帶領你體驗各行各業！透過實際體驗台灣各行各業工作內容，讓民眾瞭解其背後專業和辛苦。"
          },
          {
            "content_id": "VOD00365548",
            "time_codes": [
              946000,
              1847000
            ],
            "timecode_duration": [],
            "length": 2263000,
            "asset_id": "vod76564-000233M001",
            "title": "",
            "subtitle": "第233集 一日黑糖製作 做黑糖還要用挖土機？！ 跟邰哥江江一起用明朝古法製作純手工黑糖！",
            "ep_number": 233,
            "rating": 1,
            "content_type": "show",
            "p_start": 1762666500000,
            "vod_channel_description": "木曜4超玩《一日系列》挑戰365行！阿公邰智源帶領你體驗各行各業！透過實際體驗台灣各行各業工作內容，讓民眾瞭解其背後專業和辛苦。"
          },
          {
            "content_id": "VOD00365549",
            "time_codes": [
              982000,
              1749000,
              2478000
            ],
            "timecode_duration": [],
            "length": 2865000,
            "asset_id": "vod76564-000234M001",
            "title": "",
            "subtitle": "第234集 一日美食模型製作 到底哪個才是真的可以吃的啦！！！ 邰哥與丘涵做的美食模型能成功交貨嗎？",
            "ep_number": 234,
            "rating": 1,
            "content_type": "show",
            "p_start": 1762668900000,
            "vod_channel_description": "木曜4超玩《一日系列》挑戰365行！阿公邰智源帶領你體驗各行各業！透過實際體驗台灣各行各業工作內容，讓民眾瞭解其背後專業和辛苦。"
          }
        ],
        "total_length": 222743000,
        "focus_index": 59,
        "next_index": 60,
        "time": 3445656,
        "focus_program": {
          "content_id": "VOD00365545",
          "time_codes": [
            1018000,
            1714000,
            2183000,
            3022000,
            3850000,
            4609000
          ],
          "timecode_duration": [],
          "length": 4795000,
          "asset_id": "vod76564-000228M001",
          "title": "",
          "subtitle": "第228集 一日影集製作 EP2 成魔小隊拍攝過程全紀錄！正港分局與木曜4超玩聯手拍攝影集！",
          "ep_number": 228,
          "rating": 1,
          "content_type": "show",
          "p_start": 1762658400000,
          "vod_channel_description": "木曜4超玩《一日系列》挑戰365行！阿公邰智源帶領你體驗各行各業！透過實際體驗台灣各行各業工作內容，讓民眾瞭解其背後專業和辛苦。"
        }
      },
      "station_categories": [
        {
          "Name": "綜藝",
          "EngName": "Entertainment",
          "MenuOrder": 8
        }
      ]
    },
    "introduction": null,
    "recommends": null,
    "ua": "Mozilla/5.0 (Windows NT 10.0; Win64; x64) AppleWebKit/537.36 (KHTML, like Gecko) Chrome/134.0.0.0 Safari/537.36"
  },
  "__N_SSP": true
}