{
  "pageProps": {
    "contentId": "ofiii156",
    "channel": {
      "title": "苦力",
      "no": 156,
      "charge_mode": "F",
      "content_id": "ofiii156",
      "content_type": "vod-channel",
      "epg_categories": [
        4
      ],
      "genres": [
        {
          "id": "",
          "name": "VOD_CHANNEL",
          "logo": ""
        }
      ],
      "liad_id": "VODCHNEWOFIWEB",
      "package_info_id": "VOD_CHANNEL_DELUX",
      "picture": "pics/vod_channel/logo_3478_ofiii156_tv_20250221.png",
      "provider": [
        {
          "id": "",
          "name": "公視 純拆",
          "logo": ""
        }
      ],
      "quality": "HD",
      "station_id": "station6412",
      "trial": "",
      "selectable": 1,
      "tr_logo": "",
      "tl_logo": "",
      "br_logo": "",
      "bl_logo": "",
      "menu_type": 1,
      "vod_channel_schedule": {
        "channel_id": 156,
        "cdn_code": "ofiii156",
        "start_time": 1762896760000,
        "programs": [
          {
            "content_id": "VOD00296214",
            "time_codes": [
              696000,
              1516000,
              2271000
            ],
            "timecode_duration": [],
            "length": 2880000,
            "asset_id": "vod64653-000001M001",
            "title": "",
            "subtitle": "第1集",
            "ep_number": 1,
            "rating": 1,
            "content_type": "drama",
            "p_start": 1740137400000,
            "vod_channel_description": "1970年代，走過戰火與重建的基隆港，此時正走向前所未有的蓬勃與發展；港裡停泊著許多各式各樣的商船與軍艦，不分晝夜都有大船在進出，船笛聲此起彼落，呈現出一片繁華景象，而支撐這一切的，正是一群生活在社會基層的勞動者——苦力。"
          },
          {
            "content_id": "VOD00296215",
            "time_codes": [
              775000,
              1470000,
              2218000
            ],
            "timecode_duration": [],
            "length": 2900000,
            "asset_id": "vod64653-000002M001",
            "title": "",
            "subtitle": "第2集",
            "ep_number": 2,
            "rating": 1,
            "content_type": "drama",
            "p_start": 1740140400000,
            "vod_channel_description": "1970年代，走過戰火與重建的基隆港，此時正走向前所未有的蓬勃與發展；港裡停泊著許多各式各樣的商船與軍艦，不分晝夜都有大船在進出，船笛聲此起彼落，呈現出一片繁華景象，而支撐這一切的，正是一群生活在社會基層的勞動者——苦力。"
          },
          {
            "content_id": "VOD00296216",
            "time_codes": [
              734000,
              1476000,
              2229000
            ],
            "timecode_duration": [],
            "length": 2879000,
            "asset_id": "vod64653-000003M001",
            "title": "",
            "subtitle": "第3集",
            "ep_number": 3,
            "rating": 1,
            "content_type": "drama",
            "p_start": 1740143400000,
            "vod_channel_description": "1970年代，走過戰火與重建的基隆港，此時正走向前所未有的蓬勃與發展；港裡停泊著許多各式各樣的商船與軍艦，不分晝夜都有大船在進出，船笛聲此起彼落，呈現出一片繁華景象，而支撐這一切的，正是一群生活在社會基層的勞動者——苦力。"
          },
          {
            "content_id": "VOD00296217",
            "time_codes": [
              785000,
              1437000,
              2160000
            ],
            "timecode_duration": [],
            "length": 2890000,
            "asset_id": "vod64653-000004M001",
            "title": "",
            "subtitle": "第4集",
            "ep_number": 4,
            "rating": 1,
            "content_type": "drama",
            "p_start": 1740146400000,
            "vod_channel_description": "1970年代，走過戰火與重建的基隆港，此時正走向前所未有的蓬勃與發展；港裡停泊著許多各式各樣的商船與軍艦，不分晝夜都有大船在進出，船笛聲此起彼落，呈現出一片繁華景象，而支撐這一切的，正是一群生活在社會基層的勞動者——苦力。"
          },
          {
            "content_id": "VOD00296218",
            "time_codes": [
              688000,
              1550000,
              2158000
            ],
            "timecode_duration": [],
            "length": 2890000,
            "asset_id": "vod64653-000005M001",
            "title": "",
            "subtitle": "第5集",
            "ep_number": 5,
            "rating": 1,
            "content_type": "drama",
            "p_start": 1740149400000,
            "vod_channel_description": "1970年代，走過戰火與重建的基隆港，此時正走向前所未有的蓬勃與發展；港裡停泊著許多各式各樣的商船與軍艦，不分晝夜都有大船在進出，船笛聲此起彼落，呈現出一片繁華景象，而支撐這一切的，正是一群生活在社會基層的勞動者——苦力。"
          },
          {
            "content_id": "VOD00296219",
            "time_codes": [
              741000,
              1510000,
              2113000
            ],
            "timecode_duration": [],
            "length": 2920000,
            "asset_id": "vod64653-000006M001",
            "title": "",
            "subtitle": "第6集",
            "ep_number": 6,
            "rating": 1,
            "content_type": "drama",
            "p_start": 1740152400000,
            "vod_channel_description": "1970年代，走過戰火與重建的基隆港，此時正走向前所未有的蓬勃與發展；港裡停泊著許多各式各樣的商船與軍艦，不分晝夜都有大船在進出，船笛聲此起彼落，呈現出一片繁華景象，而支撐這一切的，正是一群生活在社會基層的勞動者——苦力。"
          },
          {
            "content_id": "VOD00296220",
            "time_codes": [
              795000,
              1426000,
              2191000
            ],
            "timecode_duration": [],
            "length": 2900000,
            "asset_id": "vod64653-000007M001",
            "title": "",
            "subtitle": "第7集",
            "ep_number": 7,
            "rating": 1,
            "content_type": "drama",
            "p_start": 1740155400000,
            "vod_channel_description": "1970年代，走過戰火與重建的基隆港，此時正走向前所未有的蓬勃與發展；港裡停泊著許多各式各樣的商船與軍艦，不分晝夜都有大船在進出，船笛聲此起彼落，呈現出一片繁華景象，而支撐這一切的，正是一群生活在社會基層的勞動者——苦力。"
          },
          {
            "content_id": "VOD00296221",
            "time_codes": [
              681000,
              1500000,
              2193000
            ],
            "timecode_duration": [],
            "length": 2900000,
            "asset_id": "vod64653-000008M001",
            "title": "",
            "subtitle": "第8集",
            "ep_number": 8,
            "rating": 1,
            "content_type": "drama",
            "p_start": 1740158400000,
            "vod_channel_description": "1970年代，走過戰火與重建的基隆港，此時正走向前所未有的蓬勃與發展；港裡停泊著許多各式各樣的商船與軍艦，不分晝夜都有大船在進出，船笛聲此起彼落，呈現出一片繁華景象，而支撐這一切的，正是一群生活在社會基層的勞動者——苦力。"
          },
          {
            "content_id": "VOD00296222",
            "time_codes": [
              664000,
              1459000,
              2130000
            ],
            "timecode_duration": [],
            "length": 2910000,
            "asset_id": "vod64653-000009M001",
            "title": "",
            "subtitle": "第9集",
            "ep_number": 9,
            "rating": 1,
            "content_type": "drama",
            "p_start": 1740161400000,
            "vod_channel_description": "1970年代，走過戰火與重建的基隆港，此時正走向前所未有的蓬勃與發展；港裡停泊著許多各式各樣的商船與軍艦，不分晝夜都有大船在進出，船笛聲此起彼落，呈現出一片繁華景象，而支撐這一切的，正是一群生活在社會基層的勞動者——苦力。"
          },
          {
            "content_id": "VOD00296223",
            "time_codes": [
              728000,
              1511000,
              2095000
            ],
            "timecode_duration": [],
            "length": 3000000,
            "asset_id": "vod64653-000010M001",
            "title": "",
            "subtitle": "第10集",
            "ep_number": 10,
            "rating": 1,
            "content_type": "drama",
            "p_start": 1740164400000,
            "vod_channel_description": "1970年代，走過戰火與重建的基隆港，此時正走向前所未有的蓬勃與發展；港裡停泊著許多各式各樣的商船與軍艦，不分晝夜都有大船在進出，船笛聲此起彼落，呈現出一片繁華景象，而支撐這一切的，正是一群生活在社會基層的勞動者——苦力。"
          },
          {
            "content_id": "VOD00296224",
            "time_codes": [
              808000,
              1497000,
              2161000
            ],
            "timecode_duration": [],
            "length": 2919000,
            "asset_id": "vod64653-000011M001",
            "title": "",
            "subtitle": "第11集",
            "ep_number": 11,
            "rating": 1,
            "content_type": "drama",
            "p_start": 1740167700000,
            "vod_channel_description": "1970年代，走過戰火與重建的基隆港，此時正走向前所未有的蓬勃與發展；港裡停泊著許多各式各樣的商船與軍艦，不分晝夜都有大船在進出，船笛聲此起彼落，呈現出一片繁華景象，而支撐這一切的，正是一群生活在社會基層的勞動者——苦力。"
          },
          {
            "content_id": "VOD00296225",
            "time_codes": [
              759000,
              1522000,
              2163000
            ],
            "timecode_duration": [],
            "length": 2879000,
            "asset_id": "vod64653-000012M001",
            "title": "",
            "subtitle": "第12集",
            "ep_number": 12,
            "rating": 1,
            "content_type": "drama",
            "p_start": 1740170700000,
            "vod_channel_description": "1970年代，走過戰火與重建的基隆港，此時正走向前所未有的蓬勃與發展；港裡停泊著許多各式各樣的商船與軍艦，不分晝夜都有大船在進出，船笛聲此起彼落，呈現出一片繁華景象，而支撐這一切的，正是一群生活在社會基層的勞動者——苦力。"
          },
          {
            "content_id": "VOD00296226",
            "time_codes": [
              765000,
              1437000,
              2227000
            ],
            "timecode_duration": [],
            "length": 2879000,
            "asset_id": "vod64653-000013M001",
            "title": "",
            "subtitle": "第13集",
            "ep_number": 13,
            "rating": 1,
            "content_type": "drama",
            "p_start": 1740173700000,
            "vod_channel_description": "1970年代，走過戰火與重建的基隆港，此時正走向前所未有的蓬勃與發展；港裡停泊著許多各式各樣的商船與軍艦，不分晝夜都有大船在進出，船笛聲此起彼落，呈現出一片繁華景象，而支撐這一切的，正是一群生活在社會基層的勞動者——苦力。"
          },
          {
            "content_id": "VOD00296227",
            "time_codes": [
              764000,
              1506000,
              2142000
            ],
            "timecode_duration": [],
            "length": 2900000,
            "asset_id": "vod64653-000014M001",
            "title": "",
            "subtitle": "第14集",
            "ep_number": 14,
            "rating": 1,
            "content_type": "drama",
            "p_start": 1740176700000,
            "vod_channel_description": "1970年代，走過戰火與重建的基隆港，此時正走向前所未有的蓬勃與發展；港裡停泊著許多各式各樣的商船與軍艦，不分晝夜都有大船在進出，船笛聲此起彼落，呈現出一片繁華景象，而支撐這一切的，正是一群生活在社會基層的勞動者——苦力。"
          },
          {
            "content_id": "VOD00296228",
            "time_codes": [
              716000,
              1462000,
              2125000
            ],
            "timecode_duration": [],
            "length": 2879000,
            "asset_id": "vod64653-000015M001",
            "title": "",
            "subtitle": "第15集",
            "ep_number": 15,
            "rating": 1,
            "content_type": "drama",
            "p_start": 1740179700000,
            "vod_channel_description": "1970年代，走過戰火與重建的基隆港，此時正走向前所未有的蓬勃與發展；港裡停泊著許多各式各樣的商船與軍艦，不分晝夜都有大船在進出，船笛聲此起彼落，呈現出一片繁華景象，而支撐這一切的，正是一群生活在社會基層的勞動者——苦力。"
          },
          {
            "content_id": "VOD00296229",
            "time_codes": [
              826000,
              1433000,
              2142000
            ],
            "timecode_duration": [],
            "length": 2880000,
            "asset_id": "vod64653-000016M001",
            "title": "",
            "subtitle": "第16集",
            "ep_number": 16,
            "rating": 1,
            "content_type": "drama",
            "p_start": 1740182700000,
            "vod_channel_description": "1970年代，走過戰火與重建的基隆港，此時正走向前所未有的蓬勃與發展；港裡停泊著許多各式各樣的商船與軍艦，不分晝夜都有大船在進出，船笛聲此起彼落，呈現出一片繁華景象，而支撐這一切的，正是一群生活在社會基層的勞動者——苦力。"
          },
          {
            "content_id": "VOD00296230",
            "time_codes": [
              719000,
              1432000,
              2150000
            ],
            "timecode_duration": [],
            "length": 2949000,
            "asset_id": "vod64653-000017M001",
            "title": "",
            "subtitle": "第17集",
            "ep_number": 17,
            "rating": 1,
            "content_type": "drama",
            "p_start": 1740185700000,
            "vod_channel_description": "1970年代，走過戰火與重建的基隆港，此時正走向前所未有的蓬勃與發展；港裡停泊著許多各式各樣的商船與軍艦，不分晝夜都有大船在進出，船笛聲此起彼落，呈現出一片繁華景象，而支撐這一切的，正是一群生活在社會基層的勞動者——苦力。"
          },
          {
            "content_id": "VOD00296231",
            "time_codes": [
              812000,
              1447000,
              2126000
            ],
            "timecode_duration": [],
            "length": 2890000,
            "asset_id": "vod64653-000018M001",
            "title": "",
            "subtitle": "第18集",
            "ep_number": 18,
            "rating": 1,
            "content_type": "drama",
            "p_start": 1740189000000,
            "vod_channel_description": "1970年代，走過戰火與重建的基隆港，此時正走向前所未有的蓬勃與發展；港裡停泊著許多各式各樣的商船與軍艦，不分晝夜都有大船在進出，船笛聲此起彼落，呈現出一片繁華景象，而支撐這一切的，正是一群生活在社會基層的勞動者——苦力。"
          },
          {
            "content_id": "VOD00296232",
            "time_codes": [
              730000,
              1524000,
              2163000
            ],
            "timecode_duration": [],
            "length": 2919000,
            "asset_id": "vod64653-000019M001",
            "title": "",
            "subtitle": "第19集",
            "ep_number": 19,
            "rating": 1,
            "content_type": "drama",
            "p_start": 1740192000000,
            "vod_channel_description": "1970年代，走過戰火與重建的基隆港，此時正走向前所未有的蓬勃與發展；港裡停泊著許多各式各樣的商船與軍艦，不分晝夜都有大船在進出，船笛聲此起彼落，呈現出一片繁華景象，而支撐這一切的，正是一群生活在社會基層的勞動者——苦力。"
          },
          {
            "content_id": "VOD00296233",
            "time_codes": [
              777000,
              1545000,
              2247000
            ],
            "timecode_duration": [],
            "length": 2898000,
            "asset_id": "vod64653-000020M001",
            "title": "",
            "subtitle": "第20集",
            "ep_number": 20,
            "rating": 1,
            "content_type": "drama",
            "p_start": 1740195000000,
            "vod_channel_description": "1970年代，走過戰火與重建的基隆港，此時正走向前所未有的蓬勃與發展；港裡停泊著許多各式各樣的商船與軍艦，不分晝夜都有大船在進出，船笛聲此起彼落，呈現出一片繁華景象，而支撐這一切的，正是一群生活在社會基層的勞動者——苦力。"
          },
          {
            "content_id": "VOD00296234",
            "time_codes": [
              747000,
              1463000,
              2201000
            ],
            "timecode_duration": [],
            "length": 2890000,
            "asset_id": "vod64653-000021M001",
            "title": "",
            "subtitle": "第21集",
            "ep_number": 21,
            "rating": 1,
            "content_type": "drama",
            "p_start": 1740198000000,
            "vod_channel_description": "1970年代，走過戰火與重建的基隆港，此時正走向前所未有的蓬勃與發展；港裡停泊著許多各式各樣的商船與軍艦，不分晝夜都有大船在進出，船笛聲此起彼落，呈現出一片繁華景象，而支撐這一切的，正是一群生活在社會基層的勞動者——苦力。"
          },
          {
            "content_id": "VOD00296235",
            "time_codes": [
              742000,
              1490000,
              2104000
            ],
            "timecode_duration": [],
            "length": 2939000,
            "asset_id": "vod64653-000022M001",
            "title": "",
            "subtitle": "第22集",
            "ep_number": 22,
            "rating": 1,
            "content_type": "drama",
            "p_start": 1740201000000,
            "vod_channel_description": "1970年代，走過戰火與重建的基隆港，此時正走向前所未有的蓬勃與發展；港裡停泊著許多各式各樣的商船與軍艦，不分晝夜都有大船在進出，船笛聲此起彼落，呈現出一片繁華景象，而支撐這一切的，正是一群生活在社會基層的勞動者——苦力。"
          },
          {
            "content_id": "VOD00296236",
            "time_codes": [
              745000,
              1415000,
              2142000
            ],
            "timecode_duration": [],
            "length": 2900000,
            "asset_id": "vod64653-000023M001",
            "title": "",
            "subtitle": "第23集",
            "ep_number": 23,
            "rating": 1,
            "content_type": "drama",
            "p_start": 1740204000000,
            "vod_channel_description": "1970年代，走過戰火與重建的基隆港，此時正走向前所未有的蓬勃與發展；港裡停泊著許多各式各樣的商船與軍艦，不分晝夜都有大船在進出，船笛聲此起彼落，呈現出一片繁華景象，而支撐這一切的，正是一群生活在社會基層的勞動者——苦力。"
          },
          {
            "content_id": "VOD00296237",
            "time_codes": [
              717000,
              1527000,
              2187000
            ],
            "timecode_duration": [],
            "length": 3010000,
            "asset_id": "vod64653-000024M001",
            "title": "",
            "subtitle": "第24集",
            "ep_number": 24,
            "rating": 1,
            "content_type": "drama",
            "p_start": 1740207000000,
            "vod_channel_description": "1970年代，走過戰火與重建的基隆港，此時正走向前所未有的蓬勃與發展；港裡停泊著許多各式各樣的商船與軍艦，不分晝夜都有大船在進出，船笛聲此起彼落，呈現出一片繁華景象，而支撐這一切的，正是一群生活在社會基層的勞動者——苦力。"
          },
          {
            "content_id": "VOD00296238",
            "time_codes": [
              697000,
              1418000,
              2164000
            ],
            "timecode_duration": [],
            "length": 3020000,
            "asset_id": "vod64653-000025M001",
            "title": "",
            "subtitle": "第25集",
            "ep_number": 25,
            "rating": 1,
            "content_type": "drama",
            "p_start": 1740210300000,
            "vod_channel_description": "1970年代，走過戰火與重建的基隆港，此時正走向前所未有的蓬勃與發展；港裡停泊著許多各式各樣的商船與軍艦，不分晝夜都有大船在進出，船笛聲此起彼落，呈現出一片繁華景象，而支撐這一切的，正是一群生活在社會基層的勞動者——苦力。"
          },
          {
            "content_id": "VOD00296239",
            "time_codes": [
              792000,
              1531000,
              2213000
            ],
            "timecode_duration": [],
            "length": 2930000,
            "asset_id": "vod64653-000026M001",
            "title": "",
            "subtitle": "第26集",
            "ep_number": 26,
            "rating": 1,
            "content_type": "drama",
            "p_start": 1740213600000,
            "vod_channel_description": "1970年代，走過戰火與重建的基隆港，此時正走向前所未有的蓬勃與發展；港裡停泊著許多各式各樣的商船與軍艦，不分晝夜都有大船在進出，船笛聲此起彼落，呈現出一片繁華景象，而支撐這一切的，正是一群生活在社會基層的勞動者——苦力。"
          },
          {
            "content_id": "VOD00296240",
            "time_codes": [
              695000,
              1401000,
              2133000
            ],
            "timecode_duration": [],
            "length": 2930000,
            "asset_id": "vod64653-000027M001",
            "title": "",
            "subtitle": "第27集",
            "ep_number": 27,
            "rating": 1,
            "content_type": "drama",
            "p_start": 1740216600000,
            "vod_channel_description": "1970年代，走過戰火與重建的基隆港，此時正走向前所未有的蓬勃與發展；港裡停泊著許多各式各樣的商船與軍艦，不分晝夜都有大船在進出，船笛聲此起彼落，呈現出一片繁華景象，而支撐這一切的，正是一群生活在社會基層的勞動者——苦力。"
          },
          {
            "content_id": "VOD00296241",
            "time_codes": [
              716000,
              1429000,
              2158000
            ],
            "timecode_duration": [],
            "length": 2917000,
            "asset_id": "vod64653-000028M001",
            "title": "",
            "subtitle": "第28集",
            "ep_number": 28,
            "rating": 1,
            "content_type": "drama",
            "p_start": 1740219600000,
            "vod_channel_description": "1970年代，走過戰火與重建的基隆港，此時正走向前所未有的蓬勃與發展；港裡停泊著許多各式各樣的商船與軍艦，不分晝夜都有大船在進出，船笛聲此起彼落，呈現出一片繁華景象，而支撐這一切的，正是一群生活在社會基層的勞動者——苦力。"
          },
          {
            "content_id": "VOD00296242",
            "time_codes": [
              776000,
              1393000,
              2091000
            ],
            "timecode_duration": [],
            "length": 3010000,
            "asset_id": "vod64653-000029M001",
            "title": "",
            "subtitle": "第29集",
            "ep_number": 29,
            "rating": 1,
            "content_type": "drama",
            "p_start": 1740222600000,
            "vod_channel_description": "1970年代，走過戰火與重建的基隆港，此時正走向前所未有的蓬勃與發展；港裡停泊著許多各式各樣的商船與軍艦，不分晝夜都有大船在進出，船笛聲此起彼落，呈現出一片繁華景象，而支撐這一切的，正是一群生活在社會基層的勞動者——苦力。"
          },
          {
            "content_id": "VOD00296243",
            "time_codes": [
              701000,
              1480000,
              2232000
            ],
            "timecode_duration": [],
            "length": 2929000,
            "asset_id": "vod64653-000030M001",
            "title": "",
            "subtitle": "第30集",
            "ep_number": 30,
            "rating": 1,
            "content_type": "drama",
            "p_start": 1740225900000,
            "vod_channel_description": "1970年代，走過戰火與重建的基隆港，此時正走向前所未有的蓬勃與發展；港裡停泊著許多各式各樣的商船與軍艦，不分晝夜都有大船在進出，船笛聲此起彼落，呈現出一片繁華景象，而支撐這一切的，正是一群生活在社會基層的勞動者——苦力。"
          }
        ],
        "total_length": 87536000,
        "focus_index": 2,
        "next_index": 3,
        "time": 2813205,
        "focus_program": {
          "content_id": "VOD00296216",
          "time_codes": [
            734000,
            1476000,
            2229000
          ],
          "timecode_duration": [],
          "length": 2879000,
          "asset_id": "vod64653-000003M001",
          "title": "",
          "subtitle": "第3集",
          "ep_number": 3,
          "rating": 1,
          "content_type": "drama",
          "p_start": 1740143400000,
          "vod_channel_description": "1970年代，走過戰火與重建的基隆港，此時正走向前所未有的蓬勃與發展；港裡停泊著許多各式各樣的商船與軍艦，不分晝夜都有大船在進出，船笛聲此起彼落，呈現出一片繁華景象，而支撐這一切的，正是一群生活在社會基層的勞動者——苦力。"
        }
      },
      "station_categories": [
        {
          "Name": "戲劇",
          "EngName": "Drama",
          "MenuOrder": 7
        }
      ]
    },
    "introduction": {
      "image": "https://p-cdnstatic.svc.litv.tv/pics/vod_channel/logo_3478_ofiii156_mobile_20240930.png",
      "description": "",
      "href_maps": []
    },
    "recommends": [],
    "ua": "Mozilla/5.0 (Windows NT 10.0; Win64; x64) AppleWebKit/537.36 (KHTML, like Gecko) Chrome/134.0.0.0 Safari/537.36"
  },
  "__N_SSP": true
}