{
  "pageProps": {
    "contentId": "ofiii208",
    "channel": {
      "title": "國民大會",
      "no": 208,
      "charge_mode": "F",
      "content_id": "ofiii208",
      "content_type": "vod-channel",
      "epg_categories": [
        5
      ],
      "genres": [
        {
          "id": "",
          "name": "VOD_CHANNEL",
          "logo": ""
        }
      ],
      "liad_id": "VODCHNEWOFIWEB",
      "package_info_id": "VOD_CHANNEL_DELUX",
      "picture": "pics/vod_channel/logo_3573_ofiii208_tv_20250221.png",
      "provider": [
        {
          "id": "",
          "name": "TVBS 純拆",
          "logo": ""
        }
      ],
      "quality": "HD",
      "station_id": "station6507",
      "trial": "",
      "selectable": 1,
      "tr_logo": "pics/vod_channel/tr_logo_1733898729.png",
      "tl_logo": "",
      "br_logo": "",
      "bl_logo": "",
      "menu_type": 0,
      "vod_channel_schedule": {
        "channel_id": 208,
        "cdn_code": "ofiii208",
        "start_time": 1762512900000,
        "programs": [
          {
            "content_id": "VOD00379896",
            "time_codes": [
              1927000,
              2551000,
              2748000
            ],
            "timecode_duration": [],
            "length": 2888000,
            "asset_id": "vod38695-000761M001",
            "title": "",
            "subtitle": "陳其邁粉色頭迎BP高雄又爆爐渣山！業者強調光電板清水洗遭打臉！韓國瑜稱羅智強主席！盧請候選人吃飯美食地圖曝！",
            "ep_number": 761,
            "rating": 1,
            "content_type": "show",
            "p_start": 1762512900000,
            "vod_channel_description": "《國民大會》針對熱點時事話題，以全新的視野、不同的角度，更犀利、更不設限、更深入問題核心，挖掘背後的故事，開啟觀眾新識力。"
          },
          {
            "content_id": "VOD00379897",
            "time_codes": [
              1922000,
              2418000,
              2728000,
              2896000,
              4191000
            ],
            "timecode_duration": [],
            "length": 4337000,
            "asset_id": "vod38695-000762M001",
            "title": "",
            "subtitle": "國民黨主席選前之夜！監察院5分鐘開7會編百萬誤餐費！局長質詢接陳其邁電話全場乾等！普發1萬三讀通過！",
            "ep_number": 762,
            "rating": 1,
            "content_type": "show",
            "p_start": 1762515900000,
            "vod_channel_description": "《國民大會》針對熱點時事話題，以全新的視野、不同的角度，更犀利、更不設限、更深入問題核心，挖掘背後的故事，開啟觀眾新識力。"
          },
          {
            "content_id": "VOD00379898",
            "time_codes": [
              1958000,
              2588000,
              2783000
            ],
            "timecode_duration": [],
            "length": 2891000,
            "asset_id": "vod38695-000763M001",
            "title": "",
            "subtitle": "北北基下到紫爆！鄭麗文喊要見習近平！ BP嗨唱2天Rosé珍奶配鳳梨酥！ 輝達北士科新壽擬三方協商！",
            "ep_number": 763,
            "rating": 1,
            "content_type": "show",
            "p_start": 1762520400000,
            "vod_channel_description": "《國民大會》針對熱點時事話題，以全新的視野、不同的角度，更犀利、更不設限、更深入問題核心，挖掘背後的故事，開啟觀眾新識力。"
          },
          {
            "content_id": "VOD00379899",
            "time_codes": [
              1962000,
              2362000,
              2706000
            ],
            "timecode_duration": [],
            "length": 2892000,
            "asset_id": "vod38695-000764M001",
            "title": "",
            "subtitle": "15藝人閃兵團再壯大！台積電德公移山？北市民咕嚕咕嚕轟蔣不聽！賴清德剩雲嘉南挺！",
            "ep_number": 764,
            "rating": 1,
            "content_type": "show",
            "p_start": 1762523400000,
            "vod_channel_description": "《國民大會》針對熱點時事話題，以全新的視野、不同的角度，更犀利、更不設限、更深入問題核心，挖掘背後的故事，開啟觀眾新識力。"
          },
          {
            "content_id": "VOD00379900",
            "time_codes": [
              1913000,
              2411000,
              2691000
            ],
            "timecode_duration": [],
            "length": 2893000,
            "asset_id": "vod38695-000765M001",
            "title": "",
            "subtitle": "台中疑爆非洲豬瘟綠猛攻盧！北台紫爆通勤苦狂罵蔣不聽！閃兵全上銬性侵不用銬！關稅20%↓不疊加？",
            "ep_number": 765,
            "rating": 1,
            "content_type": "show",
            "p_start": 1762526400000,
            "vod_channel_description": "《國民大會》針對熱點時事話題，以全新的視野、不同的角度，更犀利、更不設限、更深入問題核心，挖掘背後的故事，開啟觀眾新識力。"
          },
          {
            "content_id": "VOD00379901",
            "time_codes": [
              1967000,
              2413000,
              2696000
            ],
            "timecode_duration": [],
            "length": 2887000,
            "asset_id": "vod38695-000766M001",
            "title": "",
            "subtitle": "豬隻禁宰運若改15天小民完蛋？王大陸耍笨免疫BMI35變45！北士科大戰北市府贏了！新台幣紙鈔改版偷去蔣？",
            "ep_number": 766,
            "rating": 1,
            "content_type": "show",
            "p_start": 1762529400000,
            "vod_channel_description": "《國民大會》針對熱點時事話題，以全新的視野、不同的角度，更犀利、更不設限、更深入問題核心，挖掘背後的故事，開啟觀眾新識力。"
          },
          {
            "content_id": "VOD00379902",
            "time_codes": [
              1947000,
              2363000,
              2690000
            ],
            "timecode_duration": [],
            "length": 2890000,
            "asset_id": "vod38695-000767M001",
            "title": "",
            "subtitle": "普發登記最快11/12入帳！非洲豬瘟綠打盧秀燕！柯志恩看板光復節上架！光電浸泡水安心喝？",
            "ep_number": 767,
            "rating": 1,
            "content_type": "show",
            "p_start": 1762532400000,
            "vod_channel_description": "《國民大會》針對熱點時事話題，以全新的視野、不同的角度，更犀利、更不設限、更深入問題核心，挖掘背後的故事，開啟觀眾新識力。"
          },
          {
            "content_id": "VOD00379903",
            "time_codes": [
              1970000,
              2509000,
              2814000
            ],
            "timecode_duration": [],
            "length": 2892000,
            "asset_id": "vod38695-000768M001",
            "title": "",
            "subtitle": "豬肉禁運宰延10天！台中豬瘟藥商變獸醫！國民黨太窮讓連勝文售12年愛車！綠2026恐剩屏東！",
            "ep_number": 768,
            "rating": 1,
            "content_type": "show",
            "p_start": 1762535400000,
            "vod_channel_description": "《國民大會》針對熱點時事話題，以全新的視野、不同的角度，更犀利、更不設限、更深入問題核心，挖掘背後的故事，開啟觀眾新識力。"
          },
          {
            "content_id": "VOD00379904",
            "time_codes": [
              1940000,
              2414000,
              2733000
            ],
            "timecode_duration": [],
            "length": 2892000,
            "asset_id": "vod38695-000769M001",
            "title": "",
            "subtitle": "詭！賴清德拜廟揭匾又被紅布蓋！邱議瑩掌摑判拘役10天！黃國昌被嗆狗仔頭！KK園區千人大逃亡！",
            "ep_number": 769,
            "rating": 1,
            "content_type": "show",
            "p_start": 1762538400000,
            "vod_channel_description": "《國民大會》針對熱點時事話題，以全新的視野、不同的角度，更犀利、更不設限、更深入問題核心，挖掘背後的故事，開啟觀眾新識力。"
          },
          {
            "content_id": "VOD00379905",
            "time_codes": [
              1999000,
              2500000,
              2742000
            ],
            "timecode_duration": [],
            "length": 2892000,
            "asset_id": "vod38695-000770M001",
            "title": "",
            "subtitle": "豬瘟政院追究淘寶.拚多多！蔣守住輝達確定落腳T17.T18！鄭文燦愛將涉貪8萬交保！美濃峽谷石麗君丈夫喝農藥拒捕！",
            "ep_number": 770,
            "rating": 1,
            "content_type": "show",
            "p_start": 1762541400000,
            "vod_channel_description": "《國民大會》針對熱點時事話題，以全新的視野、不同的角度，更犀利、更不設限、更深入問題核心，挖掘背後的故事，開啟觀眾新識力。"
          }
        ],
        "total_length": 30354000,
        "focus_index": 8,
        "next_index": 9,
        "time": 338493,
        "focus_program": {
          "content_id": "VOD00379904",
          "time_codes": [
            1940000,
            2414000,
            2733000
          ],
          "timecode_duration": [],
          "length": 2892000,
          "asset_id": "vod38695-000769M001",
          "title": "",
          "subtitle": "詭！賴清德拜廟揭匾又被紅布蓋！邱議瑩掌摑判拘役10天！黃國昌被嗆狗仔頭！KK園區千人大逃亡！",
          "ep_number": 769,
          "rating": 1,
          "content_type": "show",
          "p_start": 1762538400000,
          "vod_channel_description": "《國民大會》針對熱點時事話題，以全新的視野、不同的角度，更犀利、更不設限、更深入問題核心，挖掘背後的故事，開啟觀眾新識力。"
        }
      },
      "station_categories": [
        {
          "Name": "新聞‧財經",
          "EngName": "News & Finance",
          "MenuOrder": 3
        }
      ]
    },
    "introduction": {
      "image": "https://p-cdnstatic.svc.litv.tv/pics/vod_channel/logo_3573_ofiii208_mobile_20241211.png",
      "description": "",
      "href_maps": []
    },
    "recommends": [],
    "ua": "Mozilla/5.0 (Windows NT 10.0; Win64; x64) AppleWebKit/537.36 (KHTML, like Gecko) Chrome/114.0.0.0 Safari/537.36 Edg/114.0.1823.86"
  },
  "__N_SSP": true
}