{
  "pageProps": {
    "contentId": "ofiii110",
    "channel": {
      "title": "楚喬傳",
      "no": 110,
      "charge_mode": "F",
      "content_id": "ofiii110",
      "content_type": "vod-channel",
      "epg_categories": [
        4
      ],
      "genres": [
        {
          "id": "",
          "name": "VOD_CHANNEL",
          "logo": ""
        }
      ],
      "liad_id": "VODCHNEWOFIWEB",
      "package_info_id": "VOD_CHANNEL_DELUX",
      "picture": "pics/vod_channel/logo_3113_ofiii110_tv_20250221.png",
      "provider": [
        {
          "id": "",
          "name": "龍華",
          "logo": ""
        }
      ],
      "quality": "HD",
      "station_id": "station6047",
      "trial": "",
      "selectable": 1,
      "tr_logo": "pics/vod_channel/tr_logo_1697684723.png",
      "tl_logo": "",
      "br_logo": "",
      "bl_logo": "",
      "menu_type": 1,
      "vod_channel_schedule": {
        "channel_id": 110,
        "cdn_code": "ofiii110",
        "start_time": 1762143157000,
        "programs": [
          {
            "content_id": "VOD00250088",
            "time_codes": [
              731000,
              1459000,
              2109000
            ],
            "timecode_duration": [],
            "length": 2784000,
            "asset_id": "vod54961-000001M001",
            "title": "",
            "subtitle": "第1集",
            "ep_number": 1,
            "rating": 1,
            "content_type": "drama",
            "p_start": 1740091500000,
            "vod_channel_description": "《楚喬傳》陸劇線上看。西魏年間亂世混戰，奴籍少女楚喬幸得燕北世子燕洵與宇文玥暗中相救，並經過宇文玥嚴厲訓練後成為諜者。同時與燕洵結下深厚友誼。但燕洵在家族滿門被滅後，回到燕北割據稱雄，楚喬在絕望中與他分道揚鑣。與力求「天下一統、釋奴止戈」的宇文玥並肩作戰，粉碎燕洵的復仇計劃…"
          },
          {
            "content_id": "VOD00250089",
            "time_codes": [
              790000,
              1399000,
              2273000
            ],
            "timecode_duration": [],
            "length": 2752000,
            "asset_id": "vod54961-000002M001",
            "title": "",
            "subtitle": "第2集",
            "ep_number": 2,
            "rating": 1,
            "content_type": "drama",
            "p_start": 1740094500000,
            "vod_channel_description": "西魏年間亂世混戰，奴籍少女楚喬幸得燕北世子燕洵與宇文玥暗中相救，並經過宇文玥嚴厲訓練後成為諜者。同時與燕洵結下深厚友誼。但燕洵在家族滿門被滅後，回到燕北割據稱雄，楚喬在絕望中與他分道揚鑣。與力求「天下一統、釋奴止戈」的宇文玥並肩作戰，粉碎燕洵的復仇計劃，成為心懷蒼生的巾幗將軍。"
          },
          {
            "content_id": "VOD00250090",
            "time_codes": [
              682000,
              1451000,
              2245000
            ],
            "timecode_duration": [],
            "length": 2784000,
            "asset_id": "vod54961-000003M001",
            "title": "",
            "subtitle": "第3集",
            "ep_number": 3,
            "rating": 1,
            "content_type": "drama",
            "p_start": 1740097500000,
            "vod_channel_description": "西魏年間亂世混戰，奴籍少女楚喬幸得燕北世子燕洵與宇文玥暗中相救，並經過宇文玥嚴厲訓練後成為諜者。同時與燕洵結下深厚友誼。但燕洵在家族滿門被滅後，回到燕北割據稱雄，楚喬在絕望中與他分道揚鑣。與力求「天下一統、釋奴止戈」的宇文玥並肩作戰，粉碎燕洵的復仇計劃，成為心懷蒼生的巾幗將軍。"
          },
          {
            "content_id": "VOD00250091",
            "time_codes": [
              750000,
              1405000,
              2178000
            ],
            "timecode_duration": [],
            "length": 2861000,
            "asset_id": "vod54961-000004M001",
            "title": "",
            "subtitle": "第4集",
            "ep_number": 4,
            "rating": 1,
            "content_type": "drama",
            "p_start": 1740100500000,
            "vod_channel_description": "西魏年間亂世混戰，奴籍少女楚喬幸得燕北世子燕洵與宇文玥暗中相救，並經過宇文玥嚴厲訓練後成為諜者。同時與燕洵結下深厚友誼。但燕洵在家族滿門被滅後，回到燕北割據稱雄，楚喬在絕望中與他分道揚鑣。與力求「天下一統、釋奴止戈」的宇文玥並肩作戰，粉碎燕洵的復仇計劃，成為心懷蒼生的巾幗將軍。"
          },
          {
            "content_id": "VOD00250092",
            "time_codes": [
              685000,
              1451000,
              2130000
            ],
            "timecode_duration": [],
            "length": 2819000,
            "asset_id": "vod54961-000005M001",
            "title": "",
            "subtitle": "第5集",
            "ep_number": 5,
            "rating": 1,
            "content_type": "drama",
            "p_start": 1740103500000,
            "vod_channel_description": "西魏年間亂世混戰，奴籍少女楚喬幸得燕北世子燕洵與宇文玥暗中相救，並經過宇文玥嚴厲訓練後成為諜者。同時與燕洵結下深厚友誼。但燕洵在家族滿門被滅後，回到燕北割據稱雄，楚喬在絕望中與他分道揚鑣。與力求「天下一統、釋奴止戈」的宇文玥並肩作戰，粉碎燕洵的復仇計劃，成為心懷蒼生的巾幗將軍。"
          },
          {
            "content_id": "VOD00250093",
            "time_codes": [
              774000,
              1474000,
              2251000
            ],
            "timecode_duration": [],
            "length": 2750000,
            "asset_id": "vod54961-000006M001",
            "title": "",
            "subtitle": "第6集",
            "ep_number": 6,
            "rating": 1,
            "content_type": "drama",
            "p_start": 1740106500000,
            "vod_channel_description": "西魏年間亂世混戰，奴籍少女楚喬幸得燕北世子燕洵與宇文玥暗中相救，並經過宇文玥嚴厲訓練後成為諜者。同時與燕洵結下深厚友誼。但燕洵在家族滿門被滅後，回到燕北割據稱雄，楚喬在絕望中與他分道揚鑣。與力求「天下一統、釋奴止戈」的宇文玥並肩作戰，粉碎燕洵的復仇計劃，成為心懷蒼生的巾幗將軍。"
          },
          {
            "content_id": "VOD00250094",
            "time_codes": [
              738000,
              1487000,
              2165000
            ],
            "timecode_duration": [],
            "length": 2751000,
            "asset_id": "vod54961-000007M001",
            "title": "",
            "subtitle": "第7集",
            "ep_number": 7,
            "rating": 1,
            "content_type": "drama",
            "p_start": 1740109500000,
            "vod_channel_description": "西魏年間亂世混戰，奴籍少女楚喬幸得燕北世子燕洵與宇文玥暗中相救，並經過宇文玥嚴厲訓練後成為諜者。同時與燕洵結下深厚友誼。但燕洵在家族滿門被滅後，回到燕北割據稱雄，楚喬在絕望中與他分道揚鑣。與力求「天下一統、釋奴止戈」的宇文玥並肩作戰，粉碎燕洵的復仇計劃，成為心懷蒼生的巾幗將軍。"
          },
          {
            "content_id": "VOD00250095",
            "time_codes": [
              781000,
              1423000,
              2180000
            ],
            "timecode_duration": [],
            "length": 2728000,
            "asset_id": "vod54961-000008M001",
            "title": "",
            "subtitle": "第8集",
            "ep_number": 8,
            "rating": 1,
            "content_type": "drama",
            "p_start": 1740112500000,
            "vod_channel_description": "西魏年間亂世混戰，奴籍少女楚喬幸得燕北世子燕洵與宇文玥暗中相救，並經過宇文玥嚴厲訓練後成為諜者。同時與燕洵結下深厚友誼。但燕洵在家族滿門被滅後，回到燕北割據稱雄，楚喬在絕望中與他分道揚鑣。與力求「天下一統、釋奴止戈」的宇文玥並肩作戰，粉碎燕洵的復仇計劃，成為心懷蒼生的巾幗將軍。"
          },
          {
            "content_id": "VOD00250096",
            "time_codes": [
              728000,
              1483000,
              2158000
            ],
            "timecode_duration": [],
            "length": 2778000,
            "asset_id": "vod54961-000009M001",
            "title": "",
            "subtitle": "第9集",
            "ep_number": 9,
            "rating": 1,
            "content_type": "drama",
            "p_start": 1740115500000,
            "vod_channel_description": "西魏年間亂世混戰，奴籍少女楚喬幸得燕北世子燕洵與宇文玥暗中相救，並經過宇文玥嚴厲訓練後成為諜者。同時與燕洵結下深厚友誼。但燕洵在家族滿門被滅後，回到燕北割據稱雄，楚喬在絕望中與他分道揚鑣。與力求「天下一統、釋奴止戈」的宇文玥並肩作戰，粉碎燕洵的復仇計劃，成為心懷蒼生的巾幗將軍。"
          },
          {
            "content_id": "VOD00250097",
            "time_codes": [
              762000,
              1533000,
              2120000
            ],
            "timecode_duration": [],
            "length": 2793000,
            "asset_id": "vod54961-000010M001",
            "title": "",
            "subtitle": "第10集",
            "ep_number": 10,
            "rating": 1,
            "content_type": "drama",
            "p_start": 1740118500000,
            "vod_channel_description": "西魏年間亂世混戰，奴籍少女楚喬幸得燕北世子燕洵與宇文玥暗中相救，並經過宇文玥嚴厲訓練後成為諜者。同時與燕洵結下深厚友誼。但燕洵在家族滿門被滅後，回到燕北割據稱雄，楚喬在絕望中與他分道揚鑣。與力求「天下一統、釋奴止戈」的宇文玥並肩作戰，粉碎燕洵的復仇計劃，成為心懷蒼生的巾幗將軍。"
          },
          {
            "content_id": "VOD00250098",
            "time_codes": [
              817000,
              1643000,
              2283000
            ],
            "timecode_duration": [],
            "length": 2756000,
            "asset_id": "vod54961-000011M001",
            "title": "",
            "subtitle": "第11集",
            "ep_number": 11,
            "rating": 1,
            "content_type": "drama",
            "p_start": 1740121500000,
            "vod_channel_description": "西魏年間亂世混戰，奴籍少女楚喬幸得燕北世子燕洵與宇文玥暗中相救，並經過宇文玥嚴厲訓練後成為諜者。同時與燕洵結下深厚友誼。但燕洵在家族滿門被滅後，回到燕北割據稱雄，楚喬在絕望中與他分道揚鑣。與力求「天下一統、釋奴止戈」的宇文玥並肩作戰，粉碎燕洵的復仇計劃，成為心懷蒼生的巾幗將軍。"
          },
          {
            "content_id": "VOD00250099",
            "time_codes": [
              634000,
              1440000,
              2126000
            ],
            "timecode_duration": [],
            "length": 2805000,
            "asset_id": "vod54961-000012M001",
            "title": "",
            "subtitle": "第12集",
            "ep_number": 12,
            "rating": 1,
            "content_type": "drama",
            "p_start": 1740124500000,
            "vod_channel_description": "西魏年間亂世混戰，奴籍少女楚喬幸得燕北世子燕洵與宇文玥暗中相救，並經過宇文玥嚴厲訓練後成為諜者。同時與燕洵結下深厚友誼。但燕洵在家族滿門被滅後，回到燕北割據稱雄，楚喬在絕望中與他分道揚鑣。與力求「天下一統、釋奴止戈」的宇文玥並肩作戰，粉碎燕洵的復仇計劃，成為心懷蒼生的巾幗將軍。"
          },
          {
            "content_id": "VOD00250100",
            "time_codes": [
              625000,
              1492000,
              2003000
            ],
            "timecode_duration": [],
            "length": 2749000,
            "asset_id": "vod54961-000013M001",
            "title": "",
            "subtitle": "第13集",
            "ep_number": 13,
            "rating": 1,
            "content_type": "drama",
            "p_start": 1740127500000,
            "vod_channel_description": "西魏年間亂世混戰，奴籍少女楚喬幸得燕北世子燕洵與宇文玥暗中相救，並經過宇文玥嚴厲訓練後成為諜者。同時與燕洵結下深厚友誼。但燕洵在家族滿門被滅後，回到燕北割據稱雄，楚喬在絕望中與他分道揚鑣。與力求「天下一統、釋奴止戈」的宇文玥並肩作戰，粉碎燕洵的復仇計劃，成為心懷蒼生的巾幗將軍。"
          },
          {
            "content_id": "VOD00250101",
            "time_codes": [
              721000,
              1352000,
              1976000
            ],
            "timecode_duration": [],
            "length": 2758000,
            "asset_id": "vod54961-000014M001",
            "title": "",
            "subtitle": "第14集",
            "ep_number": 14,
            "rating": 1,
            "content_type": "drama",
            "p_start": 1740130500000,
            "vod_channel_description": "西魏年間亂世混戰，奴籍少女楚喬幸得燕北世子燕洵與宇文玥暗中相救，並經過宇文玥嚴厲訓練後成為諜者。同時與燕洵結下深厚友誼。但燕洵在家族滿門被滅後，回到燕北割據稱雄，楚喬在絕望中與他分道揚鑣。與力求「天下一統、釋奴止戈」的宇文玥並肩作戰，粉碎燕洵的復仇計劃，成為心懷蒼生的巾幗將軍。"
          },
          {
            "content_id": "VOD00250102",
            "time_codes": [
              710000,
              1380000,
              2079000
            ],
            "timecode_duration": [],
            "length": 2748000,
            "asset_id": "vod54961-000015M001",
            "title": "",
            "subtitle": "第15集",
            "ep_number": 15,
            "rating": 1,
            "content_type": "drama",
            "p_start": 1740133500000,
            "vod_channel_description": "西魏年間亂世混戰，奴籍少女楚喬幸得燕北世子燕洵與宇文玥暗中相救，並經過宇文玥嚴厲訓練後成為諜者。同時與燕洵結下深厚友誼。但燕洵在家族滿門被滅後，回到燕北割據稱雄，楚喬在絕望中與他分道揚鑣。與力求「天下一統、釋奴止戈」的宇文玥並肩作戰，粉碎燕洵的復仇計劃，成為心懷蒼生的巾幗將軍。"
          },
          {
            "content_id": "VOD00250103",
            "time_codes": [
              713000,
              1393000,
              2095000
            ],
            "timecode_duration": [],
            "length": 2773000,
            "asset_id": "vod54961-000016M001",
            "title": "",
            "subtitle": "第16集",
            "ep_number": 16,
            "rating": 1,
            "content_type": "drama",
            "p_start": 1740136500000,
            "vod_channel_description": "西魏年間亂世混戰，奴籍少女楚喬幸得燕北世子燕洵與宇文玥暗中相救，並經過宇文玥嚴厲訓練後成為諜者。同時與燕洵結下深厚友誼。但燕洵在家族滿門被滅後，回到燕北割據稱雄，楚喬在絕望中與他分道揚鑣。與力求「天下一統、釋奴止戈」的宇文玥並肩作戰，粉碎燕洵的復仇計劃，成為心懷蒼生的巾幗將軍。"
          },
          {
            "content_id": "VOD00250104",
            "time_codes": [
              634000,
              1383000,
              2029000
            ],
            "timecode_duration": [],
            "length": 2768000,
            "asset_id": "vod54961-000017M001",
            "title": "",
            "subtitle": "第17集",
            "ep_number": 17,
            "rating": 1,
            "content_type": "drama",
            "p_start": 1740139500000,
            "vod_channel_description": "西魏年間亂世混戰，奴籍少女楚喬幸得燕北世子燕洵與宇文玥暗中相救，並經過宇文玥嚴厲訓練後成為諜者。同時與燕洵結下深厚友誼。但燕洵在家族滿門被滅後，回到燕北割據稱雄，楚喬在絕望中與他分道揚鑣。與力求「天下一統、釋奴止戈」的宇文玥並肩作戰，粉碎燕洵的復仇計劃，成為心懷蒼生的巾幗將軍。"
          },
          {
            "content_id": "VOD00250105",
            "time_codes": [
              670000,
              1302000,
              1930000
            ],
            "timecode_duration": [],
            "length": 2764000,
            "asset_id": "vod54961-000018M001",
            "title": "",
            "subtitle": "第18集",
            "ep_number": 18,
            "rating": 1,
            "content_type": "drama",
            "p_start": 1740142500000,
            "vod_channel_description": "西魏年間亂世混戰，奴籍少女楚喬幸得燕北世子燕洵與宇文玥暗中相救，並經過宇文玥嚴厲訓練後成為諜者。同時與燕洵結下深厚友誼。但燕洵在家族滿門被滅後，回到燕北割據稱雄，楚喬在絕望中與他分道揚鑣。與力求「天下一統、釋奴止戈」的宇文玥並肩作戰，粉碎燕洵的復仇計劃，成為心懷蒼生的巾幗將軍。"
          },
          {
            "content_id": "VOD00250106",
            "time_codes": [
              678000,
              1389000,
              1950000
            ],
            "timecode_duration": [],
            "length": 2733000,
            "asset_id": "vod54961-000019M001",
            "title": "",
            "subtitle": "第19集",
            "ep_number": 19,
            "rating": 1,
            "content_type": "drama",
            "p_start": 1740145500000,
            "vod_channel_description": "西魏年間亂世混戰，奴籍少女楚喬幸得燕北世子燕洵與宇文玥暗中相救，並經過宇文玥嚴厲訓練後成為諜者。同時與燕洵結下深厚友誼。但燕洵在家族滿門被滅後，回到燕北割據稱雄，楚喬在絕望中與他分道揚鑣。與力求「天下一統、釋奴止戈」的宇文玥並肩作戰，粉碎燕洵的復仇計劃，成為心懷蒼生的巾幗將軍。"
          },
          {
            "content_id": "VOD00250107",
            "time_codes": [
              760000,
              1300000,
              2003000
            ],
            "timecode_duration": [],
            "length": 2740000,
            "asset_id": "vod54961-000020M001",
            "title": "",
            "subtitle": "第20集",
            "ep_number": 20,
            "rating": 1,
            "content_type": "drama",
            "p_start": 1740148500000,
            "vod_channel_description": "西魏年間亂世混戰，奴籍少女楚喬幸得燕北世子燕洵與宇文玥暗中相救，並經過宇文玥嚴厲訓練後成為諜者。同時與燕洵結下深厚友誼。但燕洵在家族滿門被滅後，回到燕北割據稱雄，楚喬在絕望中與他分道揚鑣。與力求「天下一統、釋奴止戈」的宇文玥並肩作戰，粉碎燕洵的復仇計劃，成為心懷蒼生的巾幗將軍。"
          },
          {
            "content_id": "VOD00250108",
            "time_codes": [
              685000,
              1489000,
              2163000
            ],
            "timecode_duration": [],
            "length": 2759000,
            "asset_id": "vod54961-000021M001",
            "title": "",
            "subtitle": "第21集",
            "ep_number": 21,
            "rating": 1,
            "content_type": "drama",
            "p_start": 1740151500000,
            "vod_channel_description": "西魏年間亂世混戰，奴籍少女楚喬幸得燕北世子燕洵與宇文玥暗中相救，並經過宇文玥嚴厲訓練後成為諜者。同時與燕洵結下深厚友誼。但燕洵在家族滿門被滅後，回到燕北割據稱雄，楚喬在絕望中與他分道揚鑣。與力求「天下一統、釋奴止戈」的宇文玥並肩作戰，粉碎燕洵的復仇計劃，成為心懷蒼生的巾幗將軍。"
          },
          {
            "content_id": "VOD00250109",
            "time_codes": [
              732000,
              1483000,
              2196000
            ],
            "timecode_duration": [],
            "length": 2765000,
            "asset_id": "vod54961-000022M001",
            "title": "",
            "subtitle": "第22集",
            "ep_number": 22,
            "rating": 1,
            "content_type": "drama",
            "p_start": 1740154500000,
            "vod_channel_description": "西魏年間亂世混戰，奴籍少女楚喬幸得燕北世子燕洵與宇文玥暗中相救，並經過宇文玥嚴厲訓練後成為諜者。同時與燕洵結下深厚友誼。但燕洵在家族滿門被滅後，回到燕北割據稱雄，楚喬在絕望中與他分道揚鑣。與力求「天下一統、釋奴止戈」的宇文玥並肩作戰，粉碎燕洵的復仇計劃，成為心懷蒼生的巾幗將軍。"
          },
          {
            "content_id": "VOD00250110",
            "time_codes": [
              749000,
              1480000,
              2193000
            ],
            "timecode_duration": [],
            "length": 2756000,
            "asset_id": "vod54961-000023M001",
            "title": "",
            "subtitle": "第23集",
            "ep_number": 23,
            "rating": 1,
            "content_type": "drama",
            "p_start": 1740157500000,
            "vod_channel_description": "西魏年間亂世混戰，奴籍少女楚喬幸得燕北世子燕洵與宇文玥暗中相救，並經過宇文玥嚴厲訓練後成為諜者。同時與燕洵結下深厚友誼。但燕洵在家族滿門被滅後，回到燕北割據稱雄，楚喬在絕望中與他分道揚鑣。與力求「天下一統、釋奴止戈」的宇文玥並肩作戰，粉碎燕洵的復仇計劃，成為心懷蒼生的巾幗將軍。"
          },
          {
            "content_id": "VOD00250111",
            "time_codes": [
              775000,
              1475000,
              2192000
            ],
            "timecode_duration": [],
            "length": 2747000,
            "asset_id": "vod54961-000024M001",
            "title": "",
            "subtitle": "第24集",
            "ep_number": 24,
            "rating": 1,
            "content_type": "drama",
            "p_start": 1740160500000,
            "vod_channel_description": "西魏年間亂世混戰，奴籍少女楚喬幸得燕北世子燕洵與宇文玥暗中相救，並經過宇文玥嚴厲訓練後成為諜者。同時與燕洵結下深厚友誼。但燕洵在家族滿門被滅後，回到燕北割據稱雄，楚喬在絕望中與他分道揚鑣。與力求「天下一統、釋奴止戈」的宇文玥並肩作戰，粉碎燕洵的復仇計劃，成為心懷蒼生的巾幗將軍。"
          },
          {
            "content_id": "VOD00250112",
            "time_codes": [
              709000,
              1474000,
              2190000
            ],
            "timecode_duration": [],
            "length": 2776000,
            "asset_id": "vod54961-000025M001",
            "title": "",
            "subtitle": "第25集",
            "ep_number": 25,
            "rating": 1,
            "content_type": "drama",
            "p_start": 1740163500000,
            "vod_channel_description": "西魏年間亂世混戰，奴籍少女楚喬幸得燕北世子燕洵與宇文玥暗中相救，並經過宇文玥嚴厲訓練後成為諜者。同時與燕洵結下深厚友誼。但燕洵在家族滿門被滅後，回到燕北割據稱雄，楚喬在絕望中與他分道揚鑣。與力求「天下一統、釋奴止戈」的宇文玥並肩作戰，粉碎燕洵的復仇計劃，成為心懷蒼生的巾幗將軍。"
          },
          {
            "content_id": "VOD00250113",
            "time_codes": [
              706000,
              1426000,
              2217000
            ],
            "timecode_duration": [],
            "length": 2745000,
            "asset_id": "vod54961-000026M001",
            "title": "",
            "subtitle": "第26集",
            "ep_number": 26,
            "rating": 1,
            "content_type": "drama",
            "p_start": 1740166500000,
            "vod_channel_description": "西魏年間亂世混戰，奴籍少女楚喬幸得燕北世子燕洵與宇文玥暗中相救，並經過宇文玥嚴厲訓練後成為諜者。同時與燕洵結下深厚友誼。但燕洵在家族滿門被滅後，回到燕北割據稱雄，楚喬在絕望中與他分道揚鑣。與力求「天下一統、釋奴止戈」的宇文玥並肩作戰，粉碎燕洵的復仇計劃，成為心懷蒼生的巾幗將軍。"
          },
          {
            "content_id": "VOD00250114",
            "time_codes": [
              752000,
              1478000,
              2183000
            ],
            "timecode_duration": [],
            "length": 2757000,
            "asset_id": "vod54961-000027M001",
            "title": "",
            "subtitle": "第27集",
            "ep_number": 27,
            "rating": 1,
            "content_type": "drama",
            "p_start": 1740169500000,
            "vod_channel_description": "西魏年間亂世混戰，奴籍少女楚喬幸得燕北世子燕洵與宇文玥暗中相救，並經過宇文玥嚴厲訓練後成為諜者。同時與燕洵結下深厚友誼。但燕洵在家族滿門被滅後，回到燕北割據稱雄，楚喬在絕望中與他分道揚鑣。與力求「天下一統、釋奴止戈」的宇文玥並肩作戰，粉碎燕洵的復仇計劃，成為心懷蒼生的巾幗將軍。"
          },
          {
            "content_id": "VOD00250115",
            "time_codes": [
              778000,
              1493000,
              2216000
            ],
            "timecode_duration": [],
            "length": 2769000,
            "asset_id": "vod54961-000028M001",
            "title": "",
            "subtitle": "第28集",
            "ep_number": 28,
            "rating": 1,
            "content_type": "drama",
            "p_start": 1740172500000,
            "vod_channel_description": "西魏年間亂世混戰，奴籍少女楚喬幸得燕北世子燕洵與宇文玥暗中相救，並經過宇文玥嚴厲訓練後成為諜者。同時與燕洵結下深厚友誼。但燕洵在家族滿門被滅後，回到燕北割據稱雄，楚喬在絕望中與他分道揚鑣。與力求「天下一統、釋奴止戈」的宇文玥並肩作戰，粉碎燕洵的復仇計劃，成為心懷蒼生的巾幗將軍。"
          },
          {
            "content_id": "VOD00250116",
            "time_codes": [
              727000,
              1478000,
              2179000
            ],
            "timecode_duration": [],
            "length": 2751000,
            "asset_id": "vod54961-000029M001",
            "title": "",
            "subtitle": "第29集",
            "ep_number": 29,
            "rating": 1,
            "content_type": "drama",
            "p_start": 1740175500000,
            "vod_channel_description": "西魏年間亂世混戰，奴籍少女楚喬幸得燕北世子燕洵與宇文玥暗中相救，並經過宇文玥嚴厲訓練後成為諜者。同時與燕洵結下深厚友誼。但燕洵在家族滿門被滅後，回到燕北割據稱雄，楚喬在絕望中與他分道揚鑣。與力求「天下一統、釋奴止戈」的宇文玥並肩作戰，粉碎燕洵的復仇計劃，成為心懷蒼生的巾幗將軍。"
          },
          {
            "content_id": "VOD00250117",
            "time_codes": [
              761000,
              1454000,
              2159000
            ],
            "timecode_duration": [],
            "length": 2756000,
            "asset_id": "vod54961-000030M001",
            "title": "",
            "subtitle": "第30集",
            "ep_number": 30,
            "rating": 1,
            "content_type": "drama",
            "p_start": 1740178500000,
            "vod_channel_description": "西魏年間亂世混戰，奴籍少女楚喬幸得燕北世子燕洵與宇文玥暗中相救，並經過宇文玥嚴厲訓練後成為諜者。同時與燕洵結下深厚友誼。但燕洵在家族滿門被滅後，回到燕北割據稱雄，楚喬在絕望中與他分道揚鑣。與力求「天下一統、釋奴止戈」的宇文玥並肩作戰，粉碎燕洵的復仇計劃，成為心懷蒼生的巾幗將軍。"
          },
          {
            "content_id": "VOD00250118",
            "time_codes": [
              712000,
              1452000,
              2203000
            ],
            "timecode_duration": [],
            "length": 2844000,
            "asset_id": "vod54961-000031M001",
            "title": "",
            "subtitle": "第31集",
            "ep_number": 31,
            "rating": 1,
            "content_type": "drama",
            "p_start": 1740181500000,
            "vod_channel_description": "西魏年間亂世混戰，奴籍少女楚喬幸得燕北世子燕洵與宇文玥暗中相救，並經過宇文玥嚴厲訓練後成為諜者。同時與燕洵結下深厚友誼。但燕洵在家族滿門被滅後，回到燕北割據稱雄，楚喬在絕望中與他分道揚鑣。與力求「天下一統、釋奴止戈」的宇文玥並肩作戰，粉碎燕洵的復仇計劃，成為心懷蒼生的巾幗將軍。"
          },
          {
            "content_id": "VOD00250119",
            "time_codes": [
              737000,
              1461000,
              2122000
            ],
            "timecode_duration": [],
            "length": 2793000,
            "asset_id": "vod54961-000032M001",
            "title": "",
            "subtitle": "第32集",
            "ep_number": 32,
            "rating": 1,
            "content_type": "drama",
            "p_start": 1740184500000,
            "vod_channel_description": "西魏年間亂世混戰，奴籍少女楚喬幸得燕北世子燕洵與宇文玥暗中相救，並經過宇文玥嚴厲訓練後成為諜者。同時與燕洵結下深厚友誼。但燕洵在家族滿門被滅後，回到燕北割據稱雄，楚喬在絕望中與他分道揚鑣。與力求「天下一統、釋奴止戈」的宇文玥並肩作戰，粉碎燕洵的復仇計劃，成為心懷蒼生的巾幗將軍。"
          },
          {
            "content_id": "VOD00250120",
            "time_codes": [
              759000,
              1476000,
              2130000
            ],
            "timecode_duration": [],
            "length": 2772000,
            "asset_id": "vod54961-000033M001",
            "title": "",
            "subtitle": "第33集",
            "ep_number": 33,
            "rating": 1,
            "content_type": "drama",
            "p_start": 1740187500000,
            "vod_channel_description": "西魏年間亂世混戰，奴籍少女楚喬幸得燕北世子燕洵與宇文玥暗中相救，並經過宇文玥嚴厲訓練後成為諜者。同時與燕洵結下深厚友誼。但燕洵在家族滿門被滅後，回到燕北割據稱雄，楚喬在絕望中與他分道揚鑣。與力求「天下一統、釋奴止戈」的宇文玥並肩作戰，粉碎燕洵的復仇計劃，成為心懷蒼生的巾幗將軍。"
          },
          {
            "content_id": "VOD00250121",
            "time_codes": [
              695000,
              1494000,
              2134000
            ],
            "timecode_duration": [],
            "length": 2741000,
            "asset_id": "vod54961-000034M001",
            "title": "",
            "subtitle": "第34集",
            "ep_number": 34,
            "rating": 1,
            "content_type": "drama",
            "p_start": 1740190500000,
            "vod_channel_description": "西魏年間亂世混戰，奴籍少女楚喬幸得燕北世子燕洵與宇文玥暗中相救，並經過宇文玥嚴厲訓練後成為諜者。同時與燕洵結下深厚友誼。但燕洵在家族滿門被滅後，回到燕北割據稱雄，楚喬在絕望中與他分道揚鑣。與力求「天下一統、釋奴止戈」的宇文玥並肩作戰，粉碎燕洵的復仇計劃，成為心懷蒼生的巾幗將軍。"
          },
          {
            "content_id": "VOD00250122",
            "time_codes": [
              745000,
              1481000,
              2206000
            ],
            "timecode_duration": [],
            "length": 2782000,
            "asset_id": "vod54961-000035M001",
            "title": "",
            "subtitle": "第35集",
            "ep_number": 35,
            "rating": 1,
            "content_type": "drama",
            "p_start": 1740193500000,
            "vod_channel_description": "西魏年間亂世混戰，奴籍少女楚喬幸得燕北世子燕洵與宇文玥暗中相救，並經過宇文玥嚴厲訓練後成為諜者。同時與燕洵結下深厚友誼。但燕洵在家族滿門被滅後，回到燕北割據稱雄，楚喬在絕望中與他分道揚鑣。與力求「天下一統、釋奴止戈」的宇文玥並肩作戰，粉碎燕洵的復仇計劃，成為心懷蒼生的巾幗將軍。"
          },
          {
            "content_id": "VOD00250123",
            "time_codes": [
              760000,
              1412000,
              2125000
            ],
            "timecode_duration": [],
            "length": 2773000,
            "asset_id": "vod54961-000036M001",
            "title": "",
            "subtitle": "第36集",
            "ep_number": 36,
            "rating": 1,
            "content_type": "drama",
            "p_start": 1740196500000,
            "vod_channel_description": "西魏年間亂世混戰，奴籍少女楚喬幸得燕北世子燕洵與宇文玥暗中相救，並經過宇文玥嚴厲訓練後成為諜者。同時與燕洵結下深厚友誼。但燕洵在家族滿門被滅後，回到燕北割據稱雄，楚喬在絕望中與他分道揚鑣。與力求「天下一統、釋奴止戈」的宇文玥並肩作戰，粉碎燕洵的復仇計劃，成為心懷蒼生的巾幗將軍。"
          },
          {
            "content_id": "VOD00250124",
            "time_codes": [
              755000,
              1414000,
              2196000
            ],
            "timecode_duration": [],
            "length": 2805000,
            "asset_id": "vod54961-000037M001",
            "title": "",
            "subtitle": "第37集",
            "ep_number": 37,
            "rating": 1,
            "content_type": "drama",
            "p_start": 1740199500000,
            "vod_channel_description": "西魏年間亂世混戰，奴籍少女楚喬幸得燕北世子燕洵與宇文玥暗中相救，並經過宇文玥嚴厲訓練後成為諜者。同時與燕洵結下深厚友誼。但燕洵在家族滿門被滅後，回到燕北割據稱雄，楚喬在絕望中與他分道揚鑣。與力求「天下一統、釋奴止戈」的宇文玥並肩作戰，粉碎燕洵的復仇計劃，成為心懷蒼生的巾幗將軍。"
          },
          {
            "content_id": "VOD00250125",
            "time_codes": [
              723000,
              1390000,
              2147000
            ],
            "timecode_duration": [],
            "length": 2777000,
            "asset_id": "vod54961-000038M001",
            "title": "",
            "subtitle": "第38集",
            "ep_number": 38,
            "rating": 1,
            "content_type": "drama",
            "p_start": 1740202500000,
            "vod_channel_description": "西魏年間亂世混戰，奴籍少女楚喬幸得燕北世子燕洵與宇文玥暗中相救，並經過宇文玥嚴厲訓練後成為諜者。同時與燕洵結下深厚友誼。但燕洵在家族滿門被滅後，回到燕北割據稱雄，楚喬在絕望中與他分道揚鑣。與力求「天下一統、釋奴止戈」的宇文玥並肩作戰，粉碎燕洵的復仇計劃，成為心懷蒼生的巾幗將軍。"
          },
          {
            "content_id": "VOD00250126",
            "time_codes": [
              762000,
              1447000,
              2139000
            ],
            "timecode_duration": [],
            "length": 2780000,
            "asset_id": "vod54961-000039M001",
            "title": "",
            "subtitle": "第39集",
            "ep_number": 39,
            "rating": 1,
            "content_type": "drama",
            "p_start": 1740205500000,
            "vod_channel_description": "西魏年間亂世混戰，奴籍少女楚喬幸得燕北世子燕洵與宇文玥暗中相救，並經過宇文玥嚴厲訓練後成為諜者。同時與燕洵結下深厚友誼。但燕洵在家族滿門被滅後，回到燕北割據稱雄，楚喬在絕望中與他分道揚鑣。與力求「天下一統、釋奴止戈」的宇文玥並肩作戰，粉碎燕洵的復仇計劃，成為心懷蒼生的巾幗將軍。"
          },
          {
            "content_id": "VOD00250127",
            "time_codes": [
              688000,
              1443000,
              2163000
            ],
            "timecode_duration": [],
            "length": 2797000,
            "asset_id": "vod54961-000040M001",
            "title": "",
            "subtitle": "第40集",
            "ep_number": 40,
            "rating": 1,
            "content_type": "drama",
            "p_start": 1740208500000,
            "vod_channel_description": "西魏年間亂世混戰，奴籍少女楚喬幸得燕北世子燕洵與宇文玥暗中相救，並經過宇文玥嚴厲訓練後成為諜者。同時與燕洵結下深厚友誼。但燕洵在家族滿門被滅後，回到燕北割據稱雄，楚喬在絕望中與他分道揚鑣。與力求「天下一統、釋奴止戈」的宇文玥並肩作戰，粉碎燕洵的復仇計劃，成為心懷蒼生的巾幗將軍。"
          },
          {
            "content_id": "VOD00250128",
            "time_codes": [
              695000,
              1473000,
              2192000
            ],
            "timecode_duration": [],
            "length": 2784000,
            "asset_id": "vod54961-000041M001",
            "title": "",
            "subtitle": "第41集",
            "ep_number": 41,
            "rating": 1,
            "content_type": "drama",
            "p_start": 1740211500000,
            "vod_channel_description": "西魏年間亂世混戰，奴籍少女楚喬幸得燕北世子燕洵與宇文玥暗中相救，並經過宇文玥嚴厲訓練後成為諜者。同時與燕洵結下深厚友誼。但燕洵在家族滿門被滅後，回到燕北割據稱雄，楚喬在絕望中與他分道揚鑣。與力求「天下一統、釋奴止戈」的宇文玥並肩作戰，粉碎燕洵的復仇計劃，成為心懷蒼生的巾幗將軍。"
          },
          {
            "content_id": "VOD00250129",
            "time_codes": [
              695000,
              1473000,
              2192000
            ],
            "timecode_duration": [],
            "length": 2845000,
            "asset_id": "vod54961-000042M001",
            "title": "",
            "subtitle": "第42集",
            "ep_number": 42,
            "rating": 1,
            "content_type": "drama",
            "p_start": 1740214500000,
            "vod_channel_description": "西魏年間亂世混戰，奴籍少女楚喬幸得燕北世子燕洵與宇文玥暗中相救，並經過宇文玥嚴厲訓練後成為諜者。同時與燕洵結下深厚友誼。但燕洵在家族滿門被滅後，回到燕北割據稱雄，楚喬在絕望中與他分道揚鑣。與力求「天下一統、釋奴止戈」的宇文玥並肩作戰，粉碎燕洵的復仇計劃，成為心懷蒼生的巾幗將軍。"
          },
          {
            "content_id": "VOD00250130",
            "time_codes": [
              705000,
              1409000,
              2102000
            ],
            "timecode_duration": [],
            "length": 2764000,
            "asset_id": "vod54961-000043M001",
            "title": "",
            "subtitle": "第43集",
            "ep_number": 43,
            "rating": 1,
            "content_type": "drama",
            "p_start": 1740217500000,
            "vod_channel_description": "西魏年間亂世混戰，奴籍少女楚喬幸得燕北世子燕洵與宇文玥暗中相救，並經過宇文玥嚴厲訓練後成為諜者。同時與燕洵結下深厚友誼。但燕洵在家族滿門被滅後，回到燕北割據稱雄，楚喬在絕望中與他分道揚鑣。與力求「天下一統、釋奴止戈」的宇文玥並肩作戰，粉碎燕洵的復仇計劃，成為心懷蒼生的巾幗將軍。"
          },
          {
            "content_id": "VOD00250131",
            "time_codes": [
              709000,
              1380000,
              2113000
            ],
            "timecode_duration": [],
            "length": 2807000,
            "asset_id": "vod54961-000044M001",
            "title": "",
            "subtitle": "第44集",
            "ep_number": 44,
            "rating": 1,
            "content_type": "drama",
            "p_start": 1740220500000,
            "vod_channel_description": "西魏年間亂世混戰，奴籍少女楚喬幸得燕北世子燕洵與宇文玥暗中相救，並經過宇文玥嚴厲訓練後成為諜者。同時與燕洵結下深厚友誼。但燕洵在家族滿門被滅後，回到燕北割據稱雄，楚喬在絕望中與他分道揚鑣。與力求「天下一統、釋奴止戈」的宇文玥並肩作戰，粉碎燕洵的復仇計劃，成為心懷蒼生的巾幗將軍。"
          },
          {
            "content_id": "VOD00250132",
            "time_codes": [
              702000,
              1414000,
              2104000
            ],
            "timecode_duration": [],
            "length": 2818000,
            "asset_id": "vod54961-000045M001",
            "title": "",
            "subtitle": "第45集",
            "ep_number": 45,
            "rating": 1,
            "content_type": "drama",
            "p_start": 1740223500000,
            "vod_channel_description": "西魏年間亂世混戰，奴籍少女楚喬幸得燕北世子燕洵與宇文玥暗中相救，並經過宇文玥嚴厲訓練後成為諜者。同時與燕洵結下深厚友誼。但燕洵在家族滿門被滅後，回到燕北割據稱雄，楚喬在絕望中與他分道揚鑣。與力求「天下一統、釋奴止戈」的宇文玥並肩作戰，粉碎燕洵的復仇計劃，成為心懷蒼生的巾幗將軍。"
          },
          {
            "content_id": "VOD00250133",
            "time_codes": [
              709000,
              1388000,
              2124000
            ],
            "timecode_duration": [],
            "length": 2788000,
            "asset_id": "vod54961-000046M001",
            "title": "",
            "subtitle": "第46集",
            "ep_number": 46,
            "rating": 1,
            "content_type": "drama",
            "p_start": 1740226500000,
            "vod_channel_description": "西魏年間亂世混戰，奴籍少女楚喬幸得燕北世子燕洵與宇文玥暗中相救，並經過宇文玥嚴厲訓練後成為諜者。同時與燕洵結下深厚友誼。但燕洵在家族滿門被滅後，回到燕北割據稱雄，楚喬在絕望中與他分道揚鑣。與力求「天下一統、釋奴止戈」的宇文玥並肩作戰，粉碎燕洵的復仇計劃，成為心懷蒼生的巾幗將軍。"
          },
          {
            "content_id": "VOD00250134",
            "time_codes": [
              709000,
              1461000,
              2136000
            ],
            "timecode_duration": [],
            "length": 2829000,
            "asset_id": "vod54961-000047M001",
            "title": "",
            "subtitle": "第47集",
            "ep_number": 47,
            "rating": 1,
            "content_type": "drama",
            "p_start": 1740229500000,
            "vod_channel_description": "西魏年間亂世混戰，奴籍少女楚喬幸得燕北世子燕洵與宇文玥暗中相救，並經過宇文玥嚴厲訓練後成為諜者。同時與燕洵結下深厚友誼。但燕洵在家族滿門被滅後，回到燕北割據稱雄，楚喬在絕望中與他分道揚鑣。與力求「天下一統、釋奴止戈」的宇文玥並肩作戰，粉碎燕洵的復仇計劃，成為心懷蒼生的巾幗將軍。"
          },
          {
            "content_id": "VOD00250135",
            "time_codes": [
              703000,
              1466000,
              2145000
            ],
            "timecode_duration": [],
            "length": 2734000,
            "asset_id": "vod54961-000048M001",
            "title": "",
            "subtitle": "第48集",
            "ep_number": 48,
            "rating": 1,
            "content_type": "drama",
            "p_start": 1740232500000,
            "vod_channel_description": "西魏年間亂世混戰，奴籍少女楚喬幸得燕北世子燕洵與宇文玥暗中相救，並經過宇文玥嚴厲訓練後成為諜者。同時與燕洵結下深厚友誼。但燕洵在家族滿門被滅後，回到燕北割據稱雄，楚喬在絕望中與他分道揚鑣。與力求「天下一統、釋奴止戈」的宇文玥並肩作戰，粉碎燕洵的復仇計劃，成為心懷蒼生的巾幗將軍。"
          },
          {
            "content_id": "VOD00250136",
            "time_codes": [
              713000,
              1453000,
              2131000
            ],
            "timecode_duration": [],
            "length": 2749000,
            "asset_id": "vod54961-000049M001",
            "title": "",
            "subtitle": "第49集",
            "ep_number": 49,
            "rating": 1,
            "content_type": "drama",
            "p_start": 1740235500000,
            "vod_channel_description": "西魏年間亂世混戰，奴籍少女楚喬幸得燕北世子燕洵與宇文玥暗中相救，並經過宇文玥嚴厲訓練後成為諜者。同時與燕洵結下深厚友誼。但燕洵在家族滿門被滅後，回到燕北割據稱雄，楚喬在絕望中與他分道揚鑣。與力求「天下一統、釋奴止戈」的宇文玥並肩作戰，粉碎燕洵的復仇計劃，成為心懷蒼生的巾幗將軍。"
          },
          {
            "content_id": "VOD00250137",
            "time_codes": [
              728000,
              1432000,
              2216000
            ],
            "timecode_duration": [],
            "length": 2727000,
            "asset_id": "vod54961-000050M001",
            "title": "",
            "subtitle": "第50集",
            "ep_number": 50,
            "rating": 1,
            "content_type": "drama",
            "p_start": 1740238500000,
            "vod_channel_description": "西魏年間亂世混戰，奴籍少女楚喬幸得燕北世子燕洵與宇文玥暗中相救，並經過宇文玥嚴厲訓練後成為諜者。同時與燕洵結下深厚友誼。但燕洵在家族滿門被滅後，回到燕北割據稱雄，楚喬在絕望中與他分道揚鑣。與力求「天下一統、釋奴止戈」的宇文玥並肩作戰，粉碎燕洵的復仇計劃，成為心懷蒼生的巾幗將軍。"
          },
          {
            "content_id": "VOD00250138",
            "time_codes": [
              721000,
              1485000,
              2157000
            ],
            "timecode_duration": [],
            "length": 2825000,
            "asset_id": "vod54961-000051M001",
            "title": "",
            "subtitle": "第51集",
            "ep_number": 51,
            "rating": 1,
            "content_type": "drama",
            "p_start": 1740241500000,
            "vod_channel_description": "西魏年間亂世混戰，奴籍少女楚喬幸得燕北世子燕洵與宇文玥暗中相救，並經過宇文玥嚴厲訓練後成為諜者。同時與燕洵結下深厚友誼。但燕洵在家族滿門被滅後，回到燕北割據稱雄，楚喬在絕望中與他分道揚鑣。與力求「天下一統、釋奴止戈」的宇文玥並肩作戰，粉碎燕洵的復仇計劃，成為心懷蒼生的巾幗將軍。"
          },
          {
            "content_id": "VOD00250139",
            "time_codes": [
              734000,
              1422000,
              2120000
            ],
            "timecode_duration": [],
            "length": 2756000,
            "asset_id": "vod54961-000052M001",
            "title": "",
            "subtitle": "第52集",
            "ep_number": 52,
            "rating": 1,
            "content_type": "drama",
            "p_start": 1740244500000,
            "vod_channel_description": "西魏年間亂世混戰，奴籍少女楚喬幸得燕北世子燕洵與宇文玥暗中相救，並經過宇文玥嚴厲訓練後成為諜者。同時與燕洵結下深厚友誼。但燕洵在家族滿門被滅後，回到燕北割據稱雄，楚喬在絕望中與他分道揚鑣。與力求「天下一統、釋奴止戈」的宇文玥並肩作戰，粉碎燕洵的復仇計劃，成為心懷蒼生的巾幗將軍。"
          },
          {
            "content_id": "VOD00250140",
            "time_codes": [
              760000,
              1471000,
              2140000
            ],
            "timecode_duration": [],
            "length": 2762000,
            "asset_id": "vod54961-000053M001",
            "title": "",
            "subtitle": "第53集",
            "ep_number": 53,
            "rating": 1,
            "content_type": "drama",
            "p_start": 1740247500000,
            "vod_channel_description": "西魏年間亂世混戰，奴籍少女楚喬幸得燕北世子燕洵與宇文玥暗中相救，並經過宇文玥嚴厲訓練後成為諜者。同時與燕洵結下深厚友誼。但燕洵在家族滿門被滅後，回到燕北割據稱雄，楚喬在絕望中與他分道揚鑣。與力求「天下一統、釋奴止戈」的宇文玥並肩作戰，粉碎燕洵的復仇計劃，成為心懷蒼生的巾幗將軍。"
          },
          {
            "content_id": "VOD00250141",
            "time_codes": [
              717000,
              1398000,
              2185000
            ],
            "timecode_duration": [],
            "length": 2845000,
            "asset_id": "vod54961-000054M001",
            "title": "",
            "subtitle": "第54集",
            "ep_number": 54,
            "rating": 1,
            "content_type": "drama",
            "p_start": 1740250500000,
            "vod_channel_description": "西魏年間亂世混戰，奴籍少女楚喬幸得燕北世子燕洵與宇文玥暗中相救，並經過宇文玥嚴厲訓練後成為諜者。同時與燕洵結下深厚友誼。但燕洵在家族滿門被滅後，回到燕北割據稱雄，楚喬在絕望中與他分道揚鑣。與力求「天下一統、釋奴止戈」的宇文玥並肩作戰，粉碎燕洵的復仇計劃，成為心懷蒼生的巾幗將軍。"
          },
          {
            "content_id": "VOD00250142",
            "time_codes": [
              664000,
              1436000,
              2167000
            ],
            "timecode_duration": [],
            "length": 2774000,
            "asset_id": "vod54961-000055M001",
            "title": "",
            "subtitle": "第55集",
            "ep_number": 55,
            "rating": 1,
            "content_type": "drama",
            "p_start": 1740253500000,
            "vod_channel_description": "西魏年間亂世混戰，奴籍少女楚喬幸得燕北世子燕洵與宇文玥暗中相救，並經過宇文玥嚴厲訓練後成為諜者。同時與燕洵結下深厚友誼。但燕洵在家族滿門被滅後，回到燕北割據稱雄，楚喬在絕望中與他分道揚鑣。與力求「天下一統、釋奴止戈」的宇文玥並肩作戰，粉碎燕洵的復仇計劃，成為心懷蒼生的巾幗將軍。"
          },
          {
            "content_id": "VOD00250143",
            "time_codes": [
              670000,
              1414000,
              2154000
            ],
            "timecode_duration": [],
            "length": 2760000,
            "asset_id": "vod54961-000056M001",
            "title": "",
            "subtitle": "第56集",
            "ep_number": 56,
            "rating": 1,
            "content_type": "drama",
            "p_start": 1740256500000,
            "vod_channel_description": "西魏年間亂世混戰，奴籍少女楚喬幸得燕北世子燕洵與宇文玥暗中相救，並經過宇文玥嚴厲訓練後成為諜者。同時與燕洵結下深厚友誼。但燕洵在家族滿門被滅後，回到燕北割據稱雄，楚喬在絕望中與他分道揚鑣。與力求「天下一統、釋奴止戈」的宇文玥並肩作戰，粉碎燕洵的復仇計劃，成為心懷蒼生的巾幗將軍。"
          },
          {
            "content_id": "VOD00250144",
            "time_codes": [
              687000,
              1414000,
              2144000
            ],
            "timecode_duration": [],
            "length": 2767000,
            "asset_id": "vod54961-000057M001",
            "title": "",
            "subtitle": "第57集",
            "ep_number": 57,
            "rating": 1,
            "content_type": "drama",
            "p_start": 1740259500000,
            "vod_channel_description": "西魏年間亂世混戰，奴籍少女楚喬幸得燕北世子燕洵與宇文玥暗中相救，並經過宇文玥嚴厲訓練後成為諜者。同時與燕洵結下深厚友誼。但燕洵在家族滿門被滅後，回到燕北割據稱雄，楚喬在絕望中與他分道揚鑣。與力求「天下一統、釋奴止戈」的宇文玥並肩作戰，粉碎燕洵的復仇計劃，成為心懷蒼生的巾幗將軍。"
          },
          {
            "content_id": "VOD00250145",
            "time_codes": [
              751000,
              1447000,
              2178000
            ],
            "timecode_duration": [],
            "length": 2788000,
            "asset_id": "vod54961-000058M001",
            "title": "",
            "subtitle": "第58集",
            "ep_number": 58,
            "rating": 1,
            "content_type": "drama",
            "p_start": 1740262500000,
            "vod_channel_description": "西魏年間亂世混戰，奴籍少女楚喬幸得燕北世子燕洵與宇文玥暗中相救，並經過宇文玥嚴厲訓練後成為諜者。同時與燕洵結下深厚友誼。但燕洵在家族滿門被滅後，回到燕北割據稱雄，楚喬在絕望中與他分道揚鑣。與力求「天下一統、釋奴止戈」的宇文玥並肩作戰，粉碎燕洵的復仇計劃，成為心懷蒼生的巾幗將軍。"
          }
        ],
        "total_length": 160961000,
        "focus_index": 44,
        "next_index": 45,
        "time": 434395,
        "focus_program": {
          "content_id": "VOD00250132",
          "time_codes": [
            702000,
            1414000,
            2104000
          ],
          "timecode_duration": [],
          "length": 2818000,
          "asset_id": "vod54961-000045M001",
          "title": "",
          "subtitle": "第45集",
          "ep_number": 45,
          "rating": 1,
          "content_type": "drama",
          "p_start": 1740223500000,
          "vod_channel_description": "西魏年間亂世混戰，奴籍少女楚喬幸得燕北世子燕洵與宇文玥暗中相救，並經過宇文玥嚴厲訓練後成為諜者。同時與燕洵結下深厚友誼。但燕洵在家族滿門被滅後，回到燕北割據稱雄，楚喬在絕望中與他分道揚鑣。與力求「天下一統、釋奴止戈」的宇文玥並肩作戰，粉碎燕洵的復仇計劃，成為心懷蒼生的巾幗將軍。"
        }
      },
      "station_categories": [
        {
          "Name": "戲劇",
          "EngName": "Drama",
          "MenuOrder": 7
        }
      ]
    },
    "introduction": {
      "image": "https://p-cdnstatic.svc.litv.tv/pics/vod_channel/logo_3113_ofiii110_mobile_20231019.png",
      "description": "",
      "href_maps": []
    },
    "recommends": [],
    "ua": "Mozilla/5.0 (Windows NT 10.0; Win64; x64) AppleWebKit/537.36 (KHTML, like Gecko) Chrome/134.0.0.0 Safari/537.36"
  },
  "__N_SSP": true
}