{
  "pageProps": {
    "contentId": "ofiii203",
    "channel": {
      "title": "文茜的世界周報",
      "no": 203,
      "charge_mode": "F",
      "content_id": "ofiii203",
      "content_type": "vod-channel",
      "epg_categories": [
        5
      ],
      "genres": [
        {
          "id": "",
          "name": "VOD_CHANNEL",
          "logo": ""
        }
      ],
      "liad_id": "VODCHNEWOFIWEB",
      "package_info_id": "VOD_CHANNEL_DELUX",
      "picture": "pics/vod_channel/logo_3269_ofiii203_tv_20250221.png",
      "provider": [
        {
          "id": "",
          "name": "TVBS 純拆",
          "logo": ""
        }
      ],
      "quality": "HD",
      "station_id": "station6203",
      "trial": "",
      "selectable": 1,
      "tr_logo": "",
      "tl_logo": "",
      "br_logo": "",
      "bl_logo": "",
      "menu_type": 0,
      "vod_channel_schedule": {
        "channel_id": 203,
        "cdn_code": "ofiii203",
        "start_time": 1762941900000,
        "programs": [
          {
            "content_id": "VOD00376531",
            "time_codes": [
              1483000,
              1913000,
              2545000
            ],
            "timecode_duration": [],
            "length": 2897000,
            "asset_id": "vod64680-000350M001",
            "title": "",
            "subtitle": "誰是拋售美元最多的國家？",
            "ep_number": 350,
            "rating": 1,
            "content_type": "show",
            "p_start": 1762941900000,
            "vod_channel_description": "帶您看世界脈動，財經趨勢，全球話題，帶給您最專業，最深入的剖析與觀點。"
          },
          {
            "content_id": "VOD00380005",
            "time_codes": [
              1482000,
              1904000,
              2535000
            ],
            "timecode_duration": [],
            "length": 2898000,
            "asset_id": "vod64680-000351M001",
            "title": "",
            "subtitle": "渴望諾貝爾和平獎 川普拚了 轉向俄烏戰爭（歐洲版）",
            "ep_number": 351,
            "rating": 1,
            "content_type": "show",
            "p_start": 1762944900000,
            "vod_channel_description": "帶您看世界脈動，財經趨勢，全球話題，帶給您最專業，最深入的剖析與觀點。"
          },
          {
            "content_id": "VOD00380006",
            "time_codes": [
              1268000,
              1792000,
              2234000
            ],
            "timecode_duration": [],
            "length": 2893000,
            "asset_id": "vod64680-000352M001",
            "title": "",
            "subtitle": "習寸土不讓！美中貿易戰再升級 從晶片.稀土.大豆打到造船",
            "ep_number": 352,
            "rating": 1,
            "content_type": "show",
            "p_start": 1762947900000,
            "vod_channel_description": "帶您看世界脈動，財經趨勢，全球話題，帶給您最專業，最深入的剖析與觀點。"
          },
          {
            "content_id": "VOD00380007",
            "time_codes": [
              1388000,
              2049000,
              2720000
            ],
            "timecode_duration": [],
            "length": 2897000,
            "asset_id": "vod64680-000353M001",
            "title": "",
            "subtitle": "美股快崩盤？川普一則推文 上週引發閃電崩盤 血洗幣圈 美股大逃殺",
            "ep_number": 353,
            "rating": 1,
            "content_type": "show",
            "p_start": 1762950900000,
            "vod_channel_description": "帶您看世界脈動，財經趨勢，全球話題，帶給您最專業，最深入的剖析與觀點。"
          },
          {
            "content_id": "VOD00380008",
            "time_codes": [
              1477000,
              2144000,
              2648000
            ],
            "timecode_duration": [],
            "length": 2898000,
            "asset_id": "vod64680-000354M001",
            "title": "",
            "subtitle": "中共四中全會前 習清洗軍方 9上將全落馬 習政治目的為何？",
            "ep_number": 354,
            "rating": 1,
            "content_type": "show",
            "p_start": 1762953900000,
            "vod_channel_description": "帶您看世界脈動，財經趨勢，全球話題，帶給您最專業，最深入的剖析與觀點。"
          },
          {
            "content_id": "VOD00380009",
            "time_codes": [
              1224000,
              1657000,
              2569000
            ],
            "timecode_duration": [],
            "length": 2893000,
            "asset_id": "vod64680-000355M001",
            "title": "",
            "subtitle": "習近平的中國夢 包括成為經濟科技強國 還有統一台灣（台海特報）",
            "ep_number": 355,
            "rating": 1,
            "content_type": "show",
            "p_start": 1762956900000,
            "vod_channel_description": "帶您看世界脈動，財經趨勢，全球話題，帶給您最專業，最深入的剖析與觀點。"
          },
          {
            "content_id": "VOD00380010",
            "time_codes": [
              1132000,
              1659000,
              2201000
            ],
            "timecode_duration": [],
            "length": 2897000,
            "asset_id": "vod64680-000356M001",
            "title": "",
            "subtitle": "當金價飛越4000美元 看投資市場對世界秩序的焦慮組成",
            "ep_number": 356,
            "rating": 1,
            "content_type": "show",
            "p_start": 1762959900000,
            "vod_channel_description": "帶您看世界脈動，財經趨勢，全球話題，帶給您最專業，最深入的剖析與觀點。"
          },
          {
            "content_id": "VOD00380011",
            "time_codes": [
              1766000,
              2316000,
              2792000
            ],
            "timecode_duration": [],
            "length": 2899000,
            "asset_id": "vod64680-000357M001",
            "title": "",
            "subtitle": "英美媒體一致認為川普輸掉了美中貿易戰",
            "ep_number": 357,
            "rating": 1,
            "content_type": "show",
            "p_start": 1762962900000,
            "vod_channel_description": "帶您看世界脈動，財經趨勢，全球話題，帶給您最專業，最深入的剖析與觀點。"
          },
          {
            "content_id": "VOD00380012",
            "time_codes": [
              1846000,
              2285000,
              2710000
            ],
            "timecode_duration": [],
            "length": 2893000,
            "asset_id": "vod64680-000358M001",
            "title": "",
            "subtitle": "亞洲各國使出渾身解數 討好川普國王 李在明獲益最多",
            "ep_number": 358,
            "rating": 1,
            "content_type": "show",
            "p_start": 1762965900000,
            "vod_channel_description": "帶您看世界脈動，財經趨勢，全球話題，帶給您最專業，最深入的剖析與觀點。"
          },
          {
            "content_id": "VOD00380013",
            "time_codes": [
              1421000,
              2220000,
              2703000
            ],
            "timecode_duration": [],
            "length": 2897000,
            "asset_id": "vod64680-000359M001",
            "title": "",
            "subtitle": "北京罕見新策略 四中全會除十五五科技規劃外 還要推和統",
            "ep_number": 359,
            "rating": 1,
            "content_type": "show",
            "p_start": 1762968900000,
            "vod_channel_description": "帶您看世界脈動，財經趨勢，全球話題，帶給您最專業，最深入的剖析與觀點。"
          }
        ],
        "total_length": 28962000,
        "focus_index": 7,
        "next_index": 8,
        "time": 1837284,
        "focus_program": {
          "content_id": "VOD00380011",
          "time_codes": [
            1766000,
            2316000,
            2792000
          ],
          "timecode_duration": [],
          "length": 2899000,
          "asset_id": "vod64680-000357M001",
          "title": "",
          "subtitle": "英美媒體一致認為川普輸掉了美中貿易戰",
          "ep_number": 357,
          "rating": 1,
          "content_type": "show",
          "p_start": 1762962900000,
          "vod_channel_description": "帶您看世界脈動，財經趨勢，全球話題，帶給您最專業，最深入的剖析與觀點。"
        }
      },
      "station_categories": [
        {
          "Name": "新聞‧財經",
          "EngName": "News & Finance",
          "MenuOrder": 3
        }
      ]
    },
    "introduction": {
      "image": "https://p-cdnstatic.svc.litv.tv/pics/vod_channel/logo_3269_ofiii203_mobile_20240301.png",
      "description": "",
      "href_maps": []
    },
    "recommends": [],
    "ua": "Mozilla/5.0 (Windows NT 10.0; Win64; x64) AppleWebKit/537.36 (KHTML, like Gecko) Chrome/134.0.0.0 Safari/537.36"
  },
  "__N_SSP": true
}