{
  "pageProps": {
    "contentId": "ofiii165",
    "channel": {
      "title": "蠟筆小新(中文版)",
      "no": 165,
      "charge_mode": "F",
      "content_id": "ofiii165",
      "content_type": "vod-channel",
      "epg_categories": [
        109
      ],
      "genres": [
        {
          "id": "",
          "name": "VOD_CHANNEL",
          "logo": ""
        }
      ],
      "liad_id": "VODCHNEWCHILDOFIWEB",
      "package_info_id": "VOD_CHANNEL_DELUX",
      "picture": "pics/vod_channel/logo_3079_ofiii165_tv_20250221.png",
      "provider": [
        {
          "id": "",
          "name": "木棉花",
          "logo": ""
        }
      ],
      "quality": "HD",
      "station_id": "station6013",
      "trial": "",
      "selectable": 1,
      "tr_logo": "pics/vod_channel/tr_logo_1611197519.png",
      "tl_logo": "",
      "br_logo": "",
      "bl_logo": "",
      "menu_type": 0,
      "vod_channel_schedule": {
        "channel_id": 165,
        "cdn_code": "ofiii165",
        "start_time": 1763077200000,
        "programs": [
          {
            "content_id": "VOD00029588",
            "time_codes": [
              600000,
              1200000
            ],
            "timecode_duration": [],
            "length": 1385000,
            "asset_id": "vod9530-000350M001",
            "title": "",
            "subtitle": "第350集 媽媽戀愛了哦/小愛的魅力無法擋/小葵要跟媽媽決鬥哦",
            "ep_number": 350,
            "rating": 2,
            "content_type": "comic",
            "p_start": 1763077200000,
            "vod_channel_description": "美冴以為蔬果店男店員佐藤喜歡她，內心時常雀躍不已且妄想著各種情況。終於有一天收到了佐藤給的一封信…風間跟正男為了小愛爭風吃醋，妮妮非常不以為然且認為小愛處處跟她作對，於是大家的行為越來越脫序了…美冴把小葵收藏的雜誌上的帥哥圖片給清理掉了，小葵於是懷恨在心展開了各種復仇行動…"
          },
          {
            "content_id": "VOD00029589",
            "time_codes": [
              600000,
              1200000
            ],
            "timecode_duration": [],
            "length": 1352000,
            "asset_id": "vod9530-000351M001",
            "title": "",
            "subtitle": "第351集 小愛的超人氣的是太驚人了哦/小愛與妮妮的對決哦/小葵是箱子裡的寶貝女哦",
            "ep_number": 351,
            "rating": 2,
            "content_type": "comic",
            "p_start": 1763079000000,
            "vod_channel_description": "小愛的人氣太高了，風間、阿呆、正男最近都不跟妮妮玩，妮妮想盡辦法要扳回一城，…。終於妮妮向小愛下戰帖了，是以躲避球的方式決勝負，最終這場決鬥的勝負是…。小葵一再把媽媽摺好的衣服弄亂，因為媽媽忙就叫小新照顧小葵，由於小新的疏忽還是讓小葵大鬧了一番…。"
          },
          {
            "content_id": "VOD00029590",
            "time_codes": [
              600000,
              1200000
            ],
            "timecode_duration": [],
            "length": 1358000,
            "asset_id": "vod9530-000352M001",
            "title": "",
            "subtitle": "第352集 小愛為我著迷哦/我和風間為愛決鬥哦/小葵的大預言哦",
            "ep_number": 352,
            "rating": 2,
            "content_type": "comic",
            "p_start": 1763080800000,
            "vod_channel_description": "幼稚園惟獨小新不被小愛迷惑，所以小愛迷上了小新，妮妮也因此跟小愛比較看小新比較喜歡誰，於是小新說…小愛迷上小新後一直纏著小新，都不跟風間他們玩了，風間不認輸於是向小新提出對決…。小葵讓人誤以為小葵有預知能力，大家開始想像用預知能力來得到獎金…。"
          },
          {
            "content_id": "VOD00029591",
            "time_codes": [
              600000,
              1200000
            ],
            "timecode_duration": [],
            "length": 1482000,
            "asset_id": "vod9530-000353M001",
            "title": "",
            "subtitle": "第353集 爸爸跟媽媽的秘密真好吃哦/要學會男子漢的必殺技哦/美冴的戀愛終點站哦",
            "ep_number": 353,
            "rating": 2,
            "content_type": "comic",
            "p_start": 1763082600000,
            "vod_channel_description": "美冴弄壞廣志的高爾夫球桿，想要神不知鬼不覺放回去，廣志打破美冴的紅茶杯，也不敢跟美冴坦承，兩人都被小新看見了…。正男因為鞦韆被不良的小朋友霸占而且不敢反抗哭了出來，小新他們要讓正男成為男子漢而展開了各種特訓。佐藤對美冴說他有重要的人生目標，帶著美冴去了一個地方。"
          },
          {
            "content_id": "VOD00029592",
            "time_codes": [
              600000,
              1200000
            ],
            "timecode_duration": [],
            "length": 1423000,
            "asset_id": "vod9530-000354M001",
            "title": "",
            "subtitle": "第354集 我是烤地瓜達人哦/瑪莉在春日部戰鬥哦/我們家的冰箱要換新的囉",
            "ep_number": 354,
            "rating": 2,
            "content_type": "comic",
            "p_start": 1763084400000,
            "vod_channel_description": "琦玉紅蠍對三人打工賣烤地瓜，但是不好意思叫賣所以沒生意，後來因為小新的搗亂迫使她們敢於開口叫賣了…。春日部的博物館，成為熱門景點。風間碰到了小新他們在模仿瑪莉…。美冴的東西掉在冰箱後面，因為搬運的過程冰箱損壞了，所以決定換冰箱。廣志之後開始懷疑美冴換冰箱的動機…。"
          },
          {
            "content_id": "VOD00029593",
            "time_codes": [
              600000,
              1200000
            ],
            "timecode_duration": [],
            "length": 1424000,
            "asset_id": "vod9530-000355M001",
            "title": "",
            "subtitle": "第355集 我是天才芭蕾舞者哦/我看到網路世界了哦/跟爸爸兩個人一起喝茶哦",
            "ep_number": 355,
            "rating": 2,
            "content_type": "comic",
            "p_start": 1763086200000,
            "vod_channel_description": "美冴決定給小新去學芭蕾舞。小新的無俚頭讓老師哭笑不得…。園長搬了台電腦要連接網路。大家感覺很新奇，你一言我一語在那裡搞不定，最後上尾老師終於忍不住了…。小新跟爸爸去了一間咖啡店，原本爸爸為了要借廁所而只要點便宜的餐點就好，不過因為漂亮老闆娘的關係，小新跟爸爸不知不覺越點越多…。"
          },
          {
            "content_id": "VOD00029594",
            "time_codes": [
              600000,
              1200000
            ],
            "timecode_duration": [],
            "length": 1423000,
            "asset_id": "vod9530-000356M001",
            "title": "",
            "subtitle": "第356集 我是野原家最厲害的節約專家哦/我要租最愛的瑪莉錄影帶哦/讓感冒的爸爸恢復健康哦",
            "ep_number": 356,
            "rating": 2,
            "content_type": "comic",
            "p_start": 1763088000000,
            "vod_channel_description": "美冴與廣志看到某報導，認為能源的浪費造成些許經濟的負擔，小新聽了堅決要厲行節約能源…。風間在出租店碰到了小新他們，打死不承認喜歡瑪莉的風間，想盡辦法要在小新他們沒發現之前歸還瑪莉錄影帶。感冒的廣志用嚴厲的語氣叫小新小葵不要來煩他。廣志睡醒後找不到小新他們，自責不已。"
          },
          {
            "content_id": "VOD00029595",
            "time_codes": [
              600000,
              1200000
            ],
            "timecode_duration": [],
            "length": 1422000,
            "asset_id": "vod9530-000357M001",
            "title": "",
            "subtitle": "第357集 為我燃燒熱情的小愛哦/超級市場是男人的戰場哦/小白的秘密沒人知道哦",
            "ep_number": 357,
            "rating": 2,
            "content_type": "comic",
            "p_start": 1763089800000,
            "vod_channel_description": "小愛為了讓小新喜愛，決心要變為成熟的女性，正男也決定模仿小新…。廣志跟小新去超級市場買晚餐，美冴叮嚀廣志不要買一些不必要的東西…。小白因為被野原家忽略而感到沮喪，閒逛時遇到了一位對小白很好的女生。小白很喜歡女生的陪伴，一段時間後女生要搬家了，問小白是否願意跟她一起離開…。"
          },
          {
            "content_id": "VOD00029596",
            "time_codes": [
              600000,
              1200000
            ],
            "timecode_duration": [],
            "length": 1361000,
            "asset_id": "vod9530-000358M001",
            "title": "",
            "subtitle": "第358集 小魔女瑪莉的最大危機哦/要隨時注意火爐才行哦/可疑的風間大追中哦",
            "ep_number": 358,
            "rating": 2,
            "content_type": "comic",
            "p_start": 1763091600000,
            "vod_channel_description": "瑪莉被陷害，最後兇手席拉現身，與瑪莉精采對決。看完劇的小新父子熱烈討論起來。美冴在加火爐的煤油時，為了買地瓜一不留意下讓煤油滿出了火爐， 為了清理只好稍後才能吃烤地瓜…。在動漫店打工的龍子遇到風間。為了幫風間找銷售很好的小魔女特輯，兩人一家家店詢問。被小新他們撞見了…"
          },
          {
            "content_id": "VOD00029597",
            "time_codes": [
              600000,
              1200000
            ],
            "timecode_duration": [],
            "length": 1370000,
            "asset_id": "vod9530-000359M001",
            "title": "",
            "subtitle": "第359集 上尾老師討厭的那個人哦/人家好想吃泡泡糖哦/爸爸有個危險的秘密哦",
            "ep_number": 359,
            "rating": 2,
            "content_type": "comic",
            "p_start": 1763093400000,
            "vod_channel_description": "上尾老師覺得黑幾這樣的人一直出現在幼稚園裡很不妥當，認為對幼稚園的形象。小新為了吃泡泡糖，用盡各種方式向美冴拍馬屁。廣志稱因為要處理公司重要事務，要熬夜所以要大家不要打擾他。晚飯也不吃便上樓去了。小新覺得可疑，要一探究竟，結果看到了不該看到的一幕…。"
          },
          {
            "content_id": "VOD00029598",
            "time_codes": [
              600000,
              1200000
            ],
            "timecode_duration": [],
            "length": 1423000,
            "asset_id": "vod9530-000360M001",
            "title": "",
            "subtitle": "第360集 我也想去美容院哦/小葵的樣子怪怪的哦/男人獨享的豪華晚餐哦",
            "ep_number": 360,
            "rating": 2,
            "content_type": "comic",
            "p_start": 1763095200000,
            "vod_channel_description": "廣志跟小新到美髮沙龍院去理髮，結果由店長來為廣志設計髮型。最後剪出的年輕髮型是…。小葵自從遇見帥哥快遞人員後，一直都魂不守舍，讓小新及爸爸媽媽感到很疑惑…。美冴因為要去聚餐，就叫廣志自行解決晚餐問題，廣志決定著小新去吃大餐，路上又讓厚臉皮的席林加入…。"
          },
          {
            "content_id": "VOD00029599",
            "time_codes": [
              600000,
              1200000
            ],
            "timecode_duration": [],
            "length": 1423000,
            "asset_id": "vod9530-000361M001",
            "title": "",
            "subtitle": "第361集 在我們家開大人的派對哦/我也要參加試演會哦/彩券中獎了哦",
            "ep_number": 361,
            "rating": 2,
            "content_type": "comic",
            "p_start": 1763097000000,
            "vod_channel_description": "妮妮炫耀著自己去參加派對，小新不服氣得說他家也辦的了那種豪華派對…。於是小新回到家極力懇求美冴…。小魔女瑪莉劇組到雙葉幼稚園，挑選適合的小朋友參加戲劇演出。最後被挑中的人是…？因為彩券中了一百萬，廣志跟美冴開始計畫如何使用這筆獎金。後來發現彩券是分給小新的那張中獎…。"
          },
          {
            "content_id": "VOD00029600",
            "time_codes": [
              600000,
              1200000
            ],
            "timecode_duration": [],
            "length": 1424000,
            "asset_id": "vod9530-000362M001",
            "title": "",
            "subtitle": "第362集 動感超人來到家庭餐廳哦/刺激的幼稚園家長日",
            "ep_number": 362,
            "rating": 2,
            "content_type": "comic",
            "p_start": 1763098800000,
            "vod_channel_description": "野原一家到家庭餐廳吃大餐，但小新忘記有動感超人特別節目要看，所以在一邊惦記著動感超人特別節目，一邊又被漂亮女店員轉移注意力之下，吃地很不安寧。美冴臨時得知隔天要參加幼稚園家長日，所以緊急得做準備…。"
          },
          {
            "content_id": "VOD00029601",
            "time_codes": [
              600000,
              1200000
            ],
            "timecode_duration": [],
            "length": 1346000,
            "asset_id": "vod9530-000363M001",
            "title": "",
            "subtitle": "第363集 午餐一定要吃便當哦/動感超人的電影來了哦/公司的渡假飯店真開心哦/公司的渡假飯店真開心哦",
            "ep_number": 363,
            "rating": 2,
            "content_type": "comic",
            "p_start": 1763100600000,
            "vod_channel_description": "小新來到便當店，要求試吃才決定要買哪個…。小新吵著要看電影來支持動感超人，為此已經規劃好當天一切的流程了…。野原一家到公司的渡假飯店，恰巧公司的專務也來飯店渡假，所以不時的在飯店裡遇到，廣志又每每在專務的面前出錯，給專務留下不好的印像，開始擔心自己未來的前途了…。"
          },
          {
            "content_id": "VOD00029602",
            "time_codes": [
              600000,
              1200000
            ],
            "timecode_duration": [],
            "length": 1346000,
            "asset_id": "vod9530-000364M001",
            "title": "",
            "subtitle": "第364集 偷吃的點心最好吃哦/B.撿到行動電話哦/小愛來我家了哦",
            "ep_number": 364,
            "rating": 2,
            "content_type": "comic",
            "p_start": 1763102400000,
            "vod_channel_description": "小葵想偷吃棒棒糖，美冴想偷吃羊羹，小新想偷吃布丁，三人看似將要得手，卻在一連串陰錯陽差之下被彼此發現了…。小新撿到一個花心男生的手機，男生的兩位女朋友也打電話來找男生，大家就在警察局會合了…。小愛要拜訪野原家，認知到了平民式的生活方式，美冴想著如果小新以後可以入贅豪門也不錯…。"
          },
          {
            "content_id": "VOD00029603",
            "time_codes": [
              600000,
              1200000
            ],
            "timecode_duration": [],
            "length": 1346000,
            "asset_id": "vod9530-000365M001",
            "title": "",
            "subtitle": "第365集 春日部黃門/幫媽媽做家事哦/大白天的恐怖經驗/大河時代劇特集,春日部黃門",
            "ep_number": 365,
            "rating": 2,
            "content_type": "comic",
            "p_start": 1763104200000,
            "vod_channel_description": "春日部的將軍大人得知腹黑組幫派想要佔領村落…。美冴的手受了傷，要廣志跟小新幫忙，兩人心不甘情不願的做家事…。正男以為媽媽不在家，跟小新他們看恐怖節目，正男媽媽醒來發出了聲響…。大官跟腹黑屋正在商量把別人麵店趕走的詭計，被春日部將軍，野原新之助大人打斷。"
          },
          {
            "content_id": "VOD00029604",
            "time_codes": [
              600000,
              1200000
            ],
            "timecode_duration": [],
            "length": 1545000,
            "asset_id": "vod9530-000366M001",
            "title": "",
            "subtitle": "第366集 我想要一雙動感超人鞋/讓我回娘家吧",
            "ep_number": 366,
            "rating": 2,
            "content_type": "comic",
            "p_start": 1763106000000,
            "vod_channel_description": "小新為了要買新的動感假面超人鞋，想盡辦法把目前能穿的鞋磨壞，後來美冴還是買動感超人鞋給小新，可是小新卻因為捨不得穿，把新鞋收藏起來。廣志原本答應美冴放假帶全家出遊旅行，卻因工作而無法遵守承諾，美冴一氣一下帶著小新小葵回娘家…"
          },
          {
            "content_id": "VOD00029605",
            "time_codes": [
              600000,
              1200000
            ],
            "timecode_duration": [],
            "length": 1346000,
            "asset_id": "vod9530-000367M001",
            "title": "",
            "subtitle": "第367集 我要一個人生活/正義的英雄,萬能超人登場/我要養倉鼠了哦/不用被處罰了",
            "ep_number": 367,
            "rating": 2,
            "content_type": "comic",
            "p_start": 1763107800000,
            "vod_channel_description": "小新跟媽媽鬧脾氣決定一個人住，搬到公寓樓上的房間，後來在因為美冴不讓他使用家裡的廁所只好放棄。一群太太在車上占位置，小新看不下去化身成萬能超人。正男家的倉鼠生了小寶寶給小新一隻，小新怕被罵就不敢問美冴。美冴因為以為小新偷吃了小葵的零食而要處罰小新，後來卻發現，其實是廣志吃掉的。"
          },
          {
            "content_id": "VOD00029606",
            "time_codes": [
              600000,
              1200000
            ],
            "timecode_duration": [],
            "length": 1346000,
            "asset_id": "vod9530-000368M001",
            "title": "",
            "subtitle": "第368集 被闖空門了(上) /被闖空門了(下)/小愛想要加入～春日部防衛隊",
            "ep_number": 368,
            "rating": 2,
            "content_type": "comic",
            "p_start": 1763109600000,
            "vod_channel_description": "廣志和美冴要去百貨公司，半途每戶發現沒帶錢包所以回家拿，卻發現忘了鎖門而家裡遭小偷了！小愛想加入春日部防衛隊，用了很多很高級的產品想說服大家，可是妮妮不想答應就拼命阻撓，後來因為小新還是喜歡簡單的方式，所以小愛這次自動放棄，卻也誓言下次一定要加入"
          },
          {
            "content_id": "VOD00029607",
            "time_codes": [
              600000,
              1200000
            ],
            "timecode_duration": [],
            "length": 1345000,
            "asset_id": "vod9530-000369M001",
            "title": "",
            "subtitle": "第369集 聰明人又來了/爸爸的星期天好辛苦/去吉永老師家探病/聰明人仙人登場",
            "ep_number": 369,
            "rating": 2,
            "content_type": "comic",
            "p_start": 1763111400000,
            "vod_channel_description": "小新變身成聰明人，喚醒路人的道德感…。廣志假日想盡辦法躲閉打掃的命運，最後害自己腰閃到，美冴手臂脫臼，小新扭到腳。吉永老師請了病假，園長讓上尾老師去探望，沒想到小新竟然掛在上尾的包包上跟著一起去了…。小新幻想出來的人物「聰明人仙人」教導小新要見義勇為，前提是不能透漏仙人的存在了…"
          },
          {
            "content_id": "VOD00029608",
            "time_codes": [
              600000,
              1200000
            ],
            "timecode_duration": [],
            "length": 1546000,
            "asset_id": "vod9530-000370M001",
            "title": "",
            "subtitle": "第370集 吉永老師 不可以辭職哦/吉永老師的婚禮決定了/婚禮的節目決定了/我的新娘是怎樣的人",
            "ep_number": 370,
            "rating": 2,
            "content_type": "comic",
            "p_start": 1763113200000,
            "vod_channel_description": "小新誤會吉永因為要結婚而辭職，就跟好朋友們一起想說服石坂讓吉永繼續當老師…。吉永老師跟石坂先生正為了婚禮要怎麼辦而吵架的時候，一路跟蹤的美冴跟小新後來露臉勸架。小新等人彩排的話劇內容，讓吉永老師笑不出來。小新因為受到吉永老師要結婚的影響，也決定了他的新娘是娜娜子姊姊…。"
          },
          {
            "content_id": "VOD00029609",
            "time_codes": [
              600000,
              1200000
            ],
            "timecode_duration": [],
            "length": 1346000,
            "asset_id": "vod9530-000371M001",
            "title": "",
            "subtitle": "第371集 吉永老師猶豫要不要結婚/今天舉行結婚典禮/吉永老師的新婚家庭/臭臭的幸福的魚乾",
            "ep_number": 371,
            "rating": 2,
            "content_type": "comic",
            "p_start": 1763115000000,
            "vod_channel_description": "吉永因為婚期將至導致情緒緊繃…終於到了婚禮當天卻下起大雨，石坂因為小新的提醒做出有魄力的舉動。吉永因結婚搬到新家居住，被鄰居當成奇怪的女人…。小新化身成賣魚乾的少年，大家因為魚乾太臭都不買，到最後小新美冴跟廣志凍死在街頭，美食家覺得魚乾跟紅酒很搭，大家為他們豎立了銅像。"
          },
          {
            "content_id": "VOD00029631",
            "time_codes": [
              600000,
              1200000
            ],
            "timecode_duration": [],
            "length": 1345000,
            "asset_id": "vod9530-000372M001",
            "title": "",
            "subtitle": "第372集 拍有趣的…錄影帶哦/重要的文件…不見了/我和我的對決",
            "ep_number": 372,
            "rating": 2,
            "content_type": "comic",
            "p_start": 1763116800000,
            "vod_channel_description": "席林跟蜜琪這對夫妻為了紀錄生活中的美好，將攝影機拿去拍野原家的生活。吉永老師的領護照通知函不見了，有可能被小朋友們拿去摺紙飛機…。小新因為頑皮惹媽媽生氣，後來從鏡子裡跑出另一個乖巧的小新…。"
          },
          {
            "content_id": "VOD00029632",
            "time_codes": [
              600000,
              1200000
            ],
            "timecode_duration": [],
            "length": 1346000,
            "asset_id": "vod9530-000373M001",
            "title": "",
            "subtitle": "第373集 到海邊衝浪/小新縮小了",
            "ep_number": 373,
            "rating": 2,
            "content_type": "comic",
            "p_start": 1763118600000,
            "vod_channel_description": "小新一家到海邊度假，小新要磯邊當自己的衝浪教練；另一邊，廣志卻誤搭訕到一位衝浪客，之後一直黏著廣志要教他衝浪；小新結識了大雄，聽了大雄原本喜愛衝浪後來因為某個原因再也不衝浪的過去，最後發現原來大雄是磯邊以前的男朋友…。小新仗著比小葵高大就欺負妹妹，後來做夢的時候夢到自己縮小了！"
          },
          {
            "content_id": "VOD00029633",
            "time_codes": [
              600000,
              1200000
            ],
            "timecode_duration": [],
            "length": 1346000,
            "asset_id": "vod9530-000374M001",
            "title": "",
            "subtitle": "第374集 出現了一個陌生人/晚飯的香味/我要玩大富翁/忘記了熱",
            "ep_number": 374,
            "rating": 2,
            "content_type": "comic",
            "p_start": 1763120400000,
            "vod_channel_description": "小新等人在玩遊戲的時候，不管怎麼分配好像都多了一個人，大家都糊塗了，後來想到了「客廳妖怪」的故事。後來大家一起來到妮妮家，進屋之後才知道原來妮妮媽做了可怕的料理…。小心在家覺得無聊，後來跟小葵玩起大富翁，小新耍詐最後仍然輸給小葵…。小新把冰箱打開降溫，美冴發現之後大罵小新。"
          },
          {
            "content_id": "VOD00029634",
            "time_codes": [
              600000,
              1200000
            ],
            "timecode_duration": [],
            "length": 1347000,
            "asset_id": "vod9530-000375M001",
            "title": "",
            "subtitle": "第375集 不能被媽媽的偷懶打敗/爸爸媽媽在夏天的比賽/度過炎熱的夏天",
            "ep_number": 375,
            "rating": 2,
            "content_type": "comic",
            "p_start": 1763122200000,
            "vod_channel_description": "廣志出差一個禮拜不在家，美冴趁機偷懶，小新逼著美冴進入壽司店。美冴覺得廣志不體諒她在家不開冷氣工作的辛苦，兩人決定一整天不開冷氣，而只要說一個熱字的人就要罰100塊錢。蜜琪日漸消瘦，席林很擔心就跑去廣志家尋求幫助。"
          },
          {
            "content_id": "VOD00029635",
            "time_codes": [
              600000,
              1200000
            ],
            "timecode_duration": [],
            "length": 1346000,
            "asset_id": "vod9530-000376M001",
            "title": "",
            "subtitle": "第376集 小白如果是我的話 (如果我是小新的話)/和娜娜子姊姊獨處/妮妮戀愛了/監獄裡的小新",
            "ep_number": 376,
            "rating": 2,
            "content_type": "comic",
            "p_start": 1763124000000,
            "vod_channel_description": "小白想像著自己與小新角色對調…。美冴出門送資料給廣志，請娜娜子照顧小新…。妮妮喜歡上勝雄，最後因為勝雄跟女同學說她不可能喜歡那麼小的小孩而心碎…。廣志和小新分別因為「腳臭罪」和「動作低級罪」被關進牢裡，在獄卒美冴的看管下，他們設法逃走，但是因為牢裡放飯時間到而放棄。"
          },
          {
            "content_id": "VOD00029636",
            "time_codes": [
              600000,
              1200000
            ],
            "timecode_duration": [],
            "length": 1346000,
            "asset_id": "vod9530-000377M001",
            "title": "",
            "subtitle": "第377集 我的飯糰好好吃/隊伍的盡頭～有好事發生哦/我想要電動腳踏車",
            "ep_number": 377,
            "rating": 2,
            "content_type": "comic",
            "p_start": 1763125800000,
            "vod_channel_description": "小新好不容易做好的飯糰，卻被剛進門累得半死的美冴一口吃掉 。野原一家在假日想去看海豚秀卻遇到大塞車，進場的時候他們因為是第十萬組入場的觀眾，得到了去澳大利亞的招待，而想上廁所的小新同時也…。最近上學的通路又有工程、必須從好漢坡經過、背著小葵又載小新騎起來特別累…。"
          },
          {
            "content_id": "VOD00029637",
            "time_codes": [
              600000,
              1200000
            ],
            "timecode_duration": [],
            "length": 1348000,
            "asset_id": "vod9530-000378M001",
            "title": "",
            "subtitle": "第378集 我們是樹懶/澳洲好熱鬧(上)(中)(下)",
            "ep_number": 378,
            "rating": 2,
            "content_type": "comic",
            "p_start": 1763127600000,
            "vod_channel_description": "小新和小朋友在玩學樹懶的遊戲、可是風間實在忍受不了這種無聊又不能動的玩法、就跑走了…。吉永老師和先生搭機去澳洲度蜜月、沒想到竟然和小新一家子同一班機、為了保有自己的兩人世界、她極力的躲避、不想被小新發現…"
          },
          {
            "content_id": "VOD00029638",
            "time_codes": [
              600000,
              1200000
            ],
            "timecode_duration": [],
            "length": 1346000,
            "asset_id": "vod9530-000379M001",
            "title": "",
            "subtitle": "第379集 我們也在澳洲(上)(中)(下)/雙葉三俠",
            "ep_number": 379,
            "rating": 2,
            "content_type": "comic",
            "p_start": 1763129400000,
            "vod_channel_description": "兩家參加潛水體驗活動教練從最基本的呼吸吶氣開始教起…負責帶他們的教練卻被小新整慘了…來到世界第一的艾亞斯岩，兩家人都決定要爬山才不往此行可是小新一家卻差點掉到岩下…。雙葉幼稚園的三位老師：吉永、松坂、上尾、每天都得應付小朋友發生的各種狀況…"
          },
          {
            "content_id": "VOD00029639",
            "time_codes": [
              600000,
              1200000
            ],
            "timecode_duration": [],
            "length": 1346000,
            "asset_id": "vod9530-000380M001",
            "title": "",
            "subtitle": "第380集 我想要零用錢/爸爸也想要零用錢/要小心小偷哦",
            "ep_number": 380,
            "rating": 2,
            "content_type": "comic",
            "p_start": 1763131200000,
            "vod_channel_description": "小新在學校聽到同學都有零用錢、也回家向媽媽要零用錢、可是軟硬兼施都不得其果…。小新想要零用錢、爸爸想增加零用錢、於是父子兩人便聯手起來說服媽媽、他們到底成功了沒呢？野原家的鄰居遭人闖空門、爸爸過去看熱鬧出來後發現自己的腳踏車竟然被人偷了…"
          },
          {
            "content_id": "VOD00029640",
            "time_codes": [
              600000,
              1200000
            ],
            "timecode_duration": [],
            "length": 1344000,
            "asset_id": "vod9530-000381M001",
            "title": "",
            "subtitle": "第381集 我們要去快樂的野餐(上)(中)(下)/戰鬥吧、園長人 (一)",
            "ep_number": 381,
            "rating": 2,
            "content_type": "comic",
            "p_start": 1763133000000,
            "vod_channel_description": "爸爸原本答應這個星期六帶全家去野餐,誰知老闆突然命令他招待客戶打高爾夫球,實在很難開口…爸爸以為下雨大膽的開口說要去招待客戶，卻被媽媽打了一頓，最後由媽媽開車載小新和小葵去野餐…。雙葉幼稚園的園長除了表面的工作之外、還有一個真正的身分：行俠仗義的正義使者園長人…"
          },
          {
            "content_id": "VOD00029641",
            "time_codes": [
              600000,
              1200000
            ],
            "timecode_duration": [],
            "length": 1345000,
            "asset_id": "vod9530-000382M001",
            "title": "",
            "subtitle": "第382集 吉永老師的 新婚生活/製作出色的相簿/戰鬥吧,園長人 (二)",
            "ep_number": 382,
            "rating": 2,
            "content_type": "comic",
            "p_start": 1763134800000,
            "vod_channel_description": "吉永老師還在新婚階段、在幼稚園裡大家都喜歡拿這個當討論的話題、弄得吉永老師好尷尬…。媽媽看到朋友惠子自己做的相簿非常羨慕、回家後也決定把照片整理就緒、做一本全家福相簿、誰知就在整理好的時候…。雙葉幼稚園的園長私下的身分是正義的使者：園長人每天的工作就是幫助有急難的小朋友…"
          },
          {
            "content_id": "VOD00029642",
            "time_codes": [
              600000,
              1200000
            ],
            "timecode_duration": [],
            "length": 1345000,
            "asset_id": "vod9530-000383M001",
            "title": "",
            "subtitle": "第383集 有借有還 是常識/爸爸和媽媽的秘密/正男 向我求婚了",
            "ep_number": 383,
            "rating": 2,
            "content_type": "comic",
            "p_start": 1763136600000,
            "vod_channel_description": "媽媽和惠子阿姨互借東西 都拖了很久沒還 還東西的時候都不乾不脆的…。媽媽在超商碰到笨店員 出了超商又碰到風間的媽媽說出不識趣的話 憋了一天就想把這些話對爸爸傾訴…。正男為了小愛要與小新決鬥 小新卻誤聽成他要向他求婚 還找老師徵詢意見…"
          },
          {
            "content_id": "VOD00029643",
            "time_codes": [
              600000,
              1200000
            ],
            "timecode_duration": [],
            "length": 1345000,
            "asset_id": "vod9530-000384M001",
            "title": "",
            "subtitle": "第384集 好像有好事發生的一天/戰鬥吧 園長人(三)/出動找尋河童/戰鬥吧 園長人(四)",
            "ep_number": 384,
            "rating": 2,
            "content_type": "comic",
            "p_start": 1763138400000,
            "vod_channel_description": "媽媽認為今天會有好事發生，誰知一切都被小新和小葵攪毀了…。園長人每天晚上都帶著蠟筆小新人巡邏 為的就是防範虎女突然出現 誰知虎女就是松坂老師。阿呆聽說春我部山的淚池裡有河童出沒 大家便起哄去找河童。小新說漏了嘴 大家都知道原來園長人的身分就是園長 紛紛裝扮起來要爭取當他的夥伴…"
          },
          {
            "content_id": "VOD00029644",
            "time_codes": [
              600000,
              1200000
            ],
            "timecode_duration": [],
            "length": 1345000,
            "asset_id": "vod9530-000385M001",
            "title": "",
            "subtitle": "第385集 媽媽的健康叫人擔心/捉烏龜/我要喝十瓶牛奶",
            "ep_number": 385,
            "rating": 2,
            "content_type": "comic",
            "p_start": 1763140200000,
            "vod_channel_description": "媽媽到醫院做免費的健康檢查 誰知沒做還好 做了之後身體狀況反而變差了。小葵睡著小新和媽媽好不容易有獨楚的時間 便要求和媽媽玩撲克牌…。幼稚園要用牛奶的利樂包來做玩具，媽媽買了十瓶回家，冰箱擺不下硬逼著小新一直喝牛奶…。"
          },
          {
            "content_id": "VOD00029645",
            "time_codes": [
              600000,
              1200000
            ],
            "timecode_duration": [],
            "length": 1349000,
            "asset_id": "vod9530-000386M001",
            "title": "",
            "subtitle": "第386集 小葵水噹噹/松坂老師是戀愛老手/比吹箭決勝負/猴山的一夜",
            "ep_number": 386,
            "rating": 2,
            "content_type": "comic",
            "p_start": 1763142000000,
            "vod_channel_description": "小葵現在對積木正感興趣，什麼都想拿來疊疊看 現在目標轉到桌上的杯盤，結果…。松坂老師想勾引小愛的保鑣黑磯先生，反而促使上尾老師和黑磯靠得更近。小新在練習吹箭 最後竟然變成爸爸和媽媽之間的比賽。爸爸在公司裡受氣，一天喝醉表示想當猴子，在夢中真的當了猴子卻發現當猴子並不容易…"
          },
          {
            "content_id": "VOD00029646",
            "time_codes": [
              600000,
              1200000
            ],
            "timecode_duration": [],
            "length": 1345000,
            "asset_id": "vod9530-000387M001",
            "title": "",
            "subtitle": "第387集 潛入新婚家庭/洗碗包在我身上/小葵團團轉/今天晚上吃壽喜燒",
            "ep_number": 387,
            "rating": 2,
            "content_type": "comic",
            "p_start": 1763143800000,
            "vod_channel_description": "小朋友在玩躲迷藏，小新卻躲進了吉永老師家，打擾了新婚夫妻美好的星期日早晨…。媽媽要小新幫忙洗碗看他表現好趁機誇獎他，希望他以後能每天洗碗誰知…。小葵繞著冰箱想盡辦法就想弄到多多。小新家今天晚上吃壽喜燒住在附近的新婚小倆口竟然擅自跑來插花害，大家都沒吃到什麼肉…"
          },
          {
            "content_id": "VOD00029647",
            "time_codes": [
              600000,
              1200000
            ],
            "timecode_duration": [],
            "length": 1345000,
            "asset_id": "vod9530-000388M001",
            "title": "",
            "subtitle": "第388集 爸爸偷偷買東西/媽媽的秘密生活/節約就包在我身上",
            "ep_number": 388,
            "rating": 2,
            "content_type": "comic",
            "p_start": 1763145600000,
            "vod_channel_description": "爸爸看到一則優惠購買老虎伍茲複製球桿的廣告，便想拿私房錢去買球桿，誰知媽媽早把錢搜了出來。席林和蜜琪這對小夫妻為了買屬於自己的獨棟洋房，竟然把開用的開銷通通仰賴野原家…"
          },
          {
            "content_id": "VOD00029648",
            "time_codes": [
              600000,
              1200000
            ],
            "timecode_duration": [],
            "length": 1511000,
            "asset_id": "vod9530-000389M001",
            "title": "",
            "subtitle": "第389集 遲到不可原諒/打排球",
            "ep_number": 389,
            "rating": 2,
            "content_type": "comic",
            "p_start": 1763147400000,
            "vod_channel_description": "小新赴約總是遲到，於是風間就規定從下次起遲到就一整天不能和女生說話…。隔壁大嬸在打媽媽排球隊 看媽媽打得不錯 便邀請媽媽有空去打打 誰知最後竟然會…"
          },
          {
            "content_id": "VOD00029649",
            "time_codes": [
              600000,
              1200000
            ],
            "timecode_duration": [],
            "length": 1529000,
            "asset_id": "vod9530-000390M001",
            "title": "",
            "subtitle": "第390集 累得像條狗/探聽上尾老師的秘密",
            "ep_number": 390,
            "rating": 2,
            "content_type": "comic",
            "p_start": 1763149200000,
            "vod_channel_description": "媽媽一整天練習排球回到家累得倒頭就睡，根本顧不著家人吃飯，於是爸爸這天放假就親手做菜…。上尾老師想織一條圍巾給黑磯先生，眼看天氣就漸漸暖和了，織好的時候就因為黑磯先生一句話…"
          },
          {
            "content_id": "VOD00029650",
            "time_codes": [
              600000,
              1200000
            ],
            "timecode_duration": [],
            "length": 1499000,
            "asset_id": "vod9530-000391M001",
            "title": "",
            "subtitle": "第391集 一大堆蘿蔔/和爺爺一起生活/",
            "ep_number": 391,
            "rating": 2,
            "content_type": "comic",
            "p_start": 1763151000000,
            "vod_channel_description": "秋田的爺爺送來一堆蘿蔔 小新家根本吃 不完 就想把它分送給鄰居…。小新的爺爺突然來了，還戴了鬼面具嚇人，這個喜歡作怪的老人這次來到底想做什麼呢？"
          },
          {
            "content_id": "VOD00029651",
            "time_codes": [
              600000,
              1200000
            ],
            "timecode_duration": [],
            "length": 1488000,
            "asset_id": "vod9530-000392M001",
            "title": "",
            "subtitle": "第392集 和爺爺一起生活/動動腦會變聰明哦",
            "ep_number": 392,
            "rating": 2,
            "content_type": "comic",
            "p_start": 1763152800000,
            "vod_channel_description": "爺爺住在家裡都沒幫忙反而給媽媽添了更多事，這天媽媽終於向爸爸抗議了…。風間要找英文補習班的包包，把出門後做過的事都想過一遍還是想不起來，原來是被小新拿去玩了…"
          },
          {
            "content_id": "VOD00029652",
            "time_codes": [
              600000,
              1200000
            ],
            "timecode_duration": [],
            "length": 1366000,
            "asset_id": "vod9530-000393M001",
            "title": "",
            "subtitle": "第393集 幸福小兔物語/妮妮家的兔子好可憐/小葵對風間很感興趣/小愛的大作戰(爸爸篇)",
            "ep_number": 393,
            "rating": 2,
            "content_type": "comic",
            "p_start": 1763154600000,
            "vod_channel_description": "妮妮求媽媽買了一隻幸福小兔給她，原本都相安無事 一切卻在小新來了之後改變了。大家在討論點心，小愛一來就把原本大放厥詞的妮妮比了下去，氣得妮妮打兔子。小新找風間到家裡。要風間代為照顧睡醒的小葵…。小愛喜歡小新，一心想嫁給小新，便從小新的父母開始下手…"
          },
          {
            "content_id": "VOD00029653",
            "time_codes": [
              600000,
              1200000
            ],
            "timecode_duration": [],
            "length": 1523000,
            "asset_id": "vod9530-000394M001",
            "title": "",
            "subtitle": "第394集 調查我品行/房子突然出事了/我們家沒了",
            "ep_number": 394,
            "rating": 2,
            "content_type": "comic",
            "p_start": 1763156400000,
            "vod_channel_description": "小愛發現小新對她不理不睬的 就請正男和風間調查 發現小新已經有個叫娜娜子的女友了。媽媽因為瓦斯爐有點問題，做點心時一直打不開火卻在小新的「絕佳」配合下 把房子整個炸掉了…。親友得知小新家氣爆都來給予鼓勵和支援 讓爸爸又有了站起來的勇氣…。"
          },
          {
            "content_id": "VOD00029654",
            "time_codes": [
              600000,
              1200000
            ],
            "timecode_duration": [],
            "length": 1525000,
            "asset_id": "vod9530-000395M001",
            "title": "",
            "subtitle": "第395集 找新的家/要搬家了/從現在起開始新生活",
            "ep_number": 395,
            "rating": 2,
            "content_type": "comic",
            "p_start": 1763158200000,
            "vod_channel_description": "要想一面修復房子一面付房貸，勢必不能找太貴的地方暫住，但是這樣的房子實在太難找了…。爸爸找到一個很像過去新婚時代住過的公寓就搬了進去，地方狹小 一切都得從新開始。在新家住的第一個晚上。大家似乎都有點興奮，小新和爸爸玩文字接龍，接著又要爸爸說故事…"
          },
          {
            "content_id": "VOD00029655",
            "time_codes": [
              600000,
              1200000
            ],
            "timecode_duration": [],
            "length": 1614000,
            "asset_id": "vod9530-000396M001",
            "title": "",
            "subtitle": "第396集 公寓的早上/向鄰居打招呼/擅長道歉的風間",
            "ep_number": 396,
            "rating": 2,
            "content_type": "comic",
            "p_start": 1763160000000,
            "vod_channel_description": "搬到公寓的第一個早上先是爸爸遲到，腳踏車不在無法送小新上學，接著是媽媽摔倒一團亂…。媽媽帶著一點禮物向鄰居打招呼，隔壁住的是個重考三年的考生，樓下住的是房東太太。幼稚園的小朋友知道小新已經搬好家了，決定去小新家看看順便祝賀，小新帶著要同學跑去拜訪新鄰居 ，弄得風間到處向人家道歉。"
          },
          {
            "content_id": "VOD00029656",
            "time_codes": [
              600000,
              1200000
            ],
            "timecode_duration": [],
            "length": 1554000,
            "asset_id": "vod9530-000397M001",
            "title": "",
            "subtitle": "第397集 鄰居是做什麼的哦/近路反而是遠路/辣媽登場",
            "ep_number": 397,
            "rating": 2,
            "content_type": "comic",
            "p_start": 1763161800000,
            "vod_channel_description": "隔壁住了一個臨時演員，把大家都弄糊塗了。小新這天終於發生趕不上校車的慘劇，媽媽只有邊看地圖邊騎腳踏車送他。媽媽到超市買限時搶購的雞蛋，卻因此與對面的鄰居不打不相識…"
          },
          {
            "content_id": "VOD00029657",
            "time_codes": [
              600000,
              1200000
            ],
            "timecode_duration": [],
            "length": 1610000,
            "asset_id": "vod9530-000398M001",
            "title": "",
            "subtitle": "第398集 夢想的豪宅/在家工作真不錯/鄰居做什麼都聽到了",
            "ep_number": 398,
            "rating": 2,
            "content_type": "comic",
            "p_start": 1763163600000,
            "vod_channel_description": "媽媽希望這次重建新家能夠蓋出一個符合自己理想的豪宅，實際考量之下又不可能。媽媽想多點收入，找了一份可以在家做的工作：包裝巧克力。誰知家裡沒有冷氣，巧克力全溶化了。隔壁的哥哥重考三年，爲了準備考試最怕的就是吵，這次被小新氣得還把牆打破了…"
          },
          {
            "content_id": "VOD00029658",
            "time_codes": [
              600000,
              1200000
            ],
            "timecode_duration": [],
            "length": 1598000,
            "asset_id": "vod9530-000399M001",
            "title": "",
            "subtitle": "第399集 年輕辣媽美冴哦/厚美離家出走/變身就不害怕了",
            "ep_number": 399,
            "rating": 2,
            "content_type": "comic",
            "p_start": 1763165400000,
            "vod_channel_description": "住在對面的厚子把媽媽請去她家請教她一點事情 ，沒想到媽媽竟然被她改裝成年輕辣媽…。對門的年輕辣媽厚子把女兒的衣服剪下來，車到自己的衣服上，弄得女兒厚美生氣離家出走。媽媽去買尿布，拜託隔壁的臨時演員小優幫忙看小葵，她竟然演起了持槍擄人的歹徒。"
          },
          {
            "content_id": "VOD00029659",
            "time_codes": [
              600000,
              1200000
            ],
            "timecode_duration": [],
            "length": 1643000,
            "asset_id": "vod9530-000400M001",
            "title": "",
            "subtitle": "第400集 為試鏡加油/媽媽閃到腰了/園長真叫人擔心",
            "ep_number": 400,
            "rating": 2,
            "content_type": "comic",
            "p_start": 1763167200000,
            "vod_channel_description": "住在隔壁的小優這次要參加一個試鏡會，辛苦練習卻在試鏡當天因為緊張忘了台詞…。媽媽整理東西時閃到腰，住在對面的辣媽厚子來幫忙做家事，讓媽媽有時間可以躺著休息養身體…。正男以為園長得了重病，看到樹上的落葉就想起自已的生命要結束了，便和小朋友一起努力讓葉子不掉下來。"
          },
          {
            "content_id": "VOD00029660",
            "time_codes": [
              600000,
              1200000
            ],
            "timecode_duration": [],
            "length": 1645000,
            "asset_id": "vod9530-000401M001",
            "title": "",
            "subtitle": "第401集 媽媽發燒了/吉永老師的秘密/家都好喜歡吃納豆",
            "ep_number": 401,
            "rating": 2,
            "content_type": "comic",
            "p_start": 1763169300000,
            "vod_channel_description": "媽媽發高燒，小新幫忙照顧小葵，卻讓收報費的以為他們家境困難，不忍收費匆忙就離開了。小新在百貨公司看到吉永老師買小寶寶的衣服，妮妮又看到她進婦產科，就認為吉永老師懷孕了…。媽媽為了抽中歐洲之旅的大獎，買了一堆納豆，後來又為了澳洲之旅，買了一堆咖哩回家…"
          },
          {
            "content_id": "VOD00029661",
            "time_codes": [
              600000,
              1200000
            ],
            "timecode_duration": [],
            "length": 1657000,
            "asset_id": "vod9530-000402M001",
            "title": "",
            "subtitle": "第402集 尋找舉手之勞的機會/爸爸倒楣透了/小愛的發表會哦",
            "ep_number": 402,
            "rating": 2,
            "content_type": "comic",
            "p_start": 1763171400000,
            "vod_channel_description": "幼稚園的小朋友開始推行舉手之勞運動，但是大家發現這似乎還是得挑對象做才行……。/爸爸倒楣了一整天，做什麼事都不順，隔天早上和媽媽一撞，竟然就把運氣都轉到媽媽身上了…。/小愛邀請小新參加鋼琴發表會，媽媽為了小新帶去的禮物傷透腦筋，最後小新竟然跑上了舞台，用屁股彈鋼琴…"
          },
          {
            "content_id": "VOD00029662",
            "time_codes": [
              600000,
              1200000
            ],
            "timecode_duration": [],
            "length": 1631000,
            "asset_id": "vod9530-000403M001",
            "title": "",
            "subtitle": "第403集 小白不見了/哦，牧場好遼闊",
            "ep_number": 403,
            "rating": 2,
            "content_type": "comic",
            "p_start": 1763173500000,
            "vod_channel_description": "綁小白的木棒鬆了，小白看到小新經過便跟了出去，弄得隔壁大嬸和媽媽都以為牠迷路了…。/媽媽每天窩在狹窄的房子裡，心裡非常鬱悶，爸爸便帶全家到OK牧場上去玩…。/小新在牧場認識了拋繩的朋美姐姐，除了耍寶讓她解除緊張之外，還想幫她順利演出。"
          },
          {
            "content_id": "VOD00029663",
            "time_codes": [
              600000,
              1200000
            ],
            "timecode_duration": [],
            "length": 1640000,
            "asset_id": "vod9530-000404M001",
            "title": "",
            "subtitle": "第404集 風間有危險了哦/最擅長在星期天做木工/不想從被爐出來了哦",
            "ep_number": 404,
            "rating": 2,
            "content_type": "comic",
            "p_start": 1763175600000,
            "vod_channel_description": "風間要去補習班的路上肚子痛，於是想到小新家借用廁所，誰知耽誤了時間還沒借到…。/小新的爸爸想趁假日好好睡個覺，被榔頭敲打的聲音吵醒之後，就有一堆做不完的木工…。/公寓裡的電力不夠，無法使用太高的電量，稍微一超過就會斷電…。"
          },
          {
            "content_id": "VOD00029664",
            "time_codes": [
              600000,
              1200000
            ],
            "timecode_duration": [],
            "length": 1648000,
            "asset_id": "vod9530-000405M001",
            "title": "",
            "subtitle": "第405集 冷冷的早上還是要慢跑哦/風間是個大人啊/我也想穿和服",
            "ep_number": 405,
            "rating": 2,
            "content_type": "comic",
            "p_start": 1763177700000,
            "vod_channel_description": "小新聽說娜娜子姐都在冬天的早上慢跑，也決定早起慢跑，誰知一早起來就發現娜娜子姐沒來…。/風間的媽媽今天會晚點回來，在風間的保證下將鑰匙交給他，誰知他卻弄丟了…。/媽媽趁著折扣時幫小葵買了件和服，卻苦於不會穿和服，跑去民眾活動中心上課，誰知大家聊聊天就下課了，下次上課得等到一個月後…"
          },
          {
            "content_id": "VOD00029665",
            "time_codes": [
              600000,
              1200000
            ],
            "timecode_duration": [],
            "length": 1645000,
            "asset_id": "vod9530-000406M001",
            "title": "",
            "subtitle": "第406集 小葵安靜的時候最危險了/娜娜子姊姊穿和服的樣子哦/我要找羊羹哦",
            "ep_number": 406,
            "rating": 2,
            "content_type": "comic",
            "p_start": 1763179800000,
            "vod_channel_description": "小葵每次安靜的時候，往往就是她在惡作劇的時候，媽媽為此大傷腦筋…。/小新和媽媽在街上巧遇穿著和服的娜娜子姐姐，除了幫她拍照還邀她一起去吃紅豆湯圓，誰知湯汁竟然灑在昂貴的和服上…。/隔壁大嬸送了一條羊羹，爸爸晚上想吃甜的媽媽只給每個人切了薄薄的一片，自己偷偷吃了一大塊…。"
          },
          {
            "content_id": "VOD00029666",
            "time_codes": [
              600000,
              1200000
            ],
            "timecode_duration": [],
            "length": 1632000,
            "asset_id": "vod9530-000407M001",
            "title": "",
            "subtitle": "第407集 正男改變形象了/動感超人的新必殺技哦/走廊啪搭啪搭的好吵哦",
            "ep_number": 407,
            "rating": 2,
            "content_type": "comic",
            "p_start": 1763181900000,
            "vod_channel_description": "正男喜歡小愛，願意成為愛的奴隸，但是其他人都看不下去。妮妮決定用打棒球來訓練正男忘了小愛…。/動感超人對外徵求小朋友自創必殺技，小新卻把妮妮媽媽對付兔娃娃的那招錄了下來寄去電視台…。/房東太太怕吵，這天又因為小新和四郎太吵神經斷裂大發雷霆，原本的感冒因為情緒激動發燒昏倒在家…。"
          },
          {
            "content_id": "VOD00029667",
            "time_codes": [
              600000,
              1200000
            ],
            "timecode_duration": [],
            "length": 1578000,
            "asset_id": "vod9530-000408M001",
            "title": "",
            "subtitle": "第408集 門壞了哦/我想吃這個地瓜哦/我想看仙人掌花哦",
            "ep_number": 408,
            "rating": 2,
            "content_type": "comic",
            "p_start": 1763184000000,
            "vod_channel_description": "屋齡老舊，這次又出現門把壞了的問題。在爸爸回家之前，媽媽先用繩子綁著應急，誰知鬧到警察找上門…。/附近的農家送地瓜給幼稚園的小朋友吃，大家為了分地瓜鬧成一團…。/園長種的一顆仙人掌就要開花了，他也為此感到非常高興。誰知一天卻為了救風間犧牲了仙人掌…。"
          },
          {
            "content_id": "VOD00029668",
            "time_codes": [
              600000,
              1200000
            ],
            "timecode_duration": [],
            "length": 1679000,
            "asset_id": "vod9530-000409M001",
            "title": "",
            "subtitle": "第409集 考試前都睡不著/下雪天買東西好麻煩哦/臥底刑警來了",
            "ep_number": 409,
            "rating": 2,
            "content_type": "comic",
            "p_start": 1763185800000,
            "vod_channel_description": "明天就是四郎大學考試的日子，他卻因為太緊張睡不著覺。小新爸爸讓他喝點酒助睡，反而害他因為喝了太多宿醉…。/下雪了，媽媽和爸爸划拳，由爸爸出去買東西。誰知爸爸卻在和小新打雪仗的時候把錢弄丟了…。/公寓的204號房來了兩個新房客，他們是來做臥底的警察，卻對外表明他們是一對父子…。"
          },
          {
            "content_id": "VOD00029669",
            "time_codes": [
              600000,
              1200000
            ],
            "timecode_duration": [],
            "length": 1639000,
            "asset_id": "vod9530-000410M001",
            "title": "",
            "subtitle": "第410集 大考成績放榜了哦/到公寓大集合/化妝藝術家",
            "ep_number": 410,
            "rating": 2,
            "content_type": "comic",
            "p_start": 1763187900000,
            "vod_channel_description": "隔壁的四郎大考放榜的日子終於來了，在眾人幾經鼓勵下他終於勇敢的去看榜，也如願考上「東大」，只是…。/小新家已經夠小了，偏偏大家都在星期六來到他家，還要在這裡過夜…。/妮妮脅迫幾個小男生玩make up artist的遊戲，把他們的臉上全畫上了五顏六色…。"
          },
          {
            "content_id": "VOD00029675",
            "time_codes": [
              600000,
              1200000
            ],
            "timecode_duration": [],
            "length": 1618000,
            "asset_id": "vod9530-000411M001",
            "title": "",
            "subtitle": "第411集 小優的試鏡之一/晚飯是秘密哦",
            "ep_number": 411,
            "rating": 2,
            "content_type": "comic",
            "p_start": 1763190000000,
            "vod_channel_description": "住在隔壁的小優姐一直無法擺脫害羞的感覺，所以演戲始終無法入木三分，這天突然靈機一動拜小新為師…。/小優這次再度參加甄試，面對劇團演出家蜆高太突然改變主題，但她依然完美的詮釋成功過關…。/小新家今晚吃壽喜燒，可是無巧不巧鄰居都來了，媽媽乾脆把公寓裡的住戶都找來一起吃…。"
          },
          {
            "content_id": "VOD00029676",
            "time_codes": [
              600000,
              1200000
            ],
            "timecode_duration": [],
            "length": 1584000,
            "asset_id": "vod9530-000412M001",
            "title": "",
            "subtitle": "第412集 絕對不讓她嫁人/監視要有耐心/禁止說不行跟我不要哦",
            "ep_number": 412,
            "rating": 2,
            "content_type": "comic",
            "p_start": 1763191800000,
            "vod_channel_description": "爸爸聽說小葵在公園很受歡迎，尤其是一個藝人的兒子名叫一郎的，就主動帶小葵到公園玩要打探敵情…。/住在野田家對面的是兩個警察，對外聲稱是父子的兩人又為了小事吵架，爸爸媽媽過去勸架，弄得自己也吵起來…。/美冴與小新打賭看誰講「不行」及「我不要」的次數多誰就輸了，就要答應對方的要求…。"
          },
          {
            "content_id": "VOD00029677",
            "time_codes": [
              600000,
              1200000
            ],
            "timecode_duration": [],
            "length": 1450000,
            "asset_id": "vod9530-000413M001",
            "title": "",
            "subtitle": "第413集 麗莎˙阿斯匹靈回來了/泡飯湯飯好好吃/目標和警察急速接近哦",
            "ep_number": 413,
            "rating": 2,
            "content_type": "comic",
            "p_start": 1763193600000,
            "vod_channel_description": "住在小新家對面的兩個警察終於等到對面大廈的目標麗莎回來了，但卻無法從小新口中得到任何的線索…。/上尾老師留下泡麵的湯準備泡飯吃，誰知道松坂老師卻順手將放在桌上的麵碗給丟掉了，並且說這個行為很怪異，上尾在知道小新也喜歡用泡麵湯泡飯吃後，兩人決定小小報復輕蔑「泡飯湯飯」的松坂老師…"
          },
          {
            "content_id": "VOD00029678",
            "time_codes": [
              600000,
              1200000
            ],
            "timecode_duration": [],
            "length": 1465000,
            "asset_id": "vod9530-000414M001",
            "title": "",
            "subtitle": "第414集 和超級模特兒散步/園長的魔術表演/再見，小優姐姐",
            "ep_number": 414,
            "rating": 2,
            "content_type": "comic",
            "p_start": 1763195400000,
            "vod_channel_description": "麗莎的販毒男友膽固醇一直想接近她，又苦於隨時都有警察監視，這天野原一家和麗莎到河邊散步，他也跟在後面…。/園長每次都表演同樣的魔術，弄得小朋友反應平淡在園長得知實情後也頗為難過…。/劇團的演出家蜆先生親自來找小優演出夏天的舞台劇「狗」，小優也勢必必須住到劇團的宿舍和大家告別…"
          },
          {
            "content_id": "VOD00029679",
            "time_codes": [
              600000,
              1200000
            ],
            "timecode_duration": [],
            "length": 1465000,
            "asset_id": "vod9530-000415M001",
            "title": "",
            "subtitle": "第415集 雞飛狗跳莊再見 雞飛狗跳大搜查線",
            "ep_number": 415,
            "rating": 2,
            "content_type": "comic",
            "p_start": 1763197200000,
            "vod_channel_description": "小新的新家蓋好了，今天正準備打包東西，誰知潛伏在此的兩個刑警卻找到了他們的目標，好不容易說服他棄暗投明，誰知道…販毒組織派出殺手來滅膽固醇的口…。/小優突然來訪，給了兩位刑警一個機會，趁機把殺手制服，才解決了眼前的危機，小新一家也順利的搬到新家…"
          },
          {
            "content_id": "VOD00029680",
            "time_codes": [
              600000,
              1200000
            ],
            "timecode_duration": [],
            "length": 1465000,
            "asset_id": "vod9530-000416M001",
            "title": "",
            "subtitle": "第416集 回到我們家了/永遠和小白在一起/新家的開始",
            "ep_number": 416,
            "rating": 2,
            "content_type": "comic",
            "p_start": 1763199000000,
            "vod_channel_description": "好不容易搬到新家，美冴希望大家都能愛惜，讓新家的美盡量維持久一點，誰知小新一個跌倒，又把家弄得亂七八糟…。/住在雞飛狗跳莊的期間，小白一直寄放在隔壁大嬸家，小白認為小新忘了牠一直在生悶氣…。/在新家生活的第二天，又是個忙亂的開始，大家都在找自己的東西，爸爸好不容易及時的趕到公司…。"
          },
          {
            "content_id": "VOD00029681",
            "time_codes": [
              600000,
              1200000
            ],
            "timecode_duration": [],
            "length": 1449000,
            "asset_id": "vod9530-000417M001",
            "title": "",
            "subtitle": "第417集 今天和爸爸一起洗澡哦/不知道該送什麼樣的禮物才好哦/天氣冷的時候就是要鑽暖爐啦",
            "ep_number": 417,
            "rating": 2,
            "content_type": "comic",
            "p_start": 1763200800000,
            "vod_channel_description": "不喜歡洗澡的小葵和爸爸上演了一場警匪追逐戰，好不容易一起泡澡，小新竟然在浴缸裡放屁，連小葵也開始有了便意…。/小徹想送阿嬤一份禮物，跑到百貨公司去找禮物，沒想到小新也跟來，為了逃離小新，展開了大逃亡。/今天天氣太冷，大家都只想鑽進暖爐被裡不出來，於是決定猜拳決定誰去跑腿。"
          },
          {
            "content_id": "VOD00029682",
            "time_codes": [
              600000,
              1200000
            ],
            "timecode_duration": [],
            "length": 1465000,
            "asset_id": "vod9530-000418M001",
            "title": "",
            "subtitle": "第418集 發現新蓋好的房子裡面的祕密了/這是阿呆的大事哦/媽媽可以依靠我",
            "ep_number": 418,
            "rating": 2,
            "content_type": "comic",
            "p_start": 1763202600000,
            "vod_channel_description": "住在新蓋好的房子裡，媽媽非常高興，卻沒想到建築師傅偷偷在房子裡裝設秘密機關，害媽媽以為小新和小葵都有超能力。/阿呆鼻涕不見了，卻被小徹覺得小題大作於是難過的跑走，大家到處尋找阿呆的下落。/媽媽請小新幫忙煮飯，沒想到頑皮的小葵卻用媽媽的口紅把新房子的牆壁塗的亂七八糟。"
          },
          {
            "content_id": "VOD00029683",
            "time_codes": [
              600000,
              1200000
            ],
            "timecode_duration": [],
            "length": 1457000,
            "asset_id": "vod9530-000419M001",
            "title": "",
            "subtitle": "第419集 奴邦四世登場了/今天一定要整理乾淨/爸爸參觀幼稚園日",
            "ep_number": 419,
            "rating": 2,
            "content_type": "comic",
            "p_start": 1763204400000,
            "vod_channel_description": "名貴寶石熱海之月被怪盜黑影神偷偷走了，首屈一指的辦案高手，風閒警部也無可奈何，還好在化身為奴邦四世的小新協助之外，取回了寶石。/小新媽媽下定決心要來整理，於是買了三層收納櫃，沒想到她不會組裝收納櫃。/當天是向日葵幼稚園的家長日，媽媽拜託爸爸去參加…。"
          },
          {
            "content_id": "VOD00029684",
            "time_codes": [
              600000,
              1200000
            ],
            "timecode_duration": [],
            "length": 1445000,
            "asset_id": "vod9530-000420M001",
            "title": "",
            "subtitle": "第420集 這次真的一定要打掃乾淨/正男為愛走天涯哦/深夜中的神奇滋味",
            "ep_number": 420,
            "rating": 2,
            "content_type": "comic",
            "p_start": 1763206200000,
            "vod_channel_description": "小新媽媽決定要大整理，但怎麼都無法丟掉不要的東西，請來好朋友小惠來幫忙，卻反而把小惠氣回家了。/妮妮嚮往著要和男人私奔，拉著正男跟她玩私奔遊戲，正當這時小愛出現了。/小新爸爸半夜喝酒醉回到家，想再吃點宵夜，被吵醒的小新便拿了加了醬油的布丁給爸爸吃，沒想到喝醉的爸爸一吃就上癮。"
          },
          {
            "content_id": "VOD00029685",
            "time_codes": [
              600000,
              1200000
            ],
            "timecode_duration": [],
            "length": 1457000,
            "asset_id": "vod9530-000421M001",
            "title": "",
            "subtitle": "第421集 可疑男子出現了/去抓青蛙吧/是來玩的，有這種感覺",
            "ep_number": 421,
            "rating": 2,
            "content_type": "comic",
            "p_start": 1763208000000,
            "vod_channel_description": "鄰居說有可疑男子在偷窺小新家，小新便在家中四處勘查，結果…。/為聽青蛙合唱，大家一起去抓青蛙，後來，來了兩個頑皮的小朋友，想要捉弄青蛙來取樂。/小新家以前的鄰居厚子和女兒厚美到小新家作客，應厚子要求，媽媽一邊教厚子做鬆餅，一邊做給大家吃，但沒想到…"
          },
          {
            "content_id": "VOD00029686",
            "time_codes": [
              600000,
              1200000
            ],
            "timecode_duration": [],
            "length": 1452000,
            "asset_id": "vod9530-000422M001",
            "title": "",
            "subtitle": "第422集 期待明天的野餐/我是做便當高手/騷動不斷的野餐",
            "ep_number": 422,
            "rating": 2,
            "content_type": "comic",
            "p_start": 1763209800000,
            "vod_channel_description": "全家約定一起去野餐，沒想到爸爸臨時要和上司去打高爾夫球而取消。但一場大雨，卻改變了計畫。/原本取消的野餐可以如期舉行。小新一心想幫忙做便當，但沒想到…。來到公園野餐的小新一家人，和巧遇的鄰居夫妻一起玩排球，但是排球不小心被打進旁邊的森林裡，小新進入森林中找尋排球卻迷路了。"
          },
          {
            "content_id": "VOD00029687",
            "time_codes": [
              600000,
              1200000
            ],
            "timecode_duration": [],
            "length": 1403000,
            "asset_id": "vod9530-000423M001",
            "title": "",
            "subtitle": "第423集 家庭老師要來了/爸爸的網路密友/尋找失物",
            "ep_number": 423,
            "rating": 2,
            "content_type": "comic",
            "p_start": 1763211600000,
            "vod_channel_description": "媽媽請了家庭老師來為小新上課，直到聽了老師說到自己的童年，媽媽才打消了請家庭老師為小新上課的念頭。/爸爸在電車上救了一位被色狼纏上的OL涼子，而在涼子的要求下成為網友，直到涼子希望能與爸爸約會，才想到自己身為人父…。/為了幫四郎找打工費，小新動員所有朋友幫忙找…。"
          },
          {
            "content_id": "VOD00029688",
            "time_codes": [
              600000,
              1200000
            ],
            "timecode_duration": [],
            "length": 1465000,
            "asset_id": "vod9530-000424M001",
            "title": "",
            "subtitle": "第424集 修整圍籬/無人島的生存遊戲/深夜的敲西瓜遊戲",
            "ep_number": 424,
            "rating": 2,
            "content_type": "comic",
            "p_start": 1763213400000,
            "vod_channel_description": "爸爸被媽媽叫來修整圍籬，小新幫不上忙只好在一旁撿樹葉，但卻趁著沒人時拿起剪刀…。/某一天春日部防衛隊做了一個秘密基地，於是妮妮提議要玩無人島遊戲，所有人都假裝在無人島上生活。/秋田的爺爺寄來了自己種的蔬果，有西瓜和青椒，當晚媽媽就煮了青椒，小新怎麼也不肯吃，寶到了半夜肚子餓了起來…"
          },
          {
            "content_id": "VOD00029689",
            "time_codes": [
              600000,
              1200000
            ],
            "timecode_duration": [],
            "length": 1465000,
            "asset_id": "vod9530-000425M001",
            "title": "",
            "subtitle": "第425集 又熱又漫長的一天/帶小白散步很辛苦/在幼稚園過夜，心跳加速",
            "ep_number": 425,
            "rating": 2,
            "content_type": "comic",
            "p_start": 1763215200000,
            "vod_channel_description": "炎熱的夏天一大早，全家就為了要不要開冷氣吵翻天，最後冷氣的搖控器不小心掉進爸爸的公事包，被爸爸帶去公司。/小新在媽媽的逼迫下不情願的帶小白去散步，卻在路上睡著，這時出現一位漂亮大姐姐陪小白玩飛盤，小新醒後非常羨慕。/大家要在幼稚園一起過夜，小新睡在風間隔壁，卻一直招惹風間生氣。"
          },
          {
            "content_id": "VOD00029690",
            "time_codes": [
              600000,
              1200000
            ],
            "timecode_duration": [],
            "length": 1465000,
            "asset_id": "vod9530-000426M001",
            "title": "",
            "subtitle": "第426集 接待大家/夏天就要吃刨冰/要帶路就交給我",
            "ep_number": 426,
            "rating": 2,
            "content_type": "comic",
            "p_start": 1763217000000,
            "vod_channel_description": "媽媽到隔壁鄰居家，交代獨自一人在家的小新，如果有客人來要好好接待人家，結果小新的一群朋友來找他玩，小新決定要好好招待這些朋友…。/小新因為天氣很熱，想到要做刨冰，小葵卻在旁邊搗亂…。/第一天要去健身房上班報到的見榮迷路了，小新幫忙帶路，一路上卻驚險連連，見榮還因此弄得狼狽不堪。"
          },
          {
            "content_id": "VOD00029691",
            "time_codes": [
              600000,
              1200000
            ],
            "timecode_duration": [],
            "length": 1465000,
            "asset_id": "vod9530-000427M001",
            "title": "",
            "subtitle": "第427集 九州的爺爺很嚴格/外公在家裡過夜哦/不管去到那裡都一樣",
            "ep_number": 427,
            "rating": 2,
            "content_type": "comic",
            "p_start": 1763218800000,
            "vod_channel_description": "媽媽交代小新不能隨便開門，從九州遠道而來的爺爺卻突然來了。個性一向嚴肅的爺爺，對於美冴及廣志這對夫妻帶給小孩的影響，覺得不是很妥當…。/因為難得見到孫子的爺爺，決定在小新家中住一晚，但因為嚴格的個性，和廣志起了一點小衝突。/美冴安排出遊的行程，美冴一直和正男不期而遇。"
          },
          {
            "content_id": "VOD00029692",
            "time_codes": [
              600000,
              1200000
            ],
            "timecode_duration": [],
            "length": 1444000,
            "asset_id": "vod9530-000428M001",
            "title": "",
            "subtitle": "第428集 小白的結婚典禮/防颱準備/打工也很辛苦的",
            "ep_number": 428,
            "rating": 2,
            "content_type": "comic",
            "p_start": 1763220600000,
            "vod_channel_description": "小白發現自己的狗屋裡多了一隻漂亮的母狗，一見憧情的小白，原本想隱瞞，沒想到還是被詭計多端的小新發現了。/因為颱風逼近而看著奇怪氣像預報的美冴，因為擔心小新便打給正男，掛斷電話的時候，一個奇怪的身影出現在正男家中…。野原家以前的鄰居四郎，提出希望可以當小新家庭教師的請求…"
          },
          {
            "content_id": "VOD00029693",
            "time_codes": [
              600000,
              1200000
            ],
            "timecode_duration": [],
            "length": 1465000,
            "asset_id": "vod9530-000429M001",
            "title": "",
            "subtitle": "第429集 小白打預防針/媽媽也喜歡超人/換洗衣物都沒了",
            "ep_number": 429,
            "rating": 2,
            "content_type": "comic",
            "p_start": 1763222400000,
            "vod_channel_description": "媽媽拜託爸爸帶小白去打預防針，知道是要去有美女醫生的寵物醫院之後，爸爸就願意去了，但小白卻害怕的從寵物醫院逃跑了。/媽媽迷上了電視劇帥哥演員騎士瀧，她瞞著爸爸與小新，半夜裡看著錄影的重播…。/因為連日下雨，小新已經沒有洗好的乾內褲可以替換了，所以媽媽交代小新不可以弄濕褲子…"
          },
          {
            "content_id": "VOD00029694",
            "time_codes": [
              600000,
              1200000
            ],
            "timecode_duration": [],
            "length": 1465000,
            "asset_id": "vod9530-000430M001",
            "title": "",
            "subtitle": "第430集 什麼都要收拾乾淨/和小白吵架了/螃蟹是大人的味道",
            "ep_number": 430,
            "rating": 2,
            "content_type": "comic",
            "p_start": 1763224200000,
            "vod_channel_description": "有著潔癖的正男，覺得東西一定要收拾乾淨才可以。沒想到才剛整理好的地方，過沒多久又凌亂了…。/小新帶小白去散步，在路上因為要去的方向而吵了起來。/小新的爺爺從鄉下寄了大螃蟹給他們吃，但爸爸和媽媽認為小孩子不適合吃螃蟹，所以想趁小新和小葵入睡以後再好好地吃螃蟹大餐。"
          },
          {
            "content_id": "VOD00029695",
            "time_codes": [
              600000,
              1200000
            ],
            "timecode_duration": [],
            "length": 1460000,
            "asset_id": "vod9530-000431M001",
            "title": "",
            "subtitle": "第431集 好久不見的埼玉紅蠍隊/我變胖了/要來染髮了",
            "ep_number": 431,
            "rating": 2,
            "content_type": "comic",
            "p_start": 1763226000000,
            "vod_channel_description": "埼玉紅蠍隊好不容易找到了新的集會場所，沒想到又被小新發現了，同時還有人盯上了埼玉紅蠍隊，/常常吃零食又不運動的小新變胖了，媽媽說娜娜子姊姊可能會不喜歡變胖的小新，他於是奮努力運動，但沒想到…。/小新媽媽突然想要改變頭髮的色澤，趁著小新外出，小葵在睡午覺時染髮…。"
          },
          {
            "content_id": "VOD00029696",
            "time_codes": [
              600000,
              1200000
            ],
            "timecode_duration": [],
            "length": 1465000,
            "asset_id": "vod9530-000432M001",
            "title": "",
            "subtitle": "第432集 出門前的準備很辛苦/妮妮的告白/想要睡午覺",
            "ep_number": 432,
            "rating": 2,
            "content_type": "comic",
            "p_start": 1763227800000,
            "vod_channel_description": "媽媽興致沖沖地想要出門去搶購，沒想到臨到要出門前大家的狀況連連。/小愛的保鏢幫著妮妮處理傷口，讓妮妮深受感動，托小新將情書交給保鏢，沒想到陰錯陽差，讓小愛誤會是小新向她告白。/今天小新非常愛睏，但妹妹小葵卻一直在旁邊搗亂，一直影響了小新的夢境。"
          },
          {
            "content_id": "VOD00029697",
            "time_codes": [
              600000,
              1200000
            ],
            "timecode_duration": [],
            "length": 1465000,
            "asset_id": "vod9530-000433M001",
            "title": "",
            "subtitle": "第433集 九州外公家很好玩",
            "ep_number": 433,
            "rating": 2,
            "content_type": "comic",
            "p_start": 1763229600000,
            "vod_channel_description": "小新一家人要去媽媽九州的娘家玩，這時候，小新爺爺突然來訪，知道了之後，也想要跟著一起去…。爺爺和外公一見面就鬥嘴起來，到了家，為了要跟小葵洗澡又吵，隔天，一家人準備去阿蘇山玩…小新一家和外公外婆還有爺爺一起去泡溫泉，因為小新無聲的接近，讓外公和爺爺因為害怕，似乎兩人的關係變得…"
          },
          {
            "content_id": "VOD00029698",
            "time_codes": [
              600000,
              1200000
            ],
            "timecode_duration": [],
            "length": 1465000,
            "asset_id": "vod9530-000434M001",
            "title": "",
            "subtitle": "第434集 小新，不平衡領域，小惡魔/投宿在鄉土風味溫泉旅館/手機很方便",
            "ep_number": 434,
            "rating": 2,
            "content_type": "comic",
            "p_start": 1763231400000,
            "vod_channel_description": "小新因為把小葵弄哭，被爸爸媽媽罵了，當他衝出家門之後，遇到了小惡魔，小惡魔給了他一個叫做催眠貼紙的東西…。/小新一家人決定要去溫泉旅遊，到一個叫濕漉漉溫泉的地方…。/埼玉紅蠍隊聚會，每個人都有手機，只有老大沒有，其他兩個隊員想辦法要讓老大知道有手機的好處，所以她們就想了一個辦法。"
          },
          {
            "content_id": "VOD00029699",
            "time_codes": [
              600000,
              1200000
            ],
            "timecode_duration": [],
            "length": 1449000,
            "asset_id": "vod9530-000435M001",
            "title": "",
            "subtitle": "第435集 加入童子軍了/當童子軍很好玩/小新，不平衡領域，灼熱魔人",
            "ep_number": 435,
            "rating": 2,
            "content_type": "comic",
            "p_start": 1763233200000,
            "vod_channel_description": "小新跟春日部防衛隊的朋友們遇到了一群幼童軍在撿垃圾做義工。到了中午，童軍團要開始準備午餐了，他們做了吊飯桶炊飯，還要做桌子、椅子等等，小新和風間一起幫忙做桌子，但是…。/小新發燒了，媽媽想辦法幫他降溫的時候，他夢到了灼熱魔人想要抓他煮來吃，接著他遇到了動感超人，他們一起對抗魔人…"
          },
          {
            "content_id": "VOD00029700",
            "time_codes": [
              600000,
              1200000
            ],
            "timecode_duration": [],
            "length": 1465000,
            "asset_id": "vod9530-000436M001",
            "title": "",
            "subtitle": "第436集 小心，不平衡領域(哦哦哦新之助)/媽媽是烹飪老師/松坂老師的煩惱",
            "ep_number": 436,
            "rating": 2,
            "content_type": "comic",
            "p_start": 1763235000000,
            "vod_channel_description": "妖怪讓大家的手機都不能用了，小新跟妖怪戰鬥，打贏了妖怪，可是又出現了很多的妖怪…。/有人邀請小新媽媽一起參加烹飪課，發現有一個男性學員，大家都在猜他為什麼來學烹飪…。/松坂老師的錢包掉了，所有的現金都在裡面，離發薪水的日子還有十天，所以心情很差，這時候，小新覺得應該是…"
          },
          {
            "content_id": "VOD00029701",
            "time_codes": [
              600000,
              1200000
            ],
            "timecode_duration": [],
            "length": 1458000,
            "asset_id": "vod9530-000437M001",
            "title": "",
            "subtitle": "第437集 這就是青春… (一)/跟媽媽一起開車購物/我想要跑車",
            "ep_number": 437,
            "rating": 2,
            "content_type": "comic",
            "p_start": 1763236800000,
            "vod_channel_description": "小新上了高中，還是要美冴每天送他上課，他喜歡學校的娜娜子學姊，想要跟他表白，所以他決定…。/美冴帶著小新和小葵一起出門，路上因為開過頭多浪費了時間，又因為停車花了好多時間，他們趕得上特賣會嗎…。/小新爸爸休假在家想洗車，才發現車子有撞痕，老舊了，所以一家人就去車行看車…"
          },
          {
            "content_id": "VOD00029702",
            "time_codes": [
              600000,
              1200000
            ],
            "timecode_duration": [],
            "length": 1465000,
            "asset_id": "vod9530-000438M001",
            "title": "",
            "subtitle": "第438集 這就是青春… (二)/出租小白/小惠阿姨離家出走了",
            "ep_number": 438,
            "rating": 2,
            "content_type": "comic",
            "p_start": 1763238600000,
            "vod_channel_description": "勁敵花吹雪丈出現在小新眼前，但新之助因為娜娜子的一句話，失去他以往對拳擊的熱情…。/小愛在路上遇到帶著小白的小新，她想要一隻像小白一樣的狗，可是小新不想賣掉小白，於是只好出租…。/嫁給比自己小八歲的人的小惠阿姨又離家出走了。這次又是因為什麼原因？最後又是怎樣的結局呢…"
          },
          {
            "content_id": "VOD00029703",
            "time_codes": [
              600000,
              1200000
            ],
            "timecode_duration": [],
            "length": 1428000,
            "asset_id": "vod9530-000439M001",
            "title": "",
            "subtitle": "第439集 幫忙讓我吃得好飽/這就是青春… (三)/特訓，特訓，還是特訓",
            "ep_number": 439,
            "rating": 2,
            "content_type": "comic",
            "p_start": 1763240400000,
            "vod_channel_description": "小新不聽媽媽的話好好收拾玩具，被媽媽處罰在家門外掃地，結果遇到很多人稱讚他，還送他東西吃…。/高中生新之助原本想放棄拳擊，但是在看了拳擊比賽後，又燃起他想打拳的熱情…。/小新想迅速練成劍道必殺技，但是他的師父要求他從基本功夫練起，結果他們吵了一架，小新就決定自己練習…"
          },
          {
            "content_id": "VOD00029704",
            "time_codes": [
              600000,
              1200000
            ],
            "timecode_duration": [],
            "length": 1465000,
            "asset_id": "vod9530-000440M001",
            "title": "",
            "subtitle": "第440集 去買煤油/和正男玩雪橇/這就是青春… (四)",
            "ep_number": 440,
            "rating": 2,
            "content_type": "comic",
            "p_start": 1763242200000,
            "vod_channel_description": "小新爸爸的同事送了一本寫真集，他想帶回家藏起來，沒想到一回家就發現煤油沒有了，只能出去買…。/妮妮和正男在玩雪橇，碰到有壞孩子搶走他們的雪橇，他們向小新求助，雙方決定以雪橇比賽決勝負…。/高中生新之助下定決心回來打拳擊，為了即將到來的比賽而努力鍛鍊，小新還邀請娜娜子來觀賽…"
          },
          {
            "content_id": "VOD00029705",
            "time_codes": [
              600000,
              1200000
            ],
            "timecode_duration": [],
            "length": 1446000,
            "asset_id": "vod9530-000441M001",
            "title": "",
            "subtitle": "第441集 打嗝打個不停/要東西不太順利/養金魚哦",
            "ep_number": 441,
            "rating": 2,
            "content_type": "comic",
            "p_start": 1763244000000,
            "vod_channel_description": "正男在玩遊戲時突然開始打嗝打個不停，後來被追逐小新的風間撞了一下就停了，同時風間因為被潑到水而打噴嚏…。/小新突然變成了懂事的乖小孩，原來是因為他想要媽媽買東西給他…。/小新爸爸從寵物帶回贈送的金魚，小新媽媽要求小新負起照顧的責任，結果小新還是常常忘記…"
          },
          {
            "content_id": "VOD00029706",
            "time_codes": [
              600000,
              1200000
            ],
            "timecode_duration": [],
            "length": 1455000,
            "asset_id": "vod9530-000442M001",
            "title": "",
            "subtitle": "第442集 這是夢幻優酪乳哦/交換集點券/有氣質的讀書哦",
            "ep_number": 442,
            "rating": 2,
            "content_type": "comic",
            "p_start": 1763245800000,
            "vod_channel_description": "鄰居送了稀有的優酪乳給小新媽媽，她很高興地想自己培養，沒想到被小新破壞了…。/風間在收集可愛P的集點券，正當他傷腦筋少一張的時候，他發現小新有一張，於是就跟小新約好要交換…。/小新媽媽想學鄰居太太看書培養氣質，但卻一直被瑣事和小新破壞…"
          },
          {
            "content_id": "VOD00029707",
            "time_codes": [
              600000,
              1200000
            ],
            "timecode_duration": [],
            "length": 1465000,
            "asset_id": "vod9530-000443M001",
            "title": "",
            "subtitle": "第443集 風間出人頭地/今天要家庭訪問/這是我的秘密小屋",
            "ep_number": 443,
            "rating": 2,
            "content_type": "comic",
            "p_start": 1763247600000,
            "vod_channel_description": "小新他們在玩扮家家酒遊戲，風間一路平步青雲，但劇情突然急轉直下…。/小新媽媽記錯家庭訪問的時間，帶小新和小葵出門購物，老師上門撲了個空，但卻遇到了小新的爺爺也來訪…。/小新很想要動感超人小屋，媽媽覺得太貴不肯買，不過還是用大紙箱做了一個給小新，小新很用心地布置成秘密小屋…"
          },
          {
            "content_id": "VOD00029708",
            "time_codes": [
              600000,
              1200000
            ],
            "timecode_duration": [],
            "length": 1460000,
            "asset_id": "vod9530-000444M001",
            "title": "",
            "subtitle": "第444集 拔河大賽/輕鬆悠閒的買東西/隔絕細菌",
            "ep_number": 444,
            "rating": 2,
            "content_type": "comic",
            "p_start": 1763249400000,
            "vod_channel_description": "幼稚園舉辦拔河大賽 風間原本想找厲害的人組隊，沒想到最後還是和小新他們一隊。/小新媽媽帶小新和小葵去買東西，小新以小葵當藉口，要求媽媽出錢，讓他們玩遊樂器材…。/妮妮媽媽煮了年糕紅豆湯當點心，沒想到小新還是不請自來，妮妮媽媽使出各種手段想把小新趕走…"
          },
          {
            "content_id": "VOD00029709",
            "time_codes": [
              600000,
              1200000
            ],
            "timecode_duration": [],
            "length": 1458000,
            "asset_id": "vod9530-000445M001",
            "title": "",
            "subtitle": "第445集 藝術品要留下/最佳園長長相/我是劍道高手",
            "ep_number": 445,
            "rating": 2,
            "content_type": "comic",
            "p_start": 1763251200000,
            "vod_channel_description": "小新在學校做了好多的美勞作品，可是媽媽總是覺得那像垃圾一樣，而且家裡也放不下那麼多東西…。/幼稚園園長的長相老是會嚇到人，他自己也很困擾，但是到底怎樣的長相才是最佳的園長長相呢？劍道場館長武藏劍野太在公園遇到了小新，發現他具有劍道的潛力，想盡辦法要小新開始練劍道。"
          },
          {
            "content_id": "VOD00029710",
            "time_codes": [
              600000,
              1200000
            ],
            "timecode_duration": [],
            "length": 1465000,
            "asset_id": "vod9530-000446M001",
            "title": "",
            "subtitle": "第446集 Boys， be ambitious(年輕人，要胸懷大志)/照顧孩子的松坂老師/可以免費學劍道",
            "ep_number": 446,
            "rating": 2,
            "content_type": "comic",
            "p_start": 1763253000000,
            "vod_channel_description": "風間去了北海道之後，就立志要做一個胸懷大志的人，可是週遭的朋友們卻總是…。/幼稚園的松坂老師放假想輕鬆一下，偏偏在路上遇到單獨照顧小葵的小新，小新拜託老師照顧小葵，結果…。/劍道館館長武藏野劍太假扮成狗，目的是為了要找到小新，讓他學習劍道，終於他找到了小新家…"
          },
          {
            "content_id": "VOD00029711",
            "time_codes": [
              600000,
              1200000
            ],
            "timecode_duration": [],
            "length": 1465000,
            "asset_id": "vod9530-000447M001",
            "title": "",
            "subtitle": "第447集 正男有勇氣/爸爸的下酒菜/一定要去參加拍賣會",
            "ep_number": 447,
            "rating": 2,
            "content_type": "comic",
            "p_start": 1763254800000,
            "vod_channel_description": "正男被狗叫聲嚇到去撞牆，為了鼓勵他克服恐懼，大家示範了在狂叫的狗面前不動聲色，這時狗的主人出現了，希望正男能帶狗狗去散步培養感情…。/因為家裡收支嚴重紅字，媽媽訂立了一大堆的節約計畫…。/妮妮媽媽計畫好，等送妮妮上幼稚園的校車後就要衝去名牌特賣會，但走到半路看到小新在路邊玩耍…。"
          },
          {
            "content_id": "VOD00029712",
            "time_codes": [
              600000,
              1200000
            ],
            "timecode_duration": [],
            "length": 1465000,
            "asset_id": "vod9530-000448M001",
            "title": "",
            "subtitle": "第448集 勒緊褲帶的主婦美冴/四郎的戀愛大作戰/劍道的修行很嚴格",
            "ep_number": 448,
            "rating": 2,
            "content_type": "comic",
            "p_start": 1763256600000,
            "vod_channel_description": "在爸爸的發薪日前一個禮拜，媽媽才發現身上只剩下兩千多元，只好把腦筋動到超市關店前的特賣。/四郎因為交不到女朋友而煩惱，和小新商量，正好娜娜子來找小新。/因為被某位劍道名人看上，免費收小新為徒，爸爸看到小新和媽媽在討論成名後的事情，不由得大動肝火，與媽媽來一場嚴肅的劍道對決…。"
          },
          {
            "content_id": "VOD00029713",
            "time_codes": [
              600000,
              1200000
            ],
            "timecode_duration": [],
            "length": 1467000,
            "asset_id": "vod9530-000449M001",
            "title": "",
            "subtitle": "第449集 第一次練劍道/勒緊褲帶上班族廣志/在正男家看家最快樂了",
            "ep_number": 449,
            "rating": 2,
            "content_type": "comic",
            "p_start": 1763258400000,
            "vod_channel_description": "老師教小新拿竹劍的方法，但小新卻一直想到別的地方…。/離發薪日還有四天，爸爸身上只剩下一點錢，又因為面子問題借錢給部下，過著更節儉的日子，但意想不到的支出卻還是一直出現…。因為小新要來家裡玩，所以正男自願待在家裡看家，但小新來吃了點心就想走…。"
          }
        ],
        "total_length": 145655000,
        "focus_index": 60,
        "next_index": 61,
        "time": 1625858,
        "focus_program": {
          "content_id": "VOD00029669",
          "time_codes": [
            600000,
            1200000
          ],
          "timecode_duration": [],
          "length": 1639000,
          "asset_id": "vod9530-000410M001",
          "title": "",
          "subtitle": "第410集 大考成績放榜了哦/到公寓大集合/化妝藝術家",
          "ep_number": 410,
          "rating": 2,
          "content_type": "comic",
          "p_start": 1763187900000,
          "vod_channel_description": "隔壁的四郎大考放榜的日子終於來了，在眾人幾經鼓勵下他終於勇敢的去看榜，也如願考上「東大」，只是…。/小新家已經夠小了，偏偏大家都在星期六來到他家，還要在這裡過夜…。/妮妮脅迫幾個小男生玩make up artist的遊戲，把他們的臉上全畫上了五顏六色…。"
        }
      },
      "station_categories": [
        {
          "Name": "動漫",
          "EngName": "Animate",
          "MenuOrder": 109
        }
      ]
    },
    "introduction": {
      "image": "https://p-cdnstatic.svc.litv.tv/pics/vod_channel/logo_2991_ofiii165_mobile_20230802.png",
      "description": "",
      "href_maps": []
    },
    "recommends": [],
    "ua": "Mozilla/5.0 (Windows NT 10.0; Win64; x64) AppleWebKit/537.36 (KHTML, like Gecko) Chrome/134.0.0.0 Safari/537.36"
  },
  "__N_SSP": true
}