{
  "pageProps": {
    "contentId": "ofiii119",
    "channel": {
      "title": "以家人之名",
      "no": 119,
      "charge_mode": "F",
      "content_id": "ofiii119",
      "content_type": "vod-channel",
      "epg_categories": [
        4
      ],
      "genres": [
        {
          "id": "",
          "name": "VOD_CHANNEL",
          "logo": ""
        }
      ],
      "liad_id": "VODCHNEWOFIWEB",
      "package_info_id": "VOD_CHANNEL_DELUX",
      "picture": "pics/vod_channel/logo_3023_ofiii119_tv_20250221.png",
      "provider": [
        {
          "id": "",
          "name": "世詮_2倍",
          "logo": ""
        }
      ],
      "quality": "HD",
      "station_id": "station5957",
      "trial": "",
      "selectable": 1,
      "tr_logo": "pics/vod_channel/tr_logo_1692776876.png",
      "tl_logo": "",
      "br_logo": "",
      "bl_logo": "",
      "menu_type": 1,
      "vod_channel_schedule": {
        "channel_id": 119,
        "cdn_code": "ofiii119",
        "start_time": 1763074220000,
        "programs": [
          {
            "content_id": "VOD00187861",
            "time_codes": [
              729000,
              1417000,
              2231000
            ],
            "timecode_duration": [],
            "length": 2626000,
            "asset_id": "vod43544-000001M001",
            "title": "",
            "subtitle": "第1集",
            "ep_number": 1,
            "rating": 1,
            "content_type": "drama",
            "p_start": 1740102600000,
            "vod_channel_description": "《以家人之名》陸劇線上看。三個沒有血緣關係、在原生家庭遭遇過不同傷痛的孩子，機緣巧合下成為了兄妹。大哥凌霄（宋威龍）、二哥賀子秋（張新成）、妹妹李尖尖（譚松韻）在兩個爸爸的撫養下相互扶持成長…"
          },
          {
            "content_id": "VOD00187862",
            "time_codes": [
              744000,
              1417000,
              2224000
            ],
            "timecode_duration": [],
            "length": 2614000,
            "asset_id": "vod43544-000002M001",
            "title": "",
            "subtitle": "第2集",
            "ep_number": 2,
            "rating": 1,
            "content_type": "drama",
            "p_start": 1740105300000,
            "vod_channel_description": "三個沒有血緣關係、在原生家庭遭遇過不同傷痛的孩子，機緣巧合下成為了兄妹。大哥凌霄（宋威龍）、二哥賀子秋（張新成）、妹妹李尖尖（譚松韻）在兩個爸爸的撫養下相互扶持成長…"
          },
          {
            "content_id": "VOD00187863",
            "time_codes": [
              780000,
              1500000,
              2236000
            ],
            "timecode_duration": [],
            "length": 2626000,
            "asset_id": "vod43544-000003M001",
            "title": "",
            "subtitle": "第3集",
            "ep_number": 3,
            "rating": 1,
            "content_type": "drama",
            "p_start": 1740108000000,
            "vod_channel_description": "三個沒有血緣關係、在原生家庭遭遇過不同傷痛的孩子，機緣巧合下成為了兄妹。大哥凌霄（宋威龍）、二哥賀子秋（張新成）、妹妹李尖尖（譚松韻）在兩個爸爸的撫養下相互扶持成長…"
          },
          {
            "content_id": "VOD00187864",
            "time_codes": [
              741000,
              1522000,
              2248000
            ],
            "timecode_duration": [],
            "length": 2593000,
            "asset_id": "vod43544-000004M001",
            "title": "",
            "subtitle": "第4集",
            "ep_number": 4,
            "rating": 1,
            "content_type": "drama",
            "p_start": 1740110700000,
            "vod_channel_description": "三個沒有血緣關係、在原生家庭遭遇過不同傷痛的孩子，機緣巧合下成為了兄妹。大哥凌霄（宋威龍）、二哥賀子秋（張新成）、妹妹李尖尖（譚松韻）在兩個爸爸的撫養下相互扶持成長…"
          },
          {
            "content_id": "VOD00187865",
            "time_codes": [
              738000,
              1427000,
              2163000
            ],
            "timecode_duration": [],
            "length": 2609000,
            "asset_id": "vod43544-000005M001",
            "title": "",
            "subtitle": "第5集",
            "ep_number": 5,
            "rating": 1,
            "content_type": "drama",
            "p_start": 1740113400000,
            "vod_channel_description": "三個沒有血緣關係、在原生家庭遭遇過不同傷痛的孩子，機緣巧合下成為了兄妹。大哥凌霄（宋威龍）、二哥賀子秋（張新成）、妹妹李尖尖（譚松韻）在兩個爸爸的撫養下相互扶持成長…"
          },
          {
            "content_id": "VOD00187866",
            "time_codes": [
              718000,
              1410000,
              2241000
            ],
            "timecode_duration": [],
            "length": 2593000,
            "asset_id": "vod43544-000006M001",
            "title": "",
            "subtitle": "第6集",
            "ep_number": 6,
            "rating": 1,
            "content_type": "drama",
            "p_start": 1740116100000,
            "vod_channel_description": "三個沒有血緣關係、在原生家庭遭遇過不同傷痛的孩子，機緣巧合下成為了兄妹。大哥凌霄（宋威龍）、二哥賀子秋（張新成）、妹妹李尖尖（譚松韻）在兩個爸爸的撫養下相互扶持成長…"
          },
          {
            "content_id": "VOD00187867",
            "time_codes": [
              708000,
              1412000,
              2269000
            ],
            "timecode_duration": [],
            "length": 2745000,
            "asset_id": "vod43544-000007M001",
            "title": "",
            "subtitle": "第7集",
            "ep_number": 7,
            "rating": 1,
            "content_type": "drama",
            "p_start": 1740118800000,
            "vod_channel_description": "三個沒有血緣關係、在原生家庭遭遇過不同傷痛的孩子，機緣巧合下成為了兄妹。大哥凌霄（宋威龍）、二哥賀子秋（張新成）、妹妹李尖尖（譚松韻）在兩個爸爸的撫養下相互扶持成長…"
          },
          {
            "content_id": "VOD00187868",
            "time_codes": [
              697000,
              1482000,
              2240000
            ],
            "timecode_duration": [],
            "length": 2686000,
            "asset_id": "vod43544-000008M001",
            "title": "",
            "subtitle": "第8集",
            "ep_number": 8,
            "rating": 1,
            "content_type": "drama",
            "p_start": 1740121800000,
            "vod_channel_description": "三個沒有血緣關係、在原生家庭遭遇過不同傷痛的孩子，機緣巧合下成為了兄妹。大哥凌霄（宋威龍）、二哥賀子秋（張新成）、妹妹李尖尖（譚松韻）在兩個爸爸的撫養下相互扶持成長…"
          },
          {
            "content_id": "VOD00187869",
            "time_codes": [
              678000,
              1409000,
              2198000
            ],
            "timecode_duration": [],
            "length": 2679000,
            "asset_id": "vod43544-000009M001",
            "title": "",
            "subtitle": "第9集",
            "ep_number": 9,
            "rating": 1,
            "content_type": "drama",
            "p_start": 1740124800000,
            "vod_channel_description": "三個沒有血緣關係、在原生家庭遭遇過不同傷痛的孩子，機緣巧合下成為了兄妹。大哥凌霄（宋威龍）、二哥賀子秋（張新成）、妹妹李尖尖（譚松韻）在兩個爸爸的撫養下相互扶持成長…"
          },
          {
            "content_id": "VOD00187870",
            "time_codes": [
              780000,
              1534000,
              2100000
            ],
            "timecode_duration": [],
            "length": 2621000,
            "asset_id": "vod43544-000010M001",
            "title": "",
            "subtitle": "第10集",
            "ep_number": 10,
            "rating": 1,
            "content_type": "drama",
            "p_start": 1740127800000,
            "vod_channel_description": "三個沒有血緣關係、在原生家庭遭遇過不同傷痛的孩子，機緣巧合下成為了兄妹。大哥凌霄（宋威龍）、二哥賀子秋（張新成）、妹妹李尖尖（譚松韻）在兩個爸爸的撫養下相互扶持成長…"
          },
          {
            "content_id": "VOD00187871",
            "time_codes": [
              794000,
              1390000,
              2258000
            ],
            "timecode_duration": [],
            "length": 2739000,
            "asset_id": "vod43544-000011M001",
            "title": "",
            "subtitle": "第11集",
            "ep_number": 11,
            "rating": 1,
            "content_type": "drama",
            "p_start": 1740130500000,
            "vod_channel_description": "三個沒有血緣關係、在原生家庭遭遇過不同傷痛的孩子，機緣巧合下成為了兄妹。大哥凌霄（宋威龍）、二哥賀子秋（張新成）、妹妹李尖尖（譚松韻）在兩個爸爸的撫養下相互扶持成長…"
          },
          {
            "content_id": "VOD00187872",
            "time_codes": [
              727000,
              1431000,
              2165000
            ],
            "timecode_duration": [],
            "length": 2751000,
            "asset_id": "vod43544-000012M001",
            "title": "",
            "subtitle": "第12集",
            "ep_number": 12,
            "rating": 1,
            "content_type": "drama",
            "p_start": 1740133500000,
            "vod_channel_description": "三個沒有血緣關係、在原生家庭遭遇過不同傷痛的孩子，機緣巧合下成為了兄妹。大哥凌霄（宋威龍）、二哥賀子秋（張新成）、妹妹李尖尖（譚松韻）在兩個爸爸的撫養下相互扶持成長…"
          },
          {
            "content_id": "VOD00187873",
            "time_codes": [
              716000,
              1432000,
              2236000
            ],
            "timecode_duration": [],
            "length": 2678000,
            "asset_id": "vod43544-000013M001",
            "title": "",
            "subtitle": "第13集",
            "ep_number": 13,
            "rating": 1,
            "content_type": "drama",
            "p_start": 1740136500000,
            "vod_channel_description": "三個沒有血緣關係、在原生家庭遭遇過不同傷痛的孩子，機緣巧合下成為了兄妹。大哥凌霄（宋威龍）、二哥賀子秋（張新成）、妹妹李尖尖（譚松韻）在兩個爸爸的撫養下相互扶持成長…"
          },
          {
            "content_id": "VOD00187874",
            "time_codes": [
              704000,
              1450000,
              2143000
            ],
            "timecode_duration": [],
            "length": 2650000,
            "asset_id": "vod43544-000014M001",
            "title": "",
            "subtitle": "第14集",
            "ep_number": 14,
            "rating": 1,
            "content_type": "drama",
            "p_start": 1740139500000,
            "vod_channel_description": "三個沒有血緣關係、在原生家庭遭遇過不同傷痛的孩子，機緣巧合下成為了兄妹。大哥凌霄（宋威龍）、二哥賀子秋（張新成）、妹妹李尖尖（譚松韻）在兩個爸爸的撫養下相互扶持成長…"
          },
          {
            "content_id": "VOD00187875",
            "time_codes": [
              706000,
              1522000,
              2200000
            ],
            "timecode_duration": [],
            "length": 2679000,
            "asset_id": "vod43544-000015M001",
            "title": "",
            "subtitle": "第15集",
            "ep_number": 15,
            "rating": 1,
            "content_type": "drama",
            "p_start": 1740142500000,
            "vod_channel_description": "三個沒有血緣關係、在原生家庭遭遇過不同傷痛的孩子，機緣巧合下成為了兄妹。大哥凌霄（宋威龍）、二哥賀子秋（張新成）、妹妹李尖尖（譚松韻）在兩個爸爸的撫養下相互扶持成長…"
          },
          {
            "content_id": "VOD00187876",
            "time_codes": [
              811000,
              1425000,
              2173000
            ],
            "timecode_duration": [],
            "length": 2691000,
            "asset_id": "vod43544-000016M001",
            "title": "",
            "subtitle": "第16集",
            "ep_number": 16,
            "rating": 1,
            "content_type": "drama",
            "p_start": 1740145500000,
            "vod_channel_description": "三個沒有血緣關係、在原生家庭遭遇過不同傷痛的孩子，機緣巧合下成為了兄妹。大哥凌霄（宋威龍）、二哥賀子秋（張新成）、妹妹李尖尖（譚松韻）在兩個爸爸的撫養下相互扶持成長…"
          },
          {
            "content_id": "VOD00187877",
            "time_codes": [
              731000,
              1470000,
              2166000
            ],
            "timecode_duration": [],
            "length": 2655000,
            "asset_id": "vod43544-000017M001",
            "title": "",
            "subtitle": "第17集",
            "ep_number": 17,
            "rating": 1,
            "content_type": "drama",
            "p_start": 1740148500000,
            "vod_channel_description": "三個沒有血緣關係、在原生家庭遭遇過不同傷痛的孩子，機緣巧合下成為了兄妹。大哥凌霄（宋威龍）、二哥賀子秋（張新成）、妹妹李尖尖（譚松韻）在兩個爸爸的撫養下相互扶持成長…"
          },
          {
            "content_id": "VOD00187878",
            "time_codes": [
              662000,
              1465000,
              2246000
            ],
            "timecode_duration": [],
            "length": 2675000,
            "asset_id": "vod43544-000018M001",
            "title": "",
            "subtitle": "第18集",
            "ep_number": 18,
            "rating": 1,
            "content_type": "drama",
            "p_start": 1740151500000,
            "vod_channel_description": "三個沒有血緣關係、在原生家庭遭遇過不同傷痛的孩子，機緣巧合下成為了兄妹。大哥凌霄（宋威龍）、二哥賀子秋（張新成）、妹妹李尖尖（譚松韻）在兩個爸爸的撫養下相互扶持成長…"
          },
          {
            "content_id": "VOD00187879",
            "time_codes": [
              758000,
              1441000,
              2132000
            ],
            "timecode_duration": [],
            "length": 2606000,
            "asset_id": "vod43544-000019M001",
            "title": "",
            "subtitle": "第19集",
            "ep_number": 19,
            "rating": 1,
            "content_type": "drama",
            "p_start": 1740154500000,
            "vod_channel_description": "三個沒有血緣關係、在原生家庭遭遇過不同傷痛的孩子，機緣巧合下成為了兄妹。大哥凌霄（宋威龍）、二哥賀子秋（張新成）、妹妹李尖尖（譚松韻）在兩個爸爸的撫養下相互扶持成長…"
          },
          {
            "content_id": "VOD00187880",
            "time_codes": [
              690000,
              1450000,
              2184000
            ],
            "timecode_duration": [],
            "length": 2665000,
            "asset_id": "vod43544-000020M001",
            "title": "",
            "subtitle": "第20集",
            "ep_number": 20,
            "rating": 1,
            "content_type": "drama",
            "p_start": 1740157200000,
            "vod_channel_description": "三個沒有血緣關係、在原生家庭遭遇過不同傷痛的孩子，機緣巧合下成為了兄妹。大哥凌霄（宋威龍）、二哥賀子秋（張新成）、妹妹李尖尖（譚松韻）在兩個爸爸的撫養下相互扶持成長…"
          },
          {
            "content_id": "VOD00187881",
            "time_codes": [
              664000,
              1467000,
              2150000
            ],
            "timecode_duration": [],
            "length": 2696000,
            "asset_id": "vod43544-000021M001",
            "title": "",
            "subtitle": "第21集",
            "ep_number": 21,
            "rating": 1,
            "content_type": "drama",
            "p_start": 1740160200000,
            "vod_channel_description": "三個沒有血緣關係、在原生家庭遭遇過不同傷痛的孩子，機緣巧合下成為了兄妹。大哥凌霄（宋威龍）、二哥賀子秋（張新成）、妹妹李尖尖（譚松韻）在兩個爸爸的撫養下相互扶持成長…"
          },
          {
            "content_id": "VOD00187882",
            "time_codes": [
              726000,
              1394000,
              2152000
            ],
            "timecode_duration": [],
            "length": 2606000,
            "asset_id": "vod43544-000022M001",
            "title": "",
            "subtitle": "第22集",
            "ep_number": 22,
            "rating": 1,
            "content_type": "drama",
            "p_start": 1740163200000,
            "vod_channel_description": "三個沒有血緣關係、在原生家庭遭遇過不同傷痛的孩子，機緣巧合下成為了兄妹。大哥凌霄（宋威龍）、二哥賀子秋（張新成）、妹妹李尖尖（譚松韻）在兩個爸爸的撫養下相互扶持成長…"
          },
          {
            "content_id": "VOD00187883",
            "time_codes": [
              719000,
              1525000,
              2107000
            ],
            "timecode_duration": [],
            "length": 2529000,
            "asset_id": "vod43544-000023M001",
            "title": "",
            "subtitle": "第23集",
            "ep_number": 23,
            "rating": 1,
            "content_type": "drama",
            "p_start": 1740165900000,
            "vod_channel_description": "三個沒有血緣關係、在原生家庭遭遇過不同傷痛的孩子，機緣巧合下成為了兄妹。大哥凌霄（宋威龍）、二哥賀子秋（張新成）、妹妹李尖尖（譚松韻）在兩個爸爸的撫養下相互扶持成長…"
          },
          {
            "content_id": "VOD00187884",
            "time_codes": [
              660000,
              1454000,
              2230000
            ],
            "timecode_duration": [],
            "length": 2562000,
            "asset_id": "vod43544-000024M001",
            "title": "",
            "subtitle": "第24集",
            "ep_number": 24,
            "rating": 1,
            "content_type": "drama",
            "p_start": 1740168600000,
            "vod_channel_description": "三個沒有血緣關係、在原生家庭遭遇過不同傷痛的孩子，機緣巧合下成為了兄妹。大哥凌霄（宋威龍）、二哥賀子秋（張新成）、妹妹李尖尖（譚松韻）在兩個爸爸的撫養下相互扶持成長…"
          },
          {
            "content_id": "VOD00187885",
            "time_codes": [
              707000,
              1527000,
              2102000
            ],
            "timecode_duration": [],
            "length": 2687000,
            "asset_id": "vod43544-000025M001",
            "title": "",
            "subtitle": "第25集",
            "ep_number": 25,
            "rating": 1,
            "content_type": "drama",
            "p_start": 1740171300000,
            "vod_channel_description": "三個沒有血緣關係、在原生家庭遭遇過不同傷痛的孩子，機緣巧合下成為了兄妹。大哥凌霄（宋威龍）、二哥賀子秋（張新成）、妹妹李尖尖（譚松韻）在兩個爸爸的撫養下相互扶持成長…"
          },
          {
            "content_id": "VOD00187886",
            "time_codes": [
              705000,
              1430000,
              2139000
            ],
            "timecode_duration": [],
            "length": 2646000,
            "asset_id": "vod43544-000026M001",
            "title": "",
            "subtitle": "第26集",
            "ep_number": 26,
            "rating": 1,
            "content_type": "drama",
            "p_start": 1740174300000,
            "vod_channel_description": "三個沒有血緣關係、在原生家庭遭遇過不同傷痛的孩子，機緣巧合下成為了兄妹。大哥凌霄（宋威龍）、二哥賀子秋（張新成）、妹妹李尖尖（譚松韻）在兩個爸爸的撫養下相互扶持成長…"
          },
          {
            "content_id": "VOD00187887",
            "time_codes": [
              717000,
              1442000,
              2259000
            ],
            "timecode_duration": [],
            "length": 2634000,
            "asset_id": "vod43544-000027M001",
            "title": "",
            "subtitle": "第27集",
            "ep_number": 27,
            "rating": 1,
            "content_type": "drama",
            "p_start": 1740177300000,
            "vod_channel_description": "三個沒有血緣關係、在原生家庭遭遇過不同傷痛的孩子，機緣巧合下成為了兄妹。大哥凌霄（宋威龍）、二哥賀子秋（張新成）、妹妹李尖尖（譚松韻）在兩個爸爸的撫養下相互扶持成長…"
          },
          {
            "content_id": "VOD00187888",
            "time_codes": [
              673000,
              1415000,
              2130000
            ],
            "timecode_duration": [],
            "length": 2630000,
            "asset_id": "vod43544-000028M001",
            "title": "",
            "subtitle": "第28集",
            "ep_number": 28,
            "rating": 1,
            "content_type": "drama",
            "p_start": 1740180000000,
            "vod_channel_description": "三個沒有血緣關係、在原生家庭遭遇過不同傷痛的孩子，機緣巧合下成為了兄妹。大哥凌霄（宋威龍）、二哥賀子秋（張新成）、妹妹李尖尖（譚松韻）在兩個爸爸的撫養下相互扶持成長…"
          },
          {
            "content_id": "VOD00187889",
            "time_codes": [
              748000,
              1444000,
              2150000
            ],
            "timecode_duration": [],
            "length": 2600000,
            "asset_id": "vod43544-000029M001",
            "title": "",
            "subtitle": "第29集",
            "ep_number": 29,
            "rating": 1,
            "content_type": "drama",
            "p_start": 1740182700000,
            "vod_channel_description": "三個沒有血緣關係、在原生家庭遭遇過不同傷痛的孩子，機緣巧合下成為了兄妹。大哥凌霄（宋威龍）、二哥賀子秋（張新成）、妹妹李尖尖（譚松韻）在兩個爸爸的撫養下相互扶持成長…"
          },
          {
            "content_id": "VOD00187890",
            "time_codes": [
              761000,
              1453000,
              2146000
            ],
            "timecode_duration": [],
            "length": 2605000,
            "asset_id": "vod43544-000030M001",
            "title": "",
            "subtitle": "第30集",
            "ep_number": 30,
            "rating": 1,
            "content_type": "drama",
            "p_start": 1740185400000,
            "vod_channel_description": "三個沒有血緣關係、在原生家庭遭遇過不同傷痛的孩子，機緣巧合下成為了兄妹。大哥凌霄（宋威龍）、二哥賀子秋（張新成）、妹妹李尖尖（譚松韻）在兩個爸爸的撫養下相互扶持成長…"
          },
          {
            "content_id": "VOD00187891",
            "time_codes": [
              728000,
              1504000,
              2124000
            ],
            "timecode_duration": [],
            "length": 2655000,
            "asset_id": "vod43544-000031M001",
            "title": "",
            "subtitle": "第31集",
            "ep_number": 31,
            "rating": 1,
            "content_type": "drama",
            "p_start": 1740188100000,
            "vod_channel_description": "三個沒有血緣關係、在原生家庭遭遇過不同傷痛的孩子，機緣巧合下成為了兄妹。大哥凌霄（宋威龍）、二哥賀子秋（張新成）、妹妹李尖尖（譚松韻）在兩個爸爸的撫養下相互扶持成長…"
          },
          {
            "content_id": "VOD00187892",
            "time_codes": [
              773000,
              1431000,
              2155000
            ],
            "timecode_duration": [],
            "length": 2638000,
            "asset_id": "vod43544-000032M001",
            "title": "",
            "subtitle": "第32集",
            "ep_number": 32,
            "rating": 1,
            "content_type": "drama",
            "p_start": 1740191100000,
            "vod_channel_description": "三個沒有血緣關係、在原生家庭遭遇過不同傷痛的孩子，機緣巧合下成為了兄妹。大哥凌霄（宋威龍）、二哥賀子秋（張新成）、妹妹李尖尖（譚松韻）在兩個爸爸的撫養下相互扶持成長…"
          },
          {
            "content_id": "VOD00187893",
            "time_codes": [
              730000,
              1383000,
              2163000
            ],
            "timecode_duration": [],
            "length": 2662000,
            "asset_id": "vod43544-000033M001",
            "title": "",
            "subtitle": "第33集",
            "ep_number": 33,
            "rating": 1,
            "content_type": "drama",
            "p_start": 1740193800000,
            "vod_channel_description": "三個沒有血緣關係、在原生家庭遭遇過不同傷痛的孩子，機緣巧合下成為了兄妹。大哥凌霄（宋威龍）、二哥賀子秋（張新成）、妹妹李尖尖（譚松韻）在兩個爸爸的撫養下相互扶持成長…"
          },
          {
            "content_id": "VOD00187894",
            "time_codes": [
              730000,
              1501000,
              2147000
            ],
            "timecode_duration": [],
            "length": 2600000,
            "asset_id": "vod43544-000034M001",
            "title": "",
            "subtitle": "第34集",
            "ep_number": 34,
            "rating": 1,
            "content_type": "drama",
            "p_start": 1740196800000,
            "vod_channel_description": "三個沒有血緣關係、在原生家庭遭遇過不同傷痛的孩子，機緣巧合下成為了兄妹。大哥凌霄（宋威龍）、二哥賀子秋（張新成）、妹妹李尖尖（譚松韻）在兩個爸爸的撫養下相互扶持成長…"
          },
          {
            "content_id": "VOD00187895",
            "time_codes": [
              776000,
              1464000,
              2164000
            ],
            "timecode_duration": [],
            "length": 2631000,
            "asset_id": "vod43544-000035M001",
            "title": "",
            "subtitle": "第35集",
            "ep_number": 35,
            "rating": 1,
            "content_type": "drama",
            "p_start": 1740199500000,
            "vod_channel_description": "三個沒有血緣關係、在原生家庭遭遇過不同傷痛的孩子，機緣巧合下成為了兄妹。大哥凌霄（宋威龍）、二哥賀子秋（張新成）、妹妹李尖尖（譚松韻）在兩個爸爸的撫養下相互扶持成長…"
          },
          {
            "content_id": "VOD00187896",
            "time_codes": [
              742000,
              1433000,
              2227000
            ],
            "timecode_duration": [],
            "length": 2631000,
            "asset_id": "vod43544-000036M001",
            "title": "",
            "subtitle": "第36集",
            "ep_number": 36,
            "rating": 1,
            "content_type": "drama",
            "p_start": 1740202200000,
            "vod_channel_description": "三個沒有血緣關係、在原生家庭遭遇過不同傷痛的孩子，機緣巧合下成為了兄妹。大哥凌霄（宋威龍）、二哥賀子秋（張新成）、妹妹李尖尖（譚松韻）在兩個爸爸的撫養下相互扶持成長…"
          },
          {
            "content_id": "VOD00187897",
            "time_codes": [
              705000,
              1398000,
              2171000
            ],
            "timecode_duration": [],
            "length": 2635000,
            "asset_id": "vod43544-000037M001",
            "title": "",
            "subtitle": "第37集",
            "ep_number": 37,
            "rating": 1,
            "content_type": "drama",
            "p_start": 1740204900000,
            "vod_channel_description": "三個沒有血緣關係、在原生家庭遭遇過不同傷痛的孩子，機緣巧合下成為了兄妹。大哥凌霄（宋威龍）、二哥賀子秋（張新成）、妹妹李尖尖（譚松韻）在兩個爸爸的撫養下相互扶持成長…"
          },
          {
            "content_id": "VOD00187898",
            "time_codes": [
              742000,
              1515000,
              2202000
            ],
            "timecode_duration": [],
            "length": 2701000,
            "asset_id": "vod43544-000038M001",
            "title": "",
            "subtitle": "第38集",
            "ep_number": 38,
            "rating": 1,
            "content_type": "drama",
            "p_start": 1740207600000,
            "vod_channel_description": "三個沒有血緣關係、在原生家庭遭遇過不同傷痛的孩子，機緣巧合下成為了兄妹。大哥凌霄（宋威龍）、二哥賀子秋（張新成）、妹妹李尖尖（譚松韻）在兩個爸爸的撫養下相互扶持成長…"
          },
          {
            "content_id": "VOD00187899",
            "time_codes": [
              722000,
              1433000,
              2150000
            ],
            "timecode_duration": [],
            "length": 2674000,
            "asset_id": "vod43544-000039M001",
            "title": "",
            "subtitle": "第39集",
            "ep_number": 39,
            "rating": 1,
            "content_type": "drama",
            "p_start": 1740210600000,
            "vod_channel_description": "三個沒有血緣關係、在原生家庭遭遇過不同傷痛的孩子，機緣巧合下成為了兄妹。大哥凌霄（宋威龍）、二哥賀子秋（張新成）、妹妹李尖尖（譚松韻）在兩個爸爸的撫養下相互扶持成長…"
          },
          {
            "content_id": "VOD00187900",
            "time_codes": [
              670000,
              1320000,
              2046000
            ],
            "timecode_duration": [],
            "length": 2657000,
            "asset_id": "vod43544-000040M001",
            "title": "",
            "subtitle": "第40集",
            "ep_number": 40,
            "rating": 1,
            "content_type": "drama",
            "p_start": 1740213600000,
            "vod_channel_description": "三個沒有血緣關係、在原生家庭遭遇過不同傷痛的孩子，機緣巧合下成為了兄妹。大哥凌霄（宋威龍）、二哥賀子秋（張新成）、妹妹李尖尖（譚松韻）在兩個爸爸的撫養下相互扶持成長…"
          }
        ],
        "total_length": 105860000,
        "focus_index": 34,
        "next_index": 35,
        "time": 1463656,
        "focus_program": {
          "content_id": "VOD00187895",
          "time_codes": [
            776000,
            1464000,
            2164000
          ],
          "timecode_duration": [],
          "length": 2631000,
          "asset_id": "vod43544-000035M001",
          "title": "",
          "subtitle": "第35集",
          "ep_number": 35,
          "rating": 1,
          "content_type": "drama",
          "p_start": 1740199500000,
          "vod_channel_description": "三個沒有血緣關係、在原生家庭遭遇過不同傷痛的孩子，機緣巧合下成為了兄妹。大哥凌霄（宋威龍）、二哥賀子秋（張新成）、妹妹李尖尖（譚松韻）在兩個爸爸的撫養下相互扶持成長…"
        }
      },
      "station_categories": [
        {
          "Name": "戲劇",
          "EngName": "Drama",
          "MenuOrder": 7
        }
      ]
    },
    "introduction": {
      "image": "https://p-cdnstatic.svc.litv.tv/pics/vod_channel/logo_3023_ofiii119_mobile_20230823.png",
      "description": "三個沒有血緣關係、在原生家庭遭遇過不同傷痛的孩子，機緣巧合下成為了兄妹。大哥凌霄、二哥賀子秋、妹妹李尖尖在兩個爸爸的撫養下相互扶持成長。高中畢業後，兩個哥哥回到了自己的原生家庭，一邊是相互珍惜的新家人，一邊是無法選擇但關係淡漠的親生父母…",
      "href_maps": []
    },
    "recommends": [],
    "ua": "Mozilla/5.0 (Windows NT 10.0; Win64; x64) AppleWebKit/537.36 (KHTML, like Gecko) Chrome/134.0.0.0 Safari/537.36"
  },
  "__N_SSP": true
}