{
  "pageProps": {
    "contentId": "ofiii122",
    "channel": {
      "title": "不眠日",
      "no": 122,
      "charge_mode": "F",
      "content_id": "ofiii122",
      "content_type": "vod-channel",
      "epg_categories": [
        4
      ],
      "genres": [
        {
          "id": "",
          "name": "VOD_CHANNEL",
          "logo": ""
        }
      ],
      "liad_id": "VODCHNEWOFIWEB",
      "package_info_id": "VOD_CHANNEL_DELUX",
      "picture": "pics/vod_channel/logo_3904_ofiii122_tv_20251028.png",
      "provider": [
        {
          "id": "",
          "name": "世詮_2倍",
          "logo": ""
        }
      ],
      "quality": "HD",
      "station_id": "station6838",
      "trial": "",
      "selectable": 1,
      "tr_logo": "pics/vod_channel/tr_logo_1761643602.png",
      "tl_logo": "",
      "br_logo": "",
      "bl_logo": "",
      "menu_type": 1,
      "vod_channel_schedule": {
        "channel_id": 122,
        "cdn_code": "ofiii122",
        "start_time": 1762608216000,
        "programs": [
          {
            "content_id": "VOD00376656",
            "time_codes": [
              826000,
              1468000,
              2096000
            ],
            "timecode_duration": [],
            "length": 2639000,
            "asset_id": "vod80359-000001M001",
            "title": "",
            "subtitle": "第1集",
            "ep_number": 1,
            "rating": 1,
            "content_type": "drama",
            "p_start": 1762092300000,
            "vod_channel_description": "一場銀行爆炸案打破華澳市的寧靜，警官丁奇站在慘烈的爆炸現場卻異常平靜。新迴圈一次次開啟，離奇之處相繼顯現：生物集團多名高管接連死亡，伴隨著神秘的烏賊殺人警告，意外頻發。看似機械重複的日常下，陰謀漸顯。丁奇更發現，自己並非唯一掌控“時間金鑰”的人..."
          },
          {
            "content_id": "VOD00376657",
            "time_codes": [
              770000,
              1434000,
              2171000
            ],
            "timecode_duration": [],
            "length": 2610000,
            "asset_id": "vod80359-000002M001",
            "title": "",
            "subtitle": "第2集",
            "ep_number": 2,
            "rating": 1,
            "content_type": "drama",
            "p_start": 1762095000000,
            "vod_channel_description": "一場銀行爆炸案打破華澳市的寧靜，警官丁奇站在慘烈的爆炸現場卻異常平靜。新迴圈一次次開啟，離奇之處相繼顯現：生物集團多名高管接連死亡，伴隨著神秘的烏賊殺人警告，意外頻發。看似機械重複的日常下，陰謀漸顯。丁奇更發現，自己並非唯一掌控“時間金鑰”的人..."
          },
          {
            "content_id": "VOD00376658",
            "time_codes": [
              732000,
              1463000,
              2175000
            ],
            "timecode_duration": [],
            "length": 2735000,
            "asset_id": "vod80359-000003M001",
            "title": "",
            "subtitle": "第3集",
            "ep_number": 3,
            "rating": 1,
            "content_type": "drama",
            "p_start": 1762097700000,
            "vod_channel_description": "一場銀行爆炸案打破華澳市的寧靜，警官丁奇站在慘烈的爆炸現場卻異常平靜。新迴圈一次次開啟，離奇之處相繼顯現：生物集團多名高管接連死亡，伴隨著神秘的烏賊殺人警告，意外頻發。看似機械重複的日常下，陰謀漸顯。丁奇更發現，自己並非唯一掌控“時間金鑰”的人..."
          },
          {
            "content_id": "VOD00376659",
            "time_codes": [
              704000,
              1438000,
              2105000
            ],
            "timecode_duration": [],
            "length": 2623000,
            "asset_id": "vod80359-000004M001",
            "title": "",
            "subtitle": "第4集",
            "ep_number": 4,
            "rating": 1,
            "content_type": "drama",
            "p_start": 1762100700000,
            "vod_channel_description": "一場銀行爆炸案打破華澳市的寧靜，警官丁奇站在慘烈的爆炸現場卻異常平靜。新迴圈一次次開啟，離奇之處相繼顯現：生物集團多名高管接連死亡，伴隨著神秘的烏賊殺人警告，意外頻發。看似機械重複的日常下，陰謀漸顯。丁奇更發現，自己並非唯一掌控“時間金鑰”的人..."
          },
          {
            "content_id": "VOD00376660",
            "time_codes": [
              722000,
              1434000,
              2201000
            ],
            "timecode_duration": [],
            "length": 2622000,
            "asset_id": "vod80359-000005M001",
            "title": "",
            "subtitle": "第5集",
            "ep_number": 5,
            "rating": 1,
            "content_type": "drama",
            "p_start": 1762103400000,
            "vod_channel_description": "一場銀行爆炸案打破華澳市的寧靜，警官丁奇站在慘烈的爆炸現場卻異常平靜。新迴圈一次次開啟，離奇之處相繼顯現：生物集團多名高管接連死亡，伴隨著神秘的烏賊殺人警告，意外頻發。看似機械重複的日常下，陰謀漸顯。丁奇更發現，自己並非唯一掌控“時間金鑰”的人..."
          },
          {
            "content_id": "VOD00376661",
            "time_codes": [
              846000,
              1463000,
              2149000
            ],
            "timecode_duration": [],
            "length": 2664000,
            "asset_id": "vod80359-000006M001",
            "title": "",
            "subtitle": "第6集",
            "ep_number": 6,
            "rating": 1,
            "content_type": "drama",
            "p_start": 1762106100000,
            "vod_channel_description": "一場銀行爆炸案打破華澳市的寧靜，警官丁奇站在慘烈的爆炸現場卻異常平靜。新迴圈一次次開啟，離奇之處相繼顯現：生物集團多名高管接連死亡，伴隨著神秘的烏賊殺人警告，意外頻發。看似機械重複的日常下，陰謀漸顯。丁奇更發現，自己並非唯一掌控“時間金鑰”的人..."
          },
          {
            "content_id": "VOD00376662",
            "time_codes": [
              660000,
              1451000,
              2119000
            ],
            "timecode_duration": [],
            "length": 2641000,
            "asset_id": "vod80359-000007M001",
            "title": "",
            "subtitle": "第7集",
            "ep_number": 7,
            "rating": 1,
            "content_type": "drama",
            "p_start": 1762109100000,
            "vod_channel_description": "一場銀行爆炸案打破華澳市的寧靜，警官丁奇站在慘烈的爆炸現場卻異常平靜。新迴圈一次次開啟，離奇之處相繼顯現：生物集團多名高管接連死亡，伴隨著神秘的烏賊殺人警告，意外頻發。看似機械重複的日常下，陰謀漸顯。丁奇更發現，自己並非唯一掌控“時間金鑰”的人..."
          },
          {
            "content_id": "VOD00376663",
            "time_codes": [
              769000,
              1488000,
              2315000
            ],
            "timecode_duration": [],
            "length": 2619000,
            "asset_id": "vod80359-000008M001",
            "title": "",
            "subtitle": "第8集",
            "ep_number": 8,
            "rating": 1,
            "content_type": "drama",
            "p_start": 1762112100000,
            "vod_channel_description": "一場銀行爆炸案打破華澳市的寧靜，警官丁奇站在慘烈的爆炸現場卻異常平靜。新迴圈一次次開啟，離奇之處相繼顯現：生物集團多名高管接連死亡，伴隨著神秘的烏賊殺人警告，意外頻發。看似機械重複的日常下，陰謀漸顯。丁奇更發現，自己並非唯一掌控“時間金鑰”的人..."
          },
          {
            "content_id": "VOD00376664",
            "time_codes": [
              761000,
              1358000,
              2151000
            ],
            "timecode_duration": [],
            "length": 2720000,
            "asset_id": "vod80359-000009M001",
            "title": "",
            "subtitle": "第9集",
            "ep_number": 9,
            "rating": 1,
            "content_type": "drama",
            "p_start": 1762114800000,
            "vod_channel_description": "一場銀行爆炸案打破華澳市的寧靜，警官丁奇站在慘烈的爆炸現場卻異常平靜。新迴圈一次次開啟，離奇之處相繼顯現：生物集團多名高管接連死亡，伴隨著神秘的烏賊殺人警告，意外頻發。看似機械重複的日常下，陰謀漸顯。丁奇更發現，自己並非唯一掌控“時間金鑰”的人..."
          },
          {
            "content_id": "VOD00376665",
            "time_codes": [
              778000,
              1507000,
              2495000
            ],
            "timecode_duration": [],
            "length": 2647000,
            "asset_id": "vod80359-000010M001",
            "title": "",
            "subtitle": "第10集",
            "ep_number": 10,
            "rating": 1,
            "content_type": "drama",
            "p_start": 1762117800000,
            "vod_channel_description": "一場銀行爆炸案打破華澳市的寧靜，警官丁奇站在慘烈的爆炸現場卻異常平靜。新迴圈一次次開啟，離奇之處相繼顯現：生物集團多名高管接連死亡，伴隨著神秘的烏賊殺人警告，意外頻發。看似機械重複的日常下，陰謀漸顯。丁奇更發現，自己並非唯一掌控“時間金鑰”的人..."
          },
          {
            "content_id": "VOD00376666",
            "time_codes": [
              703000,
              1418000,
              2130000
            ],
            "timecode_duration": [],
            "length": 2747000,
            "asset_id": "vod80359-000011M001",
            "title": "",
            "subtitle": "第11集",
            "ep_number": 11,
            "rating": 1,
            "content_type": "drama",
            "p_start": 1762120800000,
            "vod_channel_description": "一場銀行爆炸案打破華澳市的寧靜，警官丁奇站在慘烈的爆炸現場卻異常平靜。新迴圈一次次開啟，離奇之處相繼顯現：生物集團多名高管接連死亡，伴隨著神秘的烏賊殺人警告，意外頻發。看似機械重複的日常下，陰謀漸顯。丁奇更發現，自己並非唯一掌控“時間金鑰”的人..."
          },
          {
            "content_id": "VOD00376667",
            "time_codes": [
              712000,
              1426000,
              2109000
            ],
            "timecode_duration": [],
            "length": 2661000,
            "asset_id": "vod80359-000012M001",
            "title": "",
            "subtitle": "第12集",
            "ep_number": 12,
            "rating": 1,
            "content_type": "drama",
            "p_start": 1762123800000,
            "vod_channel_description": "一場銀行爆炸案打破華澳市的寧靜，警官丁奇站在慘烈的爆炸現場卻異常平靜。新迴圈一次次開啟，離奇之處相繼顯現：生物集團多名高管接連死亡，伴隨著神秘的烏賊殺人警告，意外頻發。看似機械重複的日常下，陰謀漸顯。丁奇更發現，自己並非唯一掌控“時間金鑰”的人..."
          },
          {
            "content_id": "VOD00376668",
            "time_codes": [
              726000,
              1452000,
              2269000
            ],
            "timecode_duration": [],
            "length": 2713000,
            "asset_id": "vod80359-000013M001",
            "title": "",
            "subtitle": "第13集",
            "ep_number": 13,
            "rating": 1,
            "content_type": "drama",
            "p_start": 1762126800000,
            "vod_channel_description": "一場銀行爆炸案打破華澳市的寧靜，警官丁奇站在慘烈的爆炸現場卻異常平靜。新迴圈一次次開啟，離奇之處相繼顯現：生物集團多名高管接連死亡，伴隨著神秘的烏賊殺人警告，意外頻發。看似機械重複的日常下，陰謀漸顯。丁奇更發現，自己並非唯一掌控“時間金鑰”的人..."
          },
          {
            "content_id": "VOD00376669",
            "time_codes": [
              968000,
              1630000,
              2226000
            ],
            "timecode_duration": [],
            "length": 2758000,
            "asset_id": "vod80359-000014M001",
            "title": "",
            "subtitle": "第14集",
            "ep_number": 14,
            "rating": 1,
            "content_type": "drama",
            "p_start": 1762129800000,
            "vod_channel_description": "一場銀行爆炸案打破華澳市的寧靜，警官丁奇站在慘烈的爆炸現場卻異常平靜。新迴圈一次次開啟，離奇之處相繼顯現：生物集團多名高管接連死亡，伴隨著神秘的烏賊殺人警告，意外頻發。看似機械重複的日常下，陰謀漸顯。丁奇更發現，自己並非唯一掌控“時間金鑰”的人..."
          },
          {
            "content_id": "VOD00376670",
            "time_codes": [
              725000,
              1440000,
              2151000
            ],
            "timecode_duration": [],
            "length": 2722000,
            "asset_id": "vod80359-000015M001",
            "title": "",
            "subtitle": "第15集",
            "ep_number": 15,
            "rating": 1,
            "content_type": "drama",
            "p_start": 1762132800000,
            "vod_channel_description": "一場銀行爆炸案打破華澳市的寧靜，警官丁奇站在慘烈的爆炸現場卻異常平靜。新迴圈一次次開啟，離奇之處相繼顯現：生物集團多名高管接連死亡，伴隨著神秘的烏賊殺人警告，意外頻發。看似機械重複的日常下，陰謀漸顯。丁奇更發現，自己並非唯一掌控“時間金鑰”的人..."
          },
          {
            "content_id": "VOD00376671",
            "time_codes": [
              731000,
              1509000,
              2242000
            ],
            "timecode_duration": [],
            "length": 2872000,
            "asset_id": "vod80359-000016M001",
            "title": "",
            "subtitle": "第16集",
            "ep_number": 16,
            "rating": 1,
            "content_type": "drama",
            "p_start": 1762135800000,
            "vod_channel_description": "一場銀行爆炸案打破華澳市的寧靜，警官丁奇站在慘烈的爆炸現場卻異常平靜。新迴圈一次次開啟，離奇之處相繼顯現：生物集團多名高管接連死亡，伴隨著神秘的烏賊殺人警告，意外頻發。看似機械重複的日常下，陰謀漸顯。丁奇更發現，自己並非唯一掌控“時間金鑰”的人..."
          }
        ],
        "total_length": 42993000,
        "focus_index": 15,
        "next_index": 0,
        "time": 1972318,
        "focus_program": {
          "content_id": "VOD00376671",
          "time_codes": [
            731000,
            1509000,
            2242000
          ],
          "timecode_duration": [],
          "length": 2872000,
          "asset_id": "vod80359-000016M001",
          "title": "",
          "subtitle": "第16集",
          "ep_number": 16,
          "rating": 1,
          "content_type": "drama",
          "p_start": 1762135800000,
          "vod_channel_description": "一場銀行爆炸案打破華澳市的寧靜，警官丁奇站在慘烈的爆炸現場卻異常平靜。新迴圈一次次開啟，離奇之處相繼顯現：生物集團多名高管接連死亡，伴隨著神秘的烏賊殺人警告，意外頻發。看似機械重複的日常下，陰謀漸顯。丁奇更發現，自己並非唯一掌控“時間金鑰”的人..."
        }
      },
      "station_categories": [
        {
          "Name": "戲劇",
          "EngName": "Drama",
          "MenuOrder": 7
        }
      ]
    },
    "introduction": {
      "image": "https://p-cdnstatic.svc.litv.tv/pics/vod_channel/logo_3445_ofiii122_mobile_20240906.png",
      "description": "",
      "href_maps": []
    },
    "recommends": [],
    "ua": "Mozilla/5.0 (Windows NT 10.0; Win64; x64) AppleWebKit/537.36 (KHTML, like Gecko) Chrome/134.0.0.0 Safari/537.36"
  },
  "__N_SSP": true
}