{
  "pageProps": {
    "contentId": "ofiii73",
    "channel": {
      "title": "周星馳台",
      "no": 73,
      "charge_mode": "F",
      "content_id": "ofiii73",
      "content_type": "vod-channel",
      "epg_categories": [
        19
      ],
      "genres": [
        {
          "id": "",
          "name": "VOD_CHANNEL",
          "logo": ""
        }
      ],
      "liad_id": "VODCHNEWOFIWEB",
      "package_info_id": "VOD_CHANNEL_DELUX",
      "picture": "pics/vod_channel/logo_3202_ofiii73_tv_20240105.png",
      "provider": [
        {
          "id": "",
          "name": "",
          "logo": ""
        }
      ],
      "quality": "HD",
      "station_id": "station6136",
      "trial": "",
      "selectable": 1,
      "tr_logo": "pics/vod_channel/tr_logo_1704434270.png",
      "tl_logo": "",
      "br_logo": "",
      "bl_logo": "",
      "menu_type": 0,
      "vod_channel_schedule": {
        "channel_id": 73,
        "cdn_code": "ofiii73",
        "start_time": 1762433700000,
        "programs": [
          {
            "content_id": "VOD00131977",
            "time_codes": [
              935000,
              1822000,
              2762000,
              3614000,
              4483000
            ],
            "timecode_duration": [],
            "length": 5131000,
            "asset_id": "vod36710-000000M001",
            "title": "整人狀元",
            "subtitle": "Lawyer Lawyer",
            "ep_number": 0,
            "rating": 2,
            "content_type": "movie",
            "p_start": 1762433700000,
            "vod_channel_description": "清代狀師陳夢吉（周星馳）與大弟子何歡（葛民輝）感情深厚，但二人同時對戲女水蓮花（邱淑貞）有意，弄至反目，何歡一怒之下出走香港求生。香港大亨何西爵士之子何中，意外發現阿歡是他失散已久的異母弟，為獨吞家產，何中殺害家丁並設計何歡使其獲罪入獄。何歡只好求助於陳夢吉，豈料陪審團已被收買…"
          },
          {
            "content_id": "VOD00106234",
            "time_codes": [
              883000,
              1890000,
              2725000,
              3661000,
              4540000,
              5388000
            ],
            "timecode_duration": [],
            "length": 5529000,
            "asset_id": "vod33538-000000M001",
            "title": "97家有喜事",
            "subtitle": "All｀s Well, End｀s Well ｀97",
            "ep_number": 0,
            "rating": 2,
            "content_type": "movie",
            "p_start": 1762439100000,
            "vod_channel_description": "老家大宅住著老老頭與三個兒子，長子老良（黃百鳴）因忙於公事怠慢了老婆賢淑，賢淑心有不甘；次子老非（吳鎮宇）愛上了飛車女，因恐老父反對而頻出怪招；三子老恭（周星馳）因欠賭債過百萬而裝瘋扮傻，家中上下對其呵護有加。由於老恭舉止動靜均與小童無異，逐漸成為家人傾訴的對象…"
          },
          {
            "content_id": "VOD00101476",
            "time_codes": [
              873000,
              1802000,
              2654000,
              3528000,
              4473000,
              5411000
            ],
            "timecode_duration": [],
            "length": 5637000,
            "asset_id": "vod32381-000000M001",
            "title": "齊天大聖東遊記",
            "subtitle": "A Chinese Odyssey Part One: Pandora｀s Box",
            "ep_number": 0,
            "rating": 2,
            "content_type": "movie",
            "p_start": 1762444800000,
            "vod_channel_description": "孫悟空（周星馳）護送唐三藏去西天取經，半路卻和牛魔王合謀殺害唐三藏。觀世音聞訊趕到，令悟空五百年後投胎作人，贖其罪孽。五百年後，孫悟空化身匪頭至尊寶，不巧撞見預謀吃唐僧肉的蜘蛛精春三十娘和白骨精白晶晶（莫文蔚）。五百年前曾有一段情的孫悟空和白晶晶，再度一見鍾情…"
          },
          {
            "content_id": "VOD00109972",
            "time_codes": [
              908000,
              1784000,
              2672000,
              3599000,
              4541000
            ],
            "timecode_duration": [],
            "length": 5364000,
            "asset_id": "vod34157-000000M001",
            "title": "鹿鼎大帝",
            "subtitle": "Forbidden City Cop",
            "ep_number": 0,
            "rating": 1,
            "content_type": "movie",
            "p_start": 1762450500000,
            "vod_channel_description": "靈靈發（周星馳）不諳武功，但有一顆超時代的發明頭腦，卻始終不被皇上重用。此時，金國祕密組織計劃進佔中原，以解剖研究「天外飛仙」屍體為由，召集各地名醫前往，意欲一舉殲滅。零零發揭發其陰謀，並以秘密武器保得皇上安全。救駕有功的零零發獲得朝廷寵信，皇帝遂派他前去刺探金國來的名妓琴操…"
          },
          {
            "content_id": "VOD00105336",
            "time_codes": [
              933000,
              1800000,
              2700000,
              3601000,
              4450000,
              5458000
            ],
            "timecode_duration": [],
            "length": 5601000,
            "asset_id": "vod33296-000000M001",
            "title": "摩登武聖",
            "subtitle": "Fist of Fury 1991 II",
            "ep_number": 0,
            "rating": 1,
            "content_type": "movie",
            "p_start": 1762456200000,
            "vod_channel_description": "劉晶（周星馳）戰勝鄭威成為新精武門掌門人，但四老將所有獎金豪賭後遁走，使得新精武門債台高築。鄭威的胞兄鄭橫刀決定率領手下赴港報仇，正值劉晶與牛皮買醉回家，結果不敵鄭橫刀等人，幾被活活打死。幸而一黑衣人從天而降擊退眾人，二人方得解脫。然劉晶受傷過重，武功盡廢，只得由牛皮的姑媽照料…"
          },
          {
            "content_id": "VOD00131772",
            "time_codes": [
              966000,
              1825000,
              2695000,
              3656000,
              4508000,
              5416000
            ],
            "timecode_duration": [],
            "length": 5723000,
            "asset_id": "vod36662-000000M001",
            "title": "豪門夜宴",
            "subtitle": "The Banquet",
            "ep_number": 0,
            "rating": 1,
            "content_type": "movie",
            "p_start": 1762461900000,
            "vod_channel_description": "暴發戶曾小志（曾志偉）在經紀張阿友（張學友）協助下成功騙取兩幢房子，但他發現死對頭洪大寶亦以同樣手法騙取了另外兩幢房子。此時，為了重建戰後的科威特，科威特王子到港尋求合作。曾小志為了討好為人孝順的王子，費盡心思替父親大排宴席祝壽。洪大寶聞訊後，決定拉攏貴賓使他的豪門宴擺不成…"
          },
          {
            "content_id": "VOD00102962",
            "time_codes": [
              870000,
              1777000,
              2736000,
              3678000,
              4504000,
              5454000
            ],
            "timecode_duration": [],
            "length": 5810000,
            "asset_id": "vod32809-000000M001",
            "title": "破壞之王(國)",
            "subtitle": "Love on Delivery",
            "ep_number": 0,
            "rating": 1,
            "content_type": "movie",
            "p_start": 1762467900000,
            "vod_channel_description": "集百般短處於一身的何金銀（周星馳），經常送外賣到環球菁英體育中心。某天，阿銀邂逅了美女阿麗（鍾麗緹），並硬著頭皮約她，沒想到麗竟一口答應。阿銀雖然在約會時暴露了百般短處，但阿麗仍願與銀為友，但絕不可能有進一步發展，因為她最討厭「懦弱的人」。受剌激的阿銀，暗自立誓要成為強者…"
          },
          {
            "content_id": "VOD00059869",
            "time_codes": [
              882000,
              1840000,
              2681000,
              3531000,
              4554000,
              5412000,
              6238000
            ],
            "timecode_duration": [],
            "length": 6418000,
            "asset_id": "vod16740-000000M001",
            "title": "整人專家",
            "subtitle": "Tricky Brains",
            "ep_number": 0,
            "rating": 1,
            "content_type": "movie",
            "p_start": 1762473900000,
            "vod_channel_description": "胡真（周星馳）以收錢代替人戲弄他人為業，常常把人整得魂飛魄散，自稱為「整人專家」。車文杰（劉德華）升任經理當天，在公司認識了剛回國的程樂兒（關之琳），兩人感情迅速升溫，卻引起樂兒的前男友不滿，遂找了胡真來對付阿杰。胡真不僅混入車家，更進入阿杰的公司上班，藉機離間阿杰與樂兒的感情…"
          },
          {
            "content_id": "VOD00106173",
            "time_codes": [
              902000,
              1818000,
              2716000,
              3560000,
              4579000
            ],
            "timecode_duration": [],
            "length": 5419000,
            "asset_id": "vod33520-000000M001",
            "title": "新精武門1991",
            "subtitle": "Fist of Fury 1991",
            "ep_number": 0,
            "rating": 1,
            "content_type": "movie",
            "p_start": 1762480500000,
            "vod_channel_description": "精武門阿星（周星馳）生性膽小怕事，可是在緊要關頭卻常有出人意料的好表現。有天，日本武社派人送來「東亞病夫」匾額，阿星又被踢出來跟日本人對打。阿星本想息事寧人，可是日本人哪會放過他呢？被痛打的阿星激出了潛能，反而將對方打掛，這下子他不但得罪了日本人，大師兄更視他為眼中釘…"
          }
        ],
        "total_length": 50632000,
        "focus_index": 6,
        "next_index": 7,
        "time": 3489573,
        "focus_program": {
          "content_id": "VOD00102962",
          "time_codes": [
            870000,
            1777000,
            2736000,
            3678000,
            4504000,
            5454000
          ],
          "timecode_duration": [],
          "length": 5810000,
          "asset_id": "vod32809-000000M001",
          "title": "破壞之王(國)",
          "subtitle": "Love on Delivery",
          "ep_number": 0,
          "rating": 1,
          "content_type": "movie",
          "p_start": 1762467900000,
          "vod_channel_description": "集百般短處於一身的何金銀（周星馳），經常送外賣到環球菁英體育中心。某天，阿銀邂逅了美女阿麗（鍾麗緹），並硬著頭皮約她，沒想到麗竟一口答應。阿銀雖然在約會時暴露了百般短處，但阿麗仍願與銀為友，但絕不可能有進一步發展，因為她最討厭「懦弱的人」。受剌激的阿銀，暗自立誓要成為強者…"
        }
      },
      "station_categories": [
        {
          "Name": "電影",
          "EngName": "Movie",
          "MenuOrder": 5
        }
      ]
    },
    "introduction": {
      "image": "https://p-cdnstatic.svc.litv.tv/pics/vod_channel/logo_3202_ofiii73_mobile_20240105.png",
      "description": "看你千遍也不厭倦！星爺周星馳從影以來經典無數，各種經典台詞琅琅上口，有如滔滔江水、綿延不絕！周星馳台讓你一次笑翻天。",
      "href_maps": []
    },
    "recommends": [],
    "ua": "Mozilla/5.0 (Windows NT 10.0; Win64; x64) AppleWebKit/537.36 (KHTML, like Gecko) Chrome/134.0.0.0 Safari/537.36"
  },
  "__N_SSP": true
}