{
  "pageProps": {
    "contentId": "ofiii209",
    "channel": {
      "title": "台灣最前線",
      "no": 209,
      "charge_mode": "F",
      "content_id": "ofiii209",
      "content_type": "vod-channel",
      "epg_categories": [
        5
      ],
      "genres": [
        {
          "id": "",
          "name": "VOD_CHANNEL",
          "logo": ""
        }
      ],
      "liad_id": "VODCHNEWOFIWEB",
      "package_info_id": "VOD_CHANNEL_DELUX",
      "picture": "pics/vod_channel/logo_3844_ofiii209_tv_20250827.png",
      "provider": [
        {
          "id": "",
          "name": "民視",
          "logo": ""
        }
      ],
      "quality": "HD",
      "station_id": "station6778",
      "trial": "",
      "selectable": 1,
      "tr_logo": "pics/vod_channel/tr_logo_1756868743.png",
      "tl_logo": "",
      "br_logo": "",
      "bl_logo": "",
      "menu_type": 0,
      "vod_channel_schedule": {
        "channel_id": 209,
        "cdn_code": "ofiii209",
        "start_time": 1763127000000,
        "programs": [
          {
            "content_id": "VOD00381832",
            "time_codes": [
              1058000,
              1848000,
              2815000,
              3431000,
              4584000
            ],
            "timecode_duration": [],
            "length": 5892000,
            "asset_id": "vod79238-000097M001",
            "title": "",
            "subtitle": "防堵豬瘟亂套？盧自詡及時拆彈！豬農扯謊收押！市府不察躲不掉？",
            "ep_number": 97,
            "rating": 1,
            "content_type": "show",
            "p_start": 1763127000000,
            "vod_channel_description": "最堅實的立場，帶您洞悉台灣新知。最專業的陣容，帶您打開『視』界。政治人民做主，一同掌握即實政壇資訊，『EYE』台灣的政論談話節目。"
          },
          {
            "content_id": "VOD00381833",
            "time_codes": [
              981000,
              2083000,
              2851000,
              3434000,
              4584000,
              5451000
            ],
            "timecode_duration": [],
            "length": 5889000,
            "asset_id": "vod79238-000098M001",
            "title": "",
            "subtitle": "盧媽便宜行事釀禍？甩鍋中央.豬農？ 凱思金流揪昌收賄？多次問個案 嗅？",
            "ep_number": 98,
            "rating": 1,
            "content_type": "show",
            "p_start": 1763133000000,
            "vod_channel_description": "最堅實的立場，帶您洞悉台灣新知。最專業的陣容，帶您打開『視』界。政治人民做主，一同掌握即實政壇資訊，『EYE』台灣的政論談話節目。"
          },
          {
            "content_id": "VOD00381834",
            "time_codes": [
              600000,
              1200000,
              1800000,
              2400000,
              3000000,
              3600000,
              4200000,
              4800000,
              5400000
            ],
            "timecode_duration": [],
            "length": 5887000,
            "asset_id": "vod79238-000099M001",
            "title": "",
            "subtitle": "引狼入室？昌挺藍停砍年改為選票？ 統戰伸進運動？近似隊徽惹怒象迷！",
            "ep_number": 99,
            "rating": 1,
            "content_type": "show",
            "p_start": 1763139000000,
            "vod_channel_description": "最堅實的立場，帶您洞悉台灣新知。最專業的陣容，帶您打開『視』界。政治人民做主，一同掌握即實政壇資訊，『EYE』台灣的政論談話節目。"
          },
          {
            "content_id": "VOD00381835",
            "time_codes": [
              980000,
              1871000,
              2807000,
              3429000,
              4582000,
              5256000
            ],
            "timecode_duration": [],
            "length": 5889000,
            "asset_id": "vod79238-000100M001",
            "title": "",
            "subtitle": "東徐西盧北善政 藍首長們頻出包？ 蘇巧慧選新北！藍難定調？昌角色？",
            "ep_number": 100,
            "rating": 1,
            "content_type": "show",
            "p_start": 1763145600000,
            "vod_channel_description": "最堅實的立場，帶您洞悉台灣新知。最專業的陣容，帶您打開『視』界。政治人民做主，一同掌握即實政壇資訊，『EYE』台灣的政論談話節目。"
          },
          {
            "content_id": "VOD00382877",
            "time_codes": [
              981000,
              1747000,
              2864000,
              3425000,
              4574000,
              5395000
            ],
            "timecode_duration": [],
            "length": 5889000,
            "asset_id": "vod79238-000101M001",
            "title": "",
            "subtitle": "媽媽牌崩？盧三度道歉救2026選情？ 沒關說？藍委助太子集團幹部入境？",
            "ep_number": 101,
            "rating": 1,
            "content_type": "show",
            "p_start": 1763151600000,
            "vod_channel_description": "最堅實的立場，帶您洞悉台灣新知。最專業的陣容，帶您打開『視』界。政治人民做主，一同掌握即實政壇資訊，『EYE』台灣的政論談話節目。"
          },
          {
            "content_id": "VOD00382878",
            "time_codes": [
              1171000,
              1929000,
              2879000,
              3771000,
              4952000,
              5694000
            ],
            "timecode_duration": [],
            "length": 6043000,
            "asset_id": "vod79238-000102M001",
            "title": "",
            "subtitle": "戰貓新外交！蕭美琴歐洲演講獲讚！鄭麗文悼共諜炎上！蔣不敢罵縮了？蔣當白母雞？黃國昌不等藍選到底？",
            "ep_number": 102,
            "rating": 1,
            "content_type": "show",
            "p_start": 1763157600000,
            "vod_channel_description": "最堅實的立場，帶您洞悉台灣新知。最專業的陣容，帶您打開『視』界。政治人民做主，一同掌握即實政壇資訊，『EYE』台灣的政論談話節目。"
          },
          {
            "content_id": "VOD00382879",
            "time_codes": [
              980000,
              1957000,
              2802000,
              3427000,
              4583000
            ],
            "timecode_duration": [],
            "length": 5889000,
            "asset_id": "vod79238-000103M001",
            "title": "",
            "subtitle": "鳳凰颱風直撲台？盧徐防颱做表面？ 台外交突破藍唱衰？鄭急統分裂藍？",
            "ep_number": 103,
            "rating": 1,
            "content_type": "show",
            "p_start": 1763163900000,
            "vod_channel_description": "最堅實的立場，帶您洞悉台灣新知。最專業的陣容，帶您打開『視』界。政治人民做主，一同掌握即實政壇資訊，『EYE』台灣的政論談話節目。"
          },
          {
            "content_id": "VOD00382880",
            "time_codes": [
              1041000,
              1861000,
              2722000,
              3794000,
              4669000,
              5435000
            ],
            "timecode_duration": [],
            "length": 5894000,
            "asset_id": "vod79238-000104M001",
            "title": "",
            "subtitle": "鳳凰炸東台！水淹蘇澳.泥灌萬榮！ 昌活在柯陰影下？政治路五大空？",
            "ep_number": 104,
            "rating": 1,
            "content_type": "show",
            "p_start": 1763169900000,
            "vod_channel_description": "最堅實的立場，帶您洞悉台灣新知。最專業的陣容，帶您打開『視』界。政治人民做主，一同掌握即實政壇資訊，『EYE』台灣的政論談話節目。"
          },
          {
            "content_id": "VOD00382881",
            "time_codes": [
              985000,
              2054000,
              2757000,
              3114000,
              4633000,
              5459000,
              5747000
            ],
            "timecode_duration": [],
            "length": 5897000,
            "asset_id": "vod79238-000105M001",
            "title": "",
            "subtitle": "鳳凰減弱不能鬆懈！宜花自求多福？ 韓國瑜嗆賴？藍營新共主禿子再起？",
            "ep_number": 105,
            "rating": 1,
            "content_type": "show",
            "p_start": 1763175900000,
            "vod_channel_description": "最堅實的立場，帶您洞悉台灣新知。最專業的陣容，帶您打開『視』界。政治人民做主，一同掌握即實政壇資訊，『EYE』台灣的政論談話節目。"
          },
          {
            "content_id": "VOD00382882",
            "time_codes": [
              976000,
              1982000,
              2601000,
              3433000,
              4590000,
              5572000
            ],
            "timecode_duration": [],
            "length": 5894000,
            "asset_id": "vod79238-000106M001",
            "title": "",
            "subtitle": "宜花災害應變大出包？甩鍋中央？ 中共全球通緝藍不吭？沈伯洋打臉！",
            "ep_number": 106,
            "rating": 1,
            "content_type": "show",
            "p_start": 1763181900000,
            "vod_channel_description": "最堅實的立場，帶您洞悉台灣新知。最專業的陣容，帶您打開『視』界。政治人民做主，一同掌握即實政壇資訊，『EYE』台灣的政論談話節目。"
          }
        ],
        "total_length": 59063000,
        "focus_index": 6,
        "next_index": 7,
        "time": 3282315,
        "focus_program": {
          "content_id": "VOD00382879",
          "time_codes": [
            980000,
            1957000,
            2802000,
            3427000,
            4583000
          ],
          "timecode_duration": [],
          "length": 5889000,
          "asset_id": "vod79238-000103M001",
          "title": "",
          "subtitle": "鳳凰颱風直撲台？盧徐防颱做表面？ 台外交突破藍唱衰？鄭急統分裂藍？",
          "ep_number": 103,
          "rating": 1,
          "content_type": "show",
          "p_start": 1763163900000,
          "vod_channel_description": "最堅實的立場，帶您洞悉台灣新知。最專業的陣容，帶您打開『視』界。政治人民做主，一同掌握即實政壇資訊，『EYE』台灣的政論談話節目。"
        }
      },
      "station_categories": [
        {
          "Name": "新聞‧財經",
          "EngName": "News & Finance",
          "MenuOrder": 3
        }
      ]
    },
    "introduction": null,
    "recommends": null,
    "ua": "Mozilla/5.0 (Windows NT 10.0; Win64; x64) AppleWebKit/537.36 (KHTML, like Gecko) Chrome/134.0.0.0 Safari/537.36"
  },
  "__N_SSP": true
}