{
  "pageProps": {
    "contentId": "ofiii228",
    "channel": {
      "title": "食尚玩家-熱血48小時",
      "no": 228,
      "charge_mode": "F",
      "content_id": "ofiii228",
      "content_type": "vod-channel",
      "epg_categories": [
        18
      ],
      "genres": [
        {
          "id": "",
          "name": "VOD_CHANNEL",
          "logo": ""
        }
      ],
      "liad_id": "VODCHNEWOFIWEB",
      "package_info_id": "VOD_CHANNEL_DELUX",
      "picture": "pics/vod_channel/logo_3558_ofiii228_tv_20250221.png",
      "provider": [
        {
          "id": "",
          "name": "TVBS 純拆",
          "logo": ""
        }
      ],
      "quality": "HD",
      "station_id": "station6492",
      "trial": "",
      "selectable": 1,
      "tr_logo": "pics/vod_channel/tr_logo_1733120453.png",
      "tl_logo": "",
      "br_logo": "",
      "bl_logo": "",
      "menu_type": 0,
      "vod_channel_schedule": {
        "channel_id": 228,
        "cdn_code": "ofiii228",
        "start_time": 1762050000000,
        "programs": [
          {
            "content_id": "VOD00294342",
            "time_codes": [
              791000,
              1490000,
              2625000
            ],
            "timecode_duration": [],
            "length": 2850000,
            "asset_id": "vod64341-000139M001",
            "title": "",
            "subtitle": "第139集 中台灣 最新話題萌點旅行團",
            "ep_number": 139,
            "rating": 1,
            "content_type": "show",
            "p_start": 1762050000000,
            "vod_channel_description": "「熱血48小時」跟著威風拉挑戰極限！上山下海熱血48小時。食尚威風拉三兄妹，用最熱血的方式來探索美食﹑發現秘境﹑深入在地路徑為主軸，帶領觀眾熱血玩到High！"
          },
          {
            "content_id": "VOD00294343",
            "time_codes": [
              600000,
              1200000,
              1800000,
              2400000
            ],
            "timecode_duration": [],
            "length": 2850000,
            "asset_id": "vod64341-000140M001",
            "title": "",
            "subtitle": "第140集 台北騎到台南 333公里熱血宣傳之旅 (上)",
            "ep_number": 140,
            "rating": 1,
            "content_type": "show",
            "p_start": 1762053000000,
            "vod_channel_description": "「熱血48小時」跟著威風拉挑戰極限！上山下海熱血48小時。食尚威風拉三兄妹，用最熱血的方式來探索美食﹑發現秘境﹑深入在地路徑為主軸，帶領觀眾熱血玩到High！"
          },
          {
            "content_id": "VOD00294344",
            "time_codes": [
              778000,
              1606000,
              2501000
            ],
            "timecode_duration": [],
            "length": 2850000,
            "asset_id": "vod64341-000141M001",
            "title": "",
            "subtitle": "第141集 台北騎到台南 333公里熱血宣傳之旅 (中)",
            "ep_number": 141,
            "rating": 1,
            "content_type": "show",
            "p_start": 1762056300000,
            "vod_channel_description": "「熱血48小時」跟著威風拉挑戰極限！上山下海熱血48小時。食尚威風拉三兄妹，用最熱血的方式來探索美食﹑發現秘境﹑深入在地路徑為主軸，帶領觀眾熱血玩到High！"
          },
          {
            "content_id": "VOD00294345",
            "time_codes": [
              876000,
              1636000,
              2448000
            ],
            "timecode_duration": [],
            "length": 2850000,
            "asset_id": "vod64341-000142M001",
            "title": "",
            "subtitle": "第142集 台北騎到台南 333公里熱血宣傳之旅 (下)",
            "ep_number": 142,
            "rating": 1,
            "content_type": "show",
            "p_start": 1762059300000,
            "vod_channel_description": "「熱血48小時」跟著威風拉挑戰極限！上山下海熱血48小時。食尚威風拉三兄妹，用最熱血的方式來探索美食﹑發現秘境﹑深入在地路徑為主軸，帶領觀眾熱血玩到High！"
          },
          {
            "content_id": "VOD00294346",
            "time_codes": [
              748000,
              1449000,
              2624000
            ],
            "timecode_duration": [],
            "length": 2850000,
            "asset_id": "vod64341-000143M001",
            "title": "",
            "subtitle": "第143集 任何時間去它都開著？！開店時間超長的拼命美食",
            "ep_number": 143,
            "rating": 1,
            "content_type": "show",
            "p_start": 1762062300000,
            "vod_channel_description": "「熱血48小時」跟著威風拉挑戰極限！上山下海熱血48小時。食尚威風拉三兄妹，用最熱血的方式來探索美食﹑發現秘境﹑深入在地路徑為主軸，帶領觀眾熱血玩到High！"
          },
          {
            "content_id": "VOD00294347",
            "time_codes": [
              825000,
              1688000,
              2700000
            ],
            "timecode_duration": [],
            "length": 2850000,
            "asset_id": "vod64341-000144M001",
            "title": "",
            "subtitle": "第144集 花蓮寶藏美食大特搜 我保證 挖出它後會爆紅",
            "ep_number": 144,
            "rating": 1,
            "content_type": "show",
            "p_start": 1762065300000,
            "vod_channel_description": "「熱血48小時」跟著威風拉挑戰極限！上山下海熱血48小時。食尚威風拉三兄妹，用最熱血的方式來探索美食﹑發現秘境﹑深入在地路徑為主軸，帶領觀眾熱血玩到High！"
          },
          {
            "content_id": "VOD00294348",
            "time_codes": [
              874000,
              1536000,
              2245000
            ],
            "timecode_duration": [],
            "length": 2850000,
            "asset_id": "vod64341-000145M001",
            "title": "",
            "subtitle": "第145集 超人氣名店老闆 竟然愛吃這間小吃？！",
            "ep_number": 145,
            "rating": 1,
            "content_type": "show",
            "p_start": 1762068300000,
            "vod_channel_description": "「熱血48小時」跟著威風拉挑戰極限！上山下海熱血48小時。食尚威風拉三兄妹，用最熱血的方式來探索美食﹑發現秘境﹑深入在地路徑為主軸，帶領觀眾熱血玩到High！"
          },
          {
            "content_id": "VOD00294350",
            "time_codes": [
              968000,
              1587000,
              2536000
            ],
            "timecode_duration": [],
            "length": 2850000,
            "asset_id": "vod64341-000147M001",
            "title": "",
            "subtitle": "第147集 熱血撿便宜小隊集合 吃爆屏東俗擱大碗美食",
            "ep_number": 147,
            "rating": 1,
            "content_type": "show",
            "p_start": 1762071300000,
            "vod_channel_description": "「熱血48小時」跟著威風拉挑戰極限！上山下海熱血48小時。食尚威風拉三兄妹，用最熱血的方式來探索美食﹑發現秘境﹑深入在地路徑為主軸，帶領觀眾熱血玩到High！"
          },
          {
            "content_id": "VOD00294351",
            "time_codes": [
              850000,
              1670000,
              2347000
            ],
            "timecode_duration": [],
            "length": 2850000,
            "asset_id": "vod64341-000148M001",
            "title": "",
            "subtitle": "第148集 高雄發大財 撒錢好爽罪惡旅行團",
            "ep_number": 148,
            "rating": 1,
            "content_type": "show",
            "p_start": 1762074300000,
            "vod_channel_description": "「熱血48小時」跟著威風拉挑戰極限！上山下海熱血48小時。食尚威風拉三兄妹，用最熱血的方式來探索美食﹑發現秘境﹑深入在地路徑為主軸，帶領觀眾熱血玩到High！"
          },
          {
            "content_id": "VOD00294352",
            "time_codes": [
              756000,
              1522000,
              2657000
            ],
            "timecode_duration": [],
            "length": 2851000,
            "asset_id": "vod64341-000149M001",
            "title": "",
            "subtitle": "第149集 威風拉大預測 2023必比登推介榜單",
            "ep_number": 149,
            "rating": 1,
            "content_type": "show",
            "p_start": 1762077300000,
            "vod_channel_description": "「熱血48小時」跟著威風拉挑戰極限！上山下海熱血48小時。食尚威風拉三兄妹，用最熱血的方式來探索美食﹑發現秘境﹑深入在地路徑為主軸，帶領觀眾熱血玩到High！"
          },
          {
            "content_id": "VOD00294353",
            "time_codes": [
              973000,
              1538000,
              2655000
            ],
            "timecode_duration": [],
            "length": 2850000,
            "asset_id": "vod64341-000150M001",
            "title": "",
            "subtitle": "第150集 夏日清涼特企 胴體炸裂蘭嶼",
            "ep_number": 150,
            "rating": 1,
            "content_type": "show",
            "p_start": 1762080300000,
            "vod_channel_description": "「熱血48小時」跟著威風拉挑戰極限！上山下海熱血48小時。食尚威風拉三兄妹，用最熱血的方式來探索美食﹑發現秘境﹑深入在地路徑為主軸，帶領觀眾熱血玩到High！"
          },
          {
            "content_id": "VOD00294354",
            "time_codes": [
              856000,
              1634000,
              2478000
            ],
            "timecode_duration": [],
            "length": 2850000,
            "asset_id": "vod64341-000151M001",
            "title": "",
            "subtitle": "第151集 台南百年小吃傳說",
            "ep_number": 151,
            "rating": 1,
            "content_type": "show",
            "p_start": 1762083300000,
            "vod_channel_description": "「熱血48小時」跟著威風拉挑戰極限！上山下海熱血48小時。食尚威風拉三兄妹，用最熱血的方式來探索美食﹑發現秘境﹑深入在地路徑為主軸，帶領觀眾熱血玩到High！"
          },
          {
            "content_id": "VOD00294355",
            "time_codes": [
              790000,
              1600000,
              2563000
            ],
            "timecode_duration": [],
            "length": 2790000,
            "asset_id": "vod64341-000152M001",
            "title": "",
            "subtitle": "第152集 威風猛男東台灣療癒巴士",
            "ep_number": 152,
            "rating": 1,
            "content_type": "show",
            "p_start": 1762086300000,
            "vod_channel_description": "「熱血48小時」跟著威風拉挑戰極限！上山下海熱血48小時。食尚威風拉三兄妹，用最熱血的方式來探索美食﹑發現秘境﹑深入在地路徑為主軸，帶領觀眾熱血玩到High！"
          },
          {
            "content_id": "VOD00294357",
            "time_codes": [
              869000,
              1602000,
              2584000
            ],
            "timecode_duration": [],
            "length": 2850000,
            "asset_id": "vod64341-000154M001",
            "title": "",
            "subtitle": "第154集 雲林不吸Hot時代  吹冷氣爽嗑銅板美食",
            "ep_number": 154,
            "rating": 1,
            "content_type": "show",
            "p_start": 1762089300000,
            "vod_channel_description": "「熱血48小時」跟著威風拉挑戰極限！上山下海熱血48小時。食尚威風拉三兄妹，用最熱血的方式來探索美食﹑發現秘境﹑深入在地路徑為主軸，帶領觀眾熱血玩到High！"
          },
          {
            "content_id": "VOD00294358",
            "time_codes": [
              838000,
              1555000,
              2588000
            ],
            "timecode_duration": [],
            "length": 2851000,
            "asset_id": "vod64341-000155M001",
            "title": "",
            "subtitle": "第155集 來去朝聖嘉義美食圈  當紅炸子雞",
            "ep_number": 155,
            "rating": 1,
            "content_type": "show",
            "p_start": 1762092300000,
            "vod_channel_description": "「熱血48小時」跟著威風拉挑戰極限！上山下海熱血48小時。食尚威風拉三兄妹，用最熱血的方式來探索美食﹑發現秘境﹑深入在地路徑為主軸，帶領觀眾熱血玩到High！"
          },
          {
            "content_id": "VOD00294359",
            "time_codes": [
              783000,
              1584000,
              2591000
            ],
            "timecode_duration": [],
            "length": 2850000,
            "asset_id": "vod64341-000156M001",
            "title": "",
            "subtitle": "第156集 撿便宜小隊 吃爆桃園雙北  俗擱大碗美食",
            "ep_number": 156,
            "rating": 1,
            "content_type": "show",
            "p_start": 1762095300000,
            "vod_channel_description": "「熱血48小時」跟著威風拉挑戰極限！上山下海熱血48小時。食尚威風拉三兄妹，用最熱血的方式來探索美食﹑發現秘境﹑深入在地路徑為主軸，帶領觀眾熱血玩到High！"
          },
          {
            "content_id": "VOD00294360",
            "time_codes": [
              785000,
              1571000,
              2634000
            ],
            "timecode_duration": [],
            "length": 2849000,
            "asset_id": "vod64341-000157M001",
            "title": "",
            "subtitle": "第157集 特搜 ! 新北市在地人秘藏美食巨星",
            "ep_number": 157,
            "rating": 1,
            "content_type": "show",
            "p_start": 1762098300000,
            "vod_channel_description": "「熱血48小時」跟著威風拉挑戰極限！上山下海熱血48小時。食尚威風拉三兄妹，用最熱血的方式來探索美食﹑發現秘境﹑深入在地路徑為主軸，帶領觀眾熱血玩到High！"
          },
          {
            "content_id": "VOD00294361",
            "time_codes": [
              822000,
              1586000,
              2584000
            ],
            "timecode_duration": [],
            "length": 2850000,
            "asset_id": "vod64341-000158M001",
            "title": "",
            "subtitle": "第158集 2023冷血評鑑 台中高網評神店",
            "ep_number": 158,
            "rating": 1,
            "content_type": "show",
            "p_start": 1762101300000,
            "vod_channel_description": "「熱血48小時」跟著威風拉挑戰極限！上山下海熱血48小時。食尚威風拉三兄妹，用最熱血的方式來探索美食﹑發現秘境﹑深入在地路徑為主軸，帶領觀眾熱血玩到High！"
          },
          {
            "content_id": "VOD00294363",
            "time_codes": [
              877000,
              1545000,
              2655000
            ],
            "timecode_duration": [],
            "length": 2850000,
            "asset_id": "vod64341-000160M001",
            "title": "",
            "subtitle": "第160集 北台灣七夕情人節 超前部屬浪漫計畫",
            "ep_number": 160,
            "rating": 1,
            "content_type": "show",
            "p_start": 1762104300000,
            "vod_channel_description": "「熱血48小時」跟著威風拉挑戰極限！上山下海熱血48小時。食尚威風拉三兄妹，用最熱血的方式來探索美食﹑發現秘境﹑深入在地路徑為主軸，帶領觀眾熱血玩到High！"
          },
          {
            "content_id": "VOD00309580",
            "time_codes": [
              842000,
              1744000,
              2562000
            ],
            "timecode_duration": [],
            "length": 2850000,
            "asset_id": "vod64341-000161M001",
            "title": "",
            "subtitle": "第161集 夏日衝宜蘭竟還有免費「天然冷氣」？超刺激南澳漂漂河.泰式涼拌雞 真的山林涼！",
            "ep_number": 161,
            "rating": 1,
            "content_type": "show",
            "p_start": 1762107300000,
            "vod_channel_description": "「熱血48小時」跟著威風拉挑戰極限！上山下海熱血48小時。食尚威風拉三兄妹，用最熱血的方式來探索美食﹑發現秘境﹑深入在地路徑為主軸，帶領觀眾熱血玩到High！"
          },
          {
            "content_id": "VOD00309581",
            "time_codes": [
              858000,
              1547000,
              2628000
            ],
            "timecode_duration": [],
            "length": 2850000,
            "asset_id": "vod64341-000162M001",
            "title": "",
            "subtitle": "第162集 各種假鬼假怪的台中/台北美食？餐桌作畫法式甜點、視覺衝擊活蝦秀、矇眼剪雞？",
            "ep_number": 162,
            "rating": 1,
            "content_type": "show",
            "p_start": 1762110300000,
            "vod_channel_description": "「熱血48小時」跟著威風拉挑戰極限！上山下海熱血48小時。食尚威風拉三兄妹，用最熱血的方式來探索美食﹑發現秘境﹑深入在地路徑為主軸，帶領觀眾熱血玩到High！"
          },
          {
            "content_id": "VOD00309582",
            "time_codes": [
              808000,
              1557000,
              2617000
            ],
            "timecode_duration": [],
            "length": 2830000,
            "asset_id": "vod64341-000163M001",
            "title": "",
            "subtitle": "第163集 不可能美食也有都市傳說！解鎖新竹美食神秘面紗！南洋料理.西藏料理.甜點店",
            "ep_number": 163,
            "rating": 1,
            "content_type": "show",
            "p_start": 1762113300000,
            "vod_channel_description": "「熱血48小時」跟著威風拉挑戰極限！上山下海熱血48小時。食尚威風拉三兄妹，用最熱血的方式來探索美食﹑發現秘境﹑深入在地路徑為主軸，帶領觀眾熱血玩到High！"
          },
          {
            "content_id": "VOD00309584",
            "time_codes": [
              600000,
              1200000,
              1800000,
              2400000
            ],
            "timecode_duration": [],
            "length": 2760000,
            "asset_id": "vod64341-000165M001",
            "title": "",
            "subtitle": "第165集 2023必比登推介真好吃？台南高雄入選店家！溫體牛肉湯、雞湯切仔麵、煙燻鴨肉飯",
            "ep_number": 165,
            "rating": 1,
            "content_type": "show",
            "p_start": 1762116300000,
            "vod_channel_description": "「熱血48小時」跟著威風拉挑戰極限！上山下海熱血48小時。食尚威風拉三兄妹，用最熱血的方式來探索美食﹑發現秘境﹑深入在地路徑為主軸，帶領觀眾熱血玩到High！"
          },
          {
            "content_id": "VOD00309585",
            "time_codes": [
              600000,
              1200000,
              1800000,
              2400000
            ],
            "timecode_duration": [],
            "length": 2850000,
            "asset_id": "vod64341-000166M001",
            "title": "",
            "subtitle": "第166集 台南高雄出大絕招！起司香港雞煲、超巨豬排丼飯、神級煙燻牛胸肉、醬爆系舒芙蕾",
            "ep_number": 166,
            "rating": 1,
            "content_type": "show",
            "p_start": 1762119600000,
            "vod_channel_description": "「熱血48小時」跟著威風拉挑戰極限！上山下海熱血48小時。食尚威風拉三兄妹，用最熱血的方式來探索美食﹑發現秘境﹑深入在地路徑為主軸，帶領觀眾熱血玩到High！"
          },
          {
            "content_id": "VOD00318376",
            "time_codes": [
              1061000,
              1969000,
              2485000
            ],
            "timecode_duration": [],
            "length": 2850000,
            "asset_id": "vod64341-000173M001",
            "title": "",
            "subtitle": "第173集 幫你省荷包又能吃飽飽！從三餐到下午茶通通都包辦，便宜又大碗！",
            "ep_number": 173,
            "rating": 1,
            "content_type": "show",
            "p_start": 1762122900000,
            "vod_channel_description": "「熱血48小時」跟著威風拉挑戰極限！上山下海熱血48小時。食尚威風拉三兄妹，用最熱血的方式來探索美食﹑發現秘境﹑深入在地路徑為主軸，帶領觀眾熱血玩到High！"
          },
          {
            "content_id": "VOD00321231",
            "time_codes": [
              901000,
              1584000,
              2584000
            ],
            "timecode_duration": [],
            "length": 2849000,
            "asset_id": "vod64341-000174M001",
            "title": "",
            "subtitle": "第174集 吳克群、U:NUS大駕光臨！威風拉帶你環遊世界！",
            "ep_number": 174,
            "rating": 1,
            "content_type": "show",
            "p_start": 1762125900000,
            "vod_channel_description": "「熱血48小時」跟著威風拉挑戰極限！上山下海熱血48小時。食尚威風拉三兄妹，用最熱血的方式來探索美食﹑發現秘境﹑深入在地路徑為主軸，帶領觀眾熱血玩到High！"
          },
          {
            "content_id": "VOD00321232",
            "time_codes": [
              761000,
              1621000,
              2646000
            ],
            "timecode_duration": [],
            "length": 2848000,
            "asset_id": "vod64341-000175M001",
            "title": "",
            "subtitle": "第175集 威風拉帶你打卡2023最新夯點！韓國人氣炸雞登入板橋！",
            "ep_number": 175,
            "rating": 1,
            "content_type": "show",
            "p_start": 1762128900000,
            "vod_channel_description": "「熱血48小時」跟著威風拉挑戰極限！上山下海熱血48小時。食尚威風拉三兄妹，用最熱血的方式來探索美食﹑發現秘境﹑深入在地路徑為主軸，帶領觀眾熱血玩到High！"
          },
          {
            "content_id": "VOD00321233",
            "time_codes": [
              757000,
              1537000,
              2697000
            ],
            "timecode_duration": [],
            "length": 2850000,
            "asset_id": "vod64341-000176M001",
            "title": "",
            "subtitle": "第176集 威風拉吃到跑法院？台中、彰化俗擱大碗美食！撿便宜小隊出發！",
            "ep_number": 176,
            "rating": 1,
            "content_type": "show",
            "p_start": 1762131900000,
            "vod_channel_description": "「熱血48小時」跟著威風拉挑戰極限！上山下海熱血48小時。食尚威風拉三兄妹，用最熱血的方式來探索美食﹑發現秘境﹑深入在地路徑為主軸，帶領觀眾熱血玩到High！"
          },
          {
            "content_id": "VOD00321236",
            "time_codes": [
              859000,
              1580000,
              2560000
            ],
            "timecode_duration": [],
            "length": 2850000,
            "asset_id": "vod64341-000179M001",
            "title": "",
            "subtitle": "第179集 威風拉跨年也挑戰極限？台中彰化辣到嘴麻、巨無霸拉麵、燒啤桌邊秀 通通都NO.1啦！",
            "ep_number": 179,
            "rating": 1,
            "content_type": "show",
            "p_start": 1762134900000,
            "vod_channel_description": "「熱血48小時」跟著威風拉挑戰極限！上山下海熱血48小時。食尚威風拉三兄妹，用最熱血的方式來探索美食﹑發現秘境﹑深入在地路徑為主軸，帶領觀眾熱血玩到High！"
          },
          {
            "content_id": "VOD00323879",
            "time_codes": [
              1102000,
              1973000,
              2393000
            ],
            "timecode_duration": [],
            "length": 2850000,
            "asset_id": "vod64341-000181M001",
            "title": "",
            "subtitle": "第181集 不可能放過美食流量密碼欸！Dora吸「它」竟情不自禁發出聲音？台北、新北、桃園大搜查",
            "ep_number": 181,
            "rating": 1,
            "content_type": "show",
            "p_start": 1762137900000,
            "vod_channel_description": "「熱血48小時」跟著威風拉挑戰極限！上山下海熱血48小時。食尚威風拉三兄妹，用最熱血的方式來探索美食﹑發現秘境﹑深入在地路徑為主軸，帶領觀眾熱血玩到High！"
          },
          {
            "content_id": "VOD00323881",
            "time_codes": [
              955000,
              1587000,
              2641000
            ],
            "timecode_duration": [],
            "length": 2850000,
            "asset_id": "vod64341-000183M001",
            "title": "",
            "subtitle": "第183集 台南人都吃什麼？瀚文輸在起跑點任威風拉懲罰？！",
            "ep_number": 183,
            "rating": 1,
            "content_type": "show",
            "p_start": 1762140900000,
            "vod_channel_description": "「熱血48小時」跟著威風拉挑戰極限！上山下海熱血48小時。食尚威風拉三兄妹，用最熱血的方式來探索美食﹑發現秘境﹑深入在地路徑為主軸，帶領觀眾熱血玩到High！"
          },
          {
            "content_id": "VOD00339174",
            "time_codes": [
              782000,
              1633000,
              2629000
            ],
            "timecode_duration": [],
            "length": 2850000,
            "asset_id": "vod64341-000198M001",
            "title": "",
            "subtitle": "第198集 它值得爆紅一次！台灣之光 超搞剛美食！",
            "ep_number": 198,
            "rating": 1,
            "content_type": "show",
            "p_start": 1762143900000,
            "vod_channel_description": "本集就來蒐集台灣南北的超搞剛美食，要來讓威風拉鑑定，這些費時費工的美食是否能成為「台灣之光」？除了有1天1夜不眠不休才能完成的「稻穀燻羊肉」，還有集結6道工法、1個人也能吃的「極品東坡肉」，以及耗時3天、全台唯一的「油封鴨腿鐵板三明治」！究竟這些美食值不值得暴紅？快來評鑑看看吧！"
          },
          {
            "content_id": "VOD00339175",
            "time_codes": [
              735000,
              1474000,
              2649000
            ],
            "timecode_duration": [],
            "length": 2850000,
            "asset_id": "vod64341-000199M001",
            "title": "",
            "subtitle": "第199集 全實境拍攝！欸台中人！你們現在最流行吃什麼？！",
            "ep_number": 199,
            "rating": 1,
            "content_type": "show",
            "p_start": 1762146900000,
            "vod_channel_description": "這次我們根據網友及台中街頭民眾的意見，精選出了台中近期最流行的美食，包含充滿濃濃泰國風情、專賣泰式打拋料理的「打拋飯專門店」；排隊排到天荒地老、從紐約紅到台灣的「超具特色圓可頌」；滿滿日式風情、超正統的「多口味廣島燒」。一起來看看台中人現在都在流行吃什麼吧！"
          },
          {
            "content_id": "VOD00339176",
            "time_codes": [
              914000,
              1638000,
              2624000
            ],
            "timecode_duration": [],
            "length": 2848000,
            "asset_id": "vod64341-000200M001",
            "title": "",
            "subtitle": "第200集 夏天馬上就來！小琉球最炸夯點之胴體炸裂感謝祭！",
            "ep_number": 200,
            "rating": 1,
            "content_type": "show",
            "p_start": 1762149900000,
            "vod_channel_description": "《熱血48小時》200集啦！「2024小琉球最夯新玩法」——炸裂胴體感謝祭，威風拉將會穿著最性感的炸裂衣，把不一樣的小琉球玩法介紹給大家，不論是超好拍的「早午餐」、超特別的「創意醜冰」、超新開幕的「夢幻泳池酒吧」，還是在地人寶藏名單、2023年新開的「餐酒館」，保證讓你看到不一樣的小琉球！"
          },
          {
            "content_id": "VOD00339177",
            "time_codes": [
              941000,
              1653000,
              2675000
            ],
            "timecode_duration": [],
            "length": 2850000,
            "asset_id": "vod64341-000202M001",
            "title": "",
            "subtitle": "第202集 熱血四周年特別企劃！來去泰國清邁熱血！金幣搶奪大作戰！",
            "ep_number": 202,
            "rating": 1,
            "content_type": "show",
            "p_start": 1762152900000,
            "vod_channel_description": "《熱血48小時》的4週年特別企劃來囉！這次3位主持人接到了任務，要到清邁進行「威風拉金幣搶奪大作戰」，最終大獎將會是史上最高的4萬塊現金！在5天4夜的旅途中，每個挑戰完成，都能夠搶奪2~4枚不等的威風拉金幣，最終獲得的金幣越多，就會有更高的機率去搏取大獎，一場最刺激的冒險即將展開……。"
          },
          {
            "content_id": "VOD00339178",
            "time_codes": [
              922000,
              1499000,
              2527000
            ],
            "timecode_duration": [],
            "length": 2849000,
            "asset_id": "vod64341-000203M001",
            "title": "",
            "subtitle": "第203集 繼續勇闖泰國清邁！吃蟲挑戰超驚恐！不可能把Dora當大象吧！",
            "ep_number": 203,
            "rating": 1,
            "content_type": "show",
            "p_start": 1762155900000,
            "vod_channel_description": "《熱血48小時》的4週年特別企畫下集！這次3位主持人要來和萌度爆表的大象近距離接觸啦～還有高CP值泰式料理、氛圍感滿滿的餐酒館通通都要踩點啦！更多精采內容，記得持續鎖定《食尚玩家熱血48小時》！"
          },
          {
            "content_id": "VOD00339924",
            "time_codes": [
              855000,
              1510000,
              2616000
            ],
            "timecode_duration": [],
            "length": 2851000,
            "asset_id": "vod64341-000204M001",
            "title": "",
            "subtitle": "第204集 尋奇寶貝特搜雙北特奇美食！馬卡龍披薩、濕身酒吧、火山龍骨",
            "ep_number": 204,
            "rating": 1,
            "content_type": "show",
            "p_start": 1762158900000,
            "vod_channel_description": "為了尋找驚奇的美食、收服世間所有的「尋奇寶貝」，這次「好箭隊」將前進雙北，展開Amazing美食大特搜！除了有號稱「披薩界的LV」、耗費12小時的「炭火瓦罐煨湯」、隱藏在修車廠裡的「甜點店」、全台唯一會濕身的「酒吧」，更有沒預訂吃不到、海產店的隱藏菜單，大嗑「火山龍骨」爽度爆表！"
          },
          {
            "content_id": "VOD00340357",
            "time_codes": [
              788000,
              1553000,
              2627000
            ],
            "timecode_duration": [],
            "length": 2849000,
            "asset_id": "vod64341-000205M001",
            "title": "",
            "subtitle": "第205集 台中vs彰化！50年以上不死鳥美食大pk",
            "ep_number": 205,
            "rating": 1,
            "content_type": "show",
            "p_start": 1762161900000,
            "vod_channel_description": "台中及彰化，因為位於台灣中部，一直以來都是南來北往的人們必經之處，從古至今也匯集了許多傳統美食，但也因為一直推陳出新，美食店家不斷的汰舊換新，能夠生存超過50年以上的店家，我們可以尊稱它為「美食不死鳥」。這些店家將來個大比拚，看看是台中的老店家最有特色，還是彰化的老店家最美味～"
          },
          {
            "content_id": "VOD00341569",
            "time_codes": [
              906000,
              1597000,
              2703000
            ],
            "timecode_duration": [],
            "length": 2847000,
            "asset_id": "vod64341-000206M001",
            "title": "",
            "subtitle": "第206集 現在台北人流行吃什麼？首創羅勒鮮蚵湯包、10元超俗成都串串、臉紅心跳餐酒館",
            "ep_number": 206,
            "rating": 1,
            "content_type": "show",
            "p_start": 1762164900000,
            "vod_channel_description": "這次熱血團隊前進台北，蒐集了引領潮流的的當紅炸子雞美食，帶大家來看看台北現在到底在紅什麼？包含台灣首間、被紐約時報評選「最好吃炸雞」，AI教父也來過、台灣首創「羅勒鮮蚵湯包」，鮮肉歐巴桌邊服務、臉紅心跳「餐酒館」，人氣餐車開店、東區排隊「復古美式漢堡」！看看他們在夯什麼～"
          },
          {
            "content_id": "VOD00341570",
            "time_codes": [
              845000,
              1574000,
              2572000
            ],
            "timecode_duration": [],
            "length": 2851000,
            "asset_id": "vod64341-000207M001",
            "title": "",
            "subtitle": "第207集 威風當PD！宜蘭夏日消暑大作戰！",
            "ep_number": 207,
            "rating": 1,
            "content_type": "show",
            "p_start": 1762167900000,
            "vod_channel_description": "夏天日頭赤焱焱，一踏出門還沒玩到就滿身大汗？熱血團隊這次邀請到2位重量級製作人，為大家安排超涼快的宜蘭夏日消暑行程，更要來進行一場大PK！除了有「冰淇淋尬涼麵」、超刺激「南澳漂漂河」、CP值爆表「道地泰國街頭小吃」！今天你要跟著威廉PD，還是風田PD涼一夏呢？"
          },
          {
            "content_id": "VOD00341572",
            "time_codes": [
              807000,
              1547000,
              2616000
            ],
            "timecode_duration": [],
            "length": 2851000,
            "asset_id": "vod64341-000209M001",
            "title": "",
            "subtitle": "第209集 解鎖2024嘉南平原！威風拉帶你吃美食打卡地圖",
            "ep_number": 209,
            "rating": 1,
            "content_type": "show",
            "p_start": 1762170900000,
            "vod_channel_description": "2024爆紅打卡點大公開！這次威風拉將前進嘉義、台南，一一踩點2024最潮最IN的夯點，看看它們究竟在紅什麼？除了有台南早餐新風潮、獲得必比登推介的「米粿」，還有嘉義新開幕、超好拍「露營風咖哩專賣店」，也要吃台南最新排隊名店、全台首創「牛蛋牛肉湯」，更有沒預訂吃不到、一鴨四吃「創意川菜」！"
          },
          {
            "content_id": "VOD00345863",
            "time_codes": [
              772000,
              1534000,
              2582000
            ],
            "timecode_duration": [],
            "length": 2849000,
            "asset_id": "vod64341-000212M001",
            "title": "",
            "subtitle": "第212集 特搜台北、桃園、宜蘭美食！神仙組合+強強聯手？！",
            "ep_number": 212,
            "rating": 1,
            "content_type": "show",
            "p_start": 1762173900000,
            "vod_channel_description": "這集要來特搜「強強聯手——神仙組合美食美點」，來看看老闆們又新創了什麼超強組合，讓原本就很厲害的美食更上一層樓！包含超猛「脆皮豬拉麵搭超頂A5和牛丼飯」、整顆布丁丟到火鍋裡的「創意美食」、在最美的花店吃最超殺底片的「韓國冰酥」、最刺激的叢林高空探索尬「窯烤披薩」！"
          },
          {
            "content_id": "VOD00345864",
            "time_codes": [
              774000,
              1550000,
              2498000
            ],
            "timecode_duration": [],
            "length": 2850000,
            "asset_id": "vod64341-000213M001",
            "title": "",
            "subtitle": "第213集 騎腳踏車找美食！浮誇之都台中美食",
            "ep_number": 213,
            "rating": 1,
            "content_type": "show",
            "p_start": 1762176900000,
            "vod_channel_description": "台中浮誇系美食大集合！這集威風拉開吃有視覺、味覺雙重享受的「台式廟宇風餐酒館」，還有一手無法掌握的「超爆餡蔥抓餅」、一口塞不下的「浮誇爆量級壽司」，再爽嗑肉比飯多10層高的「牛排丼飯」，而且餐後還有限量的史上巨無霸布丁呢～最後更不能錯過「超人氣芒果舒芙蕾」，配料滿到看不見本體！"
          },
          {
            "content_id": "VOD00346534",
            "time_codes": [
              845000,
              1643000,
              2715000
            ],
            "timecode_duration": [],
            "length": 2824000,
            "asset_id": "vod64341-000214M001",
            "title": "",
            "subtitle": "第214集 明星好友巴士出發！風田跟曾莞婷現場開約？不可能出現棒棒堂合體！",
            "ep_number": 214,
            "rating": 1,
            "content_type": "show",
            "p_start": 1762179900000,
            "vod_channel_description": "明星光鮮亮麗外表下，竟然也有凡人的苦惱！這次熱血團隊邀請到大中小明星好友們，有超正女神曾莞婷、超胸男神楊奇煜、超大尺寸明星瀚文，來為他們客製化療癒行程！威風拉傾聽完明星們的煩惱憂愁後，啟動療癒專車帶他們去品嘗心中最治癒人心的美食，補充幸福正能量！"
          },
          {
            "content_id": "VOD00349516",
            "time_codes": [
              827000,
              1558000,
              2659000
            ],
            "timecode_duration": [],
            "length": 2825000,
            "asset_id": "vod64341-000216M001",
            "title": "",
            "subtitle": "第216集 熱血挑戰之特搜 屏東No.1美食美景",
            "ep_number": 216,
            "rating": 1,
            "content_type": "show",
            "p_start": 1762182900000,
            "vod_channel_description": "熱血特搜小隊要來解鎖屏東的「No.1美食」！除了有枋寮最新開幕、海景No.1全台唯一「韓式烤鰻魚」，還有豪邁吃肉No.1、傳說中的「銷魂牛排飯」，以及熱血No.1恆春「百年搶孤大賽」、俗擱大碗No.1「CP值爆表生魚片」，另外吸睛度No.1超好拍疊高高「刨冰」、人氣No.1超質感玻璃屋「新潮台菜」也別錯過啦～"
          },
          {
            "content_id": "VOD00349517",
            "time_codes": [
              787000,
              1633000,
              2641000
            ],
            "timecode_duration": [],
            "length": 2818000,
            "asset_id": "vod64341-000217M001",
            "title": "",
            "subtitle": "第217集 來去花蓮大撒幣 最漂亮的花蓮等著你！",
            "ep_number": 217,
            "rating": 1,
            "content_type": "show",
            "p_start": 1762185900000,
            "vod_channel_description": "經歷了地震、颱風的衝擊，台灣的後花園──花蓮的觀光難免受到影響，這次威風拉三兄妹就要來振興花蓮觀光～除了有花蓮必吃、坐擁百萬花東縱谷美景的「超強梅子雞」，另外，秒到南洋度假「超漂亮海景咖啡廳」、氛圍滿分「森林系咖啡廳」、每天開店3小時「秒殺飯糰」都不能錯過。"
          },
          {
            "content_id": "VOD00349518",
            "time_codes": [
              853000,
              1628000,
              2673000
            ],
            "timecode_duration": [],
            "length": 2824000,
            "asset_id": "vod64341-000218M001",
            "title": "",
            "subtitle": "第218集 一日三餐1000元！宜蘭、花蓮傳統小吃大PK",
            "ep_number": 218,
            "rating": 1,
            "content_type": "show",
            "p_start": 1762188900000,
            "vod_channel_description": "熱血最強系列——PK單元強勢來襲啦！這次要進行「宜蘭、花蓮傳統小吃大PK」，由PK常勝軍風田帶領花蓮，對決號稱宜蘭小王子的威廉，2人將各拿出便宜又好吃的美食來俘虜工作人員以及朵拉的胃！目前連敗未嘗勝績的威廉可不可以一雪前恥呢？最好看的PK單元一定要看起來啦～"
          },
          {
            "content_id": "VOD00349519",
            "time_codes": [
              796000,
              1566000,
              2544000
            ],
            "timecode_duration": [],
            "length": 2820000,
            "asset_id": "vod64341-000219M001",
            "title": "",
            "subtitle": "第219集 夥伴們冒險囉 尋找山城苗栗寶藏美食",
            "ep_number": 219,
            "rating": 1,
            "content_type": "show",
            "p_start": 1762191900000,
            "vod_channel_description": "苗栗山城是個美麗的地方，這次威風拉將化身「熱血山賊」，闖進大家熟知的苗栗山城尋找寶藏美食美景啦！除了有一早就開賣、2小時秒殺的「無名炸粿」，還要入住極致奢華、Chill爆的「超豪華露營區」，也要嘗嘗看創意無極限、「草仔粿尬紅豆餅」特別組合，以及全台唯一、傳承兩代好手藝的「獨門炸仙草」！"
          },
          {
            "content_id": "VOD00349520",
            "time_codes": [
              841000,
              1946000,
              2453000
            ],
            "timecode_duration": [],
            "length": 2850000,
            "asset_id": "vod64341-000220M001",
            "title": "",
            "subtitle": "第220集 老闆腦袋裝什麼？挑戰食客味蕾極限！新北、桃園美食之旅！",
            "ep_number": 220,
            "rating": 1,
            "content_type": "show",
            "p_start": 1762194900000,
            "vod_channel_description": "現代餐飲趨勢好看好吃是基本，還要有創意才夠新潮，這次威風拉三兄妹就要帶領大家吃爆新北、桃園的不可思議美食！包含全台首創「炸彈肉圓」，還有超浮誇「鹹酥雞店」，裡面竟然出現西餐等級的炸牛排、德式豬腳…… 等高級料理！趕快跟著三兄妹一起來看透老闆的創意巧思吧！"
          },
          {
            "content_id": "VOD00351446",
            "time_codes": [
              743000,
              1561000,
              2688000
            ],
            "timecode_duration": [],
            "length": 2849000,
            "asset_id": "vod64341-000221M001",
            "title": "",
            "subtitle": "第221集 特搜台中彰化南投！來一趟心臟爆擊、臉紅心跳的旅行！",
            "ep_number": 221,
            "rating": 1,
            "content_type": "show",
            "p_start": 1762197900000,
            "vod_channel_description": "眾所期待的熱血旅行團出團啦！這次導遊將化身噗通噗通小惡魔，帶威風拉前進中彰投，來一趟心臟爆擊、臉紅心跳的旅行～除了有一早給你滿滿精力的「海量蛤蜊擔仔麵」、貓咪咖啡廳裡的「巨無霸舒芙蕾」、人氣爆棚的「創意鐵板燒」、地表最兇「極辣拌麵」，以及「大人系餐酒館」～"
          },
          {
            "content_id": "VOD00351447",
            "time_codes": [
              830000,
              1674000,
              2538000
            ],
            "timecode_duration": [],
            "length": 2850000,
            "asset_id": "vod64341-000222M001",
            "title": "",
            "subtitle": "第222集 一開店就爆紅！嘉義美食新人王！",
            "ep_number": 222,
            "rating": 1,
            "content_type": "show",
            "p_start": 1762200900000,
            "vod_channel_description": "威風拉要來介紹嘉義最新好吃、好拍又好玩的打卡夯點啦！不但有低調奢華、限量超質感「混搭拌麵」，還有嘉義限定的「白醋尬豆乳雞舒芙蕾」，也要吃吃看在網路上爆紅、百年老屋裡的「日式炊飯」，以及韓國夫妻開店、絕對正宗的「韓式炸雞」，另外中西合併的「直火煙燻料理」也別錯過！"
          },
          {
            "content_id": "VOD00351448",
            "time_codes": [
              979000,
              1668000,
              2353000
            ],
            "timecode_duration": [],
            "length": 2850000,
            "asset_id": "vod64341-000223M001",
            "title": "",
            "subtitle": "第223集 全台首開箱鶯歌『龍鳳夜市』！特搜超新奇小吃美食攻略！",
            "ep_number": 223,
            "rating": 1,
            "content_type": "show",
            "p_start": 1762203900000,
            "vod_channel_description": "你知道新北市有全新夜市開張嗎？就是「鶯歌龍鳳夜市」，這家號稱全新北最大夜市，占地上千坪、攤販近百間，想知道龍鳳夜市該從何逛起、哪些攤位必吃不可以錯過嗎？今天《熱血48小時》就帶大家來開箱龍鳳夜市，這裡有超多新奇小吃美食，今天通通吃起來！"
          },
          {
            "content_id": "VOD00353175",
            "time_codes": [
              921000,
              1686000,
              2602000
            ],
            "timecode_duration": [],
            "length": 2850000,
            "asset_id": "vod64341-000224M001",
            "title": "",
            "subtitle": "第224集 熱血猜星數之花東高網評傳統小吃！",
            "ep_number": 224,
            "rating": 1,
            "content_type": "show",
            "p_start": 1762206900000,
            "vod_channel_description": "在網路時代，查看網路評價已成為吃美食前必做的功課之一，這次熱血團隊前進東台灣，特搜花蓮、台東6間網評4~5顆星的小吃！「剝皮辣椒尬油飯」、全台唯一「現沖牛肉湯麵」 、在地人推薦「隱藏版神級臭豆腐」、山西婆婆「超人氣麵館」、東台灣限定「混搭米蛋糕」，最後吃中西合併的「煙燻豆皮披薩」！"
          },
          {
            "content_id": "VOD00353176",
            "time_codes": [
              1006000,
              1850000,
              2385000
            ],
            "timecode_duration": [],
            "length": 2850000,
            "asset_id": "vod64341-000225M001",
            "title": "",
            "subtitle": "第225集 1000元能吃三餐？享受彰化美食饗宴",
            "ep_number": 225,
            "rating": 1,
            "content_type": "show",
            "p_start": 1762209900000,
            "vod_channel_description": "《熱血48小時》這次帶你吃爆彰化美食！包含CP值超高「浮誇系麵線」、全台首創「肉蛋飯糰」、元寶造型「雞蛋糕」、號稱平民版鼎泰豐的「神級湯包」，還有在地超過50年的「爌肉飯老字號」、只要220元就能吃到「超浮誇龍蝦鍋」！記得鎖定《熱血48小時》，千萬別錯過喔～"
          },
          {
            "content_id": "VOD00354153",
            "time_codes": [
              1010000,
              1629000,
              2681000
            ],
            "timecode_duration": [],
            "length": 2826000,
            "asset_id": "vod64341-000226M001",
            "title": "",
            "subtitle": "第226集 食尚四線聯合省錢！花蓮玉里大冒險！",
            "ep_number": 226,
            "rating": 1,
            "content_type": "show",
            "p_start": 1762212900000,
            "vod_channel_description": "《食尚玩家》4線特別企畫「省錢大作戰」的壓軸組來啦！這次撿便宜小隊前進花蓮玉里，帶大家花少少的錢吃美食！除了有蔡阿嘎推薦必打卡的「米糕尬火紅果醬」、玉里「最美麵店」、超俗「混搭燒餅」，還有隱藏山林間的「超Chill禪風民宿」～究竟勝利女神會站在哪一邊呢？"
          },
          {
            "content_id": "VOD00356754",
            "time_codes": [
              946000,
              1854000,
              2412000
            ],
            "timecode_duration": [],
            "length": 2759000,
            "asset_id": "vod64341-000227M001",
            "title": "",
            "subtitle": "第227集 俗擱大碗對決！台南高雄便宜解決",
            "ep_number": 227,
            "rating": 1,
            "content_type": "show",
            "p_start": 1762215900000,
            "vod_channel_description": "這次威風拉兄妹要挑戰在48小時內，比較南部2大美食之都——近年蓬勃發展的高雄美食PK南部霸主台南！包含超人氣秒殺級「中藥炸雞」、英國五星主廚的「超混搭蛋塔」、加料加到滿出來的超澎派「雞蛋仔」、史上最巨大「臉盆沙鍋魚頭」！"
          },
          {
            "content_id": "VOD00356755",
            "time_codes": [
              1020000,
              1616000,
              2491000
            ],
            "timecode_duration": [],
            "length": 2850000,
            "asset_id": "vod64341-000228M001",
            "title": "",
            "subtitle": "第228集 尋找街頭美食戰士！猜不透驚奇美食！",
            "ep_number": 228,
            "rating": 1,
            "content_type": "show",
            "p_start": 1762218900000,
            "vod_channel_description": "《熱血48小時》這次來挑戰高雄街頭的特色美食！首先是用牛大骨熬出來的「超鮮甜滿料牛雜湯」，再來是超有創意的「肉粽蛋餅」、香氣十足的「舒肥炙燒豬舌飯」，以及超級長的「美味熱狗堡」、讓人猜不透口味的「驚喜章魚燒」，最後還有主持人的口袋名單「人氣爆乳麵包」。"
          },
          {
            "content_id": "VOD00356756",
            "time_codes": [
              984000,
              1921000,
              2493000
            ],
            "timecode_duration": [],
            "length": 2832000,
            "asset_id": "vod64341-000231M001",
            "title": "",
            "subtitle": "第231集 爆吃16家美食！台清校園大PK！",
            "ep_number": 231,
            "rating": 1,
            "content_type": "show",
            "p_start": 1762221900000,
            "vod_channel_description": "這次《熱血48小時》要挑戰吃爆台清學霸商圈16家美食！威廉、風田、朵拉幫大家尋找了各種小吃、飲料、甜點，有台式、港式、泰式、馬來西亞風味，甚至居然還有埃及風味的食物！而且本集都會以學生作為出發點，所有的餐點都是俗擱大碗又好吃，快來跟我們一起探索台大與清大商圈，感受不一樣的美食旅程吧！"
          },
          {
            "content_id": "VOD00356757",
            "time_codes": [
              1202000,
              1974000,
              2513000
            ],
            "timecode_duration": [],
            "length": 2850000,
            "asset_id": "vod64341-000232M001",
            "title": "",
            "subtitle": "第232集 異國大軍壓境！開箱新竹後站夜市！",
            "ep_number": 232,
            "rating": 1,
            "content_type": "show",
            "p_start": 1762224900000,
            "vod_channel_description": "「新竹後站夜市」是許多新竹人的共同回憶，更被不少在地人認為是「新竹最強夜市」，而在經歷了重新開張之後，異國美食增加不少，成了北部知名的飲食文化聚落，包含超級脆皮的「章魚燒」、超大份「蒙古烤肉」，以及「熱炒薯條」等各式美食！"
          },
          {
            "content_id": "VOD00362202",
            "time_codes": [
              960000,
              1690000,
              2506000
            ],
            "timecode_duration": [],
            "length": 2850000,
            "asset_id": "vod64341-000233M001",
            "title": "",
            "subtitle": "第233集 雙北No.1走起！美食遊戲王吃起乃！",
            "ep_number": 233,
            "rating": 1,
            "content_type": "show",
            "p_start": 1762227900000,
            "vod_channel_description": "這次來尋找雙北的No.１美食！除了有冠軍拿到手軟的「台灣之光披薩」，還有訂位滿滿的「超搶手中式餐館」、令人少女心爆發的「超夢幻水果塔」！"
          },
          {
            "content_id": "VOD00362203",
            "time_codes": [
              1090000,
              1586000,
              2540000
            ],
            "timecode_duration": [],
            "length": 2850000,
            "asset_id": "vod64341-000234M001",
            "title": "",
            "subtitle": "第234集 雲嘉南最強發財廟！麻將神殿、棒打小人還能吃爆汁甕烤雞、Q彈圓仔湯",
            "ep_number": 234,
            "rating": 1,
            "content_type": "show",
            "p_start": 1762230900000,
            "vod_channel_description": "這次熱血團隊蒐集了雲林、嘉義、台南3間超靈驗的、超有特色的發財廟，除了有全台「第一間財神廟」、傳說中用麻將蓋的廟，更有全台唯一棒打小人的「隱藏版財神廟」，可都是超夯打卡景點！還有飄香超過一甲子的「老字號圓仔湯」、超澎派「脆皮甕烤雞」等一系列美食也不能錯過！"
          },
          {
            "content_id": "VOD00362204",
            "time_codes": [
              1102000,
              2035000,
              2661000
            ],
            "timecode_duration": [],
            "length": 2849000,
            "asset_id": "vod64341-000235M001",
            "title": "",
            "subtitle": "第235集 俗又大碗25元道地泰式船麵！霸氣痛風蛤蜊麵山、百元吃居酒屋炸雞",
            "ep_number": 235,
            "rating": 1,
            "content_type": "show",
            "p_start": 1762233900000,
            "vod_channel_description": "撿便宜小隊2025首集合！過完年口袋空空，想吃美食又怕傷了荷包？不用擔心，這次威風拉要來分享台北、桃園以及花蓮最俗的美食～包含超佛心的「超道地泰式船麵」、不用百元就能吃到的「CP值爆表義式披薩」、滿到蓋不起來的「炸雞塊滷肉飯」！"
          },
          {
            "content_id": "VOD00362205",
            "time_codes": [
              948000,
              1639000,
              2668000
            ],
            "timecode_duration": [],
            "length": 2850000,
            "asset_id": "vod64341-000236M001",
            "title": "",
            "subtitle": "第236集 北九州B級美食！999和牛壽司吃到飽！限定大阪燒、飛鏢餐酒館 義大利麵免費！",
            "ep_number": 236,
            "rating": 1,
            "content_type": "show",
            "p_start": 1762236900000,
            "vod_channel_description": "日本官方從2006年開始，每年會隆重舉辦一次「B級美食大賽」，而B級美食指的就是平價又好吃的大眾美食。這一次熱血小隊前進日本北九州，威風拉化身駐日街訪記者，隨機詢問當地人心目中最推薦的北九州B級美食，包含日幣999元的「和牛握壽司吃到飽」、創新日式「蛋白大阪燒」、巨無霸「浮誇厚切牛舌」！"
          },
          {
            "content_id": "VOD00373358",
            "time_codes": [
              925000,
              1642000,
              2608000
            ],
            "timecode_duration": [],
            "length": 2850000,
            "asset_id": "vod64341-000237M001",
            "title": "",
            "subtitle": "第237集 北九州醉鬆旅行團透早開喝！水族館甜點、浮誇吐司義大利麵、尚青最俗生魚片大餐！",
            "ep_number": 237,
            "rating": 1,
            "content_type": "show",
            "p_start": 1762239900000,
            "vod_channel_description": "北九州位於日本福岡縣的北端，這次《熱血48小時》要來帶著觀眾一起感受體驗不一樣日本北九州風情魅力！解鎖最傳統原始烤魚「日式居酒屋」，以及最夢幻、最少女的「水族館風格甜點店」，更要朝聖超有名的景點「小倉城」。"
          },
          {
            "content_id": "VOD00373359",
            "time_codes": [
              989000,
              1559000,
              2698000
            ],
            "timecode_duration": [],
            "length": 2850000,
            "asset_id": "vod64341-000238M001",
            "title": "",
            "subtitle": "第238集 吃爆東門市場｜10大驚奇美味！巨無霸豬排丼、最強伯爵布丁、草莓刨冰尬糖葫蘆！",
            "ep_number": 238,
            "rating": 1,
            "content_type": "show",
            "p_start": 1762242900000,
            "vod_channel_description": "新竹東門市場一直是新竹有名的美食據點之一，這次《食尚玩家熱血48小時》帶大家前進市場，實際開箱10家東門市場必吃美食，包含熱湯現沖的「牛肉河粉」、超豪華「澎派海鮮麵線」、號稱「新竹最強布丁」！"
          },
          {
            "content_id": "VOD00373360",
            "time_codes": [
              1072000,
              1708000,
              2562000
            ],
            "timecode_duration": [],
            "length": 2850000,
            "asset_id": "vod64341-000239M001",
            "title": "",
            "subtitle": "第239集 話題爭議美食炒話題or真好吃？！阿緯新開湘菜館、必比登豬腳、韓星也愛肉丸",
            "ep_number": 239,
            "rating": 1,
            "content_type": "show",
            "p_start": 1762245900000,
            "vod_channel_description": "這次《熱血48小時》要帶大家開吃超人氣的「話題美食」啦！包含韓國人氣實境節目最愛的「肉丸店」、台中連５年必比登推薦「神級豬腳」、台北超人氣蛋糕店！"
          },
          {
            "content_id": "VOD00373361",
            "time_codes": [
              1029000,
              1633000,
              2667000
            ],
            "timecode_duration": [],
            "length": 2850000,
            "asset_id": "vod64341-000240M001",
            "title": "",
            "subtitle": "第240集 特搜Amazing美食！大腸麵線味披薩、雞蛋糕包辣醬炒麵",
            "ep_number": 240,
            "rating": 1,
            "content_type": "show",
            "p_start": 1762248900000,
            "vod_channel_description": "這次《熱血48小時》要將雙北到台中的驚奇美食通通一網打盡！各式驚奇獨創小吃搭配包含「披薩尬上大腸麵線」「甜甜圈＋雞腿排組合」，還有「雞蛋糕包草莓大福」實在太讓人想嘗鮮了～"
          },
          {
            "content_id": "VOD00373362",
            "time_codes": [
              944000,
              1582000,
              2699000
            ],
            "timecode_duration": [],
            "length": 2849000,
            "asset_id": "vod64341-000241M001",
            "title": "",
            "subtitle": "第241集 台南感情增溫秘密美點！歐巴的爆餡乳酪貝果、森林中的泰式私廚？浪漫日式西餐",
            "ep_number": 241,
            "rating": 1,
            "content_type": "show",
            "p_start": 1762251900000,
            "vod_channel_description": "熱血小隊這次蒐集了台南6間網友激推的祕密餐廳，要來分享給大家啦！除了有森林中的「泰式私廚」，還有隱藏在傳統市場的「日西混搭料理」，更有超Chill「復古咖啡廳」、隱身巷弄的「百年老宅餐酒館」！最後更要體驗全台唯一「電療泥漿溫泉」，趕快跟著威風拉前進美食之都，來一場最浪漫的旅行吧！"
          },
          {
            "content_id": "VOD00373363",
            "time_codes": [
              916000,
              1544000,
              2492000
            ],
            "timecode_duration": [],
            "length": 2850000,
            "asset_id": "vod64341-000242M001",
            "title": "",
            "subtitle": "第242集 嘉義台南老闆怕你餓！料多大碗、脆皮蚵仔煎、臉盆砂鍋魚頭、爆餡肉夾饃",
            "ep_number": 242,
            "rating": 1,
            "content_type": "show",
            "p_start": 1762254900000,
            "vod_channel_description": "這次威風拉前往嘉南平原，來搜尋「料多大碗傳統小吃」啦！除了有大到用澡盆裝的「砂鍋魚頭」，還有一手無法掌握、餡料爆滿的「陝西小吃肉夾饃」，另外一秒變成蚵仔富翁的「脆皮蚵仔煎」、嘉義最美「豆花店」、料比湯多的「綜合豬血湯」、超人氣「浮誇木桶油雞飯」也都不能錯過～"
          },
          {
            "content_id": "VOD00373364",
            "time_codes": [
              896000,
              1520000,
              2746000
            ],
            "timecode_duration": [],
            "length": 2850000,
            "asset_id": "vod64341-000243M001",
            "title": "",
            "subtitle": "第243集 一日三餐1一千元高屏小吃大PK！奶酥吐司界的LV、料多湯飯冠軍、炙燒烤豆花",
            "ep_number": 243,
            "rating": 1,
            "content_type": "show",
            "p_start": 1762257900000,
            "vod_channel_description": "熱血最強系列火熱登場！這次我們要前進南台灣上演「一日三餐1000元 高雄 vs 屏東小吃大PK」。由不敗傳奇風田代表高雄，對決屏東瞭若指掌的威廉！究竟誰能用絕頂美味、超值小吃征服所有人的味蕾？風田能否保持無敵戰績，還是威廉能大翻盤、打破連敗魔咒？這場頂級對決，你絕對不想錯過！"
          },
          {
            "content_id": "VOD00373365",
            "time_codes": [
              952000,
              1623000,
              2715000
            ],
            "timecode_duration": [],
            "length": 2850000,
            "asset_id": "vod64341-000244M001",
            "title": "",
            "subtitle": "第244集 好吃好拍2025宜蘭打卡萌點！全台唯一泰迪羊、爆量4吋戚風蛋糕、燒烤尬越式河粉",
            "ep_number": 244,
            "rating": 1,
            "content_type": "show",
            "p_start": 1762260900000,
            "vod_channel_description": "2025宜蘭打卡萌點來啦～《熱血48小時》這次暢遊宜蘭超卡哇伊的美食景點，不只店家都超萌，威風拉一定也會讓你們萌得心花怒放！有超可愛文青路邊攤，竟賣「炒麵尬木瓜牛奶」；還有萌力爆表，全台唯一泰迪羊「動物餐廳」；以及被童玩圍繞，民宅裡的「戚風蛋糕」；更有隱藏在宮廟裡的「日式刨冰」！"
          },
          {
            "content_id": "VOD00373366",
            "time_codes": [
              1057000,
              1697000,
              2545000
            ],
            "timecode_duration": [],
            "length": 2850000,
            "asset_id": "vod64341-000245M001",
            "title": "",
            "subtitle": "第245集 高雄好吃又好玩吸睛旅行團！最新打卡地標！火車裡的麵包店、拔絲地瓜秀、超療癒嚕狗天堂",
            "ep_number": 245,
            "rating": 1,
            "content_type": "show",
            "p_start": 1762263900000,
            "vod_channel_description": "睽違已久的熱血旅行團即將啟程，這次導遊帶領威風拉前進高雄，不只好吃還更好玩啦！除了有桌邊最狂「拔絲地瓜」功夫秀，還要朝聖開在火車裡的「絕美麵包店」、嘗鮮高雄首創的「蜂巢蛋酥尬鍋燒麵」！"
          },
          {
            "content_id": "VOD00373367",
            "time_codes": [
              984000,
              1617000,
              2690000
            ],
            "timecode_duration": [],
            "length": 2849000,
            "asset_id": "vod64341-000246M001",
            "title": "",
            "subtitle": "第246集 台北銅板美食對決！飄香52年知高飯、濃郁系蝦仁飯、蘋果炸刈包、皮蛋尬白醋涼麵",
            "ep_number": 246,
            "rating": 1,
            "content_type": "show",
            "p_start": 1762266900000,
            "vod_channel_description": "想吃美食又怕傷荷包？不用怕，威風拉這次帶大家吃爆台北的銅板美食！包含開業超過50年的「炸蛋餅始祖」、70年老字號「滿料甜湯」、飄香52年的「巨無霸知高飯」！還有超狂的「皮蛋尬白醋涼麵」「中西合併爆餡刈包」、熬製8小時的「超搞剛蝦仁飯」也不能錯過！"
          },
          {
            "content_id": "VOD00373368",
            "time_codes": [
              1114000,
              1950000,
              2535000
            ],
            "timecode_duration": [],
            "length": 2850000,
            "asset_id": "vod64341-000247M001",
            "title": "",
            "subtitle": "第247集 中台灣海線小吃！脆皮千層甜甜圈、海線最強宵夜腿庫飯、黑蒜頭雞湯尬筒仔米糕",
            "ep_number": 247,
            "rating": 1,
            "content_type": "show",
            "p_start": 1762269900000,
            "vod_channel_description": "這次《熱血48小時》來吃爆台中、彰化美食！包含超高CP值的「爆量鴨肉飯」、結合法式烘焙技術的「酥皮甜甜圈」、台中海線「超夯宵夜腿庫飯」！"
          },
          {
            "content_id": "VOD00373369",
            "time_codes": [
              936000,
              1636000,
              2546000
            ],
            "timecode_duration": [],
            "length": 2850000,
            "asset_id": "vod64341-000248M001",
            "title": "",
            "subtitle": "第248集 心情不好想舒壓？！怒吃北台灣高熱量美食！爆餡韓式華夫餅、熔岩流沙奶黃西多士",
            "ep_number": 248,
            "rating": 1,
            "content_type": "show",
            "p_start": 1762272900000,
            "vod_channel_description": "主持人最害怕的系列——「高熱量美食旅行團」要出發啦～這次威風拉來挑戰6間超罪惡的餐廳！包含起司瀑布「深盤披薩」、超好拍韓式「爆餡華夫餅」，還有永和最強宵夜「比臉大炸雞排」，以及土石流熔岩「奶黃西多士」、忠貞市場超人氣「油條尬麻糬」，更有巨無霸「牛小排牛肉麵」！"
          },
          {
            "content_id": "VOD00373370",
            "time_codes": [
              958000,
              1602000,
              2645000
            ],
            "timecode_duration": [],
            "length": 2850000,
            "asset_id": "vod64341-000249M001",
            "title": "",
            "subtitle": "第249集 中部一位難求名店！台中一路吃到彰化！只賣2.5小時人氣飯糰、神級排隊湯包",
            "ep_number": 249,
            "rating": 1,
            "content_type": "show",
            "p_start": 1762275900000,
            "vod_channel_description": "排隊排到滿頭大汗、等待叫號站到腳底發麻，終於輪到你點餐時發現店家招牌已全數售完，一時之間吃飯的興致已完全消失。這次我們不搞特權、直接無藏私教導各位破解這些一位難求美食名店的技巧，本次共有6間餐廳攻略教學，現在就跟著威風拉一起出發，挑戰在最短時限內享用到美食吧！"
          },
          {
            "content_id": "VOD00374085",
            "time_codes": [
              972000,
              1534000,
              2700000
            ],
            "timecode_duration": [],
            "length": 2850000,
            "asset_id": "vod64341-000250M001",
            "title": "",
            "subtitle": "第250集 桃園新竹異國神廚PK大戰",
            "ep_number": 250,
            "rating": 1,
            "content_type": "show",
            "p_start": 1762278900000,
            "vod_channel_description": "想吃最道地的異國料理哪裡找？這次熱血團隊特搜桃園、新竹6間由異國老闆經營的店家！除了有泰國50年老字號「泰式腿庫飯」，還有隱藏台式簡餐店內、五六日限定的「阿拉伯烤雞」，更有全台最巨「馬鈴薯排骨湯」、神級「越南法國麵包」、沒有預訂吃不到的「德國豬腳」、一天限量2份的「巨無霸戰斧牛排」！"
          },
          {
            "content_id": "VOD00374086",
            "time_codes": [
              894000,
              1635000,
              2678000
            ],
            "timecode_duration": [],
            "length": 2850000,
            "asset_id": "vod64341-000251M001",
            "title": "",
            "subtitle": "第251集 特搜 北台灣神秘美食好吃驚！躲在車庫裡的爆汁漢堡排、隱身市場鐵鍋奶酒",
            "ep_number": 251,
            "rating": 1,
            "content_type": "show",
            "p_start": 1762281900000,
            "vod_channel_description": "出去玩總是只去觀光客才知道的美食、景點？這次《熱血48小時》化身偵探調查隊，帶大家特搜北台灣的超低調的隱藏版美食！無論是藏在巷弄裡、當地傳統市場、甚至闖入民宅，全部幫大家挖出來！除了有鐵門緊閉仍排隊、傳說中的「神之臭豆腐」，還有隱藏民宅車庫裡的「爆汁漢堡排」、東區「隱藏版川菜館」！"
          },
          {
            "content_id": "VOD00374087",
            "time_codes": [
              928000,
              1599000,
              2429000
            ],
            "timecode_duration": [],
            "length": 2850000,
            "asset_id": "vod64341-000252M001",
            "title": "",
            "subtitle": "第252集 特搜！國際巨星也愛吃！紅遍全球的台灣No.1美食！NCT WISH駕到！",
            "ep_number": 252,
            "rating": 1,
            "content_type": "show",
            "p_start": 1762284900000,
            "vod_channel_description": "什麼！連國際巨星來台灣都指定要吃的美食，你還不知道嗎？這一集拉風兄妹將化身「拉風特攻隊」，踩點這些紅到國外的美食！不論是連續7年「必比登推介小吃」、木村拓哉也朝聖的「超限量爆筋牛肉麵」、60年老字號「經典台菜」、台北最美「小籠包店」通通有！"
          },
          {
            "content_id": "VOD00374088",
            "time_codes": [
              943000,
              1593000,
              2737000
            ],
            "timecode_duration": [],
            "length": 2850000,
            "asset_id": "vod64341-000253M001",
            "title": "",
            "subtitle": "第253集 嘉義網路流量天花板美食 值得一吃嗎？",
            "ep_number": 253,
            "rating": 1,
            "content_type": "show",
            "p_start": 1762287900000,
            "vod_channel_description": "這些流量破百萬的超強美食，你還不知道嗎？這次特搜嘉義6間流量破表的爆紅美食景點，要讓拉風兄妹和阿喜來踩點！除了有爆餡的「提拉米蘇煎餃」、200元「烤蚵吃到飽」，還有「火雞肉飯」流量王者、全台唯一的「超萌賽鵝」、出爐即秒殺的「嘉義最強泡芙」，更有文化路夜市「超人氣三杯滷味」也不能錯過～"
          },
          {
            "content_id": "VOD00374089",
            "time_codes": [
              873000,
              1550000,
              2634000
            ],
            "timecode_duration": [],
            "length": 2850000,
            "asset_id": "vod64341-000254M001",
            "title": "",
            "subtitle": "第254集 從台北旺到嘉義！金好運旅行團 好運會成宮！好運會成宮",
            "ep_number": 254,
            "rating": 1,
            "content_type": "show",
            "p_start": 1762290900000,
            "vod_channel_description": "「熱血48小時」跟著威風拉挑戰極限！上山下海熱血48小時。食尚威風拉三兄妹，用最熱血的方式來探索美食﹑發現秘境﹑深入在地路徑為主軸，帶領觀眾熱血玩到High！"
          },
          {
            "content_id": "VOD00374090",
            "time_codes": [
              851000,
              1587000,
              2666000
            ],
            "timecode_duration": [],
            "length": 2850000,
            "asset_id": "vod64341-000255M001",
            "title": "",
            "subtitle": "第255集 彰化尋奇美食！特搜Amazing美食美景！控肉尬漢堡、滿滿香菜雪花冰",
            "ep_number": 255,
            "rating": 1,
            "content_type": "show",
            "p_start": 1762293900000,
            "vod_channel_description": "「熱血48小時」跟著威風拉挑戰極限！上山下海熱血48小時。食尚威風拉三兄妹，用最熱血的方式來探索美食﹑發現秘境﹑深入在地路徑為主軸，帶領觀眾熱血玩到High！"
          },
          {
            "content_id": "VOD00374091",
            "time_codes": [
              946000,
              1693000,
              2513000
            ],
            "timecode_duration": [],
            "length": 2850000,
            "asset_id": "vod64341-000256M001",
            "title": "",
            "subtitle": "第256集 馬尼拉Chill 爆！顏值爆表渡假之旅！",
            "ep_number": 256,
            "rating": 1,
            "content_type": "show",
            "p_start": 1762296900000,
            "vod_channel_description": "2天1夜，時間不多？沒關係，這趟馬尼拉快閃行程專為眼睛準備！這次就讓風田大哥，帶領朵拉以及麻由暢遊馬尼拉！不僅有在地人最愛，街邊「超巨大牛大骨湯」，還有超新開幕，爽吃創意「道地菲律賓餐」，還要朝聖絕美「海景度假村」，從房間到餐廳，打造最奢華的享受。"
          },
          {
            "content_id": "VOD00374092",
            "time_codes": [
              841000,
              1550000,
              2699000
            ],
            "timecode_duration": [],
            "length": 2850000,
            "asset_id": "vod64341-000257M001",
            "title": "",
            "subtitle": "第257集 雙北美食好吃驚！讓人一吃就愛上的話題店家！",
            "ep_number": 257,
            "rating": 1,
            "content_type": "show",
            "p_start": 1762299900000,
            "vod_channel_description": "想吃雙北在地美食卻不知道從哪下手？這次《食尚玩家熱血48小時》幫大家整理出6間風格各異、但都讓人一吃就愛上的話題店家！包含藏著老台北人回憶的「西餐傳奇」，還有口味超過50種的「板橋蛋餅王」、超狂的限定「冰磚冷麵」，快來看看風田、朵拉的用餐心得吧！"
          },
          {
            "content_id": "VOD00374093",
            "time_codes": [
              972000,
              1568000,
              2736000
            ],
            "timecode_duration": [],
            "length": 2850000,
            "asset_id": "vod64341-000258M001",
            "title": "",
            "subtitle": "第258集 夏日消暑大作戰 胴體炸裂綠島",
            "ep_number": 258,
            "rating": 1,
            "content_type": "show",
            "p_start": 1762302900000,
            "vod_channel_description": "睽違3年，主持人再次前進綠島，這次更迎來新夥伴——麻由，要來一起酮體炸裂，主持人將會穿著最Fashion、最Sexy的炸裂衣，來一趟超嗨的夏日之旅！不論是海景第一排、超好拍的「藍色日式刨冰」，或是「泡系雞白湯尬小卷米粉」、最新開幕「沙灘酒吧」、綠島最美「海鮮燉飯」通通都別錯過～"
          },
          {
            "content_id": "VOD00374094",
            "time_codes": [
              835000,
              1604000,
              2708000
            ],
            "timecode_duration": [],
            "length": 2850000,
            "asset_id": "vod64341-000259M001",
            "title": "",
            "subtitle": "第259集 花蓮、台東流行美食景點大洗牌",
            "ep_number": 259,
            "rating": 1,
            "content_type": "show",
            "p_start": 1762305900000,
            "vod_channel_description": "每到假期就想去花東鬆一下，但去的景點、吃的美食都一成不變？不用擔心，跟著《熱血48小時》一起來一場花東流行大洗牌！除了Google累積5000則評論的「花蓮最強咖哩」，還有CP值爆表的「牛骨牛肉麵」，更有出爐即秒殺的「超吸睛可頌」！"
          },
          {
            "content_id": "VOD00374095",
            "time_codes": [
              948000,
              1569000,
              2630000
            ],
            "timecode_duration": [],
            "length": 2850000,
            "asset_id": "vod64341-000260M001",
            "title": "",
            "subtitle": "第260集 台灣最強美食重鎮PK！台南 vs 高雄！誰才是你心中的NO.1？",
            "ep_number": 260,
            "rating": 1,
            "content_type": "show",
            "p_start": 1762308900000,
            "vod_channel_description": "「熱血團隊」歷經5年的熱血征戰，這次要來場史上最強PK——台南VS高雄，2大美食重鎮一決高下！上半場由台南率先出擊，開吃美容院改建的復古餐廳、藏著爆量餡料的「炸牡蠣三明治」；以及炒飯比賽亞軍得主、視覺超浮誇「小卷炒飯」；還有桌邊點火秀直接升級，讓你目睹「真正會燃燒」的東坡肉火焰秀！"
          },
          {
            "content_id": "VOD00374096",
            "time_codes": [
              863000,
              1526000,
              2695000
            ],
            "timecode_duration": [],
            "length": 2850000,
            "asset_id": "vod64341-000261M001",
            "title": "",
            "subtitle": "第261集 台灣最強美食重鎮PK！台南 vs 高雄！誰才是你心中的NO.1？",
            "ep_number": 261,
            "rating": 1,
            "content_type": "show",
            "p_start": 1762311900000,
            "vod_channel_description": "「熱血團隊」歷經5年的熱血征戰，這次要來場史上最強PK——台南VS高雄，2大美食重鎮一決高下！下半場來吃爆高雄！包含超好拍的台式老宅，裡頭竟然賣起「雞肉花朵甜甜圈」？接著開吃爆紅的「爆漿開心果可頌」、全台唯一鐵軌送餐的「鹽焗烏骨雞」餐廳、在地人激推的「古早味米糕」！"
          },
          {
            "content_id": "VOD00374097",
            "time_codes": [
              903000,
              1612000,
              2745000
            ],
            "timecode_duration": [],
            "length": 2849000,
            "asset_id": "vod64341-000262M001",
            "title": "",
            "subtitle": "第262集 2025最富里TOP3！跟著富翁吃美食！",
            "ep_number": 262,
            "rating": 1,
            "content_type": "show",
            "p_start": 1762314900000,
            "vod_channel_description": "財政部日前公布綜觀112年度全台所得排名前3名村里，分別是台北市松山區中華里（526.6萬元）、新竹市東區關新里（461.4萬元）、台北市士林區永福里（346萬元），這次主持人們就來開吃這些地方的美食！包含經典的「江浙菜餐館」、外酥內軟現烤「煙囪捲」、CNN推薦必吃的快閃４個月「冠軍牛肉麵」！"
          },
          {
            "content_id": "VOD00374098",
            "time_codes": [
              990000,
              1634000,
              2725000
            ],
            "timecode_duration": [],
            "length": 2850000,
            "asset_id": "vod64341-000263M001",
            "title": "",
            "subtitle": "第263集 特搜新竹桃園No.1！美食旅行團出發！吃遍在地最夯、最爆、最浮誇人氣美食",
            "ep_number": 263,
            "rating": 1,
            "content_type": "show",
            "p_start": 1762317900000,
            "vod_channel_description": "快來跟著《熱血48小時》，展開一場橫跨新竹與桃園的NO.1美食旅行團，吃遍在地最夯、最爆、最浮誇的人氣冠軍美食！這次包含一天只賣3小時、傳說中的「牛大骨牛肉麵」，還有超豪華「海鮮大拼盤」、超狂創意「乖乖榴槤披薩」，還要朝聖童話世界般的絕美空間「貓貓書屋」！"
          },
          {
            "content_id": "VOD00374099",
            "time_codes": [
              840000,
              1560000,
              2627000
            ],
            "timecode_duration": [],
            "length": 2850000,
            "asset_id": "vod64341-000264M001",
            "title": "",
            "subtitle": "第264集 實境拍攝雲林傳統小吃！400元能吃多飽！",
            "ep_number": 264,
            "rating": 1,
            "content_type": "show",
            "p_start": 1762320900000,
            "vod_channel_description": "這次《熱血48小時》全實境出擊，3人400元吃爆雲林經典小吃！各路神級美食包含創意滿分的「雞佛尬雞排」、140元就能享用超豐盛「肉骨茶大餐」，還有長達60公分、浮誇到不行的「巨無霸閃電泡芙」，雲林「滷肉飯季軍」、湯汁爆滿的「鴨血臭豆腐」也不能錯過～"
          },
          {
            "content_id": "VOD00374100",
            "time_codes": [
              976000,
              1541000,
              2622000
            ],
            "timecode_duration": [],
            "length": 2850000,
            "asset_id": "vod64341-000265M001",
            "title": "",
            "subtitle": "第265集 快閃九州！最夯溫泉童話小鎮湯布院！夏日限定最頂豐後牛！翻修世界遺產屋頂",
            "ep_number": 265,
            "rating": 1,
            "content_type": "show",
            "p_start": 1762323900000,
            "vod_channel_description": "《熱血48小時》這次來朝聖日本超夯的溫泉童話小鎮——九州湯布院！除了要和超可愛的貓頭鷹互動，還要開吃繽紛「冰淇淋水果銅鑼燒」、頂級「烤鰻魚」！\n"
          },
          {
            "content_id": "VOD00374101",
            "time_codes": [
              885000,
              1575000,
              2693000
            ],
            "timecode_duration": [],
            "length": 2850000,
            "asset_id": "vod64341-000266M001",
            "title": "",
            "subtitle": "第266集 台北旺到宜蘭！金好運美食旅行團！爆量香菜煎餃、鳳梨清燉牛肉麵、拜月老的餐酒館",
            "ep_number": 266,
            "rating": 1,
            "content_type": "show",
            "p_start": 1762326900000,
            "vod_channel_description": "《熱血48小時》帶你展開一場「金好運美食旅行團」，保證讓你吃得滿足、運氣滿分！這趟美食之旅，從台北超夯的「紫蘇葉福氣元寶煎餃」開場，一口咬下滿滿幸福；接著來到全台唯一「由月老坐鎮的餐酒館」，不只求桃花，還能當場解籤、轉運！再來是紅紅火火的「好運牛肉麵」，搭配炙燒火焰秀，好吃又好看！"
          },
          {
            "content_id": "VOD00374102",
            "time_codes": [
              917000,
              1497000,
              2558000
            ],
            "timecode_duration": [],
            "length": 2850000,
            "asset_id": "vod64341-000267M001",
            "title": "",
            "subtitle": "第267集 基隆九份一日美食約會你選誰？職人手藝CP值爆表丼飯、坐擁山城包棟民宿",
            "ep_number": 267,
            "rating": 1,
            "content_type": "show",
            "p_start": 1762329900000,
            "vod_channel_description": "這一次，《熱血48小時》帶你展開一場精彩的「山與海美食約會之旅」，從基隆的鮮味海港一路吃到九份的山城風光，海陸美食一次大滿足！"
          },
          {
            "content_id": "VOD00374103",
            "time_codes": [
              970000,
              1692000,
              2647000
            ],
            "timecode_duration": [],
            "length": 2850000,
            "asset_id": "vod64341-000268M001",
            "title": "",
            "subtitle": "第268集 台中特搜米其林遺珠！超難預約70年香酥鴨、36小時匠人牛肉麵、首創生魚片尬涼麵",
            "ep_number": 268,
            "rating": 1,
            "content_type": "show",
            "p_start": 1762332900000,
            "vod_channel_description": "《熱血48小時》特別為大家精選出台中地區的米其林遺珠美食！包括台中燒肉界的指標店家、主打30公分「超長厚切牛舌」；以36小時熬煮、融合20種中藥的濃郁湯頭，搭配帶骨牛小排的「極品牛肉麵」；還有位於高顏值咖啡廳內、展現無限創意的「精緻台菜」。"
          },
          {
            "content_id": "VOD00374104",
            "time_codes": [
              945000,
              1566000,
              2598000
            ],
            "timecode_duration": [],
            "length": 2850000,
            "asset_id": "vod64341-000269M001",
            "title": "",
            "subtitle": "第269集 花蓮48小時一人2200吃飽飽錢有找？！號稱最強碳烤鴨胸、花蓮人氣水果可頌",
            "ep_number": 269,
            "rating": 1,
            "content_type": "show",
            "p_start": 1762335900000,
            "vod_channel_description": "每次說到花蓮，大家是不是都覺得要花大錢才能玩得盡興？這次《熱血48小時》風田、朵拉跟巴鈺要組成「花吃小隊」前進花蓮，除了有300元就能吃到的「燻烤豬肋排」，還有開幕即爆紅的超人氣「滿滿新鮮水果可頌」，更有號稱全花蓮「最好吃鴨胸」，以及超特別「麻辣臭豆腐口味水煎包」也要吃！"
          }
        ],
        "total_length": 273146000,
        "focus_index": 88,
        "next_index": 89,
        "time": 1479361,
        "focus_program": {
          "content_id": "VOD00374097",
          "time_codes": [
            903000,
            1612000,
            2745000
          ],
          "timecode_duration": [],
          "length": 2849000,
          "asset_id": "vod64341-000262M001",
          "title": "",
          "subtitle": "第262集 2025最富里TOP3！跟著富翁吃美食！",
          "ep_number": 262,
          "rating": 1,
          "content_type": "show",
          "p_start": 1762314900000,
          "vod_channel_description": "財政部日前公布綜觀112年度全台所得排名前3名村里，分別是台北市松山區中華里（526.6萬元）、新竹市東區關新里（461.4萬元）、台北市士林區永福里（346萬元），這次主持人們就來開吃這些地方的美食！包含經典的「江浙菜餐館」、外酥內軟現烤「煙囪捲」、CNN推薦必吃的快閃４個月「冠軍牛肉麵」！"
        }
      },
      "station_categories": [
        {
          "Name": "綜藝",
          "EngName": "Entertainment",
          "MenuOrder": 8
        }
      ]
    },
    "introduction": {
      "image": "https://p-cdnstatic.svc.litv.tv/pics/vod_channel/logo_3558_ofiii228_mobile_20241202.png",
      "description": "成為「投資總監」是寧檬（譚松韻）的夢想。但她的上司陸既明（林更新）卻不認為寧檬會成功。於是寧檬下定決心離開陸既明，重新求職。經過種種阻礙，機緣下最終進入了鷹石投資，開始了她的晉升之路。其實陸既明一直關注着寧檬，在重要關頭還是會幫助她度過難關。",
      "href_maps": []
    },
    "recommends": [],
    "ua": "Mozilla/5.0 (Windows NT 10.0; Win64; x64) AppleWebKit/537.36 (KHTML, like Gecko) Chrome/91.0.4472.124 Safari/537.36"
  },
  "__N_SSP": true
}