{
  "pageProps": {
    "contentId": "ofiii47",
    "channel": {
      "title": "Yes娛樂",
      "no": 47,
      "charge_mode": "F",
      "content_id": "ofiii47",
      "content_type": "vod-channel",
      "epg_categories": [
        5
      ],
      "genres": [
        {
          "id": "",
          "name": "VOD_CHANNEL",
          "logo": ""
        }
      ],
      "liad_id": "VODCHNEWSPECIALOFIWEB",
      "package_info_id": "VOD_CHANNEL_DELUX",
      "picture": "pics/vod_channel/logo_ofiii47_tv_20230707.png",
      "provider": [
        {
          "id": "",
          "name": "",
          "logo": ""
        }
      ],
      "quality": "HD",
      "station_id": "station5877",
      "trial": "",
      "selectable": 1,
      "tr_logo": "pics/vod_channel/tr_logo_1688708906.png",
      "tl_logo": "",
      "br_logo": "",
      "bl_logo": "",
      "menu_type": 0,
      "vod_channel_schedule": {
        "channel_id": 47,
        "cdn_code": "ofiii47",
        "start_time": 1762958700000,
        "programs": [
          {
            "content_id": "VOD00383672",
            "time_codes": [],
            "timecode_duration": [],
            "length": 75000,
            "asset_id": "vod81413-000000M001",
            "title": "阿ken脫口說出「安心亞在洗澡」 Lulu嚇壞往後彈網友敲碗一起洗!",
            "subtitle": "",
            "ep_number": 0,
            "rating": 1,
            "content_type": "ent",
            "p_start": 1762958700000,
            "vod_channel_description": "阿Ken跟安心亞\r\n這對萬年緋聞情人\r\n在陳漢典跟Lulu之後\r\n大家都敲碗希望他們能在一起\r\n結果最近Lulu直播\r\n意外套出Ken哥跟心亞\r\n這個驚人大瓜XD\r\n大家都超級八卦!!!XDDDD"
          },
          {
            "content_id": "VOD00383671",
            "time_codes": [],
            "timecode_duration": [],
            "length": 116000,
            "asset_id": "vod81412-000000M001",
            "title": "馬伯騫聽趙露思新歌驚到嘴巴閉不起來！大愛黑化妹妹秒邀約：能跟我做一首歌嗎",
            "subtitle": "",
            "ep_number": 0,
            "rating": 1,
            "content_type": "ent",
            "p_start": 1762959000000,
            "vod_channel_description": "馬伯騫聽趙露思新歌驚到嘴巴閉不起來！大愛黑化妹妹秒邀約：能跟我做一首歌嗎"
          },
          {
            "content_id": "VOD00383668",
            "time_codes": [],
            "timecode_duration": [],
            "length": 77000,
            "asset_id": "vod81409-000000M001",
            "title": "《許我耀眼》又售後！闖入直播間帶貨 趙露思自嘲「沒新戲」陳偉霆超暖力挺：會有的",
            "subtitle": "",
            "ep_number": 0,
            "rating": 1,
            "content_type": "ent",
            "p_start": 1762959300000,
            "vod_channel_description": "《許我耀眼》又售後！闖入直播間帶貨\r\n趙露思自嘲「沒新戲」陳偉霆超暖力挺：會有的"
          },
          {
            "content_id": "VOD00383670",
            "time_codes": [],
            "timecode_duration": [],
            "length": 78000,
            "asset_id": "vod81411-000000M001",
            "title": "李光洙本色出演大明星男神？ 10年前被封「亞洲王子」嘴軟說不出口XD",
            "subtitle": "",
            "ep_number": 0,
            "rating": 1,
            "content_type": "ent",
            "p_start": 1762959600000,
            "vod_channel_description": "李光洙本色出演大明星男神？\r\n10年前被封「亞洲王子」嘴軟說不出口XD"
          },
          {
            "content_id": "VOD00383669",
            "time_codes": [],
            "timecode_duration": [],
            "length": 147000,
            "asset_id": "vod81410-000000M001",
            "title": "「監男F6」劉以豪控訴施名帥片場霸凌？！ 陳澤耀全裸「只黏大力膠」走光2次痛到哀嚎",
            "subtitle": "",
            "ep_number": 0,
            "rating": 1,
            "content_type": "ent",
            "p_start": 1762959900000,
            "vod_channel_description": "「監男F6」劉以豪控訴施名帥片場霸凌？！\r\n陳澤耀全裸「只黏大力膠」走光2次痛到哀嚎"
          },
          {
            "content_id": "VOD00383675",
            "time_codes": [],
            "timecode_duration": [],
            "length": 141000,
            "asset_id": "vod81416-000000M001",
            "title": "“F4”重組排除朱孝天推新歌巡演？朱孝天方回應：我們也不清楚什麼情況",
            "subtitle": "",
            "ep_number": 0,
            "rating": 1,
            "content_type": "ent",
            "p_start": 1762960200000,
            "vod_channel_description": "“F4”重組排除朱孝天推新歌巡演？朱孝天方回應：我們也不清楚什麼情況"
          },
          {
            "content_id": "VOD00383673",
            "time_codes": [],
            "timecode_duration": [],
            "length": 109000,
            "asset_id": "vod81414-000000M001",
            "title": "王子粿粿婚外情!結婚恩愛16年 黃國倫自爆不敢看寇乃馨iPad",
            "subtitle": "",
            "ep_number": 0,
            "rating": 1,
            "content_type": "ent",
            "p_start": 1762960500000,
            "vod_channel_description": "王子介入粿粿跟范姜婚姻\r\n事件還在延燒\r\n黃國倫跟寇乃馨結婚16年\r\n感情一直相當恩愛\r\n被問到這一題看的出來\r\n還是有點小情緒XD\r\n一開始還很大方...."
          },
          {
            "content_id": "VOD00383676",
            "time_codes": [],
            "timecode_duration": [],
            "length": 65000,
            "asset_id": "vod81417-000000M001",
            "title": "伊能靜跟唱恩利《情非得已》 母子台下積極互動淚點拉滿",
            "subtitle": "",
            "ep_number": 0,
            "rating": 1,
            "content_type": "ent",
            "p_start": 1762960800000,
            "vod_channel_description": "伊能靜跟唱恩利《情非得已》 母子台下積極互動淚點拉滿"
          },
          {
            "content_id": "VOD00383677",
            "time_codes": [],
            "timecode_duration": [],
            "length": 92000,
            "asset_id": "vod81418-000000M001",
            "title": "馬筱梅被曝疑似懷孕小腹隆起引猜測，全程護腹孕味十足",
            "subtitle": "",
            "ep_number": 0,
            "rating": 1,
            "content_type": "ent",
            "p_start": 1762961100000,
            "vod_channel_description": "馬筱梅被曝疑似懷孕小腹隆起引猜測，全程護腹孕味十足"
          },
          {
            "content_id": "VOD00383674",
            "time_codes": [],
            "timecode_duration": [],
            "length": 60000,
            "asset_id": "vod81415-000000M001",
            "title": "61歲關詠荷兌現二十年之約 白衣亮相狀態超好驚艷全網",
            "subtitle": "",
            "ep_number": 0,
            "rating": 1,
            "content_type": "ent",
            "p_start": 1762961400000,
            "vod_channel_description": "61歲關詠荷兌現二十年之約 白衣亮相狀態超好驚艷全網"
          },
          {
            "content_id": "VOD00383264",
            "time_codes": [],
            "timecode_duration": [],
            "length": 65000,
            "asset_id": "vod81391-000000M001",
            "title": "《繁花》聲明翻車官微緊急刪評 主演胡歌唐嫣辛芷蕾等全被牽連",
            "subtitle": "",
            "ep_number": 0,
            "rating": 1,
            "content_type": "ent",
            "p_start": 1762961700000,
            "vod_channel_description": "《繁花》聲明翻車官微緊急刪評 主演胡歌唐嫣辛芷蕾等全被牽連"
          },
          {
            "content_id": "VOD00383263",
            "time_codes": [],
            "timecode_duration": [],
            "length": 82000,
            "asset_id": "vod81390-000000M001",
            "title": "郭書瑤飛新加坡看F1激動淚崩！ 心疼車手壓力大 聽「年薪20億」一秒收回XD",
            "subtitle": "",
            "ep_number": 0,
            "rating": 1,
            "content_type": "ent",
            "p_start": 1762962000000,
            "vod_channel_description": "郭書瑤飛新加坡看F1激動淚崩！\r\n心疼車手壓力大 聽「年薪20億」一秒收回XD"
          },
          {
            "content_id": "VOD00383262",
            "time_codes": [],
            "timecode_duration": [],
            "length": 111000,
            "asset_id": "vod81389-000000M001",
            "title": "秋泳愚來台狂嗑11種美食！心虛笑了：吃太多 化身「台版校園男神」中文獻唱《那些年》超好聽",
            "subtitle": "",
            "ep_number": 0,
            "rating": 1,
            "content_type": "ent",
            "p_start": 1762962300000,
            "vod_channel_description": "秋泳愚來台狂嗑11種美食！心虛笑了：吃太多\r\n化身「台版校園男神」中文獻唱《那些年》超好聽"
          },
          {
            "content_id": "VOD00383261",
            "time_codes": [],
            "timecode_duration": [],
            "length": 139000,
            "asset_id": "vod81388-000000M001",
            "title": "【娛樂圈大事整理】粿粿劈腿王子親密照流出？ 黃明志驚爆吸毒涉嫌謀殺！薛仕凌自首逃兵",
            "subtitle": "",
            "ep_number": 0,
            "rating": 1,
            "content_type": "ent",
            "p_start": 1762962600000,
            "vod_channel_description": "【娛樂圈大事整理】粿粿劈腿王子親密照流出？\r\n黃明志驚爆吸毒涉嫌謀殺！薛仕凌自首逃兵"
          },
          {
            "content_id": "VOD00383265",
            "time_codes": [],
            "timecode_duration": [],
            "length": 59000,
            "asset_id": "vod81392-000000M001",
            "title": "蕭敬騰上海演唱會夢幻聯動 與鍾楚曦撞臉超像兄妹同臺",
            "subtitle": "",
            "ep_number": 0,
            "rating": 1,
            "content_type": "ent",
            "p_start": 1762962900000,
            "vod_channel_description": "蕭敬騰上海演唱會夢幻聯動 與鍾楚曦撞臉超像兄妹同臺"
          },
          {
            "content_id": "VOD00383269",
            "time_codes": [],
            "timecode_duration": [],
            "length": 65000,
            "asset_id": "vod81396-000000M001",
            "title": "鞏俐被偶遇雨中北海公園漫步 品嘗糖葫蘆盡享京味愜意時光",
            "subtitle": "",
            "ep_number": 0,
            "rating": 1,
            "content_type": "ent",
            "p_start": 1762963200000,
            "vod_channel_description": "鞏俐被偶遇雨中北海公園漫步 品嘗糖葫蘆盡享京味愜意時光"
          },
          {
            "content_id": "VOD00383266",
            "time_codes": [],
            "timecode_duration": [],
            "length": 63000,
            "asset_id": "vod81393-000000M001",
            "title": "謝霆鋒演唱會拿保溫杯引熱議 羞澀發問這樣搖不搖滾太有梗",
            "subtitle": "",
            "ep_number": 0,
            "rating": 1,
            "content_type": "ent",
            "p_start": 1762963500000,
            "vod_channel_description": "謝霆鋒演唱會拿保溫杯引熱議 羞澀發問這樣搖不搖滾太有梗"
          },
          {
            "content_id": "VOD00383268",
            "time_codes": [],
            "timecode_duration": [],
            "length": 64000,
            "asset_id": "vod81395-000000M001",
            "title": "那英和宋佳卡地亞晚宴驚喜合唱 「惡意」升key互動笑料驚艷全場",
            "subtitle": "",
            "ep_number": 0,
            "rating": 1,
            "content_type": "ent",
            "p_start": 1762963800000,
            "vod_channel_description": "那英和宋佳卡地亞晚宴驚喜合唱 「惡意」升key互動笑料驚艷全場"
          },
          {
            "content_id": "VOD00383267",
            "time_codes": [],
            "timecode_duration": [],
            "length": 123000,
            "asset_id": "vod81394-000000M001",
            "title": "辛芷蕾機場親切互動 邀粉絲寫“電子信”：“髮網上我能看見，我衝浪”",
            "subtitle": "",
            "ep_number": 0,
            "rating": 1,
            "content_type": "ent",
            "p_start": 1762964100000,
            "vod_channel_description": "辛芷蕾機場親切互動 邀粉絲寫“電子信”：“髮網上我能看見，我衝浪”"
          },
          {
            "content_id": "VOD00383186",
            "time_codes": [],
            "timecode_duration": [],
            "length": 67000,
            "asset_id": "vod81361-000000M001",
            "title": "吳亦凡入獄4年驚傳「絕食身亡」？ 剛過35歲生日！鐵粉高調慶生網傻眼",
            "subtitle": "",
            "ep_number": 0,
            "rating": 1,
            "content_type": "ent",
            "p_start": 1762964400000,
            "vod_channel_description": "吳亦凡入獄4年驚傳「絕食身亡」？\r\n剛過35歲生日！鐵粉高調慶生網傻眼"
          },
          {
            "content_id": "VOD00383189",
            "time_codes": [],
            "timecode_duration": [],
            "length": 143000,
            "asset_id": "vod81364-000000M001",
            "title": "趙露思重新出發！生日會驚喜官宣一大事 爆淚「以為沒法再當演員」台下哭一片",
            "subtitle": "",
            "ep_number": 0,
            "rating": 1,
            "content_type": "ent",
            "p_start": 1762964700000,
            "vod_channel_description": "趙露思重新出發！生日會驚喜官宣一大事 爆淚「以為沒法再當演員」台下哭一片"
          },
          {
            "content_id": "VOD00383187",
            "time_codes": [],
            "timecode_duration": [],
            "length": 82000,
            "asset_id": "vod81362-000000M001",
            "title": "明道合體張韶涵！《天國的嫁衣》最強售後 隔21年回憶殺 網友看傻：吃了防腐劑？",
            "subtitle": "",
            "ep_number": 0,
            "rating": 1,
            "content_type": "ent",
            "p_start": 1762965000000,
            "vod_channel_description": "明道合體張韶涵！《天國的嫁衣》最強售後\r\n隔21年回憶殺 網友看傻：吃了防腐劑？"
          },
          {
            "content_id": "VOD00383188",
            "time_codes": [],
            "timecode_duration": [],
            "length": 72000,
            "asset_id": "vod81363-000000M001",
            "title": "曾和王子傳緋聞！小薰回應「王粿不倫戀」 自稱「邊緣人」撇清：只和3人有聯絡",
            "subtitle": "",
            "ep_number": 0,
            "rating": 1,
            "content_type": "ent",
            "p_start": 1762965300000,
            "vod_channel_description": "曾和王子傳緋聞！小薰回應「王粿不倫戀」\r\n自稱「邊緣人」撇清：只和3人有聯絡"
          },
          {
            "content_id": "VOD00383185",
            "time_codes": [],
            "timecode_duration": [],
            "length": 61000,
            "asset_id": "vod81360-000000M001",
            "title": "蔣欣減肥露出「苦相」崩潰落淚 禮服穿不上身材焦慮怕被說醜",
            "subtitle": "",
            "ep_number": 0,
            "rating": 1,
            "content_type": "ent",
            "p_start": 1762965600000,
            "vod_channel_description": "蔣欣減肥露出「苦相」崩潰落淚 禮服穿不上身材焦慮怕被說醜"
          },
          {
            "content_id": "VOD00383184",
            "time_codes": [],
            "timecode_duration": [],
            "length": 63000,
            "asset_id": "vod81359-000000M001",
            "title": "潘瑋柏上海豪宅曝光和岳母同住 690平頂層復式房本寫老婆名字",
            "subtitle": "",
            "ep_number": 0,
            "rating": 1,
            "content_type": "ent",
            "p_start": 1762965900000,
            "vod_channel_description": "潘瑋柏上海豪宅曝光和岳母同住 690平頂層復式房本寫老婆名字"
          },
          {
            "content_id": "VOD00383183",
            "time_codes": [],
            "timecode_duration": [],
            "length": 65000,
            "asset_id": "vod81358-000000M001",
            "title": "歐陽妮妮帶老公首度亮相綜藝 全職當奶爸詮釋幸福婚姻真諦",
            "subtitle": "",
            "ep_number": 0,
            "rating": 1,
            "content_type": "ent",
            "p_start": 1762966200000,
            "vod_channel_description": "歐陽妮妮帶老公首度亮相綜藝 全職當奶爸詮釋幸福婚姻真諦"
          },
          {
            "content_id": "VOD00383182",
            "time_codes": [],
            "timecode_duration": [],
            "length": 61000,
            "asset_id": "vod81357-000000M001",
            "title": "吳彥祖時隔23年與妻子同框工作 微博發合照甜蜜互動引網友熱議",
            "subtitle": "",
            "ep_number": 0,
            "rating": 1,
            "content_type": "ent",
            "p_start": 1762966500000,
            "vod_channel_description": "吳彥祖時隔23年與妻子同框工作 微博發合照甜蜜互動引網友熱議"
          },
          {
            "content_id": "VOD00383181",
            "time_codes": [],
            "timecode_duration": [],
            "length": 64000,
            "asset_id": "vod81356-000000M001",
            "title": "向太李立群齊發聲開撕王家衛 王家衛陷入爭議漩渦尚未回應",
            "subtitle": "",
            "ep_number": 0,
            "rating": 1,
            "content_type": "ent",
            "p_start": 1762966800000,
            "vod_channel_description": "向太李立群齊發聲開撕王家衛 王家衛陷入爭議漩渦尚未回應"
          },
          {
            "content_id": "VOD00383180",
            "time_codes": [],
            "timecode_duration": [],
            "length": 55000,
            "asset_id": "vod81355-000000M001",
            "title": "劉若英自爆44歲艱難求子路 孕後放飛體重飆升了三十八斤",
            "subtitle": "",
            "ep_number": 0,
            "rating": 1,
            "content_type": "ent",
            "p_start": 1762967100000,
            "vod_channel_description": "劉若英自爆44歲艱難求子路 孕後放飛體重飆升了三十八斤"
          },
          {
            "content_id": "VOD00383179",
            "time_codes": [],
            "timecode_duration": [],
            "length": 196000,
            "asset_id": "vod81354-000000M001",
            "title": "顏正國好友都來了楊貴媚不捨摀臉哭了 李興文:很難過 鋼鐵爸下輩子「我還是你哥」",
            "subtitle": "",
            "ep_number": 0,
            "rating": 1,
            "content_type": "ent",
            "p_start": 1762967400000,
            "vod_channel_description": "顏正國人生謝幕 在兄弟們一同策畫下 8日為他舉辦告別式 這也是國哥這輩子的最後一場戲 圈內的好友合作過的夥伴 都來送他最後一程"
          },
          {
            "content_id": "VOD00383178",
            "time_codes": [],
            "timecode_duration": [],
            "length": 145000,
            "asset_id": "vod81353-000000M001",
            "title": "顏正國人生殺青！楊貴媚 魏德聖都來了 高捷率《角頭》送別：阿彌陀佛迴向給他",
            "subtitle": "",
            "ep_number": 0,
            "rating": 1,
            "content_type": "ent",
            "p_start": 1762967700000,
            "vod_channel_description": "顏正國人生殺青！楊貴媚 魏德聖都來了 高捷率《角頭》送別：阿彌陀佛迴向給他"
          },
          {
            "content_id": "VOD00383177",
            "time_codes": [],
            "timecode_duration": [],
            "length": 188000,
            "asset_id": "vod81352-000000M001",
            "title": "鋼鐵爸送顏正國最後一程！心痛：無法面對 「下週換辦媽媽告別式」李千娜台下哭崩",
            "subtitle": "",
            "ep_number": 0,
            "rating": 1,
            "content_type": "ent",
            "p_start": 1762968000000,
            "vod_channel_description": "鋼鐵爸送顏正國最後一程！心痛：無法面對 「下週換辦媽媽告別式」李千娜台下哭崩"
          },
          {
            "content_id": "VOD00383176",
            "time_codes": [],
            "timecode_duration": [],
            "length": 179000,
            "asset_id": "vod81351-000000M001",
            "title": "李千娜痛別顏正國「謝謝我的超級英雄」黃尚禾哽咽無法江湖再見...淚喊：國哥殺青了",
            "subtitle": "",
            "ep_number": 0,
            "rating": 1,
            "content_type": "ent",
            "p_start": 1762968300000,
            "vod_channel_description": "李千娜痛別顏正國「謝謝我的超級英雄」黃尚禾哽咽無法江湖再見...淚喊：國哥殺青了"
          },
          {
            "content_id": "VOD00383175",
            "time_codes": [],
            "timecode_duration": [],
            "length": 159000,
            "asset_id": "vod81350-000000M001",
            "title": "曾寶儀主持完金鐘「只想放假」拱爸再來《夜市王》 張啟樂迎愛女感動想哭！曝後悔一事：少賺10萬",
            "subtitle": "",
            "ep_number": 0,
            "rating": 1,
            "content_type": "ent",
            "p_start": 1762968600000,
            "vod_channel_description": "曾寶儀主持完金鐘「只想放假」拱爸再來《夜市王》 張啟樂迎愛女感動想哭！曝後悔一事：少賺10萬"
          },
          {
            "content_id": "VOD00383171",
            "time_codes": [],
            "timecode_duration": [],
            "length": 104000,
            "asset_id": "vod81346-000000M001",
            "title": "演員溫崢嶸遭AI盜播 沖進直播間質問反被拉黑",
            "subtitle": "",
            "ep_number": 0,
            "rating": 1,
            "content_type": "ent",
            "p_start": 1762968900000,
            "vod_channel_description": "演員溫崢嶸遭AI盜播 沖進直播間質問反被拉黑"
          }
        ],
        "total_length": 3435000,
        "focus_index": 0,
        "next_index": 1,
        "time": 33240,
        "focus_program": {
          "content_id": "VOD00383672",
          "time_codes": [],
          "timecode_duration": [],
          "length": 75000,
          "asset_id": "vod81413-000000M001",
          "title": "阿ken脫口說出「安心亞在洗澡」 Lulu嚇壞往後彈網友敲碗一起洗!",
          "subtitle": "",
          "ep_number": 0,
          "rating": 1,
          "content_type": "ent",
          "p_start": 1762958700000,
          "vod_channel_description": "阿Ken跟安心亞\r\n這對萬年緋聞情人\r\n在陳漢典跟Lulu之後\r\n大家都敲碗希望他們能在一起\r\n結果最近Lulu直播\r\n意外套出Ken哥跟心亞\r\n這個驚人大瓜XD\r\n大家都超級八卦!!!XDDDD"
        }
      },
      "station_categories": [
        {
          "Name": "新聞‧財經",
          "EngName": "News & Finance",
          "MenuOrder": 3
        }
      ]
    },
    "introduction": {
      "image": "https://p-cdnstatic.svc.litv.tv/pics/vod_channel/logo_ofiii47_mobile_20230707.png",
      "description": "從粉絲的角度出發，提供全華人娛樂圈的動態新聞。 讓您追星不用出門、八卦不用狗仔、看劇不用電視機，輕輕鬆鬆就能成為娛樂達人。 只要10分鐘，讓你看完娛樂大小事！",
      "href_maps": []
    },
    "recommends": [],
    "ua": "Mozilla/5.0 (Windows NT 10.0; Win64; x64) AppleWebKit/537.36 (KHTML, like Gecko) Chrome/134.0.0.0 Safari/537.36"
  },
  "__N_SSP": true
}