{
  "pageProps": {
    "contentId": "ofiii208",
    "channel": {
      "title": "國民大會",
      "no": 208,
      "charge_mode": "F",
      "content_id": "ofiii208",
      "content_type": "vod-channel",
      "epg_categories": [
        5
      ],
      "genres": [
        {
          "id": "",
          "name": "VOD_CHANNEL",
          "logo": ""
        }
      ],
      "liad_id": "VODCHNEWOFIWEB",
      "package_info_id": "VOD_CHANNEL_DELUX",
      "picture": "pics/vod_channel/logo_3573_ofiii208_tv_20250221.png",
      "provider": [
        {
          "id": "",
          "name": "TVBS 純拆",
          "logo": ""
        }
      ],
      "quality": "HD",
      "station_id": "station6507",
      "trial": "",
      "selectable": 1,
      "tr_logo": "pics/vod_channel/tr_logo_1733898729.png",
      "tl_logo": "",
      "br_logo": "",
      "bl_logo": "",
      "menu_type": 0,
      "vod_channel_schedule": {
        "channel_id": 208,
        "cdn_code": "ofiii208",
        "start_time": 1763113800000,
        "programs": [
          {
            "content_id": "VOD00379901",
            "time_codes": [
              1967000,
              2413000,
              2696000
            ],
            "timecode_duration": [],
            "length": 2887000,
            "asset_id": "vod38695-000766M001",
            "title": "",
            "subtitle": "豬隻禁宰運若改15天小民完蛋？王大陸耍笨免疫BMI35變45！北士科大戰北市府贏了！新台幣紙鈔改版偷去蔣？",
            "ep_number": 766,
            "rating": 1,
            "content_type": "show",
            "p_start": 1763113800000,
            "vod_channel_description": "《國民大會》針對熱點時事話題，以全新的視野、不同的角度，更犀利、更不設限、更深入問題核心，挖掘背後的故事，開啟觀眾新識力。"
          },
          {
            "content_id": "VOD00379902",
            "time_codes": [
              1947000,
              2363000,
              2690000
            ],
            "timecode_duration": [],
            "length": 2890000,
            "asset_id": "vod38695-000767M001",
            "title": "",
            "subtitle": "普發登記最快11/12入帳！非洲豬瘟綠打盧秀燕！柯志恩看板光復節上架！光電浸泡水安心喝？",
            "ep_number": 767,
            "rating": 1,
            "content_type": "show",
            "p_start": 1763116800000,
            "vod_channel_description": "《國民大會》針對熱點時事話題，以全新的視野、不同的角度，更犀利、更不設限、更深入問題核心，挖掘背後的故事，開啟觀眾新識力。"
          },
          {
            "content_id": "VOD00379903",
            "time_codes": [
              1970000,
              2509000,
              2814000
            ],
            "timecode_duration": [],
            "length": 2892000,
            "asset_id": "vod38695-000768M001",
            "title": "",
            "subtitle": "豬肉禁運宰延10天！台中豬瘟藥商變獸醫！國民黨太窮讓連勝文售12年愛車！綠2026恐剩屏東！",
            "ep_number": 768,
            "rating": 1,
            "content_type": "show",
            "p_start": 1763119800000,
            "vod_channel_description": "《國民大會》針對熱點時事話題，以全新的視野、不同的角度，更犀利、更不設限、更深入問題核心，挖掘背後的故事，開啟觀眾新識力。"
          },
          {
            "content_id": "VOD00379904",
            "time_codes": [
              1940000,
              2414000,
              2733000
            ],
            "timecode_duration": [],
            "length": 2892000,
            "asset_id": "vod38695-000769M001",
            "title": "",
            "subtitle": "詭！賴清德拜廟揭匾又被紅布蓋！邱議瑩掌摑判拘役10天！黃國昌被嗆狗仔頭！KK園區千人大逃亡！",
            "ep_number": 769,
            "rating": 1,
            "content_type": "show",
            "p_start": 1763122800000,
            "vod_channel_description": "《國民大會》針對熱點時事話題，以全新的視野、不同的角度，更犀利、更不設限、更深入問題核心，挖掘背後的故事，開啟觀眾新識力。"
          },
          {
            "content_id": "VOD00379905",
            "time_codes": [
              1999000,
              2500000,
              2742000
            ],
            "timecode_duration": [],
            "length": 2892000,
            "asset_id": "vod38695-000770M001",
            "title": "",
            "subtitle": "豬瘟政院追究淘寶.拚多多！蔣守住輝達確定落腳T17.T18！鄭文燦愛將涉貪8萬交保！美濃峽谷石麗君丈夫喝農藥拒捕！",
            "ep_number": 770,
            "rating": 1,
            "content_type": "show",
            "p_start": 1763125800000,
            "vod_channel_description": "《國民大會》針對熱點時事話題，以全新的視野、不同的角度，更犀利、更不設限、更深入問題核心，挖掘背後的故事，開啟觀眾新識力。"
          },
          {
            "content_id": "VOD00382360",
            "time_codes": [
              1714000,
              2342000,
              2659000
            ],
            "timecode_duration": [],
            "length": 2885000,
            "asset_id": "vod38695-000771M001",
            "title": "",
            "subtitle": "綠內鬨！林佳龍挺林岱樺！柯文哲要出書！2026新北藍選將！黃國昌邀習近平吃雞排！川習會沒談台灣！",
            "ep_number": 771,
            "rating": 1,
            "content_type": "show",
            "p_start": 1763128800000,
            "vod_channel_description": "《國民大會》針對熱點時事話題，以全新的視野、不同的角度，更犀利、更不設限、更深入問題核心，挖掘背後的故事，開啟觀眾新識力。"
          },
          {
            "content_id": "VOD00382362",
            "time_codes": [
              1897000,
              2382000,
              2651000
            ],
            "timecode_duration": [],
            "length": 2890000,
            "asset_id": "vod38695-000772M001",
            "title": "",
            "subtitle": "綠北市不要怡農要世堅？卓冠廷挺林岱樺被逼道歉？禁宰豬太多又要國軍吃！黃仁勳炸雞外交引爆南韓！",
            "ep_number": 772,
            "rating": 1,
            "content_type": "show",
            "p_start": 1763131800000,
            "vod_channel_description": "《國民大會》針對熱點時事話題，以全新的視野、不同的角度，更犀利、更不設限、更深入問題核心，挖掘背後的故事，開啟觀眾新識力。"
          },
          {
            "content_id": "VOD00382364",
            "time_codes": [
              1939000,
              2444000,
              2712000
            ],
            "timecode_duration": [],
            "length": 2891000,
            "asset_id": "vod38695-000773M001",
            "title": "",
            "subtitle": "吳音寧空降台肥董座爽領年薪1500萬！林岱樺造勢綠分裂！鄭麗文就職演說馬英九爆哭！台宴請美官員無人出席？",
            "ep_number": 773,
            "rating": 1,
            "content_type": "show",
            "p_start": 1763134800000,
            "vod_channel_description": "《國民大會》針對熱點時事話題，以全新的視野、不同的角度，更犀利、更不設限、更深入問題核心，挖掘背後的故事，開啟觀眾新識力。"
          },
          {
            "content_id": "VOD00382366",
            "time_codes": [
              1966000,
              2477000,
              2692000
            ],
            "timecode_duration": [],
            "length": 2893000,
            "asset_id": "vod38695-000774M001",
            "title": "",
            "subtitle": "準鳳凰威力挑戰強颱！馬郁雯獲段宜康力挺！台肥董座吳音寧落馬但任董事！非洲豬瘟豬農父子羈押禁見！",
            "ep_number": 774,
            "rating": 1,
            "content_type": "show",
            "p_start": 1763137800000,
            "vod_channel_description": "《國民大會》針對熱點時事話題，以全新的視野、不同的角度，更犀利、更不設限、更深入問題核心，挖掘背後的故事，開啟觀眾新識力。"
          },
          {
            "content_id": "VOD00382368",
            "time_codes": [
              1968000,
              2455000,
              2738000
            ],
            "timecode_duration": [],
            "length": 2891000,
            "asset_id": "vod38695-000775M001",
            "title": "",
            "subtitle": "普發1萬綠割稻尾！高嘉瑜罵地瓜選港湖起手式！李四川選新北有望！太子集團助理露齒燦笑15萬交保！",
            "ep_number": 775,
            "rating": 1,
            "content_type": "show",
            "p_start": 1763140800000,
            "vod_channel_description": "《國民大會》針對熱點時事話題，以全新的視野、不同的角度，更犀利、更不設限、更深入問題核心，挖掘背後的故事，開啟觀眾新識力。"
          }
        ],
        "total_length": 28903000,
        "focus_index": 7,
        "next_index": 8,
        "time": 2838724,
        "focus_program": {
          "content_id": "VOD00382364",
          "time_codes": [
            1939000,
            2444000,
            2712000
          ],
          "timecode_duration": [],
          "length": 2891000,
          "asset_id": "vod38695-000773M001",
          "title": "",
          "subtitle": "吳音寧空降台肥董座爽領年薪1500萬！林岱樺造勢綠分裂！鄭麗文就職演說馬英九爆哭！台宴請美官員無人出席？",
          "ep_number": 773,
          "rating": 1,
          "content_type": "show",
          "p_start": 1763134800000,
          "vod_channel_description": "《國民大會》針對熱點時事話題，以全新的視野、不同的角度，更犀利、更不設限、更深入問題核心，挖掘背後的故事，開啟觀眾新識力。"
        }
      },
      "station_categories": [
        {
          "Name": "新聞‧財經",
          "EngName": "News & Finance",
          "MenuOrder": 3
        }
      ]
    },
    "introduction": {
      "image": "https://p-cdnstatic.svc.litv.tv/pics/vod_channel/logo_3573_ofiii208_mobile_20241211.png",
      "description": "",
      "href_maps": []
    },
    "recommends": [],
    "ua": "Mozilla/5.0 (Windows NT 10.0; Win64; x64) AppleWebKit/537.36 (KHTML, like Gecko) Chrome/134.0.0.0 Safari/537.36"
  },
  "__N_SSP": true
}