{
  "pageProps": {
    "contentId": "ofiii115",
    "channel": {
      "title": "私藏浪漫",
      "no": 115,
      "charge_mode": "F",
      "content_id": "ofiii115",
      "content_type": "vod-channel",
      "epg_categories": [
        4
      ],
      "genres": [
        {
          "id": "",
          "name": "VOD_CHANNEL",
          "logo": ""
        }
      ],
      "liad_id": "VODCHNEWOFIWEB",
      "package_info_id": "VOD_CHANNEL_DELUX",
      "picture": "pics/vod_channel/logo_3444_ofiii115_tv_20250221.png",
      "provider": [
        {
          "id": "",
          "name": "世詮_2倍",
          "logo": ""
        }
      ],
      "quality": "HD",
      "station_id": "station6378",
      "trial": "",
      "selectable": 1,
      "tr_logo": "pics/vod_channel/tr_logo_1725594362.png",
      "tl_logo": "",
      "br_logo": "",
      "bl_logo": "",
      "menu_type": 1,
      "vod_channel_schedule": {
        "channel_id": 115,
        "cdn_code": "ofiii115",
        "start_time": 1762167501000,
        "programs": [
          {
            "content_id": "VOD00339492",
            "time_codes": [
              692000,
              1454000,
              2161000
            ],
            "timecode_duration": [],
            "length": 2773000,
            "asset_id": "vod72736-000001M001",
            "title": "",
            "subtitle": "第1集",
            "ep_number": 1,
            "rating": 1,
            "content_type": "drama",
            "p_start": 1740101400000,
            "vod_channel_description": "27歲的涂筱檸是代瑞銀行的派遣員工，尋求轉正機會的同時，也積極相親。這天她接到同學婚前派對的邀約，在派對上被前男友陸思靖當眾請求再續前緣。尷尬時刻，紀昱恒出現解圍並送她回家，涂筱檸感謝紀昱恒的幫忙，紀昱恒卻順勢提出，涂筱檸如果希望有一段穩定的婚姻關係，或許可以和他結婚..."
          },
          {
            "content_id": "VOD00339493",
            "time_codes": [
              683000,
              1392000,
              2178000
            ],
            "timecode_duration": [],
            "length": 2864000,
            "asset_id": "vod72736-000002M001",
            "title": "",
            "subtitle": "第2集",
            "ep_number": 2,
            "rating": 1,
            "content_type": "drama",
            "p_start": 1740104400000,
            "vod_channel_description": "涂筱檸被饒靜叫到會議室，得知自己幫同事周凱做的大額銀承貼現有問題，周凱勾結票販攜款潛逃，涂筱檸作為第二經辦人，攤上了大麻煩。同事們紛紛可憐涂筱檸成背鍋俠，涂筱檸想到自己近來的種種遭遇，陷入了頹喪的情緒中。萬念俱灰之時，紀昱恒用激將法給了涂筱檸信心，涂筱檸決定努力為自己討公道。"
          },
          {
            "content_id": "VOD00339494",
            "time_codes": [
              685000,
              1390000,
              2112000
            ],
            "timecode_duration": [],
            "length": 2815000,
            "asset_id": "vod72736-000003M001",
            "title": "",
            "subtitle": "第3集",
            "ep_number": 3,
            "rating": 1,
            "content_type": "drama",
            "p_start": 1740107400000,
            "vod_channel_description": "涂筱檸和紀昱恒以認真的心態面對結婚，求得了涂筱檸父母的同意。次日兩人去拍照登記領證，但沒能趕在民政局下班前辦完手續，約定下周再找時間領證。飯局上，涂筱檸和饒靜默契配合，成功簽下合同，涂筱檸不忍饒靜幫自己擋酒，最終把自己喝倒。次日，涂筱檸在紀昱恒家醒來，看到紀昱恒留下的字條說這是兩人共同的家，心情微妙。"
          },
          {
            "content_id": "VOD00339495",
            "time_codes": [
              689000,
              1417000,
              2129000
            ],
            "timecode_duration": [],
            "length": 2769000,
            "asset_id": "vod72736-000004M001",
            "title": "",
            "subtitle": "第4集",
            "ep_number": 4,
            "rating": 1,
            "content_type": "drama",
            "p_start": 1740110400000,
            "vod_channel_description": "兩人一同上班，約定下午再去領證，誰知部門同事們都在議論拓展一部新經理的職位已經定了，而前來和行長見面的正是紀昱恒！涂筱檸看到拓展二部的同事因辦公室戀情被辭退，想到自己和紀昱恒的關係，愈發忐忑不安。在深思熟慮一番後跟紀昱恒提出簽訂對賭協議，在一年的時間內以結婚為前提相處，辦公室隱戀的同時各自制訂工作目標，誰完不成就從拓展一部主動離開。"
          },
          {
            "content_id": "VOD00339496",
            "time_codes": [
              741000,
              1499000,
              2192000
            ],
            "timecode_duration": [],
            "length": 2753000,
            "asset_id": "vod72736-000005M001",
            "title": "",
            "subtitle": "第5集",
            "ep_number": 5,
            "rating": 1,
            "content_type": "drama",
            "p_start": 1740113400000,
            "vod_channel_description": "曾向代瑞銀行申請相親貸的客戶小高持刀而來，威脅眾人免除他的貸款。涂筱檸挺身而出與之周旋，千鈞一髮之際紀昱恒護住涂筱檸，擋刀受傷。眾人連忙送紀昱恒去醫院，涂筱檸擔心不已，卻不敢暴露和紀昱恒的關係。晚上回到家，發現紀昱恒正要洗澡，他胳膊受傷不方便，請涂筱檸幫他脫衣，氣氛從微妙變得曖昧時，涂筱檸藉口要出門健身、落荒而逃，"
          },
          {
            "content_id": "VOD00339497",
            "time_codes": [
              682000,
              1402000,
              2128000
            ],
            "timecode_duration": [],
            "length": 2842000,
            "asset_id": "vod72736-000006M001",
            "title": "",
            "subtitle": "第6集",
            "ep_number": 6,
            "rating": 1,
            "content_type": "drama",
            "p_start": 1740116400000,
            "vod_channel_description": "饒靜和趙方剛議論辦公室新來的同事，涂筱檸認出這位新來的行長司機正是老相識齊郁。兩人在樓梯間敘舊，被趙方剛等人誤會辦公室戀情，被經過的紀昱恒聽了個正著。涂筱檸在天臺上幫紀昱恒換藥，告訴他齊郁是淩惟依的前男友。趙方剛帶涂筱檸跑園區，教她怎麼從保安等人處套取資訊，讓涂筱檸受益匪淺，兩人關係拉近不少。"
          },
          {
            "content_id": "VOD00339498",
            "time_codes": [
              696000,
              1487000,
              2157000
            ],
            "timecode_duration": [],
            "length": 2759000,
            "asset_id": "vod72736-000007M001",
            "title": "",
            "subtitle": "第7集",
            "ep_number": 7,
            "rating": 1,
            "content_type": "drama",
            "p_start": 1740119400000,
            "vod_channel_description": "在父母的勸說下，涂筱檸決定再和紀昱恒試試，還帶走了家裡的魚。回去後，紀昱恒幫涂筱檸安置小魚，主動給她解釋了趙方剛的事，原來行長本意是要讓趙方剛調走或降職，紀昱恒從中斡旋，才用目前這樣小懲大誡的方式保下了趙方剛。紀昱恒還解釋了和其他男同事之間的問題，表明自己今後會改掉不張嘴的問題，凡事多溝通。"
          },
          {
            "content_id": "VOD00339499",
            "time_codes": [
              755000,
              1467000,
              2103000
            ],
            "timecode_duration": [],
            "length": 2746000,
            "asset_id": "vod72736-000008M001",
            "title": "",
            "subtitle": "第8集",
            "ep_number": 8,
            "rating": 1,
            "content_type": "drama",
            "p_start": 1740122400000,
            "vod_channel_description": "紀昱恒請饒靜和趙方剛一起去談客戶，還指定涂筱檸當司機。趙方剛吐槽紀昱恒選址寒酸，沒想到客戶著重表揚了紀昱恒選擇餐廳的低調。飯局上，紀昱恒展現了非凡的工作能力，有意無意幫趙方剛解決流拍物。眾人醉酒之際，紀昱恒鬼使神差拉上涂筱檸的手，把涂筱檸嚇得渾身冒冷汗。"
          },
          {
            "content_id": "VOD00339500",
            "time_codes": [
              766000,
              1460000,
              2174000
            ],
            "timecode_duration": [],
            "length": 2837000,
            "asset_id": "vod72736-000009M001",
            "title": "",
            "subtitle": "第9集",
            "ep_number": 9,
            "rating": 1,
            "content_type": "drama",
            "p_start": 1740125400000,
            "vod_channel_description": "陸思靖跟涂筱檸告白，提起過去在一起的種種，被涂筱檸毫不留情地拒絕。回家的路上，紀昱恒心裡憋悶，強勢地吻上了涂筱檸。冷靜下來後，他向涂筱檸道歉，涂筱檸表示會儘快處理好和陸思靖的關係。趙方剛處理了手中的不良資產，得到行裡的表彰，風光十足。他當眾改口開始稱呼紀昱恒為“領導”，從心裡認可了他。"
          },
          {
            "content_id": "VOD00339501",
            "time_codes": [
              706000,
              1426000,
              2213000
            ],
            "timecode_duration": [],
            "length": 2790000,
            "asset_id": "vod72736-000010M001",
            "title": "",
            "subtitle": "第10集",
            "ep_number": 10,
            "rating": 1,
            "content_type": "drama",
            "p_start": 1740128400000,
            "vod_channel_description": "饒靜從人事處回來，告知大家今天是紀昱恒的生日，下班後兩人去超市採購蛋糕食材，誰知趙方剛組織同事給紀昱恒過生日，同事們也來超市選購食材。兩夥人在超市碰上，涂筱檸嚇得立即隱身，提前跑回家去藏匿自己的物品，紀昱恒則和同事們周旋，為涂筱檸爭取時間。"
          },
          {
            "content_id": "VOD00339502",
            "time_codes": [
              757000,
              1493000,
              2246000
            ],
            "timecode_duration": [],
            "length": 2766000,
            "asset_id": "vod72736-000011M001",
            "title": "",
            "subtitle": "第11集",
            "ep_number": 11,
            "rating": 1,
            "content_type": "drama",
            "p_start": 1740131400000,
            "vod_channel_description": "唐羽卉請大家吃飯，還特意在下班後單獨等紀昱恒一起去，被紀昱恒刻意疏離，涂筱檸看到紀昱恒和唐羽卉成雙入對地出現，心中鬱結。飯局上，趙方剛主動提出給涂筱檸介紹對象，涂筱檸見唐羽卉和紀昱恒之間曖昧湧動，賭氣似的請趙方剛安排相親。紀昱恒憋悶，發訊息叫涂筱檸出來，兩人牽扯間險些被唐羽卉撞破。"
          },
          {
            "content_id": "VOD00339503",
            "time_codes": [
              771000,
              1405000,
              2184000
            ],
            "timecode_duration": [],
            "length": 2758000,
            "asset_id": "vod72736-000012M001",
            "title": "",
            "subtitle": "第12集",
            "ep_number": 12,
            "rating": 1,
            "content_type": "drama",
            "p_start": 1740134400000,
            "vod_channel_description": "紀昱恒才意識到涂筱檸是在跟自己鬧彆扭，趕忙解釋清楚和唐羽卉的關係、並告訴涂筱檸，唐羽卉不是他的白月光，感情的事沒有如果，他的人生，只有喜歡涂筱檸一種可能。紀母的治療告一段落，涂筱檸和紀昱恒把紀母接回家中照顧，為了不讓紀母起疑心，兩人不得不先假裝睡在同一間房，兩人感情繼續升溫。"
          },
          {
            "content_id": "VOD00339504",
            "time_codes": [
              676000,
              1469000,
              2184000
            ],
            "timecode_duration": [],
            "length": 2751000,
            "asset_id": "vod72736-000013M001",
            "title": "",
            "subtitle": "第13集",
            "ep_number": 13,
            "rating": 1,
            "content_type": "drama",
            "p_start": 1740137400000,
            "vod_channel_description": "轉正考試在即，涂筱檸卻感冒了，在紀昱恒細緻入微的照顧下，總算在考試前治好了感冒。準備充分的涂筱檸在考試中超常發揮、自我感覺良好。考試結束這天正是跨年夜，紀昱恒訂好了高檔餐廳和燭光晚餐，邀請涂筱檸一起跨年，涂筱檸滿心以為紀昱恒要跟她正式告白，紀昱恒卻並無表示..."
          },
          {
            "content_id": "VOD00339505",
            "time_codes": [
              774000,
              1471000,
              2165000
            ],
            "timecode_duration": [],
            "length": 2895000,
            "asset_id": "vod72736-000014M001",
            "title": "",
            "subtitle": "第14集",
            "ep_number": 14,
            "rating": 1,
            "content_type": "drama",
            "p_start": 1740140400000,
            "vod_channel_description": "筆試通過，接下來對涂筱檸最大的考驗，就是要獨立發展客戶。對此，涂筱檸盯上了西海鎮的家族企業老楊造船廠。為了能夠拿下客戶，涂筱檸和饒靜出差到西海鎮。成功告白的紀昱恒十分想念涂筱檸，利用週末時間也悄悄來到西海鎮，暗中跟涂筱檸私會，甜甜蜜蜜的二人世界卻總是被不知情的饒靜破壞..."
          },
          {
            "content_id": "VOD00339506",
            "time_codes": [
              660000,
              1409000,
              2112000
            ],
            "timecode_duration": [],
            "length": 2765000,
            "asset_id": "vod72736-000015M001",
            "title": "",
            "subtitle": "第15集",
            "ep_number": 15,
            "rating": 1,
            "content_type": "drama",
            "p_start": 1740143400000,
            "vod_channel_description": "涂筱檸和紀昱恒在船上研習海釣，涂筱檸不怕辛苦、終於在紀昱恒耐心指導下學會了空鉤釣法。涂筱檸終於得以見到楊總。和楊總切磋釣魚技法過程中，涂筱檸坦誠地向他提起自己找他的原因，看到涂筱檸這樣一個小姑娘，為了工作不僅潛心鑽心，還願意吃苦，楊總答應她會認真考慮她提出的方案。"
          },
          {
            "content_id": "VOD00339507",
            "time_codes": [
              702000,
              1478000,
              2131000
            ],
            "timecode_duration": [],
            "length": 2736000,
            "asset_id": "vod72736-000016M001",
            "title": "",
            "subtitle": "第16集",
            "ep_number": 16,
            "rating": 1,
            "content_type": "drama",
            "p_start": 1740146400000,
            "vod_channel_description": "造船廠的事塵埃落定，紀昱恒再也按捺不住心裡的悸動，深吻涂筱檸，兩人溫柔纏綿。第二天，紀昱恒出現在西海鎮的酒店，面對滿臉疑惑的趙方剛和饒靜，淡定解釋自己是來出差的。正式定情的涂筱檸和紀昱恒既要在銀行裡繼續隱瞞關係，又總是忍不住對對方流露情愫，兩人之間的小貓膩刺激又甜蜜。"
          },
          {
            "content_id": "VOD00339508",
            "time_codes": [
              768000,
              1445000,
              2151000
            ],
            "timecode_duration": [],
            "length": 2775000,
            "asset_id": "vod72736-000017M001",
            "title": "",
            "subtitle": "第17集",
            "ep_number": 17,
            "rating": 1,
            "content_type": "drama",
            "p_start": 1740149400000,
            "vod_channel_description": "春節在團圓、祥和的美好氛圍中落下帷幕，涂筱檸還收到了紀母送給她的一對戒指，很是感動。唐羽卉開年便拿下了大企業春靈的貸款業務，而涂筱檸卻遭到了當頭一擊。西海鎮造船廠的貸款申請批不下來，原因是楊總曾經有過案底，涂筱檸雖然認真做過法人背調，這一點卻沒有做好調查，反倒是被唐羽卉挖出來，告訴了紀昱恒。"
          },
          {
            "content_id": "VOD00339509",
            "time_codes": [
              726000,
              1409000,
              2155000
            ],
            "timecode_duration": [],
            "length": 2737000,
            "asset_id": "vod72736-000018M001",
            "title": "",
            "subtitle": "第18集",
            "ep_number": 18,
            "rating": 1,
            "content_type": "drama",
            "p_start": 1740152400000,
            "vod_channel_description": "紀母癌細胞擴散，情況嚴重，按照醫生的判斷，紀母的日子不多了。面對突如其來的噩耗，紀昱恒無法面對失去母親的事實，只能把所有時間和精力都投入到了工作上，麻痹自己。突發的意外讓涂筱檸也找到了逃避的藉口，她一下班就跑到醫院來陪伴紀母，對工作的事避而不談，趙方剛介紹給她的新專案，推進起來也不積極。"
          },
          {
            "content_id": "VOD00339510",
            "time_codes": [
              751000,
              1419000,
              2109000
            ],
            "timecode_duration": [],
            "length": 2740000,
            "asset_id": "vod72736-000019M001",
            "title": "",
            "subtitle": "第19集",
            "ep_number": 19,
            "rating": 1,
            "content_type": "drama",
            "p_start": 1740155400000,
            "vod_channel_description": "得知紀昱恒母親生病住院，趙方剛等人來醫院探望，意外在病房見到了涂筱檸，為了隱瞞兩人的關係，只能拉著紀母在眾人面前表演起來，總算是把大部分人糊弄了過去，卻還是被敏銳的饒靜看出端倪。紀昱恒終於繃不住，在涂筱檸面前落淚，兩人敞開心扉，決定在彼此的支持下去正面面對各自的問題。"
          },
          {
            "content_id": "VOD00339511",
            "time_codes": [
              722000,
              1493000,
              2147000
            ],
            "timecode_duration": [],
            "length": 2725000,
            "asset_id": "vod72736-000020M001",
            "title": "",
            "subtitle": "第20集",
            "ep_number": 20,
            "rating": 1,
            "content_type": "drama",
            "p_start": 1740158400000,
            "vod_channel_description": "紀母病情好轉，三人一起去老家為紀父掃墓。紀母主動提起當年往事，那年紀父自殺，她心痛不已病倒在床，一直沉浸在自己的悲傷裡，忽略了兒子。紀昱恒安慰紀母來日方長，他們一家人還有很多時間彌補遺憾。紀昱恒也終於跟涂筱檸說了父親的往事，在涂筱檸面前，他不用再偽裝堅強，而是可以把最脆弱的一面展露給她。"
          },
          {
            "content_id": "VOD00339512",
            "time_codes": [
              689000,
              1488000,
              2111000
            ],
            "timecode_duration": [],
            "length": 2804000,
            "asset_id": "vod72736-000021M001",
            "title": "",
            "subtitle": "第21集",
            "ep_number": 21,
            "rating": 1,
            "content_type": "drama",
            "p_start": 1740161400000,
            "vod_channel_description": "驟然失去了母親，紀昱恒十分痛苦，涂筱檸只能時刻陪在他身邊，盡可能安慰他。操持完紀母的葬禮後，涂筱檸給他煮了餃子，紀昱恒吃到口中，才發現餃子的味道跟媽媽煮得一模一樣。原來，紀母在去世前，把拌餃子餡的秘方傳給了涂筱檸。吃著母親味道的水餃，看著母親留在相冊裡給他的話，紀昱恒失聲痛哭..."
          },
          {
            "content_id": "VOD00339513",
            "time_codes": [
              720000,
              1482000,
              2105000
            ],
            "timecode_duration": [],
            "length": 2762000,
            "asset_id": "vod72736-000022M001",
            "title": "",
            "subtitle": "第22集",
            "ep_number": 22,
            "rating": 1,
            "content_type": "drama",
            "p_start": 1740164400000,
            "vod_channel_description": "紀昱恒逐漸調整好了狀態，從母親去世的悲傷中走了出來；涂筱檸也全身心地回歸職場，為了新客戶繼續努力。紀昱恒帶領拓展一部拿下了八個億的政府存款，完成了行長交給他的任務。為爭取吉安分行行長的位置，他的盯上了國內度假村一線品牌維跡。他打算真的成功時，就可以正式向涂筱檸求婚了。"
          },
          {
            "content_id": "VOD00339514",
            "time_codes": [
              757000,
              1394000,
              2125000
            ],
            "timecode_duration": [],
            "length": 2841000,
            "asset_id": "vod72736-000023M001",
            "title": "",
            "subtitle": "第23集",
            "ep_number": 23,
            "rating": 1,
            "content_type": "drama",
            "p_start": 1740167400000,
            "vod_channel_description": "紀昱恒面見維跡的老闆夏明睿受挫，涂筱檸看出維跡的事情不順利，在她的鼓勵下，紀昱恒決定主動加碼，為維跡公司的國內度假村專案找一個財務專家。唐羽卉偶然得知紀昱恒要回學校請他們的導師賈子慶做財務專家，提前聯繫上對方去拜訪，兩人不得不一起出差。"
          },
          {
            "content_id": "VOD00339515",
            "time_codes": [
              773000,
              1425000,
              2212000
            ],
            "timecode_duration": [],
            "length": 2765000,
            "asset_id": "vod72736-000024M001",
            "title": "",
            "subtitle": "第24集",
            "ep_number": 24,
            "rating": 1,
            "content_type": "drama",
            "p_start": 1740170400000,
            "vod_channel_description": "維跡海外部發生異動，夏明睿兩日後就要緊急出國。紀昱恒深知遲則生變，卻毫無頭緒。唐羽卉找到紀昱恒，提出自己這兩天就可以通過父親幫他約到夏明睿，條件是他離開涂筱檸，紀昱恒忍無可忍拒絕了她。另一邊，涂筱檸從淩惟依處得知夏明睿的妻子就是耿念一。"
          },
          {
            "content_id": "VOD00339516",
            "time_codes": [
              660000,
              1472000,
              2189000
            ],
            "timecode_duration": [],
            "length": 2744000,
            "asset_id": "vod72736-000025M001",
            "title": "",
            "subtitle": "第25集",
            "ep_number": 25,
            "rating": 1,
            "content_type": "drama",
            "p_start": 1740173400000,
            "vod_channel_description": "紀昱恒和趙方剛決定飛去美國見夏明睿。為了幫紀昱恒，涂筱檸去找耿念一，希望夏明睿能見一面代瑞的紀昱恒。耿念一不願被一面之緣的恩情威脅，涂筱檸冒雨等她，最後說出紀昱恒是自己的未婚夫，兩人也是隱戀，自己絕不是威脅，耿念一動容答應。紀昱恒如期見上了夏明睿，涂筱檸則陪著耿念一去寺廟燒香祭拜。"
          },
          {
            "content_id": "VOD00339517",
            "time_codes": [
              674000,
              1413000,
              2133000
            ],
            "timecode_duration": [],
            "length": 2909000,
            "asset_id": "vod72736-000026M001",
            "title": "",
            "subtitle": "第26集",
            "ep_number": 26,
            "rating": 1,
            "content_type": "drama",
            "p_start": 1740176400000,
            "vod_channel_description": "眾人起哄紀昱恒和唐羽卉在一起，涂筱檸黑臉離開。同事散去後，紀昱恒徹底拒絕了唐羽卉，勇敢地牽起了涂筱檸的手，表示自己對涂筱檸是一見鍾情，涂筱檸誤會他說的初見是兩人相親時。次日清晨，涂筱檸手上多了紀昱恒送的生日禮物，一款女表，兩人哭笑不得，竟挑中了情侶禮物。唐羽卉向紀昱恒提交辭呈。"
          },
          {
            "content_id": "VOD00339518",
            "time_codes": [
              695000,
              1440000,
              2118000
            ],
            "timecode_duration": [],
            "length": 2742000,
            "asset_id": "vod72736-000027M001",
            "title": "",
            "subtitle": "第27集",
            "ep_number": 27,
            "rating": 1,
            "content_type": "drama",
            "p_start": 1740179400000,
            "vod_channel_description": "公司內網上爆出紀昱恒和涂筱檸的關係，各種污言穢語甚囂塵上，涂筱檸拿和紀昱恒的對賭協議說話，提出該走的人是她，紀昱恒卻搶先一步辦了離職，還在內網放了兩人結婚照為涂筱檸正名。紀昱恒被調去南城縣當總經理，天還沒亮就起床上班，涂筱檸打著哈欠給她收拾上班的東西，紀昱恒感動，戴上了情侶表。"
          },
          {
            "content_id": "VOD00339519",
            "time_codes": [
              678000,
              1389000,
              2166000
            ],
            "timecode_duration": [],
            "length": 2834000,
            "asset_id": "vod72736-000028M001",
            "title": "",
            "subtitle": "第28集",
            "ep_number": 28,
            "rating": 1,
            "content_type": "drama",
            "p_start": 1740182400000,
            "vod_channel_description": "申同的客戶經理喬穆對涂筱檸頗為欣賞，可還沒來得及示好，就被回來補辦調職手續的紀昱恒打斷，紀昱恒當場宣示主權，送了一輛車給涂筱檸，說自己不在星城的時候涂筱檸代步用。涂筱檸開玩笑紀昱恒又是咖啡賄賂同事，又是給情敵下馬威，以後他護妻的名號要進一步聲名遠揚了！紀昱恒對這個名號很受用。"
          },
          {
            "content_id": "VOD00339520",
            "time_codes": [
              773000,
              1436000,
              2165000
            ],
            "timecode_duration": [],
            "length": 2734000,
            "asset_id": "vod72736-000029M001",
            "title": "",
            "subtitle": "第29集",
            "ep_number": 29,
            "rating": 1,
            "content_type": "drama",
            "p_start": 1740185400000,
            "vod_channel_description": "紀昱恒解決了孫廠長這筆爛帳，同時為他們廠提供了能解決當前困境的方案，領導非常滿意他在南安縣的成績，提前調他回星城的吉安分行，擔任行長一職。紀昱恒上任當天，趙方剛也入職了，兩人重新並肩作戰。另一邊，涂筱檸迫不及待幫五個月已經顯懷的饒靜把代經理變成經理，向她彙報一個非常好的專案。"
          },
          {
            "content_id": "VOD00339521",
            "time_codes": [
              715000,
              1475000,
              2169000
            ],
            "timecode_duration": [],
            "length": 2734000,
            "asset_id": "vod72736-000030M001",
            "title": "",
            "subtitle": "第30集",
            "ep_number": 30,
            "rating": 1,
            "content_type": "drama",
            "p_start": 1740188400000,
            "vod_channel_description": "付軼均親自上門找涂筱檸，還送了價值不菲的禮物，涂筱檸不得已請他吃飯還禮，饒靜解圍一同前去，碰到紀昱恒既來搶客戶，又來吃飛醋。涂筱檸察覺付軼均的不懷好意，萬般小心，但沒想到在她去廠房實地走訪時，付軼均直抒胸臆地挖牆腳，涂筱檸堅定拒絕後，他甚至試圖強吻她。"
          },
          {
            "content_id": "VOD00339522",
            "time_codes": [
              753000,
              1381000,
              2112000
            ],
            "timecode_duration": [],
            "length": 2732000,
            "asset_id": "vod72736-000031M001",
            "title": "",
            "subtitle": "第31集",
            "ep_number": 31,
            "rating": 1,
            "content_type": "drama",
            "p_start": 1740191400000,
            "vod_channel_description": "就在付軼均欲行不軌時，紀昱恒及時出現，護住了涂筱檸，付軼均狼狽地滾下臺階。涂筱檸害怕這件事影響紀昱恒工作，責怪他衝動，紀昱恒卻激動地告訴她，這十一年來，她一直是她心中唯一的最重要的人，他不允許她受到任何傷害。紀昱恒帶著涂筱檸到一見鍾情的天臺，講述自己的白月光就是她，兩人深情相擁。"
          },
          {
            "content_id": "VOD00339523",
            "time_codes": [
              720000,
              1444000,
              2162000
            ],
            "timecode_duration": [],
            "length": 2742000,
            "asset_id": "vod72736-000032M001",
            "title": "",
            "subtitle": "第32集",
            "ep_number": 32,
            "rating": 1,
            "content_type": "drama",
            "p_start": 1740194400000,
            "vod_channel_description": "紀昱恒涂筱檸兩人出去蜜月度假。紀昱恒假借讓路人幫忙拍照的機會忽然神秘地消失，涂筱檸跟著他留下的愛的線索尋尋覓覓找到了求婚台，紀昱恒深情溫柔地許諾一生。下班後紀昱恒和涂筱檸來到海邊，站在沙灘上看著遠處的夕陽，期冀著未來每一天都像現在這樣，平凡又幸福。"
          },
          {
            "content_id": "VOD00340328",
            "time_codes": [
              717000,
              1413000
            ],
            "timecode_duration": [],
            "length": 1868000,
            "asset_id": "vod72736-000033M001",
            "title": "",
            "subtitle": "番外篇",
            "ep_number": 33,
            "rating": 1,
            "content_type": "drama",
            "p_start": 1740197400000,
            "vod_channel_description": "故事從塗筱檸和紀昱恆高中講起，在紀昱恆人生中最灰暗的一段日子裡，塗筱檸無畏流言蜚語，成為照亮紀昱恆生活的一道光，從此也成為了紀昱恆一生的小太陽。在紀昱恒人生最黑暗時期的一個煩悶考試天，跑班考試的他恰巧在答案填答處旁，看到桌上一個娟秀字體寫著「蟬時雨」三個字。"
          }
        ],
        "total_length": 90807000,
        "focus_index": 3,
        "next_index": 4,
        "time": 1090188,
        "focus_program": {
          "content_id": "VOD00339495",
          "time_codes": [
            689000,
            1417000,
            2129000
          ],
          "timecode_duration": [],
          "length": 2769000,
          "asset_id": "vod72736-000004M001",
          "title": "",
          "subtitle": "第4集",
          "ep_number": 4,
          "rating": 1,
          "content_type": "drama",
          "p_start": 1740110400000,
          "vod_channel_description": "兩人一同上班，約定下午再去領證，誰知部門同事們都在議論拓展一部新經理的職位已經定了，而前來和行長見面的正是紀昱恒！涂筱檸看到拓展二部的同事因辦公室戀情被辭退，想到自己和紀昱恒的關係，愈發忐忑不安。在深思熟慮一番後跟紀昱恒提出簽訂對賭協議，在一年的時間內以結婚為前提相處，辦公室隱戀的同時各自制訂工作目標，誰完不成就從拓展一部主動離開。"
        }
      },
      "station_categories": [
        {
          "Name": "戲劇",
          "EngName": "Drama",
          "MenuOrder": 7
        }
      ]
    },
    "introduction": {
      "image": "https://p-cdnstatic.svc.litv.tv/pics/vod_channel/logo_3444_ofiii115_mobile_20240906.png",
      "description": "",
      "href_maps": []
    },
    "recommends": [],
    "ua": "Mozilla/5.0 (Windows NT 10.0; Win64; x64) AppleWebKit/537.36 (KHTML, like Gecko) Chrome/91.0.4472.124 Safari/537.36"
  },
  "__N_SSP": true
}