{
  "pageProps": {
    "contentId": "ofiii124",
    "channel": {
      "title": "月嫂先生",
      "no": 124,
      "charge_mode": "F",
      "content_id": "ofiii124",
      "content_type": "vod-channel",
      "epg_categories": [
        4
      ],
      "genres": [
        {
          "id": "",
          "name": "VOD_CHANNEL",
          "logo": ""
        }
      ],
      "liad_id": "VODCHNEWOFIWEB",
      "package_info_id": "VOD_CHANNEL_DELUX",
      "picture": "pics/vod_channel/logo_3693_ofiii124_tv_20250331.png",
      "provider": [
        {
          "id": "",
          "name": "時代影像",
          "logo": ""
        }
      ],
      "quality": "HD",
      "station_id": "station6627",
      "trial": "",
      "selectable": 1,
      "tr_logo": "pics/vod_channel/tr_logo_1743144713.png",
      "tl_logo": "",
      "br_logo": "",
      "bl_logo": "",
      "menu_type": 1,
      "vod_channel_schedule": {
        "channel_id": 124,
        "cdn_code": "ofiii124",
        "start_time": 1762533700000,
        "programs": [
          {
            "content_id": "VOD00180604",
            "time_codes": [
              755000,
              1431000,
              2240000
            ],
            "timecode_duration": [],
            "length": 2702000,
            "asset_id": "vod41798-000001M001",
            "title": "",
            "subtitle": "第1集",
            "ep_number": 1,
            "rating": 1,
            "content_type": "drama",
            "p_start": 1743374700000,
            "vod_channel_description": "心理學教授沈心唯，為人正直，卻受人誣陷失去工作，經濟頓時困窘。白領那娜懷孕後卻遭遇前男友背叛，只能做個堅強的單親媽媽。沈心唯與那娜初次見面便結下了樑子。但在沈心唯主動成為了她的月嫂先生後，二人從針鋒相對到逐漸了解，兩人的感情也在跌跌撞撞中不斷升溫。"
          },
          {
            "content_id": "VOD00180605",
            "time_codes": [
              757000,
              1433000,
              2135000
            ],
            "timecode_duration": [],
            "length": 2730000,
            "asset_id": "vod41798-000002M001",
            "title": "",
            "subtitle": "第2集",
            "ep_number": 2,
            "rating": 1,
            "content_type": "drama",
            "p_start": 1743377700000,
            "vod_channel_description": "心理學教授沈心唯，為人正直，卻受人誣陷失去工作，經濟頓時困窘。白領那娜懷孕後卻遭遇前男友背叛，只能做個堅強的單親媽媽。沈心唯與那娜初次見面便結下了樑子。但在沈心唯主動成為了她的月嫂先生後，二人從針鋒相對到逐漸了解，兩人的感情也在跌跌撞撞中不斷升溫。"
          },
          {
            "content_id": "VOD00180606",
            "time_codes": [
              683000,
              1469000,
              2250000
            ],
            "timecode_duration": [],
            "length": 2714000,
            "asset_id": "vod41798-000003M001",
            "title": "",
            "subtitle": "第3集",
            "ep_number": 3,
            "rating": 1,
            "content_type": "drama",
            "p_start": 1743380700000,
            "vod_channel_description": "心理學教授沈心唯，為人正直，卻受人誣陷失去工作，經濟頓時困窘。白領那娜懷孕後卻遭遇前男友背叛，只能做個堅強的單親媽媽。沈心唯與那娜初次見面便結下了樑子。但在沈心唯主動成為了她的月嫂先生後，二人從針鋒相對到逐漸了解，兩人的感情也在跌跌撞撞中不斷升溫。"
          },
          {
            "content_id": "VOD00180607",
            "time_codes": [
              786000,
              1486000,
              2198000
            ],
            "timecode_duration": [],
            "length": 2640000,
            "asset_id": "vod41798-000004M001",
            "title": "",
            "subtitle": "第4集",
            "ep_number": 4,
            "rating": 1,
            "content_type": "drama",
            "p_start": 1743383700000,
            "vod_channel_description": "心理學教授沈心唯，為人正直，卻受人誣陷失去工作，經濟頓時困窘。白領那娜懷孕後卻遭遇前男友背叛，只能做個堅強的單親媽媽。沈心唯與那娜初次見面便結下了樑子。但在沈心唯主動成為了她的月嫂先生後，二人從針鋒相對到逐漸了解，兩人的感情也在跌跌撞撞中不斷升溫。"
          },
          {
            "content_id": "VOD00180608",
            "time_codes": [
              747000,
              1458000,
              2219000
            ],
            "timecode_duration": [],
            "length": 2641000,
            "asset_id": "vod41798-000005M001",
            "title": "",
            "subtitle": "第5集",
            "ep_number": 5,
            "rating": 1,
            "content_type": "drama",
            "p_start": 1743386400000,
            "vod_channel_description": "心理學教授沈心唯，為人正直，卻受人誣陷失去工作，經濟頓時困窘。白領那娜懷孕後卻遭遇前男友背叛，只能做個堅強的單親媽媽。沈心唯與那娜初次見面便結下了樑子。但在沈心唯主動成為了她的月嫂先生後，二人從針鋒相對到逐漸了解，兩人的感情也在跌跌撞撞中不斷升溫。"
          },
          {
            "content_id": "VOD00180609",
            "time_codes": [
              721000,
              1500000,
              2201000
            ],
            "timecode_duration": [],
            "length": 2138000,
            "asset_id": "vod41798-000006M001",
            "title": "",
            "subtitle": "第6集",
            "ep_number": 6,
            "rating": 1,
            "content_type": "drama",
            "p_start": 1743389400000,
            "vod_channel_description": "心理學教授沈心唯，為人正直，卻受人誣陷失去工作，經濟頓時困窘。白領那娜懷孕後卻遭遇前男友背叛，只能做個堅強的單親媽媽。沈心唯與那娜初次見面便結下了樑子。但在沈心唯主動成為了她的月嫂先生後，二人從針鋒相對到逐漸了解，兩人的感情也在跌跌撞撞中不斷升溫。"
          },
          {
            "content_id": "VOD00180610",
            "time_codes": [
              799000,
              1416000,
              2212000
            ],
            "timecode_duration": [],
            "length": 2642000,
            "asset_id": "vod41798-000007M001",
            "title": "",
            "subtitle": "第7集",
            "ep_number": 7,
            "rating": 1,
            "content_type": "drama",
            "p_start": 1743391800000,
            "vod_channel_description": "心理學教授沈心唯，為人正直，卻受人誣陷失去工作，經濟頓時困窘。白領那娜懷孕後卻遭遇前男友背叛，只能做個堅強的單親媽媽。沈心唯與那娜初次見面便結下了樑子。但在沈心唯主動成為了她的月嫂先生後，二人從針鋒相對到逐漸了解，兩人的感情也在跌跌撞撞中不斷升溫。"
          },
          {
            "content_id": "VOD00180611",
            "time_codes": [
              754000,
              1428000,
              2150000
            ],
            "timecode_duration": [],
            "length": 2648000,
            "asset_id": "vod41798-000008M001",
            "title": "",
            "subtitle": "第8集",
            "ep_number": 8,
            "rating": 1,
            "content_type": "drama",
            "p_start": 1743394800000,
            "vod_channel_description": "心理學教授沈心唯，為人正直，卻受人誣陷失去工作，經濟頓時困窘。白領那娜懷孕後卻遭遇前男友背叛，只能做個堅強的單親媽媽。沈心唯與那娜初次見面便結下了樑子。但在沈心唯主動成為了她的月嫂先生後，二人從針鋒相對到逐漸了解，兩人的感情也在跌跌撞撞中不斷升溫。"
          },
          {
            "content_id": "VOD00180612",
            "time_codes": [
              685000,
              1489000,
              2222000
            ],
            "timecode_duration": [],
            "length": 2669000,
            "asset_id": "vod41798-000009M001",
            "title": "",
            "subtitle": "第9集",
            "ep_number": 9,
            "rating": 1,
            "content_type": "drama",
            "p_start": 1743397800000,
            "vod_channel_description": "心理學教授沈心唯，為人正直，卻受人誣陷失去工作，經濟頓時困窘。白領那娜懷孕後卻遭遇前男友背叛，只能做個堅強的單親媽媽。沈心唯與那娜初次見面便結下了樑子。但在沈心唯主動成為了她的月嫂先生後，二人從針鋒相對到逐漸了解，兩人的感情也在跌跌撞撞中不斷升溫。"
          },
          {
            "content_id": "VOD00180613",
            "time_codes": [
              661000,
              1487000,
              2196000
            ],
            "timecode_duration": [],
            "length": 2646000,
            "asset_id": "vod41798-000010M001",
            "title": "",
            "subtitle": "第10集",
            "ep_number": 10,
            "rating": 1,
            "content_type": "drama",
            "p_start": 1743400800000,
            "vod_channel_description": "心理學教授沈心唯，為人正直，卻受人誣陷失去工作，經濟頓時困窘。白領那娜懷孕後卻遭遇前男友背叛，只能做個堅強的單親媽媽。沈心唯與那娜初次見面便結下了樑子。但在沈心唯主動成為了她的月嫂先生後，二人從針鋒相對到逐漸了解，兩人的感情也在跌跌撞撞中不斷升溫。"
          },
          {
            "content_id": "VOD00180614",
            "time_codes": [
              738000,
              1509000,
              2123000
            ],
            "timecode_duration": [],
            "length": 2687000,
            "asset_id": "vod41798-000011M001",
            "title": "",
            "subtitle": "第11集",
            "ep_number": 11,
            "rating": 1,
            "content_type": "drama",
            "p_start": 1743403800000,
            "vod_channel_description": "心理學教授沈心唯，為人正直，卻受人誣陷失去工作，經濟頓時困窘。白領那娜懷孕後卻遭遇前男友背叛，只能做個堅強的單親媽媽。沈心唯與那娜初次見面便結下了樑子。但在沈心唯主動成為了她的月嫂先生後，二人從針鋒相對到逐漸了解，兩人的感情也在跌跌撞撞中不斷升溫。"
          },
          {
            "content_id": "VOD00180615",
            "time_codes": [
              770000,
              1393000,
              2271000
            ],
            "timecode_duration": [],
            "length": 2642000,
            "asset_id": "vod41798-000012M001",
            "title": "",
            "subtitle": "第12集",
            "ep_number": 12,
            "rating": 1,
            "content_type": "drama",
            "p_start": 1743406800000,
            "vod_channel_description": "心理學教授沈心唯，為人正直，卻受人誣陷失去工作，經濟頓時困窘。白領那娜懷孕後卻遭遇前男友背叛，只能做個堅強的單親媽媽。沈心唯與那娜初次見面便結下了樑子。但在沈心唯主動成為了她的月嫂先生後，二人從針鋒相對到逐漸了解，兩人的感情也在跌跌撞撞中不斷升溫。"
          },
          {
            "content_id": "VOD00180616",
            "time_codes": [
              736000,
              1421000,
              2215000
            ],
            "timecode_duration": [],
            "length": 2651000,
            "asset_id": "vod41798-000013M001",
            "title": "",
            "subtitle": "第13集",
            "ep_number": 13,
            "rating": 1,
            "content_type": "drama",
            "p_start": 1743409800000,
            "vod_channel_description": "心理學教授沈心唯，為人正直，卻受人誣陷失去工作，經濟頓時困窘。白領那娜懷孕後卻遭遇前男友背叛，只能做個堅強的單親媽媽。沈心唯與那娜初次見面便結下了樑子。但在沈心唯主動成為了她的月嫂先生後，二人從針鋒相對到逐漸了解，兩人的感情也在跌跌撞撞中不斷升溫。"
          },
          {
            "content_id": "VOD00180617",
            "time_codes": [
              762000,
              1529000,
              2140000
            ],
            "timecode_duration": [],
            "length": 2648000,
            "asset_id": "vod41798-000014M001",
            "title": "",
            "subtitle": "第14集",
            "ep_number": 14,
            "rating": 1,
            "content_type": "drama",
            "p_start": 1743412800000,
            "vod_channel_description": "心理學教授沈心唯，為人正直，卻受人誣陷失去工作，經濟頓時困窘。白領那娜懷孕後卻遭遇前男友背叛，只能做個堅強的單親媽媽。沈心唯與那娜初次見面便結下了樑子。但在沈心唯主動成為了她的月嫂先生後，二人從針鋒相對到逐漸了解，兩人的感情也在跌跌撞撞中不斷升溫。"
          },
          {
            "content_id": "VOD00180618",
            "time_codes": [
              791000,
              1442000,
              2157000
            ],
            "timecode_duration": [],
            "length": 2643000,
            "asset_id": "vod41798-000015M001",
            "title": "",
            "subtitle": "第15集",
            "ep_number": 15,
            "rating": 1,
            "content_type": "drama",
            "p_start": 1743415800000,
            "vod_channel_description": "心理學教授沈心唯，為人正直，卻受人誣陷失去工作，經濟頓時困窘。白領那娜懷孕後卻遭遇前男友背叛，只能做個堅強的單親媽媽。沈心唯與那娜初次見面便結下了樑子。但在沈心唯主動成為了她的月嫂先生後，二人從針鋒相對到逐漸了解，兩人的感情也在跌跌撞撞中不斷升溫。"
          },
          {
            "content_id": "VOD00180619",
            "time_codes": [
              751000,
              1434000,
              2193000
            ],
            "timecode_duration": [],
            "length": 2640000,
            "asset_id": "vod41798-000016M001",
            "title": "",
            "subtitle": "第16集",
            "ep_number": 16,
            "rating": 1,
            "content_type": "drama",
            "p_start": 1743418800000,
            "vod_channel_description": "心理學教授沈心唯，為人正直，卻受人誣陷失去工作，經濟頓時困窘。白領那娜懷孕後卻遭遇前男友背叛，只能做個堅強的單親媽媽。沈心唯與那娜初次見面便結下了樑子。但在沈心唯主動成為了她的月嫂先生後，二人從針鋒相對到逐漸了解，兩人的感情也在跌跌撞撞中不斷升溫。"
          },
          {
            "content_id": "VOD00180620",
            "time_codes": [
              699000,
              1451000,
              2205000
            ],
            "timecode_duration": [],
            "length": 2668000,
            "asset_id": "vod41798-000017M001",
            "title": "",
            "subtitle": "第17集",
            "ep_number": 17,
            "rating": 1,
            "content_type": "drama",
            "p_start": 1743421500000,
            "vod_channel_description": "心理學教授沈心唯，為人正直，卻受人誣陷失去工作，經濟頓時困窘。白領那娜懷孕後卻遭遇前男友背叛，只能做個堅強的單親媽媽。沈心唯與那娜初次見面便結下了樑子。但在沈心唯主動成為了她的月嫂先生後，二人從針鋒相對到逐漸了解，兩人的感情也在跌跌撞撞中不斷升溫。"
          },
          {
            "content_id": "VOD00180621",
            "time_codes": [
              684000,
              1448000,
              2122000
            ],
            "timecode_duration": [],
            "length": 2645000,
            "asset_id": "vod41798-000018M001",
            "title": "",
            "subtitle": "第18集",
            "ep_number": 18,
            "rating": 1,
            "content_type": "drama",
            "p_start": 1743424500000,
            "vod_channel_description": "心理學教授沈心唯，為人正直，卻受人誣陷失去工作，經濟頓時困窘。白領那娜懷孕後卻遭遇前男友背叛，只能做個堅強的單親媽媽。沈心唯與那娜初次見面便結下了樑子。但在沈心唯主動成為了她的月嫂先生後，二人從針鋒相對到逐漸了解，兩人的感情也在跌跌撞撞中不斷升溫。"
          },
          {
            "content_id": "VOD00180622",
            "time_codes": [
              712000,
              1411000,
              2229000
            ],
            "timecode_duration": [],
            "length": 2646000,
            "asset_id": "vod41798-000019M001",
            "title": "",
            "subtitle": "第19集",
            "ep_number": 19,
            "rating": 1,
            "content_type": "drama",
            "p_start": 1743427500000,
            "vod_channel_description": "心理學教授沈心唯，為人正直，卻受人誣陷失去工作，經濟頓時困窘。白領那娜懷孕後卻遭遇前男友背叛，只能做個堅強的單親媽媽。沈心唯與那娜初次見面便結下了樑子。但在沈心唯主動成為了她的月嫂先生後，二人從針鋒相對到逐漸了解，兩人的感情也在跌跌撞撞中不斷升溫。"
          },
          {
            "content_id": "VOD00180623",
            "time_codes": [
              800000,
              1394000,
              2229000
            ],
            "timecode_duration": [],
            "length": 2662000,
            "asset_id": "vod41798-000020M001",
            "title": "",
            "subtitle": "第20集",
            "ep_number": 20,
            "rating": 1,
            "content_type": "drama",
            "p_start": 1743430500000,
            "vod_channel_description": "心理學教授沈心唯，為人正直，卻受人誣陷失去工作，經濟頓時困窘。白領那娜懷孕後卻遭遇前男友背叛，只能做個堅強的單親媽媽。沈心唯與那娜初次見面便結下了樑子。但在沈心唯主動成為了她的月嫂先生後，二人從針鋒相對到逐漸了解，兩人的感情也在跌跌撞撞中不斷升溫。"
          },
          {
            "content_id": "VOD00180624",
            "time_codes": [
              678000,
              1473000,
              2163000
            ],
            "timecode_duration": [],
            "length": 2681000,
            "asset_id": "vod41798-000021M001",
            "title": "",
            "subtitle": "第21集",
            "ep_number": 21,
            "rating": 1,
            "content_type": "drama",
            "p_start": 1743433500000,
            "vod_channel_description": "心理學教授沈心唯，為人正直，卻受人誣陷失去工作，經濟頓時困窘。白領那娜懷孕後卻遭遇前男友背叛，只能做個堅強的單親媽媽。沈心唯與那娜初次見面便結下了樑子。但在沈心唯主動成為了她的月嫂先生後，二人從針鋒相對到逐漸了解，兩人的感情也在跌跌撞撞中不斷升溫。"
          },
          {
            "content_id": "VOD00180625",
            "time_codes": [
              808000,
              1451000,
              2258000
            ],
            "timecode_duration": [],
            "length": 2638000,
            "asset_id": "vod41798-000022M001",
            "title": "",
            "subtitle": "第22集",
            "ep_number": 22,
            "rating": 1,
            "content_type": "drama",
            "p_start": 1743436500000,
            "vod_channel_description": "心理學教授沈心唯，為人正直，卻受人誣陷失去工作，經濟頓時困窘。白領那娜懷孕後卻遭遇前男友背叛，只能做個堅強的單親媽媽。沈心唯與那娜初次見面便結下了樑子。但在沈心唯主動成為了她的月嫂先生後，二人從針鋒相對到逐漸了解，兩人的感情也在跌跌撞撞中不斷升溫。"
          },
          {
            "content_id": "VOD00180626",
            "time_codes": [
              780000,
              1491000,
              2147000
            ],
            "timecode_duration": [],
            "length": 2706000,
            "asset_id": "vod41798-000023M001",
            "title": "",
            "subtitle": "第23集",
            "ep_number": 23,
            "rating": 1,
            "content_type": "drama",
            "p_start": 1743439200000,
            "vod_channel_description": "心理學教授沈心唯，為人正直，卻受人誣陷失去工作，經濟頓時困窘。白領那娜懷孕後卻遭遇前男友背叛，只能做個堅強的單親媽媽。沈心唯與那娜初次見面便結下了樑子。但在沈心唯主動成為了她的月嫂先生後，二人從針鋒相對到逐漸了解，兩人的感情也在跌跌撞撞中不斷升溫。"
          },
          {
            "content_id": "VOD00180627",
            "time_codes": [
              727000,
              1522000,
              2135000
            ],
            "timecode_duration": [],
            "length": 2633000,
            "asset_id": "vod41798-000024M001",
            "title": "",
            "subtitle": "第24集",
            "ep_number": 24,
            "rating": 1,
            "content_type": "drama",
            "p_start": 1743442200000,
            "vod_channel_description": "心理學教授沈心唯，為人正直，卻受人誣陷失去工作，經濟頓時困窘。白領那娜懷孕後卻遭遇前男友背叛，只能做個堅強的單親媽媽。沈心唯與那娜初次見面便結下了樑子。但在沈心唯主動成為了她的月嫂先生後，二人從針鋒相對到逐漸了解，兩人的感情也在跌跌撞撞中不斷升溫。"
          },
          {
            "content_id": "VOD00180628",
            "time_codes": [
              704000,
              1464000,
              2217000
            ],
            "timecode_duration": [],
            "length": 2627000,
            "asset_id": "vod41798-000025M001",
            "title": "",
            "subtitle": "第25集",
            "ep_number": 25,
            "rating": 1,
            "content_type": "drama",
            "p_start": 1743444900000,
            "vod_channel_description": "心理學教授沈心唯，為人正直，卻受人誣陷失去工作，經濟頓時困窘。白領那娜懷孕後卻遭遇前男友背叛，只能做個堅強的單親媽媽。沈心唯與那娜初次見面便結下了樑子。但在沈心唯主動成為了她的月嫂先生後，二人從針鋒相對到逐漸了解，兩人的感情也在跌跌撞撞中不斷升溫。"
          },
          {
            "content_id": "VOD00180629",
            "time_codes": [
              742000,
              1415000,
              2151000
            ],
            "timecode_duration": [],
            "length": 2656000,
            "asset_id": "vod41798-000026M001",
            "title": "",
            "subtitle": "第26集",
            "ep_number": 26,
            "rating": 1,
            "content_type": "drama",
            "p_start": 1743447600000,
            "vod_channel_description": "心理學教授沈心唯，為人正直，卻受人誣陷失去工作，經濟頓時困窘。白領那娜懷孕後卻遭遇前男友背叛，只能做個堅強的單親媽媽。沈心唯與那娜初次見面便結下了樑子。但在沈心唯主動成為了她的月嫂先生後，二人從針鋒相對到逐漸了解，兩人的感情也在跌跌撞撞中不斷升溫。"
          },
          {
            "content_id": "VOD00180630",
            "time_codes": [
              698000,
              1490000,
              2253000
            ],
            "timecode_duration": [],
            "length": 2626000,
            "asset_id": "vod41798-000027M001",
            "title": "",
            "subtitle": "第27集",
            "ep_number": 27,
            "rating": 1,
            "content_type": "drama",
            "p_start": 1743450600000,
            "vod_channel_description": "心理學教授沈心唯，為人正直，卻受人誣陷失去工作，經濟頓時困窘。白領那娜懷孕後卻遭遇前男友背叛，只能做個堅強的單親媽媽。沈心唯與那娜初次見面便結下了樑子。但在沈心唯主動成為了她的月嫂先生後，二人從針鋒相對到逐漸了解，兩人的感情也在跌跌撞撞中不斷升溫。"
          },
          {
            "content_id": "VOD00180631",
            "time_codes": [
              777000,
              1457000,
              2165000
            ],
            "timecode_duration": [],
            "length": 2671000,
            "asset_id": "vod41798-000028M001",
            "title": "",
            "subtitle": "第28集",
            "ep_number": 28,
            "rating": 1,
            "content_type": "drama",
            "p_start": 1743453300000,
            "vod_channel_description": "心理學教授沈心唯，為人正直，卻受人誣陷失去工作，經濟頓時困窘。白領那娜懷孕後卻遭遇前男友背叛，只能做個堅強的單親媽媽。沈心唯與那娜初次見面便結下了樑子。但在沈心唯主動成為了她的月嫂先生後，二人從針鋒相對到逐漸了解，兩人的感情也在跌跌撞撞中不斷升溫。"
          },
          {
            "content_id": "VOD00180632",
            "time_codes": [
              789000,
              1443000,
              2218000
            ],
            "timecode_duration": [],
            "length": 2643000,
            "asset_id": "vod41798-000029M001",
            "title": "",
            "subtitle": "第29集",
            "ep_number": 29,
            "rating": 1,
            "content_type": "drama",
            "p_start": 1743456300000,
            "vod_channel_description": "心理學教授沈心唯，為人正直，卻受人誣陷失去工作，經濟頓時困窘。白領那娜懷孕後卻遭遇前男友背叛，只能做個堅強的單親媽媽。沈心唯與那娜初次見面便結下了樑子。但在沈心唯主動成為了她的月嫂先生後，二人從針鋒相對到逐漸了解，兩人的感情也在跌跌撞撞中不斷升溫。"
          },
          {
            "content_id": "VOD00180633",
            "time_codes": [
              785000,
              1481000,
              2185000
            ],
            "timecode_duration": [],
            "length": 2649000,
            "asset_id": "vod41798-000030M001",
            "title": "",
            "subtitle": "第30集",
            "ep_number": 30,
            "rating": 1,
            "content_type": "drama",
            "p_start": 1743459300000,
            "vod_channel_description": "心理學教授沈心唯，為人正直，卻受人誣陷失去工作，經濟頓時困窘。白領那娜懷孕後卻遭遇前男友背叛，只能做個堅強的單親媽媽。沈心唯與那娜初次見面便結下了樑子。但在沈心唯主動成為了她的月嫂先生後，二人從針鋒相對到逐漸了解，兩人的感情也在跌跌撞撞中不斷升溫。"
          },
          {
            "content_id": "VOD00180634",
            "time_codes": [
              742000,
              1453000,
              2182000
            ],
            "timecode_duration": [],
            "length": 2653000,
            "asset_id": "vod41798-000031M001",
            "title": "",
            "subtitle": "第31集",
            "ep_number": 31,
            "rating": 1,
            "content_type": "drama",
            "p_start": 1743462300000,
            "vod_channel_description": "心理學教授沈心唯，為人正直，卻受人誣陷失去工作，經濟頓時困窘。白領那娜懷孕後卻遭遇前男友背叛，只能做個堅強的單親媽媽。沈心唯與那娜初次見面便結下了樑子。但在沈心唯主動成為了她的月嫂先生後，二人從針鋒相對到逐漸了解，兩人的感情也在跌跌撞撞中不斷升溫。"
          },
          {
            "content_id": "VOD00180635",
            "time_codes": [
              706000,
              1412000,
              2127000
            ],
            "timecode_duration": [],
            "length": 2649000,
            "asset_id": "vod41798-000032M001",
            "title": "",
            "subtitle": "第32集",
            "ep_number": 32,
            "rating": 1,
            "content_type": "drama",
            "p_start": 1743465300000,
            "vod_channel_description": "心理學教授沈心唯，為人正直，卻受人誣陷失去工作，經濟頓時困窘。白領那娜懷孕後卻遭遇前男友背叛，只能做個堅強的單親媽媽。沈心唯與那娜初次見面便結下了樑子。但在沈心唯主動成為了她的月嫂先生後，二人從針鋒相對到逐漸了解，兩人的感情也在跌跌撞撞中不斷升溫。"
          },
          {
            "content_id": "VOD00180636",
            "time_codes": [
              790000,
              1429000,
              2225000
            ],
            "timecode_duration": [],
            "length": 2631000,
            "asset_id": "vod41798-000033M001",
            "title": "",
            "subtitle": "第33集",
            "ep_number": 33,
            "rating": 1,
            "content_type": "drama",
            "p_start": 1743468300000,
            "vod_channel_description": "心理學教授沈心唯，為人正直，卻受人誣陷失去工作，經濟頓時困窘。白領那娜懷孕後卻遭遇前男友背叛，只能做個堅強的單親媽媽。沈心唯與那娜初次見面便結下了樑子。但在沈心唯主動成為了她的月嫂先生後，二人從針鋒相對到逐漸了解，兩人的感情也在跌跌撞撞中不斷升溫。"
          },
          {
            "content_id": "VOD00180637",
            "time_codes": [
              696000,
              1411000,
              2255000
            ],
            "timecode_duration": [],
            "length": 2649000,
            "asset_id": "vod41798-000034M001",
            "title": "",
            "subtitle": "第34集",
            "ep_number": 34,
            "rating": 1,
            "content_type": "drama",
            "p_start": 1743471000000,
            "vod_channel_description": "心理學教授沈心唯，為人正直，卻受人誣陷失去工作，經濟頓時困窘。白領那娜懷孕後卻遭遇前男友背叛，只能做個堅強的單親媽媽。沈心唯與那娜初次見面便結下了樑子。但在沈心唯主動成為了她的月嫂先生後，二人從針鋒相對到逐漸了解，兩人的感情也在跌跌撞撞中不斷升溫。"
          },
          {
            "content_id": "VOD00180638",
            "time_codes": [
              829000,
              1478000,
              2249000
            ],
            "timecode_duration": [],
            "length": 2631000,
            "asset_id": "vod41798-000035M001",
            "title": "",
            "subtitle": "第35集",
            "ep_number": 35,
            "rating": 1,
            "content_type": "drama",
            "p_start": 1743474000000,
            "vod_channel_description": "心理學教授沈心唯，為人正直，卻受人誣陷失去工作，經濟頓時困窘。白領那娜懷孕後卻遭遇前男友背叛，只能做個堅強的單親媽媽。沈心唯與那娜初次見面便結下了樑子。但在沈心唯主動成為了她的月嫂先生後，二人從針鋒相對到逐漸了解，兩人的感情也在跌跌撞撞中不斷升溫。"
          },
          {
            "content_id": "VOD00180639",
            "time_codes": [
              817000,
              1530000,
              2173000
            ],
            "timecode_duration": [],
            "length": 2655000,
            "asset_id": "vod41798-000036M001",
            "title": "",
            "subtitle": "第36集",
            "ep_number": 36,
            "rating": 1,
            "content_type": "drama",
            "p_start": 1743476700000,
            "vod_channel_description": "心理學教授沈心唯，為人正直，卻受人誣陷失去工作，經濟頓時困窘。白領那娜懷孕後卻遭遇前男友背叛，只能做個堅強的單親媽媽。沈心唯與那娜初次見面便結下了樑子。但在沈心唯主動成為了她的月嫂先生後，二人從針鋒相對到逐漸了解，兩人的感情也在跌跌撞撞中不斷升溫。"
          },
          {
            "content_id": "VOD00180640",
            "time_codes": [
              786000,
              1398000,
              2255000
            ],
            "timecode_duration": [],
            "length": 2651000,
            "asset_id": "vod41798-000037M001",
            "title": "",
            "subtitle": "第37集",
            "ep_number": 37,
            "rating": 1,
            "content_type": "drama",
            "p_start": 1743479700000,
            "vod_channel_description": "心理學教授沈心唯，為人正直，卻受人誣陷失去工作，經濟頓時困窘。白領那娜懷孕後卻遭遇前男友背叛，只能做個堅強的單親媽媽。沈心唯與那娜初次見面便結下了樑子。但在沈心唯主動成為了她的月嫂先生後，二人從針鋒相對到逐漸了解，兩人的感情也在跌跌撞撞中不斷升溫。"
          },
          {
            "content_id": "VOD00180641",
            "time_codes": [
              770000,
              1418000,
              2113000
            ],
            "timecode_duration": [],
            "length": 2629000,
            "asset_id": "vod41798-000038M001",
            "title": "",
            "subtitle": "第38集",
            "ep_number": 38,
            "rating": 1,
            "content_type": "drama",
            "p_start": 1743482700000,
            "vod_channel_description": "心理學教授沈心唯，為人正直，卻受人誣陷失去工作，經濟頓時困窘。白領那娜懷孕後卻遭遇前男友背叛，只能做個堅強的單親媽媽。沈心唯與那娜初次見面便結下了樑子。但在沈心唯主動成為了她的月嫂先生後，二人從針鋒相對到逐漸了解，兩人的感情也在跌跌撞撞中不斷升溫。"
          },
          {
            "content_id": "VOD00180642",
            "time_codes": [
              735000,
              1442000,
              2231000
            ],
            "timecode_duration": [],
            "length": 2661000,
            "asset_id": "vod41798-000039M001",
            "title": "",
            "subtitle": "第39集",
            "ep_number": 39,
            "rating": 1,
            "content_type": "drama",
            "p_start": 1743485400000,
            "vod_channel_description": "心理學教授沈心唯，為人正直，卻受人誣陷失去工作，經濟頓時困窘。白領那娜懷孕後卻遭遇前男友背叛，只能做個堅強的單親媽媽。沈心唯與那娜初次見面便結下了樑子。但在沈心唯主動成為了她的月嫂先生後，二人從針鋒相對到逐漸了解，兩人的感情也在跌跌撞撞中不斷升溫。"
          },
          {
            "content_id": "VOD00180643",
            "time_codes": [
              731000,
              1443000,
              2211000
            ],
            "timecode_duration": [],
            "length": 2639000,
            "asset_id": "vod41798-000040M001",
            "title": "",
            "subtitle": "第40集",
            "ep_number": 40,
            "rating": 1,
            "content_type": "drama",
            "p_start": 1743488400000,
            "vod_channel_description": "心理學教授沈心唯，為人正直，卻受人誣陷失去工作，經濟頓時困窘。白領那娜懷孕後卻遭遇前男友背叛，只能做個堅強的單親媽媽。沈心唯與那娜初次見面便結下了樑子。但在沈心唯主動成為了她的月嫂先生後，二人從針鋒相對到逐漸了解，兩人的感情也在跌跌撞撞中不斷升溫。"
          },
          {
            "content_id": "VOD00180644",
            "time_codes": [
              807000,
              1501000,
              2267000
            ],
            "timecode_duration": [],
            "length": 2653000,
            "asset_id": "vod41798-000041M001",
            "title": "",
            "subtitle": "第41集",
            "ep_number": 41,
            "rating": 1,
            "content_type": "drama",
            "p_start": 1743491100000,
            "vod_channel_description": "心理學教授沈心唯，為人正直，卻受人誣陷失去工作，經濟頓時困窘。白領那娜懷孕後卻遭遇前男友背叛，只能做個堅強的單親媽媽。沈心唯與那娜初次見面便結下了樑子。但在沈心唯主動成為了她的月嫂先生後，二人從針鋒相對到逐漸了解，兩人的感情也在跌跌撞撞中不斷升溫。"
          },
          {
            "content_id": "VOD00180645",
            "time_codes": [
              708000,
              1470000,
              2212000
            ],
            "timecode_duration": [],
            "length": 2641000,
            "asset_id": "vod41798-000042M001",
            "title": "",
            "subtitle": "第42集",
            "ep_number": 42,
            "rating": 1,
            "content_type": "drama",
            "p_start": 1743494100000,
            "vod_channel_description": "心理學教授沈心唯，為人正直，卻受人誣陷失去工作，經濟頓時困窘。白領那娜懷孕後卻遭遇前男友背叛，只能做個堅強的單親媽媽。沈心唯與那娜初次見面便結下了樑子。但在沈心唯主動成為了她的月嫂先生後，二人從針鋒相對到逐漸了解，兩人的感情也在跌跌撞撞中不斷升溫。"
          },
          {
            "content_id": "VOD00180646",
            "time_codes": [
              820000,
              1471000,
              2140000
            ],
            "timecode_duration": [],
            "length": 2641000,
            "asset_id": "vod41798-000043M001",
            "title": "",
            "subtitle": "第43集",
            "ep_number": 43,
            "rating": 1,
            "content_type": "drama",
            "p_start": 1743497100000,
            "vod_channel_description": "心理學教授沈心唯，為人正直，卻受人誣陷失去工作，經濟頓時困窘。白領那娜懷孕後卻遭遇前男友背叛，只能做個堅強的單親媽媽。沈心唯與那娜初次見面便結下了樑子。但在沈心唯主動成為了她的月嫂先生後，二人從針鋒相對到逐漸了解，兩人的感情也在跌跌撞撞中不斷升溫。"
          },
          {
            "content_id": "VOD00180647",
            "time_codes": [
              795000,
              1477000,
              2205000
            ],
            "timecode_duration": [],
            "length": 2664000,
            "asset_id": "vod41798-000044M001",
            "title": "",
            "subtitle": "第44集",
            "ep_number": 44,
            "rating": 1,
            "content_type": "drama",
            "p_start": 1743500100000,
            "vod_channel_description": "心理學教授沈心唯，為人正直，卻受人誣陷失去工作，經濟頓時困窘。白領那娜懷孕後卻遭遇前男友背叛，只能做個堅強的單親媽媽。沈心唯與那娜初次見面便結下了樑子。但在沈心唯主動成為了她的月嫂先生後，二人從針鋒相對到逐漸了解，兩人的感情也在跌跌撞撞中不斷升溫。"
          },
          {
            "content_id": "VOD00180648",
            "time_codes": [
              727000,
              1496000,
              2190000
            ],
            "timecode_duration": [],
            "length": 2721000,
            "asset_id": "vod41798-000045M001",
            "title": "",
            "subtitle": "第45集",
            "ep_number": 45,
            "rating": 1,
            "content_type": "drama",
            "p_start": 1743503100000,
            "vod_channel_description": "心理學教授沈心唯，為人正直，卻受人誣陷失去工作，經濟頓時困窘。白領那娜懷孕後卻遭遇前男友背叛，只能做個堅強的單親媽媽。沈心唯與那娜初次見面便結下了樑子。但在沈心唯主動成為了她的月嫂先生後，二人從針鋒相對到逐漸了解，兩人的感情也在跌跌撞撞中不斷升溫。"
          }
        ],
        "total_length": 119000000,
        "focus_index": 43,
        "next_index": 44,
        "time": 1342497,
        "focus_program": {
          "content_id": "VOD00180647",
          "time_codes": [
            795000,
            1477000,
            2205000
          ],
          "timecode_duration": [],
          "length": 2664000,
          "asset_id": "vod41798-000044M001",
          "title": "",
          "subtitle": "第44集",
          "ep_number": 44,
          "rating": 1,
          "content_type": "drama",
          "p_start": 1743500100000,
          "vod_channel_description": "心理學教授沈心唯，為人正直，卻受人誣陷失去工作，經濟頓時困窘。白領那娜懷孕後卻遭遇前男友背叛，只能做個堅強的單親媽媽。沈心唯與那娜初次見面便結下了樑子。但在沈心唯主動成為了她的月嫂先生後，二人從針鋒相對到逐漸了解，兩人的感情也在跌跌撞撞中不斷升溫。"
        }
      },
      "station_categories": [
        {
          "Name": "戲劇",
          "EngName": "Drama",
          "MenuOrder": 7
        }
      ]
    },
    "introduction": {
      "image": "https://p-cdnstatic.svc.litv.tv/pics/vod_channel/logo_3477_ofiii124_mobile_20240930.png",
      "description": "",
      "href_maps": []
    },
    "recommends": [],
    "ua": "Mozilla/5.0 (Windows NT 10.0; Win64; x64) AppleWebKit/537.36 (KHTML, like Gecko) Chrome/134.0.0.0 Safari/537.36"
  },
  "__N_SSP": true
}