{
  "pageProps": {
    "contentId": "ofiii197",
    "channel": {
      "title": "轉角遇到愛",
      "no": 197,
      "charge_mode": "F",
      "content_id": "ofiii197",
      "content_type": "vod-channel",
      "epg_categories": [
        4
      ],
      "genres": [
        {
          "id": "",
          "name": "VOD_CHANNEL",
          "logo": ""
        }
      ],
      "liad_id": "VODCHNEWOFIWEB",
      "package_info_id": "VOD_CHANNEL_DELUX",
      "picture": "pics/vod_channel/logo_3906_ofiii197_tv_20251028.png",
      "provider": [
        {
          "id": "",
          "name": "靖天",
          "logo": ""
        }
      ],
      "quality": "HD",
      "station_id": "station6840",
      "trial": "",
      "selectable": 1,
      "tr_logo": "pics/vod_channel/tr_logo_1761643616.png",
      "tl_logo": "",
      "br_logo": "",
      "bl_logo": "",
      "menu_type": 1,
      "vod_channel_schedule": {
        "channel_id": 197,
        "cdn_code": "ofiii197",
        "start_time": 1763014335000,
        "programs": [
          {
            "content_id": "VOD00363102",
            "time_codes": [
              703000,
              1416000,
              2183000
            ],
            "timecode_duration": [],
            "length": 2847000,
            "asset_id": "vod77676-000001M001",
            "title": "",
            "subtitle": "第1集",
            "ep_number": 1,
            "rating": 1,
            "content_type": "drama",
            "p_start": 1762042500000,
            "vod_channel_description": "一場轉角的車禍，讓秦朗和心蕾相遇，也使這兩個原本不同世界的人變成了好朋友。心蕾父親的破產使心蕾無家可歸，她拿著父母留給她的錢和機票來到了臺北。心蕾要暫時落腳的地方竟然是秦朗住的房子，但心蕾拿不出房子屬於自己家的證據，只好暫時寄人籬下。"
          },
          {
            "content_id": "VOD00363103",
            "time_codes": [
              748000,
              1385000,
              2162000
            ],
            "timecode_duration": [],
            "length": 2873000,
            "asset_id": "vod77676-000002M001",
            "title": "",
            "subtitle": "第2集",
            "ep_number": 2,
            "rating": 1,
            "content_type": "drama",
            "p_start": 1762045500000,
            "vod_channel_description": "一場轉角的車禍，讓秦朗和心蕾相遇，也使這兩個原本不同世界的人變成了好朋友。心蕾父親的破產使心蕾無家可歸，她拿著父母留給她的錢和機票來到了臺北。心蕾要暫時落腳的地方竟然是秦朗住的房子，但心蕾拿不出房子屬於自己家的證據，只好暫時寄人籬下。"
          },
          {
            "content_id": "VOD00363104",
            "time_codes": [
              720000,
              1421000,
              2142000
            ],
            "timecode_duration": [],
            "length": 2798000,
            "asset_id": "vod77676-000003M001",
            "title": "",
            "subtitle": "第3集",
            "ep_number": 3,
            "rating": 1,
            "content_type": "drama",
            "p_start": 1762048500000,
            "vod_channel_description": "一場轉角的車禍，讓秦朗和心蕾相遇，也使這兩個原本不同世界的人變成了好朋友。心蕾父親的破產使心蕾無家可歸，她拿著父母留給她的錢和機票來到了臺北。心蕾要暫時落腳的地方竟然是秦朗住的房子，但心蕾拿不出房子屬於自己家的證據，只好暫時寄人籬下。"
          },
          {
            "content_id": "VOD00363105",
            "time_codes": [
              720000,
              1383000,
              2223000
            ],
            "timecode_duration": [],
            "length": 2728000,
            "asset_id": "vod77676-000004M001",
            "title": "",
            "subtitle": "第4集",
            "ep_number": 4,
            "rating": 1,
            "content_type": "drama",
            "p_start": 1762051500000,
            "vod_channel_description": "一場轉角的車禍，讓秦朗和心蕾相遇，也使這兩個原本不同世界的人變成了好朋友。心蕾父親的破產使心蕾無家可歸，她拿著父母留給她的錢和機票來到了臺北。心蕾要暫時落腳的地方竟然是秦朗住的房子，但心蕾拿不出房子屬於自己家的證據，只好暫時寄人籬下。"
          },
          {
            "content_id": "VOD00363106",
            "time_codes": [
              726000,
              1412000,
              2154000
            ],
            "timecode_duration": [],
            "length": 2834000,
            "asset_id": "vod77676-000005M001",
            "title": "",
            "subtitle": "第5集",
            "ep_number": 5,
            "rating": 1,
            "content_type": "drama",
            "p_start": 1762054500000,
            "vod_channel_description": "一場轉角的車禍，讓秦朗和心蕾相遇，也使這兩個原本不同世界的人變成了好朋友。心蕾父親的破產使心蕾無家可歸，她拿著父母留給她的錢和機票來到了臺北。心蕾要暫時落腳的地方竟然是秦朗住的房子，但心蕾拿不出房子屬於自己家的證據，只好暫時寄人籬下。"
          },
          {
            "content_id": "VOD00363107",
            "time_codes": [
              656000,
              1453000,
              2169000
            ],
            "timecode_duration": [],
            "length": 2748000,
            "asset_id": "vod77676-000006M001",
            "title": "",
            "subtitle": "第6集",
            "ep_number": 6,
            "rating": 1,
            "content_type": "drama",
            "p_start": 1762057500000,
            "vod_channel_description": "一場轉角的車禍，讓秦朗和心蕾相遇，也使這兩個原本不同世界的人變成了好朋友。心蕾父親的破產使心蕾無家可歸，她拿著父母留給她的錢和機票來到了臺北。心蕾要暫時落腳的地方竟然是秦朗住的房子，但心蕾拿不出房子屬於自己家的證據，只好暫時寄人籬下。"
          },
          {
            "content_id": "VOD00363108",
            "time_codes": [
              678000,
              1430000,
              2215000
            ],
            "timecode_duration": [],
            "length": 2847000,
            "asset_id": "vod77676-000007M001",
            "title": "",
            "subtitle": "第7集",
            "ep_number": 7,
            "rating": 1,
            "content_type": "drama",
            "p_start": 1762060500000,
            "vod_channel_description": "一場轉角的車禍，讓秦朗和心蕾相遇，也使這兩個原本不同世界的人變成了好朋友。心蕾父親的破產使心蕾無家可歸，她拿著父母留給她的錢和機票來到了臺北。心蕾要暫時落腳的地方竟然是秦朗住的房子，但心蕾拿不出房子屬於自己家的證據，只好暫時寄人籬下。"
          },
          {
            "content_id": "VOD00363109",
            "time_codes": [
              687000,
              1436000,
              2169000
            ],
            "timecode_duration": [],
            "length": 2807000,
            "asset_id": "vod77676-000008M001",
            "title": "",
            "subtitle": "第8集",
            "ep_number": 8,
            "rating": 1,
            "content_type": "drama",
            "p_start": 1762063500000,
            "vod_channel_description": "一場轉角的車禍，讓秦朗和心蕾相遇，也使這兩個原本不同世界的人變成了好朋友。心蕾父親的破產使心蕾無家可歸，她拿著父母留給她的錢和機票來到了臺北。心蕾要暫時落腳的地方竟然是秦朗住的房子，但心蕾拿不出房子屬於自己家的證據，只好暫時寄人籬下。"
          },
          {
            "content_id": "VOD00363110",
            "time_codes": [
              697000,
              1430000,
              2156000
            ],
            "timecode_duration": [],
            "length": 2886000,
            "asset_id": "vod77676-000009M001",
            "title": "",
            "subtitle": "第9集",
            "ep_number": 9,
            "rating": 1,
            "content_type": "drama",
            "p_start": 1762066500000,
            "vod_channel_description": "一場轉角的車禍，讓秦朗和心蕾相遇，也使這兩個原本不同世界的人變成了好朋友。心蕾父親的破產使心蕾無家可歸，她拿著父母留給她的錢和機票來到了臺北。心蕾要暫時落腳的地方竟然是秦朗住的房子，但心蕾拿不出房子屬於自己家的證據，只好暫時寄人籬下。"
          },
          {
            "content_id": "VOD00363111",
            "time_codes": [
              687000,
              1462000,
              2103000
            ],
            "timecode_duration": [],
            "length": 2831000,
            "asset_id": "vod77676-000010M001",
            "title": "",
            "subtitle": "第10集",
            "ep_number": 10,
            "rating": 1,
            "content_type": "drama",
            "p_start": 1762069500000,
            "vod_channel_description": "一場轉角的車禍，讓秦朗和心蕾相遇，也使這兩個原本不同世界的人變成了好朋友。心蕾父親的破產使心蕾無家可歸，她拿著父母留給她的錢和機票來到了臺北。心蕾要暫時落腳的地方竟然是秦朗住的房子，但心蕾拿不出房子屬於自己家的證據，只好暫時寄人籬下。"
          },
          {
            "content_id": "VOD00363112",
            "time_codes": [
              741000,
              1470000,
              2119000
            ],
            "timecode_duration": [],
            "length": 2853000,
            "asset_id": "vod77676-000011M001",
            "title": "",
            "subtitle": "第11集",
            "ep_number": 11,
            "rating": 1,
            "content_type": "drama",
            "p_start": 1762072500000,
            "vod_channel_description": "一場轉角的車禍，讓秦朗和心蕾相遇，也使這兩個原本不同世界的人變成了好朋友。心蕾父親的破產使心蕾無家可歸，她拿著父母留給她的錢和機票來到了臺北。心蕾要暫時落腳的地方竟然是秦朗住的房子，但心蕾拿不出房子屬於自己家的證據，只好暫時寄人籬下。"
          },
          {
            "content_id": "VOD00363113",
            "time_codes": [
              692000,
              1376000,
              2116000
            ],
            "timecode_duration": [],
            "length": 2834000,
            "asset_id": "vod77676-000012M001",
            "title": "",
            "subtitle": "第12集",
            "ep_number": 12,
            "rating": 1,
            "content_type": "drama",
            "p_start": 1762075500000,
            "vod_channel_description": "一場轉角的車禍，讓秦朗和心蕾相遇，也使這兩個原本不同世界的人變成了好朋友。心蕾父親的破產使心蕾無家可歸，她拿著父母留給她的錢和機票來到了臺北。心蕾要暫時落腳的地方竟然是秦朗住的房子，但心蕾拿不出房子屬於自己家的證據，只好暫時寄人籬下。"
          },
          {
            "content_id": "VOD00363114",
            "time_codes": [
              733000,
              1490000,
              2158000
            ],
            "timecode_duration": [],
            "length": 2833000,
            "asset_id": "vod77676-000013M001",
            "title": "",
            "subtitle": "第13集",
            "ep_number": 13,
            "rating": 1,
            "content_type": "drama",
            "p_start": 1762078500000,
            "vod_channel_description": "一場轉角的車禍，讓秦朗和心蕾相遇，也使這兩個原本不同世界的人變成了好朋友。心蕾父親的破產使心蕾無家可歸，她拿著父母留給她的錢和機票來到了臺北。心蕾要暫時落腳的地方竟然是秦朗住的房子，但心蕾拿不出房子屬於自己家的證據，只好暫時寄人籬下。"
          },
          {
            "content_id": "VOD00363115",
            "time_codes": [
              735000,
              1428000,
              2212000
            ],
            "timecode_duration": [],
            "length": 2770000,
            "asset_id": "vod77676-000014M001",
            "title": "",
            "subtitle": "第14集",
            "ep_number": 14,
            "rating": 1,
            "content_type": "drama",
            "p_start": 1762081500000,
            "vod_channel_description": "一場轉角的車禍，讓秦朗和心蕾相遇，也使這兩個原本不同世界的人變成了好朋友。心蕾父親的破產使心蕾無家可歸，她拿著父母留給她的錢和機票來到了臺北。心蕾要暫時落腳的地方竟然是秦朗住的房子，但心蕾拿不出房子屬於自己家的證據，只好暫時寄人籬下。"
          },
          {
            "content_id": "VOD00363116",
            "time_codes": [
              747000,
              1454000,
              2167000
            ],
            "timecode_duration": [],
            "length": 2827000,
            "asset_id": "vod77676-000015M001",
            "title": "",
            "subtitle": "第15集",
            "ep_number": 15,
            "rating": 1,
            "content_type": "drama",
            "p_start": 1762084500000,
            "vod_channel_description": "一場轉角的車禍，讓秦朗和心蕾相遇，也使這兩個原本不同世界的人變成了好朋友。心蕾父親的破產使心蕾無家可歸，她拿著父母留給她的錢和機票來到了臺北。心蕾要暫時落腳的地方竟然是秦朗住的房子，但心蕾拿不出房子屬於自己家的證據，只好暫時寄人籬下。"
          },
          {
            "content_id": "VOD00363117",
            "time_codes": [
              693000,
              1401000,
              2221000
            ],
            "timecode_duration": [],
            "length": 2759000,
            "asset_id": "vod77676-000016M001",
            "title": "",
            "subtitle": "第16集",
            "ep_number": 16,
            "rating": 1,
            "content_type": "drama",
            "p_start": 1762087500000,
            "vod_channel_description": "一場轉角的車禍，讓秦朗和心蕾相遇，也使這兩個原本不同世界的人變成了好朋友。心蕾父親的破產使心蕾無家可歸，她拿著父母留給她的錢和機票來到了臺北。心蕾要暫時落腳的地方竟然是秦朗住的房子，但心蕾拿不出房子屬於自己家的證據，只好暫時寄人籬下。"
          },
          {
            "content_id": "VOD00363118",
            "time_codes": [
              702000,
              1454000,
              2190000
            ],
            "timecode_duration": [],
            "length": 2818000,
            "asset_id": "vod77676-000017M001",
            "title": "",
            "subtitle": "第17集",
            "ep_number": 17,
            "rating": 1,
            "content_type": "drama",
            "p_start": 1762090500000,
            "vod_channel_description": "一場轉角的車禍，讓秦朗和心蕾相遇，也使這兩個原本不同世界的人變成了好朋友。心蕾父親的破產使心蕾無家可歸，她拿著父母留給她的錢和機票來到了臺北。心蕾要暫時落腳的地方竟然是秦朗住的房子，但心蕾拿不出房子屬於自己家的證據，只好暫時寄人籬下。"
          },
          {
            "content_id": "VOD00363119",
            "time_codes": [
              694000,
              1406000,
              2170000
            ],
            "timecode_duration": [],
            "length": 2770000,
            "asset_id": "vod77676-000018M001",
            "title": "",
            "subtitle": "第18集",
            "ep_number": 18,
            "rating": 1,
            "content_type": "drama",
            "p_start": 1762093500000,
            "vod_channel_description": "一場轉角的車禍，讓秦朗和心蕾相遇，也使這兩個原本不同世界的人變成了好朋友。心蕾父親的破產使心蕾無家可歸，她拿著父母留給她的錢和機票來到了臺北。心蕾要暫時落腳的地方竟然是秦朗住的房子，但心蕾拿不出房子屬於自己家的證據，只好暫時寄人籬下。"
          },
          {
            "content_id": "VOD00363120",
            "time_codes": [
              723000,
              1455000,
              2157000
            ],
            "timecode_duration": [],
            "length": 2783000,
            "asset_id": "vod77676-000019M001",
            "title": "",
            "subtitle": "第19集",
            "ep_number": 19,
            "rating": 1,
            "content_type": "drama",
            "p_start": 1762096500000,
            "vod_channel_description": "一場轉角的車禍，讓秦朗和心蕾相遇，也使這兩個原本不同世界的人變成了好朋友。心蕾父親的破產使心蕾無家可歸，她拿著父母留給她的錢和機票來到了臺北。心蕾要暫時落腳的地方竟然是秦朗住的房子，但心蕾拿不出房子屬於自己家的證據，只好暫時寄人籬下。"
          },
          {
            "content_id": "VOD00363121",
            "time_codes": [
              758000,
              1498000,
              2125000
            ],
            "timecode_duration": [],
            "length": 2823000,
            "asset_id": "vod77676-000020M001",
            "title": "",
            "subtitle": "第20集",
            "ep_number": 20,
            "rating": 1,
            "content_type": "drama",
            "p_start": 1762099500000,
            "vod_channel_description": "一場轉角的車禍，讓秦朗和心蕾相遇，也使這兩個原本不同世界的人變成了好朋友。心蕾父親的破產使心蕾無家可歸，她拿著父母留給她的錢和機票來到了臺北。心蕾要暫時落腳的地方竟然是秦朗住的房子，但心蕾拿不出房子屬於自己家的證據，只好暫時寄人籬下。"
          },
          {
            "content_id": "VOD00363122",
            "time_codes": [
              778000,
              1441000,
              2204000
            ],
            "timecode_duration": [],
            "length": 2738000,
            "asset_id": "vod77676-000021M001",
            "title": "",
            "subtitle": "第21集",
            "ep_number": 21,
            "rating": 1,
            "content_type": "drama",
            "p_start": 1762102500000,
            "vod_channel_description": "一場轉角的車禍，讓秦朗和心蕾相遇，也使這兩個原本不同世界的人變成了好朋友。心蕾父親的破產使心蕾無家可歸，她拿著父母留給她的錢和機票來到了臺北。心蕾要暫時落腳的地方竟然是秦朗住的房子，但心蕾拿不出房子屬於自己家的證據，只好暫時寄人籬下。"
          },
          {
            "content_id": "VOD00363123",
            "time_codes": [
              716000,
              1405000,
              2181000
            ],
            "timecode_duration": [],
            "length": 2848000,
            "asset_id": "vod77676-000022M001",
            "title": "",
            "subtitle": "第22集",
            "ep_number": 22,
            "rating": 1,
            "content_type": "drama",
            "p_start": 1762105500000,
            "vod_channel_description": "一場轉角的車禍，讓秦朗和心蕾相遇，也使這兩個原本不同世界的人變成了好朋友。心蕾父親的破產使心蕾無家可歸，她拿著父母留給她的錢和機票來到了臺北。心蕾要暫時落腳的地方竟然是秦朗住的房子，但心蕾拿不出房子屬於自己家的證據，只好暫時寄人籬下。"
          },
          {
            "content_id": "VOD00363124",
            "time_codes": [
              713000,
              1416000,
              2102000
            ],
            "timecode_duration": [],
            "length": 2934000,
            "asset_id": "vod77676-000023M001",
            "title": "",
            "subtitle": "第23集",
            "ep_number": 23,
            "rating": 1,
            "content_type": "drama",
            "p_start": 1762108500000,
            "vod_channel_description": "一場轉角的車禍，讓秦朗和心蕾相遇，也使這兩個原本不同世界的人變成了好朋友。心蕾父親的破產使心蕾無家可歸，她拿著父母留給她的錢和機票來到了臺北。心蕾要暫時落腳的地方竟然是秦朗住的房子，但心蕾拿不出房子屬於自己家的證據，只好暫時寄人籬下。"
          }
        ],
        "total_length": 64789000,
        "focus_index": 22,
        "next_index": 0,
        "time": 2669623,
        "focus_program": {
          "content_id": "VOD00363124",
          "time_codes": [
            713000,
            1416000,
            2102000
          ],
          "timecode_duration": [],
          "length": 2934000,
          "asset_id": "vod77676-000023M001",
          "title": "",
          "subtitle": "第23集",
          "ep_number": 23,
          "rating": 1,
          "content_type": "drama",
          "p_start": 1762108500000,
          "vod_channel_description": "一場轉角的車禍，讓秦朗和心蕾相遇，也使這兩個原本不同世界的人變成了好朋友。心蕾父親的破產使心蕾無家可歸，她拿著父母留給她的錢和機票來到了臺北。心蕾要暫時落腳的地方竟然是秦朗住的房子，但心蕾拿不出房子屬於自己家的證據，只好暫時寄人籬下。"
        }
      },
      "station_categories": [
        {
          "Name": "戲劇",
          "EngName": "Drama",
          "MenuOrder": 7
        }
      ]
    },
    "introduction": null,
    "recommends": null,
    "ua": "Mozilla/5.0 (Windows NT 10.0; Win64; x64) AppleWebKit/537.36 (KHTML, like Gecko) Chrome/134.0.0.0 Safari/537.36"
  },
  "__N_SSP": true
}