{
  "pageProps": {
    "contentId": "ofiii164",
    "channel": {
      "title": "刀劍神域(中文版)",
      "no": 164,
      "charge_mode": "F",
      "content_id": "ofiii164",
      "content_type": "vod-channel",
      "epg_categories": [
        109
      ],
      "genres": [
        {
          "id": "",
          "name": "VOD_CHANNEL",
          "logo": ""
        }
      ],
      "liad_id": "VODCHNEWOFIWEB",
      "package_info_id": "VOD_CHANNEL_DELUX",
      "picture": "pics/vod_channel/logo_3267_ofiii164_tv_20250221.png",
      "provider": [
        {
          "id": "",
          "name": "木棉花",
          "logo": ""
        }
      ],
      "quality": "HD",
      "station_id": "station6201",
      "trial": "",
      "selectable": 1,
      "tr_logo": "pics/vod_channel/tr_logo_1709280504.png",
      "tl_logo": "",
      "br_logo": "",
      "bl_logo": "",
      "menu_type": 0,
      "vod_channel_schedule": {
        "channel_id": 164,
        "cdn_code": "ofiii164",
        "start_time": 1762698000000,
        "programs": [
          {
            "content_id": "VOD00022164",
            "time_codes": [
              663000
            ],
            "timecode_duration": [],
            "length": 1420000,
            "asset_id": "vod8684-010001M001",
            "title": "",
            "subtitle": "第1季第1集 劍的世界",
            "ep_number": 1,
            "rating": 2,
            "content_type": "comic",
            "p_start": 1762698000000,
            "vod_channel_description": "2022年開發出次世代主機『NERvGear』，人類終於將虛擬實境完全實現。而虛擬遊戲『Sword Art Online(SAO)』受到世界矚目。當遊戲正式開放後，SAO的開發者茅場晶彥卻向所有玩家宣布：「這款遊戲在破關前無法登出，玩家於遊戲內死亡也等同於現實肉體的死亡。」"
          },
          {
            "content_id": "VOD00022165",
            "time_codes": [
              679000
            ],
            "timecode_duration": [],
            "length": 1418000,
            "asset_id": "vod8684-010002M001",
            "title": "",
            "subtitle": "第1季第2集 封弊者",
            "ep_number": 2,
            "rating": 2,
            "content_type": "comic",
            "p_start": 1762699500000,
            "vod_channel_description": "死亡遊戲被迫開始後經過一個月，至少有兩千名左右玩家死亡。桐人運用在封測時期的經驗單獨挑戰迷宮，卻不得不面臨各種致命般的苦戰。總層數100層的艾恩葛朗特，連第一層都還無法突破的桐人等人，出現一位號稱發現第一層BOSS房間的男人，並打算召開BOSS攻略會議。"
          },
          {
            "content_id": "VOD00022166",
            "time_codes": [
              686000
            ],
            "timecode_duration": [],
            "length": 1422000,
            "asset_id": "vod8684-010003M001",
            "title": "",
            "subtitle": "第1季第3集 紅鼻子馴鹿",
            "ep_number": 3,
            "rating": 2,
            "content_type": "comic",
            "p_start": 1762701000000,
            "vod_channel_description": "桐人解救了被怪物攻擊的工會『月夜的黑貓團』。現實世界也互相為朋友的黑貓團溫暖芬圍深深吸引著桐人，他隱瞞自己是封弊者，成為黑貓團的一員。由於桐人的幫助，弱小工會的黑貓團急速成長，幾乎可以追上於最前線戰鬥的攻略組。但在某一晚，工會中唯一的女孩突然消失…"
          },
          {
            "content_id": "VOD00022167",
            "time_codes": [
              731000
            ],
            "timecode_duration": [],
            "length": 1418000,
            "asset_id": "vod8684-010004M001",
            "title": "",
            "subtitle": "第1季第4集 黑色劍士",
            "ep_number": 4,
            "rating": 2,
            "content_type": "comic",
            "p_start": 1762702500000,
            "vod_channel_description": "和隊伍夥伴吵架並擅自離開的訓獸師少女西莉卡在森林迷路，並遭到怪物襲擊。偶然經過的桐人雖然救了西莉卡一命，使魔畢娜卻死亡了。桐人告訴因失去重要的同伴、淚眼汪汪的西莉卡如何復活使魔，並願意不求回報幫助她。疑惑著為何要幫助自己的西莉卡詢問桐人原因，得到的回答卻令人意外…"
          },
          {
            "content_id": "VOD00022168",
            "time_codes": [
              679000
            ],
            "timecode_duration": [],
            "length": 1419000,
            "asset_id": "vod8684-010005M001",
            "title": "",
            "subtitle": "第1季第5集 圈內事件",
            "ep_number": 5,
            "rating": 2,
            "content_type": "comic",
            "p_start": 1762704000000,
            "vod_channel_description": "2024年4月，亞絲娜以SAO最強工會『血盟騎士團』副團長身分，站於最前線，並進行至第59層攻略。此時，發生了怪物無法入侵城內的『圈內』殺人事件。目擊者的悲鳴驅使桐人和亞絲娜前往現場調查，發現此事件並非PK決鬥造成的。擔心出現未知PK技能的亞絲娜決定和桐人一起調查事件。"
          },
          {
            "content_id": "VOD00022169",
            "time_codes": [
              777000
            ],
            "timecode_duration": [],
            "length": 1418000,
            "asset_id": "vod8684-010006M001",
            "title": "",
            "subtitle": "第1季第6集 幻影復仇者",
            "ep_number": 6,
            "rating": 2,
            "content_type": "comic",
            "p_start": 1762705500000,
            "vod_channel_description": "正當桐人和亞絲娜探究系統不可能出現的圈內殺人事件時，新的被害者遭殺害事件活生生的在兩人面前發生。凱因茲等被害者共通點皆為已解散的工會『金蘋果』的成員。前『金蘋果』成員舒密特認為，這是以前的工會已死亡的會長葛莉塞達的幽靈所進行的復仇。到底這個電腦世界真的存在幽靈嗎？"
          },
          {
            "content_id": "VOD00022170",
            "time_codes": [
              768000
            ],
            "timecode_duration": [],
            "length": 1418000,
            "asset_id": "vod8684-010007M001",
            "title": "",
            "subtitle": "第1季第7集 心的溫度",
            "ep_number": 7,
            "rating": 2,
            "content_type": "comic",
            "p_start": 1762707000000,
            "vod_channel_description": "鐵匠莉茲貝特所經營的武器店來了一位不在乎預算，只希望能造出最強之劍的客人。為了作為打造新劍參考，拿出稀有魔劍的客人正是桐人。對自己的手腕非常有自信的莉茲貝特拿出自己當下製造出的最強之劍，讓桐人測試劍的耐久力卻不慎被折斷..."
          },
          {
            "content_id": "VOD00022171",
            "time_codes": [
              707000
            ],
            "timecode_duration": [],
            "length": 1419000,
            "asset_id": "vod8684-010008M001",
            "title": "",
            "subtitle": "第1季第8集 黑與白的劍舞",
            "ep_number": 8,
            "rating": 2,
            "content_type": "comic",
            "p_start": 1762708500000,
            "vod_channel_description": "2024年10月，在最前線攻略完第74層後返家的桐人，恰巧入手了S級稀有食材『雜燴兔肉塊』。但是，沒有料理技能的桐人無法料理稀有食材。毫無辦法地只好去艾基爾的店裡打算賣出時，桐人在店裡見到亞絲娜。桐人請求料理技能完善的亞絲娜調理食材，而亞絲娜澤提出交換條件..."
          },
          {
            "content_id": "VOD00022172",
            "time_codes": [
              682000
            ],
            "timecode_duration": [],
            "length": 1418000,
            "asset_id": "vod8684-010009M001",
            "title": "",
            "subtitle": "第1季第9集 青眼惡魔",
            "ep_number": 9,
            "rating": 2,
            "content_type": "comic",
            "p_start": 1762710000000,
            "vod_channel_description": "和亞絲娜組隊的桐人突破第74層迷宮，發現了BOSS的房間。為了得到攻略情報，兩人瞥見強大的BOSS後隨即撤退，並在安全區域內見到SAO人數眾多的工會『軍隊』，為了回應率領軍隊的柯巴茲的要求，桐人提供BOSS房間的情報給他。同時警告他們不要貿然挑戰BOSS，但柯巴茲並未聽勸…"
          },
          {
            "content_id": "VOD00022173",
            "time_codes": [
              773000
            ],
            "timecode_duration": [],
            "length": 1418000,
            "asset_id": "vod8684-010010M001",
            "title": "",
            "subtitle": "第1季第10集 紅色殺意",
            "ep_number": 10,
            "rating": 2,
            "content_type": "comic",
            "p_start": 1762711500000,
            "vod_channel_description": "亞絲娜打算暫時遠離血盟騎士團，桐人賭上亞絲娜的自由，決定和艾恩葛朗特中號稱最強的男人，血盟騎士團團長西茲克利夫決鬥。親身體會過團長的強悍的亞絲娜向桐人提出忠告，桐人則笑著表示不會這麼簡單就戰敗。在廣大觀眾注視之下，希茲克莉夫和桐人一對一決鬥揭開序幕…"
          },
          {
            "content_id": "VOD00022174",
            "time_codes": [
              693000
            ],
            "timecode_duration": [],
            "length": 1418000,
            "asset_id": "vod8684-010011M001",
            "title": "",
            "subtitle": "第1季第11集 朝露之少女",
            "ep_number": 11,
            "rating": 2,
            "content_type": "comic",
            "p_start": 1762713000000,
            "vod_channel_description": "由於克拉帝爾的事件，讓桐人和亞絲娜的羈絆更加深刻，兩人決定結婚。亞絲娜暫時退出血盟騎士團，和桐人一同在第22層的湖畔旁的木屋中生活。他們遠離戰鬥的喧囂，過著寫意舒適的生活。有一天，因為幽靈傳聞而前往森林探查的兩人，在陰暗的森林中找到一位少女，而少女似乎失去記憶…"
          },
          {
            "content_id": "VOD00022175",
            "time_codes": [
              717000
            ],
            "timecode_duration": [],
            "length": 1420000,
            "asset_id": "vod8684-010012M001",
            "title": "",
            "subtitle": "第1季第12集 結衣的心",
            "ep_number": 12,
            "rating": 2,
            "content_type": "comic",
            "p_start": 1762714500000,
            "vod_channel_description": "為了尋找結衣的監護人，桐人和亞絲娜前往『起始之鎮』，並且得知軍隊管理者辛卡被丟置在迷宮深處，決定一同救出辛卡。桐人和亞絲娜便與委託者由莉耶兒以及吵鬧著要跟隨而來的結衣，四人潛入第一層的地下迷宮。他們在安全區域發現了正在避難的辛卡，卻未能預料到在前方有著強大的敵人等著…"
          },
          {
            "content_id": "VOD00022176",
            "time_codes": [
              772000
            ],
            "timecode_duration": [],
            "length": 1418000,
            "asset_id": "vod8684-010013M001",
            "title": "",
            "subtitle": "第1季第13集 地獄深淵",
            "ep_number": 13,
            "rating": 2,
            "content_type": "comic",
            "p_start": 1762716000000,
            "vod_channel_description": "在湖畔釣魚的桐人被年長的玩家西田關注。與將釣魚作為興趣的西田意氣相投的桐人，決定幫忙釣起湖之主人。經常在最前線戰鬥的桐人和亞絲娜藉由認識了西田，感受到許多的普通玩家正在努力的適應SAO世界。深為頂尖玩家的兩人深感自己背負的責任時，桐人收到一封留言…"
          },
          {
            "content_id": "VOD00022177",
            "time_codes": [
              692000
            ],
            "timecode_duration": [],
            "length": 1418000,
            "asset_id": "vod8684-010014M001",
            "title": "",
            "subtitle": "第1季第14集 世界的終焉",
            "ep_number": 14,
            "rating": 2,
            "content_type": "comic",
            "p_start": 1762717500000,
            "vod_channel_description": "2024年11月，第75層的BOSS攻略戰比想像中還要慘烈。在轉移水晶無法使用的空間中，經歷百戰的玩家們一個個喪命。雖然眾人費盡千辛萬苦擊破BOSS，攻略組的大家卻因為過重的犧牲而面有難色。而希茲克利夫正靜靜地看著失落的玩家們。"
          },
          {
            "content_id": "VOD00022178",
            "time_codes": [
              770000
            ],
            "timecode_duration": [],
            "length": 1420000,
            "asset_id": "vod8684-010015M001",
            "title": "",
            "subtitle": "第1季第15集 歸還",
            "ep_number": 15,
            "rating": 2,
            "content_type": "comic",
            "p_start": 1762719000000,
            "vod_channel_description": "歷經與希茲克利夫的死鬥，桐人，也就是桐谷和人回到了現實世界。同時卻有自死亡遊戲殘存下來，包含亞絲娜在內的生還者並未恢復意識，深深的沉睡著。自此2個月後，前往結城明日奈的病房探望她的和人，遇到了明日奈的父親彰三，以及彰三的部下須鄉伸之。和人得知昏睡狀態的明日奈將於一週後與須鄉結婚…"
          },
          {
            "content_id": "VOD00022179",
            "time_codes": [
              760000
            ],
            "timecode_duration": [],
            "length": 1420000,
            "asset_id": "vod8684-010016M001",
            "title": "",
            "subtitle": "第1季第16集 妖精的國度",
            "ep_number": 16,
            "rating": 2,
            "content_type": "comic",
            "p_start": 1762720500000,
            "vod_channel_description": "前往艾基爾的店面的和人，滿腦子都是艾基爾拿出的VRMMORPG遊戲『Alfheim Online』中拍到的影像截圖。影像中拍到的女性神似亞絲娜。而ALO遊戲的開發公司更是須鄉所屬的遊戲公司，和人確定亞絲娜被困在遊戲中。和人馬上登入ALO進入遊戲，沒想到..."
          },
          {
            "content_id": "VOD00022180",
            "time_codes": [
              738000
            ],
            "timecode_duration": [],
            "length": 1420000,
            "asset_id": "vod8684-010017M001",
            "title": "",
            "subtitle": "第1季第17集 被囚禁的女王",
            "ep_number": 17,
            "rating": 2,
            "content_type": "comic",
            "p_start": 1762722000000,
            "vod_channel_description": "風精靈莉法遭到正在狩獵玩家的火精靈攻擊，並且被守護精靈的桐人所救。帶著化為導航精靈的結衣的桐人雖然攻擊技巧高明，卻對ALO世界一無所知。莉法為了感謝桐人的救助，決定帶著桐人前往風精靈首都－－司伊魯班。"
          },
          {
            "content_id": "VOD00022181",
            "time_codes": [
              762000
            ],
            "timecode_duration": [],
            "length": 1420000,
            "asset_id": "vod8684-010018M001",
            "title": "",
            "subtitle": "第1季第18集 前往世界樹",
            "ep_number": 18,
            "rating": 2,
            "content_type": "comic",
            "p_start": 1762723500000,
            "vod_channel_description": "莉法決定陪著桐人一同前往位於阿爾普海姆中心的『世界樹』。但是，決定離開斯伊魯班，展開旅行的莉法先前的組隊同伴西格魯特阻擋在前。西格魯特不停的貶低桐人，痛恨被束縛的莉法盛怒之下便宣稱要和桐人組隊。一方面，被囚禁在世界樹頂端的亞斯娜，無法得知桐人的生死與否，拼命忍耐著自己的恐懼..."
          },
          {
            "content_id": "VOD00022182",
            "time_codes": [
              724000
            ],
            "timecode_duration": [],
            "length": 1420000,
            "asset_id": "vod8684-010019M001",
            "title": "",
            "subtitle": "第1季第19集 魯古魯迴廊",
            "ep_number": 19,
            "rating": 2,
            "content_type": "comic",
            "p_start": 1762725000000,
            "vod_channel_description": "以世界樹為目標的桐人等人進入了巨大洞窟『魯古魯迴廊』時，莉法收到一封從友人雷根寄來的留言。留言內容急促地警告莉法將有事發生，在此同時，火精靈的部隊也開始接近桐人等人。被敵人追趕，不得不與之戰鬥的桐人請求莉法幫忙恢復HP，單身影支深入敵陣。但是，敵人以萬全姿態準備好對付桐人..."
          },
          {
            "content_id": "VOD00022183",
            "time_codes": [
              742000
            ],
            "timecode_duration": [],
            "length": 1420000,
            "asset_id": "vod8684-010020M001",
            "title": "",
            "subtitle": "第1季第20集 猛炎之將",
            "ep_number": 20,
            "rating": 2,
            "content_type": "comic",
            "p_start": 1762726500000,
            "vod_channel_description": "為了攻略最終任務，風精靈與貓妖私下召開領主會議，卻因為內部有人通風報信，使他們遭到火精靈大軍襲擊。在絕望危機下，桐人趕在雙方開戰前一刻自稱水精靈，是守護精靈同盟大使，要求火精靈停戰。面對桐人如此天大的謊言，火精靈的指揮官－－尤金將軍提出某個交換條件…"
          },
          {
            "content_id": "VOD00022184",
            "time_codes": [
              715000
            ],
            "timecode_duration": [],
            "length": 1420000,
            "asset_id": "vod8684-010021M001",
            "title": "",
            "subtitle": "第1季第21集 ALO的真相",
            "ep_number": 21,
            "rating": 2,
            "content_type": "comic",
            "p_start": 1762728000000,
            "vod_channel_description": "終於抵達世界樹根部最大的都市『央都 阿魯恩』。但是，由於系統定期維護的關係，桐人和莉法決定隔天再繼續上線攻略。一方面，現實世界中，和人的妹妹－直葉正煩惱著自己對哥哥淡淡的思念。為了正視自己的心情，直葉決定請求哥哥帶她一起去見病房中的明日奈。"
          },
          {
            "content_id": "VOD00022185",
            "time_codes": [
              759000
            ],
            "timecode_duration": [],
            "length": 1420000,
            "asset_id": "vod8684-010022M001",
            "title": "",
            "subtitle": "第1季第22集 主線任務",
            "ep_number": 22,
            "rating": 2,
            "content_type": "comic",
            "p_start": 1762729500000,
            "vod_channel_description": "結衣感覺到亞絲娜的ID資料，告知桐人亞絲娜的位置就在世界樹的正上方時，桐人頭也不回的打算展翅飛上頂端，卻因為系統設立的障壁阻礙，使他連最下方的樹枝都無法到達。此外，亞絲娜發現桐人等人的存在，她懷抱希望地將某個道具空投而下。決定奪回亞絲娜的桐人也決定挑戰往世界樹頂端唯一的道路..."
          },
          {
            "content_id": "VOD00022186",
            "time_codes": [
              734000
            ],
            "timecode_duration": [],
            "length": 1420000,
            "asset_id": "vod8684-010023M001",
            "title": "",
            "subtitle": "第1季第23集 羈絆",
            "ep_number": 23,
            "rating": 2,
            "content_type": "comic",
            "p_start": 1762731000000,
            "vod_channel_description": "發現莉法真實身分為直葉的和人大為震驚，同時也知道直葉不為人知的思念，了解自己無意識的行為深深傷害了妹妹後，他不知所措。即使如此，和人依然告訴直葉自己將會在『央都 阿魯恩』等著她，並再度登入ALO。直葉和和人都對於自己傷害了對方而愧疚不已，直葉雖然再次登入ALO，卻沒有勇氣見和人…"
          },
          {
            "content_id": "VOD00022187",
            "time_codes": [
              669000
            ],
            "timecode_duration": [],
            "length": 1420000,
            "asset_id": "vod8684-010024M001",
            "title": "",
            "subtitle": "第1季第24集 鍍金的勇者",
            "ep_number": 24,
            "rating": 2,
            "content_type": "comic",
            "p_start": 1762732500000,
            "vod_channel_description": "藉由風精靈和貓妖的協助，桐人終於突破了最終任務。桐人和結衣一同抵達世界樹的頂端，終於與亞絲娜再次相會。桐人雖然想馬上和亞絲娜回到現實世界，結衣卻發現亞絲娜被複雜的密碼拘束著，登出需要藉由系統控制台才能成功。為時已晚，須鄉，也就是奧伯龍的魔手已開始襲擊桐人等人。"
          },
          {
            "content_id": "VOD00022188",
            "time_codes": [
              758000
            ],
            "timecode_duration": [],
            "length": 1514000,
            "asset_id": "vod8684-010025M001",
            "title": "",
            "subtitle": "第1季第25集 世界的種子(完)",
            "ep_number": 25,
            "rating": 2,
            "content_type": "comic",
            "p_start": 1762734000000,
            "vod_channel_description": "和奧伯龍分出勝負之後，桐人發誓將在現實世界與亞絲娜再會，並登出了ALO。一回到現實世界便馬上趕去明日奈的醫院的和人，卻撞見了在醫院門口等著他的須鄉。因為憎恨與劇痛而面目歪斜的須鄉為了復仇，將刀握在手中襲擊桐人。第一次在現實世界面臨死亡危機的和人，無能為力的縮起身體…"
          },
          {
            "content_id": "VOD00021753",
            "time_codes": [
              662000
            ],
            "timecode_duration": [],
            "length": 6060000,
            "asset_id": "vod8684-019001M001",
            "title": "",
            "subtitle": "特別篇",
            "ep_number": 9001,
            "rating": 2,
            "content_type": "comic",
            "p_start": 1762735800000,
            "vod_channel_description": "季節來到了夏日，為了實現女兒想要看鯨魚的願望，訂立了各種水中挑戰計畫的桐人一行人…沒想到意外地發現了運動萬能的莉法…直葉的弱點。以亞斯娜為首的劇中女性們，為了幫直葉做游泳特訓，聚集到<現實世界>的游泳池畔...而此時，桐人見到了某位人士…。"
          },
          {
            "content_id": "VOD00040780",
            "time_codes": [
              887000
            ],
            "timecode_duration": [],
            "length": 1443000,
            "asset_id": "vod8684-020001M001",
            "title": "",
            "subtitle": "第2季第1集 槍的世界",
            "ep_number": 1,
            "rating": 2,
            "content_type": "comic",
            "p_start": 1762742100000,
            "vod_channel_description": "回到現實世界快要滿一年，兩人談論著現實與虛擬世界的不同。同時，熱門擬真線上遊戲Gun Gail Online中，卻發生了有人在遊戲裡受到槍擊，在現實中也同時心臟衰竭的奇特案件，並且類似的案件有二件。政府假想課找上了桐人，希望他能潛入Gun Gail Online與兇手接觸...。"
          },
          {
            "content_id": "VOD00040781",
            "time_codes": [
              701000
            ],
            "timecode_duration": [],
            "length": 1443000,
            "asset_id": "vod8684-020002M001",
            "title": "",
            "subtitle": "第2季第2集 冰之狙擊手",
            "ep_number": 2,
            "rating": 2,
            "content_type": "comic",
            "p_start": 1762743900000,
            "vod_channel_description": "配置著大型狙擊槍黑卡蒂II而活躍於GGO世界的中的狙擊手少女詩音。與她所屬的對人集團進行偷襲行動時，對第二目標的巨漢卻是行動失敗收場。同時，該名巨漢在披風下的真面目，居然是一把迷你砲機槍。它壓倒性的火力，讓情勢一下子逆轉。面對心生退意的隊友們，一心追求挑戰強者的詩音將會...。"
          },
          {
            "content_id": "VOD00040782",
            "time_codes": [
              665000
            ],
            "timecode_duration": [],
            "length": 1442000,
            "asset_id": "vod8684-020003M001",
            "title": "",
            "subtitle": "第2季第3集 鮮血的記憶",
            "ep_number": 3,
            "rating": 2,
            "content_type": "comic",
            "p_start": 1762745700000,
            "vod_channel_description": "以詩音這個角色在玩擬真遊戲的，是一個名為朝田詩乃的女高中生。她獨自一人住在公寓裡，每天通勤去學校上課。詩乃只要看到會讓她聯想到槍的東西，就會陷入恐慌，而其原因在於她小時候的某一段記憶。"
          },
          {
            "content_id": "VOD00040783",
            "time_codes": [
              660000
            ],
            "timecode_duration": [],
            "length": 1431000,
            "asset_id": "vod8684-020004M001",
            "title": "",
            "subtitle": "第2季第4集 GGO",
            "ep_number": 4,
            "rating": 2,
            "content_type": "comic",
            "p_start": 1762747500000,
            "vod_channel_description": "為了調查在虛擬世界殺人而現實世界的人類也跟著死亡的「死槍案」，高中生玩家桐人登入了GGO。他首先邁開步伐前往總統府，但卻因為迷路而向偶然遇到的詩音問路。詩音因為桐人的角色外貌而誤以為他是女孩子，所以答應帶他去總統府，並帶他去大賣場選購裝備武器。"
          },
          {
            "content_id": "VOD00040784",
            "time_codes": [
              682000
            ],
            "timecode_duration": [],
            "length": 1430000,
            "asset_id": "vod8684-020005M001",
            "title": "",
            "subtitle": "第2季第5集 槍與劍",
            "ep_number": 5,
            "rating": 2,
            "content_type": "comic",
            "p_start": 1762749000000,
            "vod_channel_description": "桐人與詩音一起到了總統府，報名參加能贏得這遊戲「最強」稱號的比賽『Bullet of Bullets』。這一切都是為了出名，讓死槍盯上他。首先，在換衣服準備參加預賽的時候，桐人自我介紹，讓詩音知道他是男的，結果被華麗的打了一巴掌。"
          },
          {
            "content_id": "VOD00040785",
            "time_codes": [
              749000
            ],
            "timecode_duration": [],
            "length": 1431000,
            "asset_id": "vod8684-020006M001",
            "title": "",
            "subtitle": "第2季第6集 曠野的決鬥",
            "ep_number": 6,
            "rating": 2,
            "content_type": "comic",
            "p_start": 1762750500000,
            "vod_channel_description": "桐人在預賽的第一輪獲得勝利，回到休息區待命，卻遇到了一個奇怪的玩家。藉由那人手上的印記，桐人發現他應該是虛擬遊戲刀劍神域Online(SAO)事件的生還者，也是殺人工會的一員。這件事讓桐人陷入思考當中，不久之後他便察覺，剛剛那個玩家的聲音，跟記錄中的死槍的聲音一樣。"
          },
          {
            "content_id": "VOD00040786",
            "time_codes": [
              678000
            ],
            "timecode_duration": [],
            "length": 1431000,
            "asset_id": "vod8684-020007M001",
            "title": "",
            "subtitle": "第2季第7集 鮮血的記憶",
            "ep_number": 7,
            "rating": 2,
            "content_type": "comic",
            "p_start": 1762752000000,
            "vod_channel_description": "披著斗篷的男人是SAO的生還者，搞不好還曾經交過手。桐人這麼想著，陷入了煩惱當中，他的妹妹直葉非常擔心他。而桐人的事情讓詩乃感到很焦燥，她對著恭二咒罵桐人，並發誓要在這次的比賽中打倒他。然而，恭二卻對詩音在遊戲中冷酷戰鬥的模樣抱有好感，並覺得像這樣發著脾氣的詩乃，不像平常的她。"
          },
          {
            "content_id": "VOD00040787",
            "time_codes": [
              678000
            ],
            "timecode_duration": [],
            "length": 1442000,
            "asset_id": "vod8684-020008M001",
            "title": "",
            "subtitle": "第2季第8集 Bullet of Bullets",
            "ep_number": 8,
            "rating": 2,
            "content_type": "comic",
            "p_start": 1762753500000,
            "vod_channel_description": "桐人認為「死槍」和穿破爛斗篷的男人會參加BOB的正式比賽，所以他在比賽開始之前和詩音交換情報。詩音感覺到他應該有隱瞞一些內情，所以便逼問他事情的原由，最後終於知道他是SAO的生還者。正式比賽終於揭開序幕，以一個直徑十公里的廣大戰鬥場地為舞台，三十名玩家之間展開了一場大混戰。"
          },
          {
            "content_id": "VOD00040788",
            "time_codes": [
              768000
            ],
            "timecode_duration": [],
            "length": 1431000,
            "asset_id": "vod8684-020009M001",
            "title": "",
            "subtitle": "第2季第9集 死槍",
            "ep_number": 9,
            "rating": 2,
            "content_type": "comic",
            "p_start": 1762755300000,
            "vod_channel_description": "Pale Rider被穿破斗篷的男人開了一槍之後，雖然還有剩下HP，卻還是消滅了。穿破斗篷的男人宣稱自己是死槍，並說自己將會帶來真正的死亡。亞絲娜等人在從網路轉播裡觀看BOB，發現死槍是微笑棺木的幹部，感到非常震驚。另一方面，為了防止更多人被害，桐人和詩音兩人互相合作追補死槍。"
          },
          {
            "content_id": "VOD00040789",
            "time_codes": [
              688000
            ],
            "timecode_duration": [],
            "length": 1431000,
            "asset_id": "vod8684-020010M001",
            "title": "",
            "subtitle": "第2季第10集 死亡的追擊者",
            "ep_number": 10,
            "rating": 2,
            "content_type": "comic",
            "p_start": 1762756800000,
            "vod_channel_description": "詩音受到死槍的突襲，被逼到走投無路。死槍所使用的手槍黑星五四式恰巧與被詩音射殺的搶匪所使用的相同。詩音受到案件的回憶衝擊，茫然失去了自我，為了讓桐人認真以對，死槍打算殺了她。但在死槍扣下板機的前一刻，桐人及時趕到。桐人想要帶著失去戰意的詩音逃走，但卻在死槍的追擊下，陷入了絕境。"
          },
          {
            "content_id": "VOD00040790",
            "time_codes": [
              733000
            ],
            "timecode_duration": [],
            "length": 1442000,
            "asset_id": "vod8684-020011M001",
            "title": "",
            "subtitle": "第2季第11集 強大的意義",
            "ep_number": 11,
            "rating": 2,
            "content_type": "comic",
            "p_start": 1762758300000,
            "vod_channel_description": "桐人跟詩音逃離死槍的追擊之後，躲藏在沙漠地區的洞六裡。桐人在那裡猜測死槍殺害玩家的方法。死槍反擊桐人的時候，並不是使用黑星手機，而是換成了狙擊槍，所以他推測死槍要殺害現實世界的玩家，一定有某些條件。桐人更進一步有了某個可怕的猜想...。"
          },
          {
            "content_id": "VOD00040791",
            "time_codes": [
              658000
            ],
            "timecode_duration": [],
            "length": 1430000,
            "asset_id": "vod8684-020012M001",
            "title": "",
            "subtitle": "第2季第12集 夢幻的子彈",
            "ep_number": 12,
            "rating": 2,
            "content_type": "comic",
            "p_start": 1762760100000,
            "vod_channel_description": "BOB即將落幕，存活的玩家只剩桐人、詩音、死槍，以及上一屆比賽的冠軍闇風。因為死槍的共犯可能有好幾個，闇風也可能被列為目標，所以桐人決心趕在死槍動手之前打倒闇風，並打敗死槍。他計劃以自己當誘餌，讓詩音負責狙擊。詩音不負桐人的信任，照計劃狙擊對手，而當桐人終於和死槍對峙時...。"
          },
          {
            "content_id": "VOD00040792",
            "time_codes": [
              699000
            ],
            "timecode_duration": [],
            "length": 1431000,
            "asset_id": "vod8684-020013M001",
            "title": "",
            "subtitle": "第2季第13集 幽靈子彈",
            "ep_number": 13,
            "rating": 2,
            "content_type": "comic",
            "p_start": 1762761600000,
            "vod_channel_description": "死槍模仿亞絲娜，使出GGO不存在的劍技「星屑飛濺」，桐人被逼入絕境，體力逐漸流失。另一方面，詩音因為狙擊槍的瞄準器在跟死槍槍戰時毀損，所以只能在一旁看著死槍與桐人對戰，她雖然覺得很不甘心，但還是拼命思考，現在還有什麼是自己能做的。"
          },
          {
            "content_id": "VOD00040793",
            "time_codes": [
              665000
            ],
            "timecode_duration": [],
            "length": 1431000,
            "asset_id": "vod8684-020014M001",
            "title": "",
            "subtitle": "第2季第14集 小小的一步",
            "ep_number": 14,
            "rating": 2,
            "content_type": "comic",
            "p_start": 1762763100000,
            "vod_channel_description": "恭二襲擊詩乃，打算殺了她之後自殺。而和人在這千鈞一髮的時候趕到，撲向恭二。兩人激烈互鬥時，恭二手上裝有毒藥的筒針打進了和人身上，但很湊巧的，藥液沒有注入體內。幾天後和人與詩乃前去與菊岡見面，聽取這個案件的相關資訊。身為其中一個死槍而被逮捕的男人，請菊岡幫忙帶一個訊息給桐人...。"
          },
          {
            "content_id": "VOD00040795",
            "time_codes": [
              694000
            ],
            "timecode_duration": [],
            "length": 1431000,
            "asset_id": "vod8684-020015M001",
            "title": "",
            "subtitle": "第2季第15集 湖之女王",
            "ep_number": 15,
            "rating": 2,
            "content_type": "comic",
            "p_start": 1762764600000,
            "vod_channel_description": "從MMO明日報得知ALO中的希有武器斷鋼聖劍取得方式已被發現的和人及直葉，回想起曾無意間發現斷鋼聖劍就在世界樹的正下方，但因為距離及取得方式不明並沒有取得。和人看到消息後決定集合大家一起進行斷鋼聖劍任務。此時才發現MMO明日報上的任務，和實際接到的任務之間，隱藏了相當巨大的陰謀。"
          },
          {
            "content_id": "VOD00040796",
            "time_codes": [
              718000
            ],
            "timecode_duration": [],
            "length": 1431000,
            "asset_id": "vod8684-020016M001",
            "title": "",
            "subtitle": "第2季第16集 巨人之王",
            "ep_number": 16,
            "rating": 2,
            "content_type": "comic",
            "p_start": 1762766100000,
            "vod_channel_description": "桐人一行人從女神兀兒德那邊接到任務，前去討伐霜之巨人的國王索列姆，並奪回斷鋼聖劍。結衣推測這個任務並非營運公司策劃，而是系統自動生成的任務。在這種情況下所產生的任務，有可能會因為任務的結果不同，ALO世界甚至有可能因此被毀滅。桐人等人必須在事情變壞前完成任務。"
          },
          {
            "content_id": "VOD00040797",
            "time_codes": [
              692000
            ],
            "timecode_duration": [],
            "length": 1431000,
            "asset_id": "vod8684-020017M001",
            "title": "",
            "subtitle": "第2季第17集 斷鋼聖劍",
            "ep_number": 17,
            "rating": 2,
            "content_type": "comic",
            "p_start": 1762767600000,
            "vod_channel_description": "桐人一行人在地宮的最底層與等待他們的BOSS索列姆對決。然而，索列姆的HP卻一直都沒有受到太多損傷，反而是他們受到寒氣的襲擊，陷入危機。這時候，弗蕾亞對桐人說，要打敗索列姆，需要找到他們被奪走的寶物「黃金的槌子」。桐人發現了隱藏的金槌，並將金槌扔給弗蕾亞，但是...。"
          },
          {
            "content_id": "VOD00040798",
            "time_codes": [
              709000
            ],
            "timecode_duration": [],
            "length": 1431000,
            "asset_id": "vod8684-020018M001",
            "title": "",
            "subtitle": "第2季第18集 森林中的家",
            "ep_number": 18,
            "rating": 2,
            "content_type": "comic",
            "p_start": 1762769100000,
            "vod_channel_description": "ALO更新之後，新生艾恩葛朗特的第21-30層也跟著開放了。過去桐人、亞絲娜與結衣曾在艾恩葛朗特第22層的小圓木屋一同生活，，亞絲娜的心中充滿了期待，準備平安夜的更新。亞絲娜與同人，以及平日的夥伙一起打倒了21層的BOSS，抵達第22層之後，前往過去小圓木屋所在的地點。"
          },
          {
            "content_id": "VOD00040799",
            "time_codes": [
              695000
            ],
            "timecode_duration": [],
            "length": 1431000,
            "asset_id": "vod8684-020019M001",
            "title": "",
            "subtitle": "第2季第19集 絕劍",
            "ep_number": 19,
            "rating": 2,
            "content_type": "comic",
            "p_start": 1762770600000,
            "vod_channel_description": "亞絲娜聽到有一位號稱「絕劍」實力非常高強的玩家之後，決定前去挑戰。「絕劍」用自己原創的超級連擊劍技為賭注，將所有挑戰者全部打敗。而從「ALO」登出回到現實世界的明日奈，卻被母親京子要求準備轉學考的考試，而且連她的結婚對象都擅自幫她決定，她極力反抗母親的這些作為，但是...。"
          },
          {
            "content_id": "VOD00040800",
            "time_codes": [
              631000
            ],
            "timecode_duration": [],
            "length": 1431000,
            "asset_id": "vod8684-020020M001",
            "title": "",
            "subtitle": "第2季第20集 沉睡騎士",
            "ep_number": 20,
            "rating": 2,
            "content_type": "comic",
            "p_start": 1762772100000,
            "vod_channel_description": "亞絲娜受到絕劍的邀請，答應幫助沉睡騎士公會，達成以單一隊伍擊倒樓層Boss，在黑鐵宮裡的劍士之碑上，留下全部成員的名字。在首次挑戰失敗後，亞絲娜發現其它公會利用沉睡騎士公會做為Boss情報蒐集的棋子。當他們再次回到Boss房間門口時，果然遭到阻擾...。"
          },
          {
            "content_id": "VOD00040801",
            "time_codes": [
              665000
            ],
            "timecode_duration": [],
            "length": 1431000,
            "asset_id": "vod8684-020021M001",
            "title": "",
            "subtitle": "第2季第21集 劍士之碑",
            "ep_number": 21,
            "rating": 2,
            "content_type": "comic",
            "p_start": 1762773600000,
            "vod_channel_description": "亞絲娜與沉睡騎士公會的有紀等人準備第二次去打魔王，卻在魔王的房間前面遇到另一個公會聯盟的人擋住了他們的去路。就在亞絲娜想要放棄時，桐人和克萊因、結衣卻出現幫助了他們，讓他們得以順便進入魔王的房間。她們七人合力攻擊魔王，但魔王的防禦相當堅固，這時亞絲娜發現魔王好像有一個弱點...。"
          },
          {
            "content_id": "VOD00040802",
            "time_codes": [
              712000
            ],
            "timecode_duration": [],
            "length": 1431000,
            "asset_id": "vod8684-020022M001",
            "title": "",
            "subtitle": "第2季第22集 旅途的終點",
            "ep_number": 22,
            "rating": 2,
            "content_type": "comic",
            "p_start": 1762775100000,
            "vod_channel_description": "自從成功攻略魔王之後，有紀就連續好幾天沒有上線，朱涅她們也連絡不到她，而且朱涅也請亞絲娜忘了他們的事。對於這樣的結果，亞絲娜覺得無法接受，她希望能再和有紀當面談談，於是桐人給了她一張紙條，對她說到那個地方去，也許可以見到有紀。於是亞絲娜來到了橫濱港北綜合醫院...。"
          },
          {
            "content_id": "VOD00040803",
            "time_codes": [
              701000
            ],
            "timecode_duration": [],
            "length": 1430000,
            "asset_id": "vod8684-020023M001",
            "title": "",
            "subtitle": "第2季第23集 夢想的起點",
            "ep_number": 23,
            "rating": 2,
            "content_type": "comic",
            "p_start": 1762776600000,
            "vod_channel_description": "在和人的幫助下，有紀終於可以藉著鏡頭，看到外面的世界。於是亞絲娜帶著有紀來到學校，參觀學校並旁聽課程內容。而除了學校，有紀還想去一個地方，就是她曾住過的房子，在那裡有紀與分享了她的心情，並鼓勵亞絲娜和自己的母親對談，於是亞絲娜終於鼓起勇氣，來到媽媽的房間前面，敲下房門...。"
          },
          {
            "content_id": "VOD00040804",
            "time_codes": [
              682000
            ],
            "timecode_duration": [],
            "length": 1430000,
            "asset_id": "vod8684-020024M001",
            "title": "",
            "subtitle": "第2季第24集 聖母聖詠(完)",
            "ep_number": 24,
            "rating": 2,
            "content_type": "comic",
            "p_start": 1762778100000,
            "vod_channel_description": "在亞絲娜的努力下，沉睡騎士的成員終於願意繼續跟大家一起留在遊戲世界裡。在現實世界中，有紀也努力的在跟病魔搏鬥。在這平和的日子裡，有一天亞絲娜卻接到醫生的傳訊，說有紀的病情急轉直下，要她盡快趕去醫院...。"
          }
        ],
        "total_length": 76033000,
        "focus_index": 25,
        "next_index": 26,
        "time": 723047,
        "focus_program": {
          "content_id": "VOD00021753",
          "time_codes": [
            662000
          ],
          "timecode_duration": [],
          "length": 6060000,
          "asset_id": "vod8684-019001M001",
          "title": "",
          "subtitle": "特別篇",
          "ep_number": 9001,
          "rating": 2,
          "content_type": "comic",
          "p_start": 1762735800000,
          "vod_channel_description": "季節來到了夏日，為了實現女兒想要看鯨魚的願望，訂立了各種水中挑戰計畫的桐人一行人…沒想到意外地發現了運動萬能的莉法…直葉的弱點。以亞斯娜為首的劇中女性們，為了幫直葉做游泳特訓，聚集到<現實世界>的游泳池畔...而此時，桐人見到了某位人士…。"
        }
      },
      "station_categories": [
        {
          "Name": "動漫",
          "EngName": "Animate",
          "MenuOrder": 109
        }
      ]
    },
    "introduction": {
      "image": "https://p-cdnstatic.svc.litv.tv/pics/vod_channel/logo_2991_ofiii165_mobile_20230802.png",
      "description": "",
      "href_maps": []
    },
    "recommends": [],
    "ua": "Mozilla/5.0 (Windows NT 10.0; Win64; x64) AppleWebKit/537.36 (KHTML, like Gecko) Chrome/134.0.0.0 Safari/537.36"
  },
  "__N_SSP": true
}