{
  "pageProps": {
    "contentId": "ofiii144",
    "channel": {
      "title": "麥卡貝網路電視",
      "no": 144,
      "charge_mode": "F",
      "content_id": "ofiii144",
      "content_type": "vod-channel",
      "epg_categories": [
        18
      ],
      "genres": [
        {
          "id": "",
          "name": "VOD_CHANNEL",
          "logo": ""
        }
      ],
      "liad_id": "VODCHNEWOFIWEB",
      "package_info_id": "VOD_CHANNEL_DELUX",
      "picture": "pics/vod_channel/logo_3750_ofiii144_tv_20250529.png",
      "provider": [
        {
          "id": "",
          "name": "",
          "logo": ""
        }
      ],
      "quality": "HD",
      "station_id": "station6684",
      "trial": "CH_TRAIL",
      "selectable": 1,
      "tr_logo": "pics/vod_channel/tr_logo_1748484542.png",
      "tl_logo": "",
      "br_logo": "",
      "bl_logo": "",
      "menu_type": 0,
      "vod_channel_schedule": {
        "channel_id": 144,
        "cdn_code": "ofiii144",
        "start_time": 1762413300000,
        "programs": [
          {
            "content_id": "VOD00365651",
            "time_codes": [
              612000
            ],
            "timecode_duration": [],
            "length": 999000,
            "asset_id": "vod78217-000001M001",
            "title": "我被丟包了",
            "subtitle": "第1集 超荒謬集團現身！當一個戶外咖被丟到城市會發生什麼事呢！",
            "ep_number": 1,
            "rating": 1,
            "content_type": "show",
            "p_start": 1762413300000,
            "vod_channel_description": "超荒謬集團現身！當一個戶外咖被丟到城市會發生什麼事呢！"
          },
          {
            "content_id": "VOD00365652",
            "time_codes": [
              737000,
              1371000
            ],
            "timecode_duration": [],
            "length": 1695000,
            "asset_id": "vod78217-000002M001",
            "title": "我被丟包了",
            "subtitle": "第2集 日本人在台灣搭便車挑戰！問到未來女朋友？",
            "ep_number": 2,
            "rating": 1,
            "content_type": "show",
            "p_start": 1762414500000,
            "vod_channel_description": "日本人在台灣搭便車挑戰！問到未來女朋友？"
          },
          {
            "content_id": "VOD00365653",
            "time_codes": [
              732000,
              1372000
            ],
            "timecode_duration": [],
            "length": 1693000,
            "asset_id": "vod78217-000003M001",
            "title": "我被丟包了",
            "subtitle": "第3集 路人帶著玩中壢！崩潰女星「懿」外的一天！",
            "ep_number": 3,
            "rating": 1,
            "content_type": "show",
            "p_start": 1762416300000,
            "vod_channel_description": "路人帶著玩中壢！崩潰女星「懿」外的一天！"
          },
          {
            "content_id": "VOD00365654",
            "time_codes": [
              799000
            ],
            "timecode_duration": [],
            "length": 1393000,
            "asset_id": "vod78217-000005M001",
            "title": "我被丟包了",
            "subtitle": "第5集 八年後的意外相遇！宜蘭婚紗景點這泱拍！",
            "ep_number": 5,
            "rating": 1,
            "content_type": "show",
            "p_start": 1762418100000,
            "vod_channel_description": "八年後的意外相遇！宜蘭婚紗景點這泱拍！"
          },
          {
            "content_id": "VOD00365655",
            "time_codes": [
              760000
            ],
            "timecode_duration": [],
            "length": 1389000,
            "asset_id": "vod78217-000006M001",
            "title": "我被丟包了",
            "subtitle": "第6集 想到神隱少女的秘境要先爬山？最後一次的九份隨機旅遊！",
            "ep_number": 6,
            "rating": 1,
            "content_type": "show",
            "p_start": 1762419600000,
            "vod_channel_description": "想到神隱少女的秘境要先爬山？最後一次的九份隨機旅遊！"
          },
          {
            "content_id": "VOD00360553",
            "time_codes": [
              446000
            ],
            "timecode_duration": [],
            "length": 728000,
            "asset_id": "vod77134-000019M001",
            "title": "全體注意",
            "subtitle": "第19集 【麥卡貝聊天室】羅力的棒球哲學-專注當下追求明天！建議年輕投手需要一顆讓打者揮空的武器球(ง๑ •̀ •́)ง feat. 羅力",
            "ep_number": 19,
            "rating": 1,
            "content_type": "show",
            "p_start": 1762421100000,
            "vod_channel_description": "台灣熱血體育主播齊聚，一同聊聊體壇關注話題！"
          },
          {
            "content_id": "VOD00360554",
            "time_codes": [],
            "timecode_duration": [],
            "length": 273000,
            "asset_id": "vod77134-000020M001",
            "title": "全體注意",
            "subtitle": "第20集 【麥卡貝調查局】味全龍挺進台灣大賽~天母棒球場美食吃什麼？！ Feat.小映",
            "ep_number": 20,
            "rating": 1,
            "content_type": "show",
            "p_start": 1762422000000,
            "vod_channel_description": "台灣熱血體育主播齊聚，一同聊聊體壇關注話題！"
          },
          {
            "content_id": "VOD00360555",
            "time_codes": [
              512000
            ],
            "timecode_duration": [],
            "length": 916000,
            "asset_id": "vod77134-000021M001",
            "title": "全體注意",
            "subtitle": "第21集 【麥卡貝調查局】特企！火腿新鬥士~ 孫易磊的一天 d(･∀･)b",
            "ep_number": 21,
            "rating": 1,
            "content_type": "show",
            "p_start": 1762422600000,
            "vod_channel_description": "台灣熱血體育主播齊聚，一同聊聊體壇關注話題！"
          },
          {
            "content_id": "VOD00360556",
            "time_codes": [
              613000
            ],
            "timecode_duration": [],
            "length": 515000,
            "asset_id": "vod77134-000022M001",
            "title": "全體注意",
            "subtitle": "第22集 【麥卡貝調查局】炒泡麵真的這麼好吃？桃園球場美食吃什麼~(ﾉ◕ヮ◕)ﾉ*:･ﾟ✧ Feat.嘎琳",
            "ep_number": 22,
            "rating": 1,
            "content_type": "show",
            "p_start": 1762423800000,
            "vod_channel_description": "台灣熱血體育主播齊聚，一同聊聊體壇關注話題！"
          },
          {
            "content_id": "VOD00360557",
            "time_codes": [
              600000
            ],
            "timecode_duration": [],
            "length": 895000,
            "asset_id": "vod77134-000023M001",
            "title": "全體注意",
            "subtitle": "第23集 【打卡第二人生】花店老闆官大元的元宇宙 盤點難對付打者前五名 官大元",
            "ep_number": 23,
            "rating": 1,
            "content_type": "show",
            "p_start": 1762424400000,
            "vod_channel_description": "台灣熱血體育主播齊聚，一同聊聊體壇關注話題！"
          },
          {
            "content_id": "VOD00360558",
            "time_codes": [
              600000
            ],
            "timecode_duration": [],
            "length": 602000,
            "asset_id": "vod77134-000024M001",
            "title": "全體注意",
            "subtitle": "第24集 職棒球員呂詠臻與陳冠偉回答網友提問",
            "ep_number": 24,
            "rating": 1,
            "content_type": "show",
            "p_start": 1762425600000,
            "vod_channel_description": "台灣熱血體育主播齊聚，一同聊聊體壇關注話題！"
          },
          {
            "content_id": "VOD00360559",
            "time_codes": [
              672000
            ],
            "timecode_duration": [],
            "length": 1057000,
            "asset_id": "vod77134-000025M001",
            "title": "全體注意",
            "subtitle": "第25集 【打卡第二人生】『人世間所有的相遇，都是久別重逢』甲組籃球員踏上餐車路！ 袁意翔",
            "ep_number": 25,
            "rating": 1,
            "content_type": "show",
            "p_start": 1762426500000,
            "vod_channel_description": "台灣熱血體育主播齊聚，一同聊聊體壇關注話題！"
          },
          {
            "content_id": "VOD00360636",
            "time_codes": [
              700000,
              1306000
            ],
            "timecode_duration": [],
            "length": 1457000,
            "asset_id": "vod77139-000001M001",
            "title": "現在宅知道 6鳥生存之道",
            "subtitle": "第1集 6tan鳥屎出社會面試!?想在生存?先打一份履歷辣!!",
            "ep_number": 1,
            "rating": 1,
            "content_type": "show",
            "p_start": 1762427700000,
            "vod_channel_description": "6tan鳥屎出社會面試！？想在生存？先打一份履歷辣！"
          },
          {
            "content_id": "VOD00360637",
            "time_codes": [
              706000,
              1393000
            ],
            "timecode_duration": [],
            "length": 1650000,
            "asset_id": "vod77139-000002M001",
            "title": "現在宅知道 6鳥生存之道",
            "subtitle": "第2集 6tan鳥屎尬早餐店！訂單被灌爆他們撐得過去嗎！？",
            "ep_number": 2,
            "rating": 1,
            "content_type": "show",
            "p_start": 1762429500000,
            "vod_channel_description": "6tan鳥屎尬早餐店！訂單被灌爆他們撐得過去嗎！？"
          },
          {
            "content_id": "VOD00360638",
            "time_codes": [
              709000,
              1338000
            ],
            "timecode_duration": [],
            "length": 1800000,
            "asset_id": "vod77139-000003M001",
            "title": "現在宅知道 6鳥生存之道",
            "subtitle": "第3集 6tan鳥屎大肉咖啡館！想開店先學拉花先辣！",
            "ep_number": 3,
            "rating": 1,
            "content_type": "show",
            "p_start": 1762431300000,
            "vod_channel_description": "6tan鳥屎大肉咖啡館！想開店先學拉花先辣！"
          },
          {
            "content_id": "VOD00360639",
            "time_codes": [
              757000,
              1160000
            ],
            "timecode_duration": [],
            "length": 1333000,
            "asset_id": "vod77139-000004M001",
            "title": "現在宅知道 6鳥生存之道",
            "subtitle": "第4集 夏天開冰店一定發大財！？跟著6tan鳥屎開一間冰店吧！",
            "ep_number": 4,
            "rating": 1,
            "content_type": "show",
            "p_start": 1762433400000,
            "vod_channel_description": "夏天開冰店一定發大財！？跟著6tan鳥屎開一間冰店吧！"
          },
          {
            "content_id": "VOD00360640",
            "time_codes": [
              704000,
              1162000
            ],
            "timecode_duration": [],
            "length": 1474000,
            "asset_id": "vod77139-000005M001",
            "title": "現在宅知道 6鳥生存之道",
            "subtitle": "第5集 跟大魚芋頭衝浪打工換宿去！腿軟累癱卻有意外收穫？！",
            "ep_number": 5,
            "rating": 1,
            "content_type": "show",
            "p_start": 1762434900000,
            "vod_channel_description": "跟大魚芋頭衝浪打工換宿去！腿軟累癱卻有意外收穫？！"
          },
          {
            "content_id": "VOD00365633",
            "time_codes": [
              781000,
              1362000
            ],
            "timecode_duration": [],
            "length": 1888000,
            "asset_id": "vod78215-000001M001",
            "title": "現在宅知道 深夜小吃攤",
            "subtitle": "第1集 宅知道大企劃啟動！貝莉莓能通過鳥屎的廚藝考驗嗎？",
            "ep_number": 1,
            "rating": 1,
            "content_type": "show",
            "p_start": 1762436700000,
            "vod_channel_description": "宅知道大企劃啟動！貝莉莓能通過鳥屎的廚藝考驗嗎？"
          },
          {
            "content_id": "VOD00365634",
            "time_codes": [
              705000,
              1570000
            ],
            "timecode_duration": [],
            "length": 2318000,
            "asset_id": "vod78215-000002M001",
            "title": "現在宅知道 深夜小吃攤",
            "subtitle": "第2集 終於開始深夜的部分了！鳥屎小莓小吃店實習能不被客訴嗎？",
            "ep_number": 2,
            "rating": 1,
            "content_type": "show",
            "p_start": 1762438800000,
            "vod_channel_description": "終於開始深夜的部分了！鳥屎小莓小吃店實習能不被客訴嗎？"
          },
          {
            "content_id": "VOD00365635",
            "time_codes": [
              781000,
              1495000,
              2272000
            ],
            "timecode_duration": [],
            "length": 2716000,
            "asset_id": "vod78215-000003M001",
            "title": "現在宅知道 深夜小吃攤",
            "subtitle": "第3集 颱風天攪局，鳥屎賭上實況職涯！貝莉莓阿憲也下水拼了！",
            "ep_number": 3,
            "rating": 1,
            "content_type": "show",
            "p_start": 1762441200000,
            "vod_channel_description": "颱風天攪局，鳥屎賭上實況職涯！貝莉莓阿憲也下水拼了！"
          },
          {
            "content_id": "VOD00365636",
            "time_codes": [
              782000,
              1459000
            ],
            "timecode_duration": [],
            "length": 2155000,
            "asset_id": "vod78215-000004M001",
            "title": "現在宅知道 深夜小吃攤",
            "subtitle": "第4集 廚鳥屎睡過頭！阿莓阿金傻眼了！",
            "ep_number": 4,
            "rating": 1,
            "content_type": "show",
            "p_start": 1762444200000,
            "vod_channel_description": "廚鳥屎睡過頭！阿莓阿金傻眼了！"
          },
          {
            "content_id": "VOD00365637",
            "time_codes": [
              732000,
              1434000,
              1994000
            ],
            "timecode_duration": [],
            "length": 2416000,
            "asset_id": "vod78215-000005M001",
            "title": "現在宅知道 深夜小吃攤",
            "subtitle": "第5集 小吃攤首次開張！人潮湧現大爆單，鳥屎阿莓阿金忙翻要瘋了！",
            "ep_number": 5,
            "rating": 1,
            "content_type": "show",
            "p_start": 1762446600000,
            "vod_channel_description": "小吃攤首次開張！人潮湧現大爆單，鳥屎阿莓阿金忙翻要瘋了！"
          },
          {
            "content_id": "VOD00365638",
            "time_codes": [
              740000,
              1414000
            ],
            "timecode_duration": [],
            "length": 2086000,
            "asset_id": "vod78215-000006M001",
            "title": "現在宅知道 深夜小吃攤",
            "subtitle": "第6集 國動累到懷疑被整！這次用米粉挑戰新竹人的味蕾極限！",
            "ep_number": 6,
            "rating": 1,
            "content_type": "show",
            "p_start": 1762449300000,
            "vod_channel_description": "國動累到懷疑被整！這次用米粉挑戰新竹人的味蕾極限！"
          },
          {
            "content_id": "VOD00365639",
            "time_codes": [
              766000,
              1399000
            ],
            "timecode_duration": [],
            "length": 2218000,
            "asset_id": "vod78215-000007M001",
            "title": "現在宅知道 深夜小吃攤",
            "subtitle": "第7集 今晚出動三分之八的新竹人！好久沒去六福村！",
            "ep_number": 7,
            "rating": 1,
            "content_type": "show",
            "p_start": 1762451700000,
            "vod_channel_description": "今晚出動三分之八的新竹人！好久沒去六福村！"
          },
          {
            "content_id": "VOD00365640",
            "time_codes": [
              857000,
              1447000,
              2127000
            ],
            "timecode_duration": [],
            "length": 2346000,
            "asset_id": "vod78215-000008M001",
            "title": "現在宅知道 深夜小吃攤",
            "subtitle": "第8集 捲土重來！幹話兄弟集合挑戰極限！",
            "ep_number": 8,
            "rating": 1,
            "content_type": "show",
            "p_start": 1762454100000,
            "vod_channel_description": "捲土重來！幹話兄弟集合挑戰極限！"
          },
          {
            "content_id": "VOD00365641",
            "time_codes": [
              792000
            ],
            "timecode_duration": [],
            "length": 1421000,
            "asset_id": "vod78215-000009M001",
            "title": "現在宅知道 深夜小吃攤",
            "subtitle": "第9集 捲土重來再遇危機！小吃攤能成功營運嗎？",
            "ep_number": 9,
            "rating": 1,
            "content_type": "show",
            "p_start": 1762456800000,
            "vod_channel_description": "捲土重來再遇危機！小吃攤能成功營運嗎？"
          },
          {
            "content_id": "VOD00365642",
            "time_codes": [
              790000,
              1416000
            ],
            "timecode_duration": [],
            "length": 2171000,
            "asset_id": "vod78215-000010M001",
            "title": "現在宅知道 深夜小吃攤",
            "subtitle": "第10集 史上最狼狽！黄大謙首次登場就下海！",
            "ep_number": 10,
            "rating": 1,
            "content_type": "show",
            "p_start": 1762458300000,
            "vod_channel_description": "史上最狼狽！黄大謙首次登場就下海！"
          },
          {
            "content_id": "VOD00365643",
            "time_codes": [
              790000,
              1346000
            ],
            "timecode_duration": [],
            "length": 2140000,
            "asset_id": "vod78215-000011M001",
            "title": "現在宅知道 深夜小吃攤",
            "subtitle": "第11集 最後一次出攤！鳥屎阿莓迎來幸福大結局？",
            "ep_number": 11,
            "rating": 1,
            "content_type": "show",
            "p_start": 1762460700000,
            "vod_channel_description": "最後一次出攤！鳥屎阿莓迎來幸福大結局？"
          },
          {
            "content_id": "VOD00365621",
            "time_codes": [
              733000
            ],
            "timecode_duration": [],
            "length": 1423000,
            "asset_id": "vod78213-000001M001",
            "title": "現在宅知道 地球人請注意",
            "subtitle": "第1集 首次集結就招到失控組，地球獵人直接玩爛關卡！",
            "ep_number": 1,
            "rating": 1,
            "content_type": "show",
            "p_start": 1762463100000,
            "vod_channel_description": "首次集結就招到失控組，地球獵人直接玩爛關卡！"
          },
          {
            "content_id": "VOD00365622",
            "time_codes": [
              735000
            ],
            "timecode_duration": [],
            "length": 1634000,
            "asset_id": "vod78213-000002M001",
            "title": "現在宅知道 地球人請注意",
            "subtitle": "第2集 該合作通關 ，還是要獨吞獎勵？節目組到底懂不懂憐香惜玉？",
            "ep_number": 2,
            "rating": 1,
            "content_type": "show",
            "p_start": 1762464600000,
            "vod_channel_description": "該合作通關 ，還是要獨吞獎勵？節目組到底懂不懂憐香惜玉？"
          },
          {
            "content_id": "VOD00365623",
            "time_codes": [
              744000
            ],
            "timecode_duration": [],
            "length": 1323000,
            "asset_id": "vod78213-000003M001",
            "title": "現在宅知道 地球人請注意",
            "subtitle": "第3集 是真正的歐洲之力，還是純粹的實力差距？節目中戀愛巴士要開到哪去？",
            "ep_number": 3,
            "rating": 1,
            "content_type": "show",
            "p_start": 1762466400000,
            "vod_channel_description": "是真正的歐洲之力，還是純粹的實力差距？節目中戀愛巴士要開到哪去？"
          },
          {
            "content_id": "VOD00365645",
            "time_codes": [
              787000,
              1250000
            ],
            "timecode_duration": [],
            "length": 1465000,
            "asset_id": "vod78216-000001M001",
            "title": "現在宅知道 噢他太酷了",
            "subtitle": "第1集 化石先生｜隱身於市區的化石王國",
            "ep_number": 1,
            "rating": 1,
            "content_type": "show",
            "p_start": 1762467900000,
            "vod_channel_description": "化石先生-隱身於市區的化石王國！"
          },
          {
            "content_id": "VOD00365646",
            "time_codes": [
              827000,
              1557000
            ],
            "timecode_duration": [],
            "length": 1716000,
            "asset_id": "vod78216-000002M001",
            "title": "現在宅知道 噢他太酷了",
            "subtitle": "第2集 戰鎚世界｜對微縮模型獻上忠誠吧",
            "ep_number": 2,
            "rating": 1,
            "content_type": "show",
            "p_start": 1762469700000,
            "vod_channel_description": "戰鎚世界-對微縮模型獻上忠誠吧！"
          },
          {
            "content_id": "VOD00365647",
            "time_codes": [
              724000,
              1231000
            ],
            "timecode_duration": [],
            "length": 1511000,
            "asset_id": "vod78216-000003M001",
            "title": "現在宅知道 噢他太酷了",
            "subtitle": "第3集 羅馬軍團上集｜熱血激突日耳曼蠻族遭遇戰",
            "ep_number": 3,
            "rating": 1,
            "content_type": "show",
            "p_start": 1762471500000,
            "vod_channel_description": "羅馬軍團上集-熱血激突日耳曼蠻族遭遇戰！"
          },
          {
            "content_id": "VOD00365648",
            "time_codes": [
              646000
            ],
            "timecode_duration": [],
            "length": 1005000,
            "asset_id": "vod78216-000004M001",
            "title": "現在宅知道 噢他太酷了",
            "subtitle": "第4集 羅馬軍團下集｜奮力死守羅馬帝國攻城戰",
            "ep_number": 4,
            "rating": 1,
            "content_type": "show",
            "p_start": 1762473300000,
            "vod_channel_description": "羅馬軍團下集-奮力死守羅馬帝國攻城戰！"
          },
          {
            "content_id": "VOD00365649",
            "time_codes": [
              793000,
              1289000
            ],
            "timecode_duration": [],
            "length": 1601000,
            "asset_id": "vod78216-000005M001",
            "title": "現在宅知道 噢他太酷了",
            "subtitle": "第5集 日本宅宅｜將理想具現化的宅之力",
            "ep_number": 5,
            "rating": 1,
            "content_type": "show",
            "p_start": 1762474500000,
            "vod_channel_description": "日本宅宅-將理想具現化的宅之力！"
          },
          {
            "content_id": "VOD00358021",
            "time_codes": [
              1037000,
              1846000
            ],
            "timecode_duration": [],
            "length": 2455000,
            "asset_id": "vod76627-000001M001",
            "title": "拜託!你煮廚",
            "subtitle": "第1集 試營運",
            "ep_number": 1,
            "rating": 1,
            "content_type": "show",
            "p_start": 1762476300000,
            "vod_channel_description": "宅知道歷經餐車、小吃攤，鳥屎搭配主廚Rico再次開業，邀請各具特色的宅友、Youtuber、素人嘉賓！請吃一頓飯！一起來聊聊！"
          },
          {
            "content_id": "VOD00358022",
            "time_codes": [
              940000,
              1683000
            ],
            "timecode_duration": [],
            "length": 2316000,
            "asset_id": "vod76627-000002M001",
            "title": "拜託!你煮廚",
            "subtitle": "第2集 已婚女性的單身派對",
            "ep_number": 2,
            "rating": 1,
            "content_type": "show",
            "p_start": 1762479000000,
            "vod_channel_description": "宅知道歷經餐車、小吃攤，鳥屎搭配主廚Rico再次開業，邀請各具特色的宅友、Youtuber、素人嘉賓！請吃一頓飯！一起來聊聊！"
          },
          {
            "content_id": "VOD00358023",
            "time_codes": [
              946000,
              1823000
            ],
            "timecode_duration": [],
            "length": 2594000,
            "asset_id": "vod76627-000003M001",
            "title": "拜託!你煮廚",
            "subtitle": "第3集 異鄉遊子的思鄉菜",
            "ep_number": 3,
            "rating": 1,
            "content_type": "show",
            "p_start": 1762481400000,
            "vod_channel_description": "宅知道歷經餐車、小吃攤，鳥屎搭配主廚Rico再次開業，邀請各具特色的宅友、Youtuber、素人嘉賓！請吃一頓飯！一起來聊聊！"
          },
          {
            "content_id": "VOD00358024",
            "time_codes": [
              1003000,
              1725000
            ],
            "timecode_duration": [],
            "length": 2544000,
            "asset_id": "vod76627-000004M001",
            "title": "拜託!你煮廚",
            "subtitle": "第4集 大胃王也吃得飽的大份量美食",
            "ep_number": 4,
            "rating": 1,
            "content_type": "show",
            "p_start": 1762484100000,
            "vod_channel_description": "宅知道歷經餐車、小吃攤，鳥屎搭配主廚Rico再次開業，邀請各具特色的宅友、Youtuber、素人嘉賓！請吃一頓飯！一起來聊聊！"
          },
          {
            "content_id": "VOD00358025",
            "time_codes": [
              1037000,
              1859000
            ],
            "timecode_duration": [],
            "length": 2597000,
            "asset_id": "vod76627-000005M001",
            "title": "拜託!你煮廚",
            "subtitle": "第5集 大人小孩都愛的兒童餐",
            "ep_number": 5,
            "rating": 1,
            "content_type": "show",
            "p_start": 1762486800000,
            "vod_channel_description": "宅知道歷經餐車、小吃攤，鳥屎搭配主廚Rico再次開業，邀請各具特色的宅友、Youtuber、素人嘉賓！請吃一頓飯！一起來聊聊！"
          },
          {
            "content_id": "VOD00358026",
            "time_codes": [
              979000,
              1896000,
              2677000,
              3517000
            ],
            "timecode_duration": [],
            "length": 3655000,
            "asset_id": "vod76627-000006M001",
            "title": "拜託!你煮廚",
            "subtitle": "第6集 好友創業的酸甜苦辣",
            "ep_number": 6,
            "rating": 1,
            "content_type": "show",
            "p_start": 1762489500000,
            "vod_channel_description": "宅知道歷經餐車、小吃攤，鳥屎搭配主廚Rico再次開業，邀請各具特色的宅友、Youtuber、素人嘉賓！請吃一頓飯！一起來聊聊！"
          },
          {
            "content_id": "VOD00358027",
            "time_codes": [
              1043000,
              1846000
            ],
            "timecode_duration": [],
            "length": 2374000,
            "asset_id": "vod76627-000007M001",
            "title": "拜託!你煮廚",
            "subtitle": "第7集 特級廚師的慰勞晚宴",
            "ep_number": 7,
            "rating": 1,
            "content_type": "show",
            "p_start": 1762493400000,
            "vod_channel_description": "宅知道歷經餐車、小吃攤，鳥屎搭配主廚Rico再次開業，邀請各具特色的宅友、Youtuber、素人嘉賓！請吃一頓飯！一起來聊聊！"
          },
          {
            "content_id": "VOD00358028",
            "time_codes": [
              868000,
              1837000,
              2645000
            ],
            "timecode_duration": [],
            "length": 3460000,
            "asset_id": "vod76627-000008M001",
            "title": "拜託!你煮廚",
            "subtitle": "第8集 煮廚們的心願清單",
            "ep_number": 8,
            "rating": 1,
            "content_type": "show",
            "p_start": 1762496100000,
            "vod_channel_description": "宅知道歷經餐車、小吃攤，鳥屎搭配主廚Rico再次開業，邀請各具特色的宅友、Youtuber、素人嘉賓！請吃一頓飯！一起來聊聊！"
          },
          {
            "content_id": "VOD00358029",
            "time_codes": [
              974000,
              1833000,
              2745000
            ],
            "timecode_duration": [],
            "length": 3289000,
            "asset_id": "vod76627-000009M001",
            "title": "拜託!你煮廚",
            "subtitle": "第9集 新場地 新員工 今晚開工大吉",
            "ep_number": 9,
            "rating": 1,
            "content_type": "show",
            "p_start": 1762499700000,
            "vod_channel_description": "宅知道歷經餐車、小吃攤，鳥屎搭配主廚Rico再次開業，邀請各具特色的宅友、Youtuber、素人嘉賓！請吃一頓飯！一起來聊聊！"
          },
          {
            "content_id": "VOD00358030",
            "time_codes": [
              1013000,
              1999000,
              2792000,
              3584000
            ],
            "timecode_duration": [],
            "length": 4431000,
            "asset_id": "vod76627-000010M001",
            "title": "拜託!你煮廚",
            "subtitle": "第10集 九轉大腸配吉他 煮廚進化成Live House 真怕今晚的餐桌話題被黃標",
            "ep_number": 10,
            "rating": 1,
            "content_type": "show",
            "p_start": 1762503300000,
            "vod_channel_description": "宅知道歷經餐車、小吃攤，鳥屎搭配主廚Rico再次開業，邀請各具特色的宅友、Youtuber、素人嘉賓！請吃一頓飯！一起來聊聊！"
          },
          {
            "content_id": "VOD00358031",
            "time_codes": [
              1049000,
              2081000,
              2860000
            ],
            "timecode_duration": [],
            "length": 3429000,
            "asset_id": "vod76627-000011M001",
            "title": "拜託!你煮廚",
            "subtitle": "第11集 這些事情是可以免費聽的嗎!? 煮廚直送的畢業禮物",
            "ep_number": 11,
            "rating": 1,
            "content_type": "show",
            "p_start": 1762507800000,
            "vod_channel_description": "宅知道歷經餐車、小吃攤，鳥屎搭配主廚Rico再次開業，邀請各具特色的宅友、Youtuber、素人嘉賓！請吃一頓飯！一起來聊聊！"
          },
          {
            "content_id": "VOD00358032",
            "time_codes": [
              1041000,
              1949000,
              2930000
            ],
            "timecode_duration": [],
            "length": 3524000,
            "asset_id": "vod76627-000012M001",
            "title": "拜託!你煮廚",
            "subtitle": "第12集 舞台上的恩怨都在餐桌上討？今晚拜託!你主持！",
            "ep_number": 12,
            "rating": 1,
            "content_type": "show",
            "p_start": 1762511400000,
            "vod_channel_description": "宅知道歷經餐車、小吃攤，鳥屎搭配主廚Rico再次開業，邀請各具特色的宅友、Youtuber、素人嘉賓！請吃一頓飯！一起來聊聊！"
          },
          {
            "content_id": "VOD00358033",
            "time_codes": [
              861000,
              1730000,
              2511000
            ],
            "timecode_duration": [],
            "length": 3012000,
            "asset_id": "vod76627-000013M001",
            "title": "拜託!你煮廚",
            "subtitle": "第13集 欸你這週來吃飯！沒乾爹會被吃倒 旋律猜歌大賽居然還有高級水果！",
            "ep_number": 13,
            "rating": 1,
            "content_type": "show",
            "p_start": 1762515000000,
            "vod_channel_description": "宅知道歷經餐車、小吃攤，鳥屎搭配主廚Rico再次開業，邀請各具特色的宅友、Youtuber、素人嘉賓！請吃一頓飯！一起來聊聊！"
          },
          {
            "content_id": "VOD00358034",
            "time_codes": [
              946000,
              1698000,
              2679000,
              3537000
            ],
            "timecode_duration": [],
            "length": 3916000,
            "asset_id": "vod76627-000014M001",
            "title": "拜託!你煮廚",
            "subtitle": "第14集 什麼樣的笑話才算是真•地獄哏？Chill瑟夫曰：別再聽那些不及格的笑話囉！",
            "ep_number": 14,
            "rating": 1,
            "content_type": "show",
            "p_start": 1762518300000,
            "vod_channel_description": "宅知道歷經餐車、小吃攤，鳥屎搭配主廚Rico再次開業，邀請各具特色的宅友、Youtuber、素人嘉賓！請吃一頓飯！一起來聊聊！"
          },
          {
            "content_id": "VOD00358035",
            "time_codes": [
              1026000,
              1957000,
              2705000
            ],
            "timecode_duration": [],
            "length": 3197000,
            "asset_id": "vod76627-000015M001",
            "title": "拜託!你煮廚",
            "subtitle": "第15集 中二病患者們歡迎光臨 社死名場面：洋蔥真情表白慘遭拒",
            "ep_number": 15,
            "rating": 1,
            "content_type": "show",
            "p_start": 1762522500000,
            "vod_channel_description": "宅知道歷經餐車、小吃攤，鳥屎搭配主廚Rico再次開業，邀請各具特色的宅友、Youtuber、素人嘉賓！請吃一頓飯！一起來聊聊！"
          },
          {
            "content_id": "VOD00358036",
            "time_codes": [
              1065000,
              1819000,
              2483000
            ],
            "timecode_duration": [],
            "length": 3080000,
            "asset_id": "vod76627-000016M001",
            "title": "拜託!你煮廚",
            "subtitle": "第16集 莫忘初衷! 是什麼讓你繼續堅持下去! 賀瓏想跟喬瑟夫和博恩換這一個!?",
            "ep_number": 16,
            "rating": 1,
            "content_type": "show",
            "p_start": 1762525800000,
            "vod_channel_description": "宅知道歷經餐車、小吃攤，鳥屎搭配主廚Rico再次開業，邀請各具特色的宅友、Youtuber、素人嘉賓！請吃一頓飯！一起來聊聊！"
          },
          {
            "content_id": "VOD00358037",
            "time_codes": [
              1048000,
              2013000,
              2901000
            ],
            "timecode_duration": [],
            "length": 3710000,
            "asset_id": "vod76627-000017M001",
            "title": "拜託!你煮廚",
            "subtitle": "第17集 敲碗已久的合體! Eric:這個會中! 邰哥想過退休生活? 接班人是...!?",
            "ep_number": 17,
            "rating": 1,
            "content_type": "show",
            "p_start": 1762529100000,
            "vod_channel_description": "宅知道歷經餐車、小吃攤，鳥屎搭配主廚Rico再次開業，邀請各具特色的宅友、Youtuber、素人嘉賓！請吃一頓飯！一起來聊聊！"
          },
          {
            "content_id": "VOD00358039",
            "time_codes": [
              615000,
              1100000
            ],
            "timecode_duration": [],
            "length": 1370000,
            "asset_id": "vod76628-000001M001",
            "title": "來去露營吧",
            "subtitle": "第1集 在日本露營是什麼樣的感覺？宇宙人 小玉日本露營初體驗！",
            "ep_number": 1,
            "rating": 1,
            "content_type": "show",
            "p_start": 1762533000000,
            "vod_channel_description": "日本露營師匠與達人，帶著來自台灣的露營初心者-宇宙人小玉，到日本各地進行露營x音樂的冒險！在露營的過程中，職人與素人的碰撞會激起怎樣的化學反應？而最後這位露營初心者將挑戰SOLO CAMP的任務！最終有可能完成嗎？"
          },
          {
            "content_id": "VOD00358040",
            "time_codes": [
              485000,
              988000
            ],
            "timecode_duration": [],
            "length": 1374000,
            "asset_id": "vod76628-000002M001",
            "title": "來去露營吧",
            "subtitle": "第2集 朝聖搖曳露營露營區!富士山帶來給我們的好運！？",
            "ep_number": 2,
            "rating": 1,
            "content_type": "show",
            "p_start": 1762534500000,
            "vod_channel_description": "日本露營師匠與達人，帶著來自台灣的露營初心者-宇宙人小玉，到日本各地進行露營x音樂的冒險！在露營的過程中，職人與素人的碰撞會激起怎樣的化學反應？而最後這位露營初心者將挑戰SOLO CAMP的任務！最終有可能完成嗎？"
          },
          {
            "content_id": "VOD00358041",
            "time_codes": [
              578000,
              1070000
            ],
            "timecode_duration": [],
            "length": 1358000,
            "asset_id": "vod76628-000003M001",
            "title": "來去露營吧",
            "subtitle": "第3集 櫻花樹下的露營初心者：小玉的野炊初挑戰",
            "ep_number": 3,
            "rating": 1,
            "content_type": "show",
            "p_start": 1762536000000,
            "vod_channel_description": "日本露營師匠與達人，帶著來自台灣的露營初心者-宇宙人小玉，到日本各地進行露營x音樂的冒險！在露營的過程中，職人與素人的碰撞會激起怎樣的化學反應？而最後這位露營初心者將挑戰SOLO CAMP的任務！最終有可能完成嗎？"
          },
          {
            "content_id": "VOD00358042",
            "time_codes": [
              478000,
              906000
            ],
            "timecode_duration": [],
            "length": 1360000,
            "asset_id": "vod76628-000004M001",
            "title": "來去露營吧",
            "subtitle": "第4集 新露友加入！日本森林營地的天婦羅料理！feat.LÜCY",
            "ep_number": 4,
            "rating": 1,
            "content_type": "show",
            "p_start": 1762537500000,
            "vod_channel_description": "日本露營師匠與達人，帶著來自台灣的露營初心者-宇宙人小玉，到日本各地進行露營x音樂的冒險！在露營的過程中，職人與素人的碰撞會激起怎樣的化學反應？而最後這位露營初心者將挑戰SOLO CAMP的任務！最終有可能完成嗎？"
          },
          {
            "content_id": "VOD00358043",
            "time_codes": [
              576000,
              932000
            ],
            "timecode_duration": [],
            "length": 1352000,
            "asset_id": "vod76628-000005M001",
            "title": "來去露營吧",
            "subtitle": "第5集 露營還能享受桑拿！大雨警報襲來!! 被迫徹夜離開 feat. 雷擎",
            "ep_number": 5,
            "rating": 1,
            "content_type": "show",
            "p_start": 1762539000000,
            "vod_channel_description": "日本露營師匠與達人，帶著來自台灣的露營初心者-宇宙人小玉，到日本各地進行露營x音樂的冒險！在露營的過程中，職人與素人的碰撞會激起怎樣的化學反應？而最後這位露營初心者將挑戰SOLO CAMP的任務！最終有可能完成嗎？"
          },
          {
            "content_id": "VOD00358044",
            "time_codes": [
              477000,
              874000
            ],
            "timecode_duration": [],
            "length": 1342000,
            "asset_id": "vod76628-000006M001",
            "title": "來去露營吧",
            "subtitle": "第6集 把零戶外經驗的都市小孩丟到日本露營會怎樣？ feat. 鶴The Crane",
            "ep_number": 6,
            "rating": 1,
            "content_type": "show",
            "p_start": 1762540500000,
            "vod_channel_description": "日本露營師匠與達人，帶著來自台灣的露營初心者-宇宙人小玉，到日本各地進行露營x音樂的冒險！在露營的過程中，職人與素人的碰撞會激起怎樣的化學反應？而最後這位露營初心者將挑戰SOLO CAMP的任務！最終有可能完成嗎？"
          },
          {
            "content_id": "VOD00358045",
            "time_codes": [
              535000,
              1125000
            ],
            "timecode_duration": [],
            "length": 1338000,
            "asset_id": "vod76628-000007M001",
            "title": "來去露營吧",
            "subtitle": "第7集 迎接七龍珠片尾曲擔當樂團！用音樂跨越語言的露營 feat. Czecho No Republic",
            "ep_number": 7,
            "rating": 1,
            "content_type": "show",
            "p_start": 1762542000000,
            "vod_channel_description": "日本露營師匠與達人，帶著來自台灣的露營初心者-宇宙人小玉，到日本各地進行露營x音樂的冒險！在露營的過程中，職人與素人的碰撞會激起怎樣的化學反應？而最後這位露營初心者將挑戰SOLO CAMP的任務！最終有可能完成嗎？"
          },
          {
            "content_id": "VOD00358046",
            "time_codes": [
              419000,
              985000
            ],
            "timecode_duration": [],
            "length": 1369000,
            "asset_id": "vod76628-000008M001",
            "title": "來去露營吧",
            "subtitle": "第8集 如果沒有長野先生的露營...初心者小玉扛的住嗎？ feat. 福夢FUMON",
            "ep_number": 8,
            "rating": 1,
            "content_type": "show",
            "p_start": 1762543500000,
            "vod_channel_description": "日本露營師匠與達人，帶著來自台灣的露營初心者-宇宙人小玉，到日本各地進行露營x音樂的冒險！在露營的過程中，職人與素人的碰撞會激起怎樣的化學反應？而最後這位露營初心者將挑戰SOLO CAMP的任務！最終有可能完成嗎？"
          },
          {
            "content_id": "VOD00358047",
            "time_codes": [
              424000,
              1127000
            ],
            "timecode_duration": [],
            "length": 1365000,
            "asset_id": "vod76628-000009M001",
            "title": "來去露營吧",
            "subtitle": "第9集 三天兩夜的solo camp特訓! 卻來了一位失控的夥伴？ feat. 旺福 小民",
            "ep_number": 9,
            "rating": 1,
            "content_type": "show",
            "p_start": 1762545000000,
            "vod_channel_description": "日本露營師匠與達人，帶著來自台灣的露營初心者-宇宙人小玉，到日本各地進行露營x音樂的冒險！在露營的過程中，職人與素人的碰撞會激起怎樣的化學反應？而最後這位露營初心者將挑戰SOLO CAMP的任務！最終有可能完成嗎？"
          },
          {
            "content_id": "VOD00358048",
            "time_codes": [
              710000,
              1182000
            ],
            "timecode_duration": [],
            "length": 1375000,
            "asset_id": "vod76628-000010M001",
            "title": "來去露營吧",
            "subtitle": "第10集 小玉solo camp前與大家的最後一夜！史上最熱鬧！前集來賓直接續留一夜！feat. 旺福 小民",
            "ep_number": 10,
            "rating": 1,
            "content_type": "show",
            "p_start": 1762546500000,
            "vod_channel_description": "日本露營師匠與達人，帶著來自台灣的露營初心者-宇宙人小玉，到日本各地進行露營x音樂的冒險！在露營的過程中，職人與素人的碰撞會激起怎樣的化學反應？而最後這位露營初心者將挑戰SOLO CAMP的任務！最終有可能完成嗎？"
          },
          {
            "content_id": "VOD00358049",
            "time_codes": [
              503000,
              1026000
            ],
            "timecode_duration": [],
            "length": 1379000,
            "asset_id": "vod76628-000011M001",
            "title": "來去露營吧",
            "subtitle": "第11集 搖曳露營聖地，日本伊豆半島Solo camp，宇宙人小玉的最後一露！ feat. daisuke katayama、旺福 小民",
            "ep_number": 11,
            "rating": 1,
            "content_type": "show",
            "p_start": 1762548000000,
            "vod_channel_description": "日本露營師匠與達人，帶著來自台灣的露營初心者-宇宙人小玉，到日本各地進行露營x音樂的冒險！在露營的過程中，職人與素人的碰撞會激起怎樣的化學反應？而最後這位露營初心者將挑戰SOLO CAMP的任務！最終有可能完成嗎？"
          },
          {
            "content_id": "VOD00358050",
            "time_codes": [
              531000,
              1094000
            ],
            "timecode_duration": [],
            "length": 1368000,
            "asset_id": "vod76628-000012M001",
            "title": "來去露營吧",
            "subtitle": "第12集 全員集合！長野先生給小玉solo camp的最終評價是！？feat. 宇宙人 方Q、阿奎",
            "ep_number": 12,
            "rating": 1,
            "content_type": "show",
            "p_start": 1762549500000,
            "vod_channel_description": "日本露營師匠與達人，帶著來自台灣的露營初心者-宇宙人小玉，到日本各地進行露營x音樂的冒險！在露營的過程中，職人與素人的碰撞會激起怎樣的化學反應？而最後這位露營初心者將挑戰SOLO CAMP的任務！最終有可能完成嗎？"
          },
          {
            "content_id": "VOD00358051",
            "time_codes": [
              434000,
              1018000
            ],
            "timecode_duration": [],
            "length": 1340000,
            "asset_id": "vod76628-000013M001",
            "title": "來去露營吧",
            "subtitle": "第13集 Let｀s camping 來去露營吧音樂會∆ 活動紀錄特輯 feat. 所有來參與活動的台前幕後人員",
            "ep_number": 13,
            "rating": 1,
            "content_type": "show",
            "p_start": 1762551000000,
            "vod_channel_description": "日本露營師匠與達人，帶著來自台灣的露營初心者-宇宙人小玉，到日本各地進行露營x音樂的冒險！在露營的過程中，職人與素人的碰撞會激起怎樣的化學反應？而最後這位露營初心者將挑戰SOLO CAMP的任務！最終有可能完成嗎？"
          },
          {
            "content_id": "VOD00358087",
            "time_codes": [
              1019000,
              2173000,
              3155000,
              4067000,
              4803000,
              5974000,
              6925000,
              8072000
            ],
            "timecode_duration": [],
            "length": 8971000,
            "asset_id": "vod76631-000001M001",
            "title": "現在宅知道",
            "subtitle": "第1集",
            "ep_number": 1,
            "rating": 1,
            "content_type": "show",
            "p_start": 1762552500000,
            "vod_channel_description": "實況界知名的6tan、鳥屎告訴你 ACG 的所有新鮮事。"
          },
          {
            "content_id": "VOD00358088",
            "time_codes": [
              1083000,
              2160000,
              3123000,
              4162000,
              4931000,
              6020000,
              7008000,
              7724000
            ],
            "timecode_duration": [],
            "length": 8384000,
            "asset_id": "vod76631-000002M001",
            "title": "現在宅知道",
            "subtitle": "第2集",
            "ep_number": 2,
            "rating": 1,
            "content_type": "show",
            "p_start": 1762561800000,
            "vod_channel_description": "實況界知名的6tan、鳥屎告訴你 ACG 的所有新鮮事。"
          },
          {
            "content_id": "VOD00358089",
            "time_codes": [
              1090000,
              2185000,
              3148000,
              4068000,
              4906000,
              6072000,
              6993000,
              7744000
            ],
            "timecode_duration": [],
            "length": 8274000,
            "asset_id": "vod76631-000003M001",
            "title": "現在宅知道",
            "subtitle": "第3集",
            "ep_number": 3,
            "rating": 1,
            "content_type": "show",
            "p_start": 1762570500000,
            "vod_channel_description": "實況界知名的6tan、鳥屎告訴你 ACG 的所有新鮮事。"
          },
          {
            "content_id": "VOD00358090",
            "time_codes": [
              1076000,
              2191000,
              3162000,
              4160000,
              4923000,
              5982000,
              6951000,
              7743000
            ],
            "timecode_duration": [],
            "length": 8616000,
            "asset_id": "vod76631-000004M001",
            "title": "現在宅知道",
            "subtitle": "第4集",
            "ep_number": 4,
            "rating": 1,
            "content_type": "show",
            "p_start": 1762578900000,
            "vod_channel_description": "實況界知名的6tan、鳥屎告訴你 ACG 的所有新鮮事。"
          },
          {
            "content_id": "VOD00358091",
            "time_codes": [
              1122000,
              2223000,
              3321000,
              4143000,
              4801000,
              5997000,
              7064000,
              7895000
            ],
            "timecode_duration": [],
            "length": 8835000,
            "asset_id": "vod76631-000005M001",
            "title": "現在宅知道",
            "subtitle": "第5集",
            "ep_number": 5,
            "rating": 1,
            "content_type": "show",
            "p_start": 1762587600000,
            "vod_channel_description": "實況界知名的6tan、鳥屎告訴你 ACG 的所有新鮮事。"
          },
          {
            "content_id": "VOD00358092",
            "time_codes": [
              1117000,
              2247000,
              3409000,
              4141000,
              5007000,
              6037000,
              6998000,
              7773000
            ],
            "timecode_duration": [],
            "length": 8412000,
            "asset_id": "vod76631-000006M001",
            "title": "現在宅知道",
            "subtitle": "第6集",
            "ep_number": 6,
            "rating": 1,
            "content_type": "show",
            "p_start": 1762596600000,
            "vod_channel_description": "實況界知名的6tan、鳥屎告訴你 ACG 的所有新鮮事。"
          },
          {
            "content_id": "VOD00358093",
            "time_codes": [
              1136000,
              2169000,
              3275000,
              4081000,
              5023000,
              5958000,
              7008000,
              7745000
            ],
            "timecode_duration": [],
            "length": 8758000,
            "asset_id": "vod76631-000007M001",
            "title": "現在宅知道",
            "subtitle": "第7集",
            "ep_number": 7,
            "rating": 1,
            "content_type": "show",
            "p_start": 1762605300000,
            "vod_channel_description": "實況界知名的6tan、鳥屎告訴你 ACG 的所有新鮮事。"
          },
          {
            "content_id": "VOD00358094",
            "time_codes": [
              1183000,
              2270000,
              3360000,
              4096000,
              4986000,
              6091000,
              6914000,
              7731000
            ],
            "timecode_duration": [],
            "length": 8595000,
            "asset_id": "vod76631-000008M001",
            "title": "現在宅知道",
            "subtitle": "第8集",
            "ep_number": 8,
            "rating": 1,
            "content_type": "show",
            "p_start": 1762614300000,
            "vod_channel_description": "實況界知名的6tan、鳥屎告訴你 ACG 的所有新鮮事。"
          },
          {
            "content_id": "VOD00358095",
            "time_codes": [
              1141000,
              2252000,
              3338000,
              4145000,
              4931000,
              6050000,
              6954000,
              7760000
            ],
            "timecode_duration": [],
            "length": 8622000,
            "asset_id": "vod76631-000009M001",
            "title": "現在宅知道",
            "subtitle": "第9集",
            "ep_number": 9,
            "rating": 1,
            "content_type": "show",
            "p_start": 1762623000000,
            "vod_channel_description": "實況界知名的6tan、鳥屎告訴你 ACG 的所有新鮮事。"
          },
          {
            "content_id": "VOD00358096",
            "time_codes": [
              1150000,
              2247000,
              3414000,
              4133000,
              4948000,
              6060000,
              7108000,
              8001000
            ],
            "timecode_duration": [],
            "length": 8843000,
            "asset_id": "vod76631-000010M001",
            "title": "現在宅知道",
            "subtitle": "第10集",
            "ep_number": 10,
            "rating": 1,
            "content_type": "show",
            "p_start": 1762631700000,
            "vod_channel_description": "實況界知名的6tan、鳥屎告訴你 ACG 的所有新鮮事。"
          },
          {
            "content_id": "VOD00358097",
            "time_codes": [
              1051000,
              2160000,
              3209000,
              4198000,
              4960000,
              5982000,
              7176000,
              8147000
            ],
            "timecode_duration": [],
            "length": 9016000,
            "asset_id": "vod76631-000011M001",
            "title": "現在宅知道",
            "subtitle": "第11集",
            "ep_number": 11,
            "rating": 1,
            "content_type": "show",
            "p_start": 1762640700000,
            "vod_channel_description": "實況界知名的6tan、鳥屎告訴你 ACG 的所有新鮮事。"
          },
          {
            "content_id": "VOD00358098",
            "time_codes": [
              1118000,
              2268000,
              3425000,
              4190000,
              5001000,
              6070000,
              7187000,
              8025000
            ],
            "timecode_duration": [],
            "length": 8667000,
            "asset_id": "vod76631-000012M001",
            "title": "現在宅知道",
            "subtitle": "第12集",
            "ep_number": 12,
            "rating": 1,
            "content_type": "show",
            "p_start": 1762650000000,
            "vod_channel_description": "實況界知名的6tan、鳥屎告訴你 ACG 的所有新鮮事。"
          },
          {
            "content_id": "VOD00358099",
            "time_codes": [
              1002000,
              2193000,
              3310000,
              4104000,
              5057000,
              6012000,
              7173000,
              7944000
            ],
            "timecode_duration": [],
            "length": 8731000,
            "asset_id": "vod76631-000013M001",
            "title": "現在宅知道",
            "subtitle": "第13集",
            "ep_number": 13,
            "rating": 1,
            "content_type": "show",
            "p_start": 1762659000000,
            "vod_channel_description": "實況界知名的6tan、鳥屎告訴你 ACG 的所有新鮮事。"
          },
          {
            "content_id": "VOD00358100",
            "time_codes": [
              1144000,
              2333000,
              3371000,
              4171000,
              5042000,
              6076000,
              7083000,
              8192000
            ],
            "timecode_duration": [],
            "length": 9257000,
            "asset_id": "vod76631-000014M001",
            "title": "現在宅知道",
            "subtitle": "第14集",
            "ep_number": 14,
            "rating": 1,
            "content_type": "show",
            "p_start": 1762668000000,
            "vod_channel_description": "實況界知名的6tan、鳥屎告訴你 ACG 的所有新鮮事。"
          },
          {
            "content_id": "VOD00358101",
            "time_codes": [
              1123000,
              2224000,
              3361000,
              4138000,
              5016000,
              6035000,
              7006000,
              7738000
            ],
            "timecode_duration": [],
            "length": 8543000,
            "asset_id": "vod76631-000015M001",
            "title": "現在宅知道",
            "subtitle": "第15集",
            "ep_number": 15,
            "rating": 1,
            "content_type": "show",
            "p_start": 1762677600000,
            "vod_channel_description": "實況界知名的6tan、鳥屎告訴你 ACG 的所有新鮮事。"
          },
          {
            "content_id": "VOD00358102",
            "time_codes": [
              1167000,
              2241000,
              3302000,
              4173000,
              5158000,
              6069000,
              7105000,
              7954000
            ],
            "timecode_duration": [],
            "length": 8626000,
            "asset_id": "vod76631-000016M001",
            "title": "現在宅知道",
            "subtitle": "第16集",
            "ep_number": 16,
            "rating": 1,
            "content_type": "show",
            "p_start": 1762686300000,
            "vod_channel_description": "實況界知名的6tan、鳥屎告訴你 ACG 的所有新鮮事。"
          },
          {
            "content_id": "VOD00358103",
            "time_codes": [
              1173000,
              2201000,
              3251000,
              4064000,
              5010000,
              6042000,
              7119000,
              7893000
            ],
            "timecode_duration": [],
            "length": 8584000,
            "asset_id": "vod76631-000017M001",
            "title": "現在宅知道",
            "subtitle": "第17集",
            "ep_number": 17,
            "rating": 1,
            "content_type": "show",
            "p_start": 1762695000000,
            "vod_channel_description": "實況界知名的6tan、鳥屎告訴你 ACG 的所有新鮮事。"
          },
          {
            "content_id": "VOD00358104",
            "time_codes": [
              1193000,
              2259000,
              3350000,
              4193000,
              4993000,
              6105000,
              7091000,
              7898000
            ],
            "timecode_duration": [],
            "length": 8751000,
            "asset_id": "vod76631-000018M001",
            "title": "現在宅知道",
            "subtitle": "第18集",
            "ep_number": 18,
            "rating": 1,
            "content_type": "show",
            "p_start": 1762703700000,
            "vod_channel_description": "實況界知名的6tan、鳥屎告訴你 ACG 的所有新鮮事。"
          },
          {
            "content_id": "VOD00358105",
            "time_codes": [
              1065000,
              2063000,
              3169000,
              4123000,
              5030000,
              6036000,
              7119000,
              7802000
            ],
            "timecode_duration": [],
            "length": 8641000,
            "asset_id": "vod76631-000019M001",
            "title": "現在宅知道",
            "subtitle": "第19集",
            "ep_number": 19,
            "rating": 1,
            "content_type": "show",
            "p_start": 1762712700000,
            "vod_channel_description": "實況界知名的6tan、鳥屎告訴你 ACG 的所有新鮮事。"
          },
          {
            "content_id": "VOD00358106",
            "time_codes": [
              1149000,
              2216000,
              3290000,
              4075000,
              4948000,
              6023000,
              7152000,
              7877000
            ],
            "timecode_duration": [],
            "length": 8458000,
            "asset_id": "vod76631-000020M001",
            "title": "現在宅知道",
            "subtitle": "第20集",
            "ep_number": 20,
            "rating": 1,
            "content_type": "show",
            "p_start": 1762721700000,
            "vod_channel_description": "實況界知名的6tan、鳥屎告訴你 ACG 的所有新鮮事。"
          },
          {
            "content_id": "VOD00358107",
            "time_codes": [
              1010000,
              2135000,
              3290000,
              4081000,
              5002000,
              6094000,
              7193000,
              8046000
            ],
            "timecode_duration": [],
            "length": 8623000,
            "asset_id": "vod76631-000021M001",
            "title": "現在宅知道",
            "subtitle": "第21集",
            "ep_number": 21,
            "rating": 1,
            "content_type": "show",
            "p_start": 1762730400000,
            "vod_channel_description": "實況界知名的6tan、鳥屎告訴你 ACG 的所有新鮮事。"
          },
          {
            "content_id": "VOD00358108",
            "time_codes": [
              1127000,
              2276000,
              3391000,
              4141000,
              5001000,
              6094000,
              7051000,
              7911000
            ],
            "timecode_duration": [],
            "length": 8406000,
            "asset_id": "vod76631-000022M001",
            "title": "現在宅知道",
            "subtitle": "第22集",
            "ep_number": 22,
            "rating": 1,
            "content_type": "show",
            "p_start": 1762739100000,
            "vod_channel_description": "實況界知名的6tan、鳥屎告訴你 ACG 的所有新鮮事。"
          },
          {
            "content_id": "VOD00358109",
            "time_codes": [
              1176000,
              2296000,
              3327000,
              4141000,
              5025000,
              6063000,
              7090000,
              7730000
            ],
            "timecode_duration": [],
            "length": 8541000,
            "asset_id": "vod76631-000023M001",
            "title": "現在宅知道",
            "subtitle": "第23集",
            "ep_number": 23,
            "rating": 1,
            "content_type": "show",
            "p_start": 1762747800000,
            "vod_channel_description": "實況界知名的6tan、鳥屎告訴你 ACG 的所有新鮮事。"
          },
          {
            "content_id": "VOD00358110",
            "time_codes": [
              1147000,
              2228000,
              3296000,
              4166000,
              5004000,
              6021000,
              7101000,
              7715000
            ],
            "timecode_duration": [],
            "length": 8481000,
            "asset_id": "vod76631-000024M001",
            "title": "現在宅知道",
            "subtitle": "第24集",
            "ep_number": 24,
            "rating": 1,
            "content_type": "show",
            "p_start": 1762756500000,
            "vod_channel_description": "實況界知名的6tan、鳥屎告訴你 ACG 的所有新鮮事。"
          },
          {
            "content_id": "VOD00358111",
            "time_codes": [
              1115000,
              2100000,
              3208000,
              4124000,
              5038000,
              6046000,
              7189000,
              8331000,
              8973000
            ],
            "timecode_duration": [],
            "length": 9538000,
            "asset_id": "vod76631-000025M001",
            "title": "現在宅知道",
            "subtitle": "第25集",
            "ep_number": 25,
            "rating": 1,
            "content_type": "show",
            "p_start": 1762765200000,
            "vod_channel_description": "實況界知名的6tan、鳥屎告訴你 ACG 的所有新鮮事。"
          },
          {
            "content_id": "VOD00358112",
            "time_codes": [
              1155000,
              2169000,
              3285000,
              4137000,
              5071000,
              6094000,
              7128000,
              7731000
            ],
            "timecode_duration": [],
            "length": 8530000,
            "asset_id": "vod76631-000026M001",
            "title": "現在宅知道",
            "subtitle": "第26集",
            "ep_number": 26,
            "rating": 1,
            "content_type": "show",
            "p_start": 1762774800000,
            "vod_channel_description": "實況界知名的6tan、鳥屎告訴你 ACG 的所有新鮮事。"
          },
          {
            "content_id": "VOD00358113",
            "time_codes": [
              1128000,
              2184000,
              3255000,
              4163000,
              5061000,
              6063000,
              7067000,
              7959000
            ],
            "timecode_duration": [],
            "length": 8930000,
            "asset_id": "vod76631-000027M001",
            "title": "現在宅知道",
            "subtitle": "第27集",
            "ep_number": 27,
            "rating": 1,
            "content_type": "show",
            "p_start": 1762783500000,
            "vod_channel_description": "實況界知名的6tan、鳥屎告訴你 ACG 的所有新鮮事。"
          },
          {
            "content_id": "VOD00358114",
            "time_codes": [
              1096000,
              2146000,
              3221000,
              4105000,
              4970000,
              6050000,
              7050000,
              7724000
            ],
            "timecode_duration": [],
            "length": 8495000,
            "asset_id": "vod76631-000028M001",
            "title": "現在宅知道",
            "subtitle": "第28集",
            "ep_number": 28,
            "rating": 1,
            "content_type": "show",
            "p_start": 1762792500000,
            "vod_channel_description": "實況界知名的6tan、鳥屎告訴你 ACG 的所有新鮮事。"
          },
          {
            "content_id": "VOD00358115",
            "time_codes": [
              1189000,
              2192000,
              3265000,
              4101000,
              4900000,
              6029000,
              7163000,
              7967000
            ],
            "timecode_duration": [],
            "length": 8785000,
            "asset_id": "vod76631-000029M001",
            "title": "現在宅知道",
            "subtitle": "第29集",
            "ep_number": 29,
            "rating": 1,
            "content_type": "show",
            "p_start": 1762801200000,
            "vod_channel_description": "實況界知名的6tan、鳥屎告訴你 ACG 的所有新鮮事。"
          },
          {
            "content_id": "VOD00360624",
            "time_codes": [
              583000
            ],
            "timecode_duration": [],
            "length": 1142000,
            "asset_id": "vod77138-000001M001",
            "title": "現在宅知道 宅餐車",
            "subtitle": "第1集 麥卡貝老闆Eric瘋了嗎?鳥屎大魚開餐車創業去!!",
            "ep_number": 1,
            "rating": 1,
            "content_type": "show",
            "p_start": 1762810200000,
            "vod_channel_description": "某一天，Eric跟鳥屎說：「哎~鳥屎我跟你說吼，我想在麥卡貝樓下開一個Bar.........」因此宅餐車就這麼誕生了！透過實境的拍攝手法，讓大家體驗最真實的餐車日記。跟著鳥屎、大魚走出攝影棚，喚起宅宅們的熱血，做菜給不同角落的人吃。千萬別錯過宅知道全新企劃「宅餐車」吧！"
          },
          {
            "content_id": "VOD00360625",
            "time_codes": [
              599000,
              1091000
            ],
            "timecode_duration": [],
            "length": 1350000,
            "asset_id": "vod77138-000002M001",
            "title": "現在宅知道 宅餐車",
            "subtitle": "第2集 試營運開賣!!會不會一個都賣不出去?! 重新橋篇",
            "ep_number": 2,
            "rating": 1,
            "content_type": "show",
            "p_start": 1762811700000,
            "vod_channel_description": "某一天，Eric跟鳥屎說：「哎~鳥屎我跟你說吼，我想在麥卡貝樓下開一個Bar.........」因此宅餐車就這麼誕生了！透過實境的拍攝手法，讓大家體驗最真實的餐車日記。跟著鳥屎、大魚走出攝影棚，喚起宅宅們的熱血，做菜給不同角落的人吃。千萬別錯過宅知道全新企劃「宅餐車」吧！"
          },
          {
            "content_id": "VOD00360626",
            "time_codes": [
              814000,
              1390000
            ],
            "timecode_duration": [],
            "length": 1750000,
            "asset_id": "vod77138-000003M001",
            "title": "現在宅知道 宅餐車",
            "subtitle": "第3集 80元炸肉丸沒人買？餐車正式營運第一天會不會就倒閉了？ 淡水篇",
            "ep_number": 3,
            "rating": 1,
            "content_type": "show",
            "p_start": 1762813200000,
            "vod_channel_description": "某一天，Eric跟鳥屎說：「哎~鳥屎我跟你說吼，我想在麥卡貝樓下開一個Bar.........」因此宅餐車就這麼誕生了！透過實境的拍攝手法，讓大家體驗最真實的餐車日記。跟著鳥屎、大魚走出攝影棚，喚起宅宅們的熱血，做菜給不同角落的人吃。千萬別錯過宅知道全新企劃「宅餐車」吧！"
          },
          {
            "content_id": "VOD00360627",
            "time_codes": [
              614000
            ],
            "timecode_duration": [],
            "length": 1063000,
            "asset_id": "vod77138-000004M001",
            "title": "現在宅知道 宅餐車",
            "subtitle": "第4集 鳥屎駕訓班！家破人丸兄妹檔出車前準備",
            "ep_number": 4,
            "rating": 1,
            "content_type": "show",
            "p_start": 1762815300000,
            "vod_channel_description": "某一天，Eric跟鳥屎說：「哎~鳥屎我跟你說吼，我想在麥卡貝樓下開一個Bar.........」因此宅餐車就這麼誕生了！透過實境的拍攝手法，讓大家體驗最真實的餐車日記。跟著鳥屎、大魚走出攝影棚，喚起宅宅們的熱血，做菜給不同角落的人吃。千萬別錯過宅知道全新企劃「宅餐車」吧！"
          },
          {
            "content_id": "VOD00360628",
            "time_codes": [
              795000,
              1655000,
              2154000
            ],
            "timecode_duration": [],
            "length": 2433000,
            "asset_id": "vod77138-000005M001",
            "title": "現在宅知道 宅餐車",
            "subtitle": "第5集 變嫩之舞再進化!!鳥屎拉客之舞跳到人潮爆棚!? 烏來篇",
            "ep_number": 5,
            "rating": 1,
            "content_type": "show",
            "p_start": 1762816500000,
            "vod_channel_description": "某一天，Eric跟鳥屎說：「哎~鳥屎我跟你說吼，我想在麥卡貝樓下開一個Bar.........」因此宅餐車就這麼誕生了！透過實境的拍攝手法，讓大家體驗最真實的餐車日記。跟著鳥屎、大魚走出攝影棚，喚起宅宅們的熱血，做菜給不同角落的人吃。千萬別錯過宅知道全新企劃「宅餐車」吧！"
          }
        ],
        "total_length": 386346000,
        "focus_index": 88,
        "next_index": 89,
        "time": 6105900,
        "focus_program": {
          "content_id": "VOD00358109",
          "time_codes": [
            1176000,
            2296000,
            3327000,
            4141000,
            5025000,
            6063000,
            7090000,
            7730000
          ],
          "timecode_duration": [],
          "length": 8541000,
          "asset_id": "vod76631-000023M001",
          "title": "現在宅知道",
          "subtitle": "第23集",
          "ep_number": 23,
          "rating": 1,
          "content_type": "show",
          "p_start": 1762747800000,
          "vod_channel_description": "實況界知名的6tan、鳥屎告訴你 ACG 的所有新鮮事。"
        }
      },
      "station_categories": [
        {
          "Name": "綜藝",
          "EngName": "Entertainment",
          "MenuOrder": 8
        }
      ]
    },
    "introduction": null,
    "recommends": null,
    "ua": "Mozilla/5.0 (Windows NT 10.0; Win64; x64) AppleWebKit/537.36 (KHTML, like Gecko) Chrome/134.0.0.0 Safari/537.36"
  },
  "__N_SSP": true
}