{
  "pageProps": {
    "contentId": "ofiii248",
    "channel": {
      "title": "秘境不思溢",
      "no": 248,
      "charge_mode": "F",
      "content_id": "ofiii248",
      "content_type": "vod-channel",
      "epg_categories": [
        18
      ],
      "genres": [
        {
          "id": "",
          "name": "VOD_CHANNEL",
          "logo": ""
        }
      ],
      "liad_id": "VODCHNEWOFIWEB",
      "package_info_id": "VOD_CHANNEL_DELUX",
      "picture": "pics/vod_channel/logo_3812_ofiii248_tv_20250729.png",
      "provider": [
        {
          "id": "",
          "name": "亞旅",
          "logo": ""
        }
      ],
      "quality": "HD",
      "station_id": "station6746",
      "trial": "CH_TRAIL",
      "selectable": 1,
      "tr_logo": "pics/vod_channel/tr_logo_1753780474.png",
      "tl_logo": "",
      "br_logo": "",
      "bl_logo": "",
      "menu_type": 0,
      "vod_channel_schedule": {
        "channel_id": 248,
        "cdn_code": "ofiii248",
        "start_time": 1762538400000,
        "programs": [
          {
            "content_id": "VOD00233793",
            "time_codes": [
              825000,
              1380000,
              2548000
            ],
            "timecode_duration": [],
            "length": 3050000,
            "asset_id": "vod20116-030001M001",
            "title": "",
            "subtitle": "第3季第1集 中國貴州：壯麗黃果樹瀑布 這都沒看過 別說你來過貴州",
            "ep_number": 1,
            "rating": 1,
            "content_type": "show",
            "p_start": 1762538400000,
            "vod_channel_description": "有人說，到了貴州沒親眼見證雄偉壯麗的黃果樹瀑布等於沒到過貴州，我們將從貴州安順出發，一睹黃果樹瀑布的神秘面貌；還要踏進時空凍結在明朝的天龍屯堡，一窺屯堡人未曾受歲見更迭而改變的生活樣貌；登上有天下奇觀之稱的萬峰林，一探群峰成林的壯闊；最後揭開夜郎古國遺族神秘檔案。"
          },
          {
            "content_id": "VOD00233794",
            "time_codes": [
              1361000,
              1919000,
              2356000
            ],
            "timecode_duration": [],
            "length": 3054000,
            "asset_id": "vod20116-030002M001",
            "title": "",
            "subtitle": "第3季第2集 中國貴州：地球上的綠寶石 清朝老石橋 來往廣西必經之路",
            "ep_number": 2,
            "rating": 1,
            "content_type": "show",
            "p_start": 1762541700000,
            "vod_channel_description": "九山抱一水，一水分兩城，一條舞陽河將鎮遠古城一分為二，打造出獨特的邊疆古鎮文化；地處貴州黔南邊陲的荔波，融合山、水、林、洞、湖泊等天然奇景，被譽為地球腰帶上的「綠寶石」，還有中國最後一個槍手部落岜沙，有著奇特的鐮刀剃頭，樹葬文化！"
          },
          {
            "content_id": "VOD00233795",
            "time_codes": [
              936000,
              1590000,
              2310000
            ],
            "timecode_duration": [],
            "length": 3050000,
            "asset_id": "vod20116-030003M001",
            "title": "",
            "subtitle": "第3季第3集 中國貴州：苗寨能有多壯觀？苗女頭頂狀如牛角、重達二公斤髮飾",
            "ep_number": 3,
            "rating": 1,
            "content_type": "show",
            "p_start": 1762545000000,
            "vod_channel_description": "千戶群聚山頭的苗寨能有多壯觀？隱居在六枝山上的苗女，頭頂狀如牛角、重達2公斤的髮飾，到底為哪樁？格凸河內的苗人，徒手攀岩身手矯健！3吋短裙穿上身，3月3號會情人，貴州有全中國最多苗族，支系多、各具特色，今天就要探索貴州苗族的不可思議。"
          },
          {
            "content_id": "VOD00233796",
            "time_codes": [
              768000,
              1413000,
              2148000
            ],
            "timecode_duration": [],
            "length": 3050000,
            "asset_id": "vod20116-030004M001",
            "title": "",
            "subtitle": "第3季第4集 台灣台東：阿塱壹古道 欣賞台灣最原始的海岸線",
            "ep_number": 4,
            "rating": 1,
            "content_type": "show",
            "p_start": 1762548300000,
            "vod_channel_description": "到台東，我們從森林博物館出發，看看布農族人口中會走路的樹是甚麼模樣？還要沿著阿塱壹古道欣賞台灣最原始的海岸線；台東最後的秘境，就藏在野溪溫泉裡。現在就跟著廖科溢，發現台灣的不可思議！"
          },
          {
            "content_id": "VOD00233797",
            "time_codes": [
              857000,
              1770000,
              2444000
            ],
            "timecode_duration": [],
            "length": 3045000,
            "asset_id": "vod20116-030005M001",
            "title": "",
            "subtitle": "第3季第5集 台灣花蓮：花蓮絕美海岸線 錐麓古道文史氛圍令人著迷",
            "ep_number": 5,
            "rating": 1,
            "content_type": "show",
            "p_start": 1762551600000,
            "vod_channel_description": "離開台東，我們來到國內外遊客最愛的花蓮縣；這個台灣美麗的後花園，不僅有著著名的奇岩怪石，豐富的自然生態更是不容錯過。錐麓古道的文史氛圍令人著迷，斷崖峽谷的驚險令人屏息；黑夜細雨中推著竹筏出海捕飛魚；算準時間逐浪花，總算找到倒退嚕的蹤影；逆水而上超拼命，乍見黃金瀑布讓大家喜極而泣！"
          },
          {
            "content_id": "VOD00233798",
            "time_codes": [
              834000,
              1717000,
              2351000
            ],
            "timecode_duration": [],
            "length": 3040000,
            "asset_id": "vod20116-030006M001",
            "title": "",
            "subtitle": "第3季第6集 台灣宜蘭：中央山脈最北端 最美小徑見晴古道神秘面紗",
            "ep_number": 6,
            "rating": 1,
            "content_type": "show",
            "p_start": 1762554900000,
            "vod_channel_description": "秘境團隊探訪東台灣之行，來到最北的宜蘭縣，我們在東澳灣體驗獨木舟，破浪划船尋找東海岸最大的海蝕洞、中央山脈的起點；再到山林盡頭的福山植物園，一窺林木的奧秘；還要深入常年雲霧繚繞的太平山，揭開最美小徑見晴古道的神秘面紗，現在就跟著《秘境不思溢》的腳步，一起去探秘！"
          },
          {
            "content_id": "VOD00233799",
            "time_codes": [
              1007000,
              1711000,
              2306000
            ],
            "timecode_duration": [],
            "length": 2989000,
            "asset_id": "vod20116-030007M001",
            "title": "",
            "subtitle": "第3季第7集 加拿大溫哥華：比臉大的漢堡 超級任務之挑戰30分鐘內完食",
            "ep_number": 7,
            "rating": 1,
            "content_type": "show",
            "p_start": 1762558200000,
            "vod_channel_description": "來到加拿大西部第一大城－溫哥華，我們走訪溫哥華古老的煤氣鎮，感受蒸汽鐘鳴笛奏樂的獨特旋律，在格蘭維爾島搭乘彩虹船，享受慢活的悠閒時光，走在卡佩蘭奴吊橋和樹橋之間，直擊原始森林的壯麗，再搭船跨海到維多利亞巿，走進古老的英倫風情之中，還要挑戰比臉大的漢堡這項不可能的任務。"
          },
          {
            "content_id": "VOD00233800",
            "time_codes": [
              651000,
              1731000,
              2406000
            ],
            "timecode_duration": [],
            "length": 3105000,
            "asset_id": "vod20116-030008M001",
            "title": "",
            "subtitle": "第3季第8集 加拿大：加拿大黃柏山 登高望遠小溫市景盡收眼底",
            "ep_number": 8,
            "rating": 1,
            "content_type": "show",
            "p_start": 1762561500000,
            "vod_channel_description": "離開溫哥華市區，帶領觀眾走訪臨近的島嶼鄉村。捲起褲管，捕撈King Size的豪大大生蠔；深度探秘，揭開綠野仙蹤裡的太空艙之謎；為了尋找我的加拿大新娘，竟一波三折，差點千里姻緣無線牽；在蒸氣列車上他鄉遇故知，最陌生的臉孔竟唱著我們最熟悉的台灣歌謠。"
          },
          {
            "content_id": "VOD00233801",
            "time_codes": [
              795000,
              1578000,
              2368000
            ],
            "timecode_duration": [],
            "length": 3050000,
            "asset_id": "vod20116-030009M001",
            "title": "",
            "subtitle": "第3季第9集 加拿大：落磯山藍寶石 凝望美麗的夢蓮女郎",
            "ep_number": 9,
            "rating": 1,
            "content_type": "show",
            "p_start": 1762564800000,
            "vod_channel_description": "茜美納斯壁畫村壁畫規模色彩繁多，羅傑士峽道開山闢地，打開貫通加拿大的東西海岸，8字形螺旋隧道人類智慧的神奇景觀，遠眺冰川、近探森林秘境，傳奇的班夫溫泉城堡近在眼前！腳踏極盡之巔，跟著廖科溢一起擁抱加拿大的冰雪奇緣。"
          },
          {
            "content_id": "VOD00233802",
            "time_codes": [
              1043000,
              1481000,
              2295000
            ],
            "timecode_duration": [],
            "length": 3059000,
            "asset_id": "vod20116-030010M001",
            "title": "",
            "subtitle": "第3季第10集 加拿大：艾伯塔省巫藥湖 揭祕湖水消失的地質原因",
            "ep_number": 10,
            "rating": 1,
            "content_type": "show",
            "p_start": 1762568100000,
            "vod_channel_description": "秘境團隊加拿大最終章，馳騁在加拿大最美的景觀公路93號公路，山明水秀一覽無遺。世界上最美的冰原大道，四周全部都是雪山，連腳下都是冰原；艾伯塔省的天空步道，高度等同漫步在101的腰際間，真的是步步驚心，艾伯塔省「巫藥湖」美得像畫，傳說中動物比人多的傑士伯國家公園，延路處處是驚喜。"
          },
          {
            "content_id": "VOD00233803",
            "time_codes": [
              771000,
              1553000,
              2165000
            ],
            "timecode_duration": [],
            "length": 3035000,
            "asset_id": "vod20116-030011M001",
            "title": "",
            "subtitle": "第3季第11集 中國青海：前進松藩古城 一探古城牆斑駁歷史痕跡",
            "ep_number": 11,
            "rating": 1,
            "content_type": "show",
            "p_start": 1762571400000,
            "vod_channel_description": "秘境的最終旅程要登上高海拔地區，一路從四川至青海，征服1千多公里，橫跨三省分，前進松藩古城一探古城牆斑駁歷史痕跡；中國第二大草原熱爾大壩，享受一望無際的遼闊；踏入朗木寺鎮，揭開一河分兩省，是何等奇觀；勇闖扎尕那，跟隨洛克之路探訪石頭城；最後前進蘭州市一圓數年前未完成的遺憾。"
          },
          {
            "content_id": "VOD00233804",
            "time_codes": [
              1013000,
              1551000,
              2405000
            ],
            "timecode_duration": [],
            "length": 3020000,
            "asset_id": "vod20116-030012M001",
            "title": "",
            "subtitle": "第3季第12集 中國青海：海北州金沙灣 滑沙初體驗 滋味妙不可言",
            "ep_number": 12,
            "rating": 1,
            "content_type": "show",
            "p_start": 1762574700000,
            "vod_channel_description": "抵達青海，首先就從環湖單車開始認識青海湖，在金黃色的沙丘體驗滑沙的極速快感；登上鳥島，看數萬隻候鳥匯聚一地，數大便是美的壯麗；在有數百年歷史的丹噶爾古城，挖掘獨一無二的特色工藝；還要登上日月山，一窺地理分界線的神奇奧秘；最後再探尋人稱天空之鏡的茶卡鹽湖，看它的景緻究竟有多美麗。"
          },
          {
            "content_id": "VOD00233805",
            "time_codes": [
              1013000,
              1521000,
              2418000
            ],
            "timecode_duration": [],
            "length": 3050000,
            "asset_id": "vod20116-030013M001",
            "title": "",
            "subtitle": "第3季第13集 中國青海：玉樹市扎陵湖 壯麗奇景湛藍如畫 美不勝收",
            "ep_number": 13,
            "rating": 1,
            "content_type": "show",
            "p_start": 1762578000000,
            "vod_channel_description": "最終章來到三江源的玉樹，參與青海第一盛會賽馬節，感受藏族人民馳騁草原，熱血沸騰的活力，尋找中國最大蟲草市集，一口3百元養生吃下去毫不猶豫，巴塘草原上的巨型黑帳篷，生活百物在這裡，飲食起居收納毫不費力；走唐蕃古道，一窺文成公主進藏路線的風光秀麗；最後來到黃河之源，感受它的壯闊綺麗。"
          },
          {
            "content_id": "VOD00239085",
            "time_codes": [
              719000,
              1383000,
              2330000
            ],
            "timecode_duration": [],
            "length": 2910000,
            "asset_id": "vod20116-040001M001",
            "title": "",
            "subtitle": "第4季第1集 瑞士：前進瑞士 一探瑞士鐘錶精密工業的秘密 造訪蘇黎世新舊風華",
            "ep_number": 1,
            "rating": 1,
            "content_type": "show",
            "p_start": 1762581300000,
            "vod_channel_description": "這是一個不走平常人容易走的路，不爬輕易攻頂的山，專攻專業級背包客路線的旅遊節目。這季我們將走訪終極秘境－瑞士，看阿爾卑斯山最富盛名的少女峰及馬特洪峰的奇幻美景。接著走訪蕞爾小國列支敦士登，之後來到奧地利拜訪莫扎特的故鄉薩爾斯堡和音樂之都維也納，徜徉在藍色多瑙河的圓舞曲中。"
          },
          {
            "content_id": "VOD00239086",
            "time_codes": [
              726000,
              1670000,
              2271000
            ],
            "timecode_duration": [],
            "length": 2910000,
            "asset_id": "vod20116-040002M001",
            "title": "",
            "subtitle": "第4季第2集 瑞士：最多功能小刀vs斜度最大的齒軌列車 尋找瑞士的前世今生",
            "ep_number": 2,
            "rating": 1,
            "content_type": "show",
            "p_start": 1762584300000,
            "vod_channel_description": "這是一個不走平常人容易走的路，不爬輕易攻頂的山，專攻專業級背包客路線的旅遊節目。這季我們將走訪終極秘境－瑞士，看阿爾卑斯山最富盛名的少女峰及馬特洪峰的奇幻美景。接著走訪蕞爾小國列支敦士登，之後來到奧地利拜訪莫扎特的故鄉薩爾斯堡和音樂之都維也納，徜徉在藍色多瑙河的圓舞曲中。"
          },
          {
            "content_id": "VOD00239087",
            "time_codes": [
              781000,
              1534000,
              2117000
            ],
            "timecode_duration": [],
            "length": 2910000,
            "asset_id": "vod20116-040003M001",
            "title": "",
            "subtitle": "第4季第3集 瑞士、列支敦士登：約他去看絕世雪景 百年木橋上周遊列國",
            "ep_number": 3,
            "rating": 1,
            "content_type": "show",
            "p_start": 1762587300000,
            "vod_channel_description": "這是一個不走平常人容易走的路，不爬輕易攻頂的山，專攻專業級背包客路線的旅遊節目。這季我們將走訪終極秘境－瑞士，看阿爾卑斯山最富盛名的少女峰及馬特洪峰的奇幻美景。接著走訪蕞爾小國列支敦士登，之後來到奧地利拜訪莫扎特的故鄉薩爾斯堡和音樂之都維也納，徜徉在藍色多瑙河的圓舞曲中。"
          },
          {
            "content_id": "VOD00239088",
            "time_codes": [
              635000,
              1388000,
              2180000
            ],
            "timecode_duration": [],
            "length": 2910000,
            "asset_id": "vod20116-040004M001",
            "title": "",
            "subtitle": "第4季第4集 奧地利：優美轉身華麗甩尾 乘坐奧地利會跳舞的船",
            "ep_number": 4,
            "rating": 1,
            "content_type": "show",
            "p_start": 1762590300000,
            "vod_channel_description": "這是一個不走平常人容易走的路，不爬輕易攻頂的山，專攻專業級背包客路線的旅遊節目。這季我們將走訪終極秘境－瑞士，看阿爾卑斯山最富盛名的少女峰及馬特洪峰的奇幻美景。接著走訪蕞爾小國列支敦士登，之後來到奧地利拜訪莫扎特的故鄉薩爾斯堡和音樂之都維也納，徜徉在藍色多瑙河的圓舞曲中。"
          },
          {
            "content_id": "VOD00239089",
            "time_codes": [
              661000,
              1180000,
              2081000
            ],
            "timecode_duration": [],
            "length": 2900000,
            "asset_id": "vod20116-040005M001",
            "title": "",
            "subtitle": "第4季第5集 奧地利：人間仙境哈修塔特 全求必訪童話小鎮",
            "ep_number": 5,
            "rating": 1,
            "content_type": "show",
            "p_start": 1762593300000,
            "vod_channel_description": "這是一個不走平常人容易走的路，不爬輕易攻頂的山，專攻專業級背包客路線的旅遊節目。這季我們將走訪終極秘境－瑞士，看阿爾卑斯山最富盛名的少女峰及馬特洪峰的奇幻美景。接著走訪蕞爾小國列支敦士登，之後來到奧地利拜訪莫扎特的故鄉薩爾斯堡和音樂之都維也納，徜徉在藍色多瑙河的圓舞曲中。"
          },
          {
            "content_id": "VOD00239090",
            "time_codes": [
              877000,
              1557000,
              2290000
            ],
            "timecode_duration": [],
            "length": 2914000,
            "asset_id": "vod20116-040006M001",
            "title": "",
            "subtitle": "第4季第6集 緬甸：拜訪世界上最貴重的佛塔！挑戰茵來湖水上人家單腳划船！",
            "ep_number": 6,
            "rating": 1,
            "content_type": "show",
            "p_start": 1762596300000,
            "vod_channel_description": "這是一個不走平常人容易走的路，不爬輕易攻頂的山，專攻專業級背包客路線的旅遊節目。這季我們將走訪終極秘境－瑞士，看阿爾卑斯山最富盛名的少女峰及馬特洪峰的奇幻美景。接著走訪蕞爾小國列支敦士登，之後來到奧地利拜訪莫扎特的故鄉薩爾斯堡和音樂之都維也納，徜徉在藍色多瑙河的圓舞曲中。"
          },
          {
            "content_id": "VOD00239091",
            "time_codes": [
              702000,
              1481000,
              2175000
            ],
            "timecode_duration": [],
            "length": 2910000,
            "asset_id": "vod20116-040007M001",
            "title": "",
            "subtitle": "第4季第7集 緬甸：壯闊！卡古佛塔塔林 登上高腳屋尋訪藕絲織品的秘密",
            "ep_number": 7,
            "rating": 1,
            "content_type": "show",
            "p_start": 1762599300000,
            "vod_channel_description": "這是一個不走平常人容易走的路，不爬輕易攻頂的山，專攻專業級背包客路線的旅遊節目。這季我們將走訪終極秘境－瑞士，看阿爾卑斯山最富盛名的少女峰及馬特洪峰的奇幻美景。接著走訪蕞爾小國列支敦士登，之後來到奧地利拜訪莫扎特的故鄉薩爾斯堡和音樂之都維也納，徜徉在藍色多瑙河的圓舞曲中。"
          },
          {
            "content_id": "VOD00239092",
            "time_codes": [
              745000,
              1466000,
              2178000
            ],
            "timecode_duration": [],
            "length": 2914000,
            "asset_id": "vod20116-040008M001",
            "title": "",
            "subtitle": "第4季第8集 緬甸：在萬佛國度緬甸 千人僧飯 壯觀場面 讓人永生難忘",
            "ep_number": 8,
            "rating": 1,
            "content_type": "show",
            "p_start": 1762602300000,
            "vod_channel_description": "這是一個不走平常人容易走的路，不爬輕易攻頂的山，專攻專業級背包客路線的旅遊節目。這季我們將走訪終極秘境－瑞士，看阿爾卑斯山最富盛名的少女峰及馬特洪峰的奇幻美景。接著走訪蕞爾小國列支敦士登，之後來到奧地利拜訪莫扎特的故鄉薩爾斯堡和音樂之都維也納，徜徉在藍色多瑙河的圓舞曲中。"
          },
          {
            "content_id": "VOD00239093",
            "time_codes": [
              924000,
              1464000,
              2183000
            ],
            "timecode_duration": [],
            "length": 2914000,
            "asset_id": "vod20116-040009M001",
            "title": "",
            "subtitle": "第4季第9集 緬甸：走進蒲甘王朝  見識萬千佛塔的形態之美",
            "ep_number": 9,
            "rating": 1,
            "content_type": "show",
            "p_start": 1762605300000,
            "vod_channel_description": "這是一個不走平常人容易走的路，不爬輕易攻頂的山，專攻專業級背包客路線的旅遊節目。這季我們將走訪終極秘境－瑞士，看阿爾卑斯山最富盛名的少女峰及馬特洪峰的奇幻美景。接著走訪蕞爾小國列支敦士登，之後來到奧地利拜訪莫扎特的故鄉薩爾斯堡和音樂之都維也納，徜徉在藍色多瑙河的圓舞曲中。"
          },
          {
            "content_id": "VOD00239094",
            "time_codes": [
              685000,
              1148000,
              1941000
            ],
            "timecode_duration": [],
            "length": 2880000,
            "asset_id": "vod20116-040010M001",
            "title": "",
            "subtitle": "第4季第10集 金門：建築聚落 金門集體式特色建築",
            "ep_number": 10,
            "rating": 1,
            "content_type": "show",
            "p_start": 1762608300000,
            "vod_channel_description": "這是一個不走平常人容易走的路，不爬輕易攻頂的山，專攻專業級背包客路線的旅遊節目。這季我們將走訪終極秘境－瑞士，看阿爾卑斯山最富盛名的少女峰及馬特洪峰的奇幻美景。接著走訪蕞爾小國列支敦士登，之後來到奧地利拜訪莫扎特的故鄉薩爾斯堡和音樂之都維也納，徜徉在藍色多瑙河的圓舞曲中。"
          },
          {
            "content_id": "VOD00239095",
            "time_codes": [
              785000,
              1505000,
              2180000
            ],
            "timecode_duration": [],
            "length": 2910000,
            "asset_id": "vod20116-040011M001",
            "title": "",
            "subtitle": "第4季第11集 金門：傳統文創 藝術 甜點 大祕辛",
            "ep_number": 11,
            "rating": 1,
            "content_type": "show",
            "p_start": 1762611300000,
            "vod_channel_description": "這是一個不走平常人容易走的路，不爬輕易攻頂的山，專攻專業級背包客路線的旅遊節目。這季我們將走訪終極秘境－瑞士，看阿爾卑斯山最富盛名的少女峰及馬特洪峰的奇幻美景。接著走訪蕞爾小國列支敦士登，之後來到奧地利拜訪莫扎特的故鄉薩爾斯堡和音樂之都維也納，徜徉在藍色多瑙河的圓舞曲中。"
          },
          {
            "content_id": "VOD00239096",
            "time_codes": [
              830000,
              1555000,
              2225000
            ],
            "timecode_duration": [],
            "length": 2885000,
            "asset_id": "vod20116-040012M001",
            "title": "",
            "subtitle": "第4季第12集 金門：南山林木生態圈 享受日光浴的鳥",
            "ep_number": 12,
            "rating": 1,
            "content_type": "show",
            "p_start": 1762614300000,
            "vod_channel_description": "這是一個不走平常人容易走的路，不爬輕易攻頂的山，專攻專業級背包客路線的旅遊節目。這季我們將走訪終極秘境－瑞士，看阿爾卑斯山最富盛名的少女峰及馬特洪峰的奇幻美景。接著走訪蕞爾小國列支敦士登，之後來到奧地利拜訪莫扎特的故鄉薩爾斯堡和音樂之都維也納，徜徉在藍色多瑙河的圓舞曲中。"
          },
          {
            "content_id": "VOD00239097",
            "time_codes": [
              740000,
              1434000,
              2237000
            ],
            "timecode_duration": [],
            "length": 2909000,
            "asset_id": "vod20116-040013M001",
            "title": "",
            "subtitle": "第4季第13集 金門：戰地金門 吃喝玩樂大攻略",
            "ep_number": 13,
            "rating": 1,
            "content_type": "show",
            "p_start": 1762617300000,
            "vod_channel_description": "這是一個不走平常人容易走的路，不爬輕易攻頂的山，專攻專業級背包客路線的旅遊節目。這季我們將走訪終極秘境－瑞士，看阿爾卑斯山最富盛名的少女峰及馬特洪峰的奇幻美景。接著走訪蕞爾小國列支敦士登，之後來到奧地利拜訪莫扎特的故鄉薩爾斯堡和音樂之都維也納，徜徉在藍色多瑙河的圓舞曲中。"
          },
          {
            "content_id": "VOD00239098",
            "time_codes": [
              724000,
              1531000,
              2368000
            ],
            "timecode_duration": [],
            "length": 2910000,
            "asset_id": "vod20116-040014M001",
            "title": "",
            "subtitle": "第4季第14集 日本：探索日本京都的秘境 一覽近畿百景第一名的壯麗景色",
            "ep_number": 14,
            "rating": 1,
            "content_type": "show",
            "p_start": 1762620300000,
            "vod_channel_description": "這是一個不走平常人容易走的路，不爬輕易攻頂的山，專攻專業級背包客路線的旅遊節目。這季我們將走訪終極秘境－瑞士，看阿爾卑斯山最富盛名的少女峰及馬特洪峰的奇幻美景。接著走訪蕞爾小國列支敦士登，之後來到奧地利拜訪莫扎特的故鄉薩爾斯堡和音樂之都維也納，徜徉在藍色多瑙河的圓舞曲中。"
          },
          {
            "content_id": "VOD00239099",
            "time_codes": [
              793000,
              1534000,
              2104000
            ],
            "timecode_duration": [],
            "length": 2910000,
            "asset_id": "vod20116-040015M001",
            "title": "",
            "subtitle": "第4季第15集 日本：前往日本海的秘境 體驗不同的海岸風情",
            "ep_number": 15,
            "rating": 1,
            "content_type": "show",
            "p_start": 1762623300000,
            "vod_channel_description": "這是一個不走平常人容易走的路，不爬輕易攻頂的山，專攻專業級背包客路線的旅遊節目。這季我們將走訪終極秘境－瑞士，看阿爾卑斯山最富盛名的少女峰及馬特洪峰的奇幻美景。接著走訪蕞爾小國列支敦士登，之後來到奧地利拜訪莫扎特的故鄉薩爾斯堡和音樂之都維也納，徜徉在藍色多瑙河的圓舞曲中。"
          },
          {
            "content_id": "VOD00239100",
            "time_codes": [
              763000,
              1288000,
              128640000
            ],
            "timecode_duration": [],
            "length": 2895000,
            "asset_id": "vod20116-040016M001",
            "title": "",
            "subtitle": "第4季第16集 日本：日本美食之都大阪 體驗茶道文化",
            "ep_number": 16,
            "rating": 1,
            "content_type": "show",
            "p_start": 1762626300000,
            "vod_channel_description": "這是一個不走平常人容易走的路，不爬輕易攻頂的山，專攻專業級背包客路線的旅遊節目。這季我們將走訪終極秘境－瑞士，看阿爾卑斯山最富盛名的少女峰及馬特洪峰的奇幻美景。接著走訪蕞爾小國列支敦士登，之後來到奧地利拜訪莫扎特的故鄉薩爾斯堡和音樂之都維也納，徜徉在藍色多瑙河的圓舞曲中。"
          }
        ],
        "total_length": 86088000,
        "focus_index": 8,
        "next_index": 9,
        "time": 501485,
        "focus_program": {
          "content_id": "VOD00233801",
          "time_codes": [
            795000,
            1578000,
            2368000
          ],
          "timecode_duration": [],
          "length": 3050000,
          "asset_id": "vod20116-030009M001",
          "title": "",
          "subtitle": "第3季第9集 加拿大：落磯山藍寶石 凝望美麗的夢蓮女郎",
          "ep_number": 9,
          "rating": 1,
          "content_type": "show",
          "p_start": 1762564800000,
          "vod_channel_description": "茜美納斯壁畫村壁畫規模色彩繁多，羅傑士峽道開山闢地，打開貫通加拿大的東西海岸，8字形螺旋隧道人類智慧的神奇景觀，遠眺冰川、近探森林秘境，傳奇的班夫溫泉城堡近在眼前！腳踏極盡之巔，跟著廖科溢一起擁抱加拿大的冰雪奇緣。"
        }
      },
      "station_categories": [
        {
          "Name": "綜藝",
          "EngName": "Entertainment",
          "MenuOrder": 8
        }
      ]
    },
    "introduction": null,
    "recommends": null,
    "ua": "Mozilla/5.0 (Windows NT 10.0; Win64; x64) AppleWebKit/537.36 (KHTML, like Gecko) Chrome/134.0.0.0 Safari/537.36"
  },
  "__N_SSP": true
}