{
  "pageProps": {
    "contentId": "ofiii216",
    "channel": {
      "title": "SiCAR愛車酷",
      "no": 216,
      "charge_mode": "F",
      "content_id": "ofiii216",
      "content_type": "vod-channel",
      "epg_categories": [
        1
      ],
      "genres": [
        {
          "id": "",
          "name": "VOD_CHANNEL",
          "logo": ""
        }
      ],
      "liad_id": "VODCHNEWCAROFIWEB",
      "package_info_id": "VOD_CHANNEL_DELUX",
      "picture": "pics/vod_channel/logo_3521_ofiii216_tv_20241104.png",
      "provider": [
        {
          "id": "",
          "name": "Andy老爹",
          "logo": ""
        }
      ],
      "quality": "HD",
      "station_id": "station6455",
      "trial": "",
      "selectable": 1,
      "tr_logo": "pics/vod_channel/tr_logo_1730699870.png",
      "tl_logo": "",
      "br_logo": "",
      "bl_logo": "",
      "menu_type": 0,
      "vod_channel_schedule": {
        "channel_id": 216,
        "cdn_code": "ofiii216",
        "start_time": 1762875600000,
        "programs": [
          {
            "content_id": "VOD00352346",
            "time_codes": [],
            "timecode_duration": [],
            "length": 424000,
            "asset_id": "vod59791-000152M001",
            "title": "",
            "subtitle": "【二輪試駕】經典水平對臥雙缸 電控加持 操控樂趣再提升 BMW R12/ R12 NINET",
            "ep_number": 152,
            "rating": 1,
            "content_type": "show",
            "p_start": 1762875600000,
            "vod_channel_description": "全新發表的R12/R12 NINET ，雖然使用相同引擎及車架，不過在外觀風格及操控上卻是不同取向。R12 NINET 承襲 R NINET的經典復古街車風格，這次再把油箱長度縮短，車架優化，集氣箱位置更動，前後懸吊再升級，騎姿更適合長途騎乘。R12的座高較低，搭配較高的手把、19吋前輪+16吋後輪的配置，加上單圓表，走的是美式巡航風。兩部車款的都有琳琅滿目電控，包含循跡系統、ABS Pro等，非常齊全，出遊騎乘更安心。"
          },
          {
            "content_id": "VOD00352347",
            "time_codes": [
              600000
            ],
            "timecode_duration": [],
            "length": 1041000,
            "asset_id": "vod59791-000153M001",
            "title": "",
            "subtitle": "【特別企劃】老爹想重溫年少舊夢！？ 本田展間看車去！",
            "ep_number": 153,
            "rating": 1,
            "content_type": "show",
            "p_start": 1762876200000,
            "vod_channel_description": "老爹最近心血來潮想看重機，重溫年輕時騎乘重機的美好回憶，臨時決定來到本田桃園展間，體驗專業服務與重機魅力，在試乘完心中理想車款後，此時老爹內心彭湃已按耐不住...到底會不會在訂單上簽名? 讓我們繼續看下去...."
          },
          {
            "content_id": "VOD00352348",
            "time_codes": [],
            "timecode_duration": [],
            "length": 456000,
            "asset_id": "vod59791-000154M001",
            "title": "",
            "subtitle": "【開車幫幫忙】用「九宮格分析」讓你輕鬆了解，究竟怎樣的車禍「一定」要報警？怎樣的車禍可以考慮不報警？ ft.PAMO車禍線上律師 施尚宏律師",
            "ep_number": 154,
            "rating": 1,
            "content_type": "show",
            "p_start": 1762877400000,
            "vod_channel_description": "相信車禍發生是誰都不想經歷的事情，但台灣的汽機車密集度是全球榜上有名，若不幸真的發生該如何判斷報警與否？什麼情況又是「一定要」報警的呢？讓老爹跟律師來幫你解惑！"
          },
          {
            "content_id": "VOD00352349",
            "time_codes": [],
            "timecode_duration": [],
            "length": 402000,
            "asset_id": "vod59791-000155M001",
            "title": "",
            "subtitle": "【Andy老爹試駕】零百加速5.4秒的福斯 VW ID.4 GTX 重點整理+電耗實測分享",
            "ep_number": 155,
            "rating": 1,
            "content_type": "show",
            "p_start": 1762878000000,
            "vod_channel_description": "福斯最新電動車成員ID.4 /ID.5正式發表了, 今天幫大家比較VW ID.4 Pro S/GTX 兩個版本在價格、動力、配備等方面作重點整理，也進行了100km的電耗測試，測試結果跟原廠公布的數據落差多少！？讓我們繼續看下去...."
          },
          {
            "content_id": "VOD00352350",
            "time_codes": [
              600000
            ],
            "timecode_duration": [],
            "length": 1149000,
            "asset_id": "vod59791-000156M001",
            "title": "",
            "subtitle": "【Andy老爹試駕】銷售最優電動車Tesla Model Y vs 免充電電動車X-TRAIL e-POWER全方面評測！優缺一次告訴你！",
            "ep_number": 156,
            "rating": 1,
            "content_type": "show",
            "p_start": 1762878600000,
            "vod_channel_description": "相信大家對於買純電動車還是存在著一定的猶豫，那何不試試看NISSAN的這款不用充電的電動車X-TRAIL e-POWER呢？這一集就一次把他們的優缺點全部列給你看！"
          },
          {
            "content_id": "VOD00352351",
            "time_codes": [
              600000
            ],
            "timecode_duration": [],
            "length": 875000,
            "asset_id": "vod59791-000157M001",
            "title": "",
            "subtitle": "【特別企劃】比R9T更好改!? BMW R12 改裝企劃 X 台灣改裝達人",
            "ep_number": 157,
            "rating": 1,
            "content_type": "show",
            "p_start": 1762880100000,
            "vod_channel_description": "BMW R12改裝企劃，邀請三位台灣改裝達人，分享過去參與BMW R9T的改裝．以及從改裝的角度來看，這次全新的R12強化了哪些地方，這三位達人對於R12/R12 NINET 又有什麼改裝想法？ 一起來期待他們的作品吧！"
          },
          {
            "content_id": "VOD00352352",
            "time_codes": [
              600000
            ],
            "timecode_duration": [],
            "length": 1023000,
            "asset_id": "vod59791-000158M001",
            "title": "",
            "subtitle": "【Andy老爹試駕】Hyundai Santa Fe 大改款 豪華氛圍給過 操控性老爹給幾分?",
            "ep_number": 158,
            "rating": 1,
            "content_type": "show",
            "p_start": 1762881300000,
            "vod_channel_description": "今天試駕的是全新大改款現代 SANTA FE 頂規GLTH-C Premium，霸氣方正的外觀造型，有著LAND ROVER DEFENDER的既視感，車尾特立獨行的造型．讓人非常有記憶點．內裝豪華氛圍及小細節舖陳，行路質感及肅靜性都有不錯的表現．重達兩噸的車重，車輛給的回饋卻毫不含糊，作為品牌旗下LSUV，切入200萬級距的七人座市場，試駕完可以感受到現代造車工藝前往豪車之路邁進．整體感覺如何，快來看看老爹怎麼說！"
          },
          {
            "content_id": "VOD00352353",
            "time_codes": [
              600000
            ],
            "timecode_duration": [],
            "length": 651000,
            "asset_id": "vod59791-000159M001",
            "title": "",
            "subtitle": "【Andy老爹試駕】久違的海外之旅！SKODA Superb全新大改款 動力！編成！搶先看！",
            "ep_number": 159,
            "rating": 1,
            "content_type": "show",
            "p_start": 1762882500000,
            "vod_channel_description": "老爹此次受到SKODA TW的邀約去SKODA的大本營所在地捷克！試駕即將來台全新大改款的Superb，這一次的改款在外觀、動力、車系編成上有什麼改變呢？一起來看看吧！"
          },
          {
            "content_id": "VOD00352354",
            "time_codes": [],
            "timecode_duration": [],
            "length": 482000,
            "asset_id": "vod59791-000160M001",
            "title": "",
            "subtitle": "【特別企劃】BFGoodrich ALL-TERRAIN T/A KO3 越野胎性能再強化！前進世界第四大 巴丹吉林沙漠試胎！",
            "ep_number": 160,
            "rating": 1,
            "content_type": "show",
            "p_start": 1762883400000,
            "vod_channel_description": "這次受到台灣米其林邀請，參加舉辦在蒙古阿拉善右旗的試胎活動，前往世界第四大、中國第三大的巴丹吉林沙漠中，體驗全新BFGoodrich  ALL-TERRAIN T/A KO3在泥濘、沙地、爬坡三種不同地形的表現！"
          },
          {
            "content_id": "VOD00352355",
            "time_codes": [],
            "timecode_duration": [],
            "length": 112000,
            "asset_id": "vod59791-000161M001",
            "title": "",
            "subtitle": "【二輪盛會】2024 BMW Motorrad Days泰國站！｜2024 BMW 大會師｜",
            "ep_number": 161,
            "rating": 1,
            "content_type": "show",
            "p_start": 1762884000000,
            "vod_channel_description": "這次受BMW Motorrad總代理汎德邀請，前往位於泰國的大會師！除了多項活動表演和關卡外，與台灣舉辦不同的是，活動是開放任何喜愛BMW的人都可參加體驗與現場的氛圍！快來一起看看大會師裡面有什麼內容吧！"
          },
          {
            "content_id": "VOD00352356",
            "time_codes": [],
            "timecode_duration": [],
            "length": 393000,
            "asset_id": "vod59791-000162M001",
            "title": "",
            "subtitle": "【Andy老爹試駕】福斯VW ID.5 Pro S 實際續航里程會打幾折??",
            "ep_number": 162,
            "rating": 1,
            "content_type": "show",
            "p_start": 1762884300000,
            "vod_channel_description": "VW ID.5 Pro S續航里程(WLTP)569km，GTX則是510km，快充規格為CCS2，最大充電功率175kW，30分鐘內可完成10~80%充電．售價則是186.8萬起，今天就來告訴大家，實際測試結果跟原廠公布的電耗6.7公里 / kWh，到底相差多少？"
          },
          {
            "content_id": "VOD00352357",
            "time_codes": [],
            "timecode_duration": [],
            "length": 278000,
            "asset_id": "vod59791-000163M001",
            "title": "",
            "subtitle": "【新車試駕】全台唯一純電旅行車！媲美休旅車的大空間以及豪華內裝質感一次擁有！！｜BMW i5 Touring eDrive40 M Sport｜",
            "ep_number": 163,
            "rating": 1,
            "content_type": "show",
            "p_start": 1762884900000,
            "vod_channel_description": "這次試駕的車款BMW i5 Touring eDrive40 M Sport，可謂是目前台灣市面上唯一一台的純電豪華旅行車，擁有著媲美休旅車的大空間以及頂級的車內質感外，動力方面也絲毫沒有落下，還有什麼細節之處？一起來看看吧！"
          },
          {
            "content_id": "VOD00352358",
            "time_codes": [
              600000
            ],
            "timecode_duration": [],
            "length": 1102000,
            "asset_id": "vod59791-000164M001",
            "title": "",
            "subtitle": "【Andy老爹試駕】KIA頂規七人座CP值爆表！滿滿豪華配備跟科技配備！有誰能與之一戰！？｜KIA Carnival Signature｜",
            "ep_number": 164,
            "rating": 1,
            "content_type": "show",
            "p_start": 1762885500000,
            "vod_channel_description": "這一次的KIA Carnival Signature頂規七人座小改款改變的幅度算是非常大，不管是在外型上還是新增的配備、科技皆有蠻大幅度的提升！就讓老爹詳細的解釋給你聽吧！"
          },
          {
            "content_id": "VOD00352359",
            "time_codes": [],
            "timecode_duration": [],
            "length": 277000,
            "asset_id": "vod59791-000165M001",
            "title": "",
            "subtitle": "【電耗測試】KIA EV9 GT-Line 近100kWh的電池 開了370km還剩下多少電!?",
            "ep_number": 165,
            "rating": 1,
            "content_type": "show",
            "p_start": 1762887000000,
            "vod_channel_description": "Andy老爹開著KIA EV9從台北去台中做公益，順便實測滿電從台北出發開到台中再回台北，開了370km之後，電量還剩下多少？"
          },
          {
            "content_id": "VOD00352360",
            "time_codes": [],
            "timecode_duration": [],
            "length": 368000,
            "asset_id": "vod59791-000166M001",
            "title": "",
            "subtitle": "【開車幫幫忙】在停車場發生車禍該如何處理！？保險公司理賠的range又在哪？律師5分鐘帶你快速了解！ft.PAMO車禍線上律師 施尚宏律師",
            "ep_number": 166,
            "rating": 1,
            "content_type": "show",
            "p_start": 1762887600000,
            "vod_channel_description": "不管是試駕報導、車用產品試用分享或是安全駕駛教室等等，「SiCAR愛車酷」都會不定期推出各式風格的汽車短片與你們分享。"
          },
          {
            "content_id": "VOD00352361",
            "time_codes": [
              600000
            ],
            "timecode_duration": [],
            "length": 1041000,
            "asset_id": "vod59791-000167M001",
            "title": "",
            "subtitle": "【Andy老爹試駕】全新大改款第四代BMW X3！動力 底盤 科技全都好！但視線盲區與內裝質感上有待加強！？｜BMW X3 20 xDrive M Sport｜",
            "ep_number": 167,
            "rating": 1,
            "content_type": "show",
            "p_start": 1762888200000,
            "vod_channel_description": "這一次試駕大改款第四代BMW X3，拍攝時間為12/3日簡報資料為2款車型，12/19發表會額外公布隱藏版車款xLine，所以X3實際導入為3款車型！而這次大改款的X3外觀、科技等皆有蠻大幅度的變化，但視線盲區與內裝質感上老爹卻覺得有待加強！？到底是怎麼回事呢？一起來看看吧！"
          },
          {
            "content_id": "VOD00352362",
            "time_codes": [],
            "timecode_duration": [],
            "length": 569000,
            "asset_id": "vod59791-000168M001",
            "title": "",
            "subtitle": "【新車試駕】露營改裝新寵兒 實際採訪改裝店家！商用 家用全都行！搭載Level 2 ADAS系統是真的香！｜CMC J SPACE｜",
            "ep_number": 168,
            "rating": 1,
            "content_type": "show",
            "p_start": 1762889400000,
            "vod_channel_description": "這一次試駕的車款是CMC J SPACE五人豪華型，是國內第一台搭載Level 2 ADAS系統的小貨車，其易改裝的特性又或者是領先同級的空間及功能，都讓它在近期網上的討論度爆表！究竟大家都在討論什麼？一次講給你聽！"
          },
          {
            "content_id": "VOD00352363",
            "time_codes": [
              600000
            ],
            "timecode_duration": [],
            "length": 657000,
            "asset_id": "vod59791-000169M001",
            "title": "",
            "subtitle": "【特別企劃】終於下定決心再次矯正！二度近視矯正可以嗎？會有後遺症？別皮！術後這件事一定要做！！ft.台全眼科 LBV老花矯正",
            "ep_number": 169,
            "rating": 1,
            "content_type": "show",
            "p_start": 1762890300000,
            "vod_channel_description": "相信有近視、老花的人，都非常清楚戴眼鏡的麻煩，老爹也終於受不了下定決心再次去做了近視老花矯正！N年前有做過手術的他是否會有什麼影響呢？術後沒有持續做這件事絕對不行！矯正完的結果如何？一起來看看吧！"
          },
          {
            "content_id": "VOD00352364",
            "time_codes": [
              600000
            ],
            "timecode_duration": [],
            "length": 657000,
            "asset_id": "vod59791-000170M001",
            "title": "",
            "subtitle": "【特別企劃】電動車課稅制度合理嗎?！過年將至 國道充電樁資訊一次整理！　Hyundai KONA EV電耗測試分享！",
            "ep_number": 170,
            "rating": 1,
            "content_type": "show",
            "p_start": 1762891200000,
            "vod_channel_description": "該來的終究還是要來的，今年結束即將開始實施馬力課稅，目前採取的課稅標準你覺得如何？我們實際採訪了4位不同車型的電動車車主的想法！過年也快到了，也在這邊跟各位分享目前國道上充電樁的數量及分布，影片最後也有Hyundai KONA EV的電耗測試分享唷！一起來看看吧！"
          },
          {
            "content_id": "VOD00356696",
            "time_codes": [
              600000
            ],
            "timecode_duration": [],
            "length": 1028000,
            "asset_id": "vod59791-000171M001",
            "title": "",
            "subtitle": "【特別企劃】小妮子太厲害！？第一次開手排就上手， 車距怎麼抓？坐姿怎麼喬？ MAZDA MX-5 RS",
            "ep_number": 171,
            "rating": 1,
            "content_type": "show",
            "p_start": 1762892100000,
            "vod_channel_description": "150萬級距唯一後驅雙門跑車，完全沒開過手排的新手，初體驗就開著以平衡性及操控性聞名的MAZDA MX-5 ，會激出什麼樣的火花呢....新手常見的駕駛姿勢及車頭距離又該怎麼抓呢..."
          },
          {
            "content_id": "VOD00356697",
            "time_codes": [
              1054000
            ],
            "timecode_duration": [],
            "length": 1442000,
            "asset_id": "vod59791-000172M001",
            "title": "",
            "subtitle": "【Andy老爹試駕】BERLINGO車主實際分享！長短軸差在哪？不同車型多了哪些配備一次告訴你！｜CITROEN BERLINGO 短軸五人座 XTR Modutop｜",
            "ep_number": 172,
            "rating": 1,
            "content_type": "show",
            "p_start": 1762893300000,
            "vod_channel_description": "這一次的小改款BERLINGO短軸總共有三種車型可做選擇，導入了全新的駕駛艙設計，也新增了許多實用的配備，老爹也分享了他的友人使用BERLINGO的實際情況！一起來看看吧！"
          },
          {
            "content_id": "VOD00356698",
            "time_codes": [],
            "timecode_duration": [],
            "length": 260000,
            "asset_id": "vod59791-000173M001",
            "title": "",
            "subtitle": "【開車幫幫忙】大違停時代四輪汽車停車亂象！二輪機車該如何自保？警車也會違停？遇到了該怎麼辦！？ft.PAMO車禍線上律師 施尚宏律師",
            "ep_number": 173,
            "rating": 1,
            "content_type": "show",
            "p_start": 1762895100000,
            "vod_channel_description": "在這個大違停的時代！不管是開車或是騎車時都必須學會自保！這一次我們又請來車禍線上施律師來跟大家分享一些常見的案例，就連老司機的老爹也常碰到這種事情！？當下該怎麼做？學起來不吃虧！！"
          },
          {
            "content_id": "VOD00356699",
            "time_codes": [],
            "timecode_duration": [],
            "length": 512000,
            "asset_id": "vod59791-000174M001",
            "title": "",
            "subtitle": "【二輪試駕】復古風黃牌新選擇 原汁原味就很夠味 | Triumph 凱旋SPEED 400 |",
            "ep_number": 174,
            "rating": 1,
            "content_type": "show",
            "p_start": 1762895700000,
            "vod_channel_description": "Triumph 凱旋 Speed 400承襲凱旋家族的經典外觀，動力部分搭載全新開發的398cc水冷四行程DOHC單缸引擎，可輸出最大馬力40匹，最大扭力37.5牛頓米，不須特別拉轉就能擁有充沛動力。 配備方面，車身採用鋼管車架，搭配43ｍｍ倒立式前叉採用預載可調的掛瓶單槍後避震器。前輪配備300ｍｍ單碟煞車盤，對四卡鉗，後輪則採用230ｍｍ單碟配單活塞卡鉗，濕重僅170KG，整體靈活好操控 。 "
          },
          {
            "content_id": "VOD00356700",
            "time_codes": [
              600000
            ],
            "timecode_duration": [],
            "length": 1085000,
            "asset_id": "vod59791-000175M001",
            "title": "",
            "subtitle": "【Andy老爹試駕】新舊408大比拚！不只售價狂降接近20萬！？還新增全新Hybrid 油電系統！前一代車主老爹表示：好想...｜PEUGEOT 408 GT PREMIUM｜",
            "ep_number": 175,
            "rating": 1,
            "content_type": "show",
            "p_start": 1762896300000,
            "vod_channel_description": "這一次改款的PEUGEOT 408新增了全新的Hybrid 油電動力系統！不只動力增加，油耗也來到表現優異的21km/L！重點是售價還降了接近20萬的價格！？CP值是真的非常高，擁有前一代408的老爹怎麼看？兩台又有什麼差異？408車主老爹分享給你聽！"
          },
          {
            "content_id": "VOD00356701",
            "time_codes": [],
            "timecode_duration": [],
            "length": 230000,
            "asset_id": "vod59791-000176M001",
            "title": "",
            "subtitle": "【開車幫幫忙】非營業車的一般大眾車禍後只能拿到車損及受傷的賠償？後續造成的用車不便該怎麼辦？只能自己默默承受？千萬不要自己吞下去！！ft.PAMO車禍線上律師 施尚宏律師",
            "ep_number": 176,
            "rating": 1,
            "content_type": "show",
            "p_start": 1762897800000,
            "vod_channel_description": "普遍大家的認知，如果營業車出車禍且是無肇責的一方，通常對方賠償的費用裡都會多一個營業損失，那如果一般大眾出車禍呢？對方只需要把車修好，期間的不便通通都要自己承受嗎？一起來跟老爹聽聽律師怎麼說！"
          },
          {
            "content_id": "VOD00356702",
            "time_codes": [],
            "timecode_duration": [],
            "length": 475000,
            "asset_id": "vod59791-000177M001",
            "title": "",
            "subtitle": "【新車試駕】VOLVO史上最快純電休旅！打破以往外觀造型！全新世代的設計風格搶佔年輕市場！？｜VOLVO EX30 Twin Motor Performance Ultra｜",
            "ep_number": 177,
            "rating": 1,
            "content_type": "show",
            "p_start": 1762898100000,
            "vod_channel_description": "這次久違的試駕到VOLVO的車款，一試駕就試到他們史上最快且全新的純電車款EX30 Performance Ultra，目前預售價格、全新新世代的外觀設計、充滿北歐風情的內裝質感、新增的科技和主安配備，以及誰會是最需要它的客群！一次通通告訴你！"
          },
          {
            "content_id": "VOD00356703",
            "time_codes": [
              600000
            ],
            "timecode_duration": [],
            "length": 857000,
            "asset_id": "vod59791-000178M001",
            "title": "",
            "subtitle": "【Andy老爹試駕】5+2座豪車休旅 新年式新增2.0L渦輪動力 INFINITI QX60",
            "ep_number": 178,
            "rating": 1,
            "content_type": "show",
            "p_start": 1762898700000,
            "vod_channel_description": "INFINITI QX 60新年式加入2.0L 渦輪新動力型式，更好的油耗表現，稅金也較為親民，250萬級距就能入主5+2豪華休旅車！"
          },
          {
            "content_id": "VOD00356704",
            "time_codes": [
              600000
            ],
            "timecode_duration": [],
            "length": 679000,
            "asset_id": "vod59791-000179M001",
            "title": "",
            "subtitle": "【Andy老爹試駕】AUDI A3 Sportback小改 燈具更炫 最低139萬 入主豪華品牌掀背！AUDI A3 TFSI ADVANCED",
            "ep_number": 179,
            "rating": 1,
            "content_type": "show",
            "p_start": 1762899900000,
            "vod_channel_description": "這次A3小改款在外觀上做了微幅調整，新增四種日行燈排列造型可自由變換．動力方面，取消了現行款1.0L三缸，改款後，首波導入的三款車型，統一採用48V輕油電+四缸渦輪增壓引擎，整體組裝還是滿滿的德系扎實感，新年式多了配備價格再降低，139萬起即可入手。"
          },
          {
            "content_id": "VOD00356705",
            "time_codes": [
              600000
            ],
            "timecode_duration": [],
            "length": 811000,
            "asset_id": "vod59791-000180M001",
            "title": "",
            "subtitle": "【Andy老爹試駕】歐洲進口正七人座！25年式旅玩家全新改款報你知！玩咖版升級為Active！家用商用任你選！｜FORD Tourneo Connect Active｜",
            "ep_number": 180,
            "rating": 1,
            "content_type": "show",
            "p_start": 1762900800000,
            "vod_channel_description": "此次2025年式的改款FORD Tourneo Connect新增了Active車型，讓旅行家從之前較為商用的車款更進一步的符合家用的需求，而這次改款新增的配備更是高達15萬，究竟改在哪？又新增了什麼配備呢？一起來看看吧！"
          },
          {
            "content_id": "VOD00370471",
            "time_codes": [
              600000
            ],
            "timecode_duration": [],
            "length": 610000,
            "asset_id": "vod59791-000181M001",
            "title": "",
            "subtitle": "【二輪試駕】BMW首度搭載全新黑科技ASA自動換檔系統！再搭配ACC自動跟車系統 實現以往完全不曾有的駕駛體驗！重機終於也實現雙手雙腳自由！？｜BMW R 1300 GS Adventure｜",
            "ep_number": 181,
            "rating": 1,
            "content_type": "show",
            "p_start": 1762902000000,
            "vod_channel_description": "此次BMW R 1300 GS Adventure首度搭載了他們的最新黑科技，ASA自動變速系統，直接讓你省去離合器以及換檔的過程，讓操作更加的簡單便利！以往在選購車輛時也會擔心車高及座椅高度的問題，它也搭載了車輛高度調節控制系統，使你不管是在騎乘亦或是靜止等紅綠燈的時候自動的調整車輛高度，讓你更輕鬆地觸及地面！那這一次改款後的價格是？還新增了哪些配備？一起來看看吧！"
          },
          {
            "content_id": "VOD00370472",
            "time_codes": [
              600000
            ],
            "timecode_duration": [],
            "length": 1002000,
            "asset_id": "vod59791-000182M001",
            "title": "",
            "subtitle": "【Andy老爹試駕】再添一年銷冠！6連冠的大棕熊2.0四驅版本來了！首次購入歐洲車需要習慣這個！？還能選配什麼？一次告訴你！｜SKODA KODIAQ 2.0 TSI 4x4｜",
            "ep_number": 182,
            "rating": 1,
            "content_type": "show",
            "p_start": 1762902900000,
            "vod_channel_description": "去年9月份就在台灣上市的SKODA KODIAQ再一次的獲得了進口七人座SUV的冠軍，而2.0四驅的版本也終於來台了！除了四驅之外馬力也有所提升，大面積的全景玻璃天窗也變為了標配！從日系車款轉為歐洲車的話，需要習慣這個！？還有什麼改變以及還能選配什麼？一次告訴你！"
          },
          {
            "content_id": "VOD00370473",
            "time_codes": [],
            "timecode_duration": [],
            "length": 469000,
            "asset_id": "vod59791-000183M001",
            "title": "",
            "subtitle": "【特別企劃】車側撞擊也能拍！Mio MiVue 960W3 三鏡頭行車記錄器 開箱分享",
            "ep_number": 183,
            "rating": 1,
            "content_type": "show",
            "p_start": 1762904100000,
            "vod_channel_description": "Mio MiVue 960W3 三鏡頭行車記錄器開箱心得分享！多數行車記錄器只有前後鏡頭， MiVue 960W3 第三顆鏡頭可以清楚拍到車側畫面，彌補前後鏡頭的不足．感光元件搭載最新SONY STARVIS 2 ，夜間拍攝效果更佳．區間側速、科技執法提醒也沒有少，而且還有方便的前車駛離、碰撞提示等安全功能，如果最近想要找行車記錄器，可以列入考慮喔。"
          },
          {
            "content_id": "VOD00370474",
            "time_codes": [],
            "timecode_duration": [],
            "length": 367000,
            "asset_id": "vod59791-000184M001",
            "title": "",
            "subtitle": "【特別企劃】「又」賀成交？奇怪 我怎麼會說又呢...為什麼買這台？精打細算的老爹選這台車有特別的用意！？｜SUZUKI Swift｜",
            "ep_number": 184,
            "rating": 1,
            "content_type": "show",
            "p_start": 1762904700000,
            "vod_channel_description": "距離交車Peugeot 408的半年後...老爹又有新歡了！？但這台車有被賦予了一個新的使命！綜合以上考量下老爹毫不猶豫地選擇了這一台Suzuki Swift！究竟它有什麼優勢？快來聽聽老爹分析！"
          },
          {
            "content_id": "VOD00370475",
            "time_codes": [
              600000
            ],
            "timecode_duration": [],
            "length": 649000,
            "asset_id": "vod59791-000185M001",
            "title": "",
            "subtitle": "【特別企劃】Andy老爹與艾兒的北海輕旅行 首款國產搭載APPLE CARPLAY的休旅大羊 SYM TTLBT 靈龜",
            "ep_number": 185,
            "rating": 1,
            "content_type": "show",
            "p_start": 1762905300000,
            "vod_channel_description": "Andy老爹找了艾兒一起體驗SYM 最新推出的 TTLBT靈龜黃牌大羊，30多萬級距卻能有滿滿的好料。國產機車首款搭載Apple CarPlay，標配雙側箱、電動風鏡，方便長途旅行．彎道ABS/TCS讓安全性更加分，508cc接近紅牌的動力輸出，卻只需黃牌的稅金。"
          },
          {
            "content_id": "VOD00370476",
            "time_codes": [
              600000
            ],
            "timecode_duration": [],
            "length": 646000,
            "asset_id": "vod59791-000186M001",
            "title": "",
            "subtitle": "【二輪試駕】改款加入定速功能 同個引擎不同玩法 HONDA FORZA750 X-ADV750",
            "ep_number": 186,
            "rating": 1,
            "content_type": "show",
            "p_start": 1762906200000,
            "vod_channel_description": "同款動力心臟，成就兩款風格，X-ADV的冒險硬派或是FORZA750的長途休閒，這次趁著改款加入定速功能，風鏡面積增加，並且針對低速時DCT變速箱的優化，起步、低速操控更靈活，無論是越野冒險還是城市通勤，這兩款車都能滿足騎士的多元需求。"
          },
          {
            "content_id": "VOD00370477",
            "time_codes": [
              600000,
              1200000
            ],
            "timecode_duration": [],
            "length": 1263000,
            "asset_id": "vod59791-000187M001",
            "title": "",
            "subtitle": "【Andy老爹試駕】睽違已久的大改款！！全新世代純電休旅！全新外觀內裝 標配三個超大螢幕科技感拉滿！看Youtube 車上唱歌全部都行！｜AUDI Q6 e-tron quattro S line｜",
            "ep_number": 187,
            "rating": 1,
            "content_type": "show",
            "p_start": 1762907100000,
            "vod_channel_description": "自電動車崛起後，打破了以往油車的造車邏輯，各家車廠也不斷的嘗試新的風格、推陳出新，而Audi在這方面好像一直都比較沒有動靜，不鳴則已，一鳴驚人，此次的改款不但是全新的電動車平台、全新的充電系統，駕駛艙樣式更是全新的設計語彙及介面！內建三個大尺寸的螢幕，看Youtube、唱歌通通難不倒！"
          },
          {
            "content_id": "VOD00370478",
            "time_codes": [],
            "timecode_duration": [],
            "length": 469000,
            "asset_id": "vod59791-000188M001",
            "title": "",
            "subtitle": "【特別企劃】SONY STARVIS II星光2加持 夜拍功能大推! ABEE 快譯通 4K/2K行車紀錄器",
            "ep_number": 188,
            "rating": 1,
            "content_type": "show",
            "p_start": 1762908600000,
            "vod_channel_description": "老爹來開箱 ABEE 快譯通 M995A行車記錄器，身為旗艦機種，各種規格用料當然是不馬虎，螢幕算是目前最大的11.88吋IPS觸控螢幕，採用Sony Starvis II 星光2感光元件，夜間拍攝效果很不錯。全新機種除了延續以往辨識度極佳的區間測速提醒之外，這次還新增「停車再開」等科技執法提醒，幫各位車主省荷包．最特別的是它的線材全部整合成一條，看起來非常乾淨俐落！如果你最近在找旗艦款的行車記錄器，真的很推薦這款喔！"
          },
          {
            "content_id": "VOD00370479",
            "time_codes": [],
            "timecode_duration": [],
            "length": 272000,
            "asset_id": "vod59791-000189M001",
            "title": "",
            "subtitle": "【特別企劃】1700元就能跑小麗寶!? 第一次跑賽道該注意什麼? 台灣川崎 X 翹班車手賽道日活動",
            "ep_number": 189,
            "rating": 1,
            "content_type": "show",
            "p_start": 1762909200000,
            "vod_channel_description": "台灣川崎KAWASAKI跟翹班車手舉辦的賽道日活動，只要是川崎忍者400車主(400/4RR)，就有機會獲得台灣川崎補助2000元，以1700元(原價3700元)體驗小麗寶賽道！還沒體驗過賽道的車友，一定要把握接下來的兩個場次喔！我們今天簡短跟大家分享，初次體驗賽道該注意哪些地方？有任何問題都歡迎下方留言。"
          },
          {
            "content_id": "VOD00370480",
            "time_codes": [],
            "timecode_duration": [],
            "length": 351000,
            "asset_id": "vod59791-000190M001",
            "title": "",
            "subtitle": "【特別企劃】超激稀有！！！路上真沒看過幾台...百萬內可以買小型純電休旅！？沒開過這牌子的車？那就開開看！買車跟買菜一樣的男人又出手了！｜OPEL MOKKA Electric｜",
            "ep_number": 190,
            "rating": 1,
            "content_type": "show",
            "p_start": 1762909800000,
            "vod_channel_description": "各位沒有錯！辣個男人又買了一台車了！不要說你不相信，如果小編我不在旁邊的話連我都快不相信了...這一次買的OPEL MOKKA Electric可謂是超極稀有！全台路上真的沒看過幾台...稀有程度堪比藍寶堅尼！？老爹先幫大家試開看看！後續覺得不錯有望幫大家爭取香香價格！？"
          },
          {
            "content_id": "VOD00370481",
            "time_codes": [
              600000
            ],
            "timecode_duration": [],
            "length": 629000,
            "asset_id": "vod59791-000191M001",
            "title": "",
            "subtitle": "[二輪試駕]進化有感？AK車主深度體驗全新 AK Premium 575 特仕版",
            "ep_number": 191,
            "rating": 1,
            "content_type": "show",
            "p_start": 1762910400000,
            "vod_channel_description": "Kymco AK Premium 575 改款登場，特仕版除了加裝Ohlins後避震之外，最主要這次引擎內部經過優化，調整輸出動力曲線，讓加速扭力更飽滿，我們更邀請到現任AK550車主，分享在動力操控上有什麼令人驚豔的地方。"
          },
          {
            "content_id": "VOD00370482",
            "time_codes": [
              600000
            ],
            "timecode_duration": [],
            "length": 671000,
            "asset_id": "vod59791-000192M001",
            "title": "",
            "subtitle": "【特別企劃】女生也覺得好開的法系小休旅 PEUGEOT 2008 @法國anna",
            "ep_number": 192,
            "rating": 1,
            "content_type": "show",
            "p_start": 1762911300000,
            "vod_channel_description": "ANNA在家鄉法國開308，這次Andy老爹特別借出了PEUGEOT 2008來讓Anna體驗，短暫重回法系車的懷抱．2008內裝的最大亮點是裸視3D儀表，科技感更提升．而在2025新年式動力系統做出全面更新，操駕感受又是如何呢？ANNA開著2008小休旅能夠克服長久以來的停車障礙嗎？讓我們繼續看下去........."
          },
          {
            "content_id": "VOD00370483",
            "time_codes": [
              600000,
              1200000
            ],
            "timecode_duration": [],
            "length": 1255000,
            "asset_id": "vod59791-000193M001",
            "title": "",
            "subtitle": "【特別企劃】25年式bZ4X大降31萬！市場競爭力直線上升！車子優不優？問車主最準！他還親測了網路找不到答案的實測！？常遇到這情況，原廠輪胎就要注意了！｜TOYOTA bZ4X｜",
            "ep_number": 193,
            "rating": 1,
            "content_type": "show",
            "p_start": 1762912200000,
            "vod_channel_description": "25年式的TOYOTA bZ4X是真的香！從先前的167萬直接大降31萬，現在只需要136萬就能入手！因此非常多人私訊老爹問bZ4X能不能買，老爹特別請來開了2年，行駛6萬公里的實際車主來分享他的心得！車主還自己實測了網路找不到答案的實驗！也分享了他實際用車的優缺點、充電狀況以及實際電耗！想了解的車友們快來，這集含金量絕對高！"
          },
          {
            "content_id": "VOD00370484",
            "time_codes": [
              600000
            ],
            "timecode_duration": [],
            "length": 862000,
            "asset_id": "vod59791-000194M001",
            "title": "",
            "subtitle": "【Andy老爹試駕】配備升級價格調降！開著AUDI A3去浪浪之家做公益！它能否完成乘載超多物資的考驗！？｜AUDI A3 Sportback 35 TFSI S line運動版｜",
            "ep_number": 194,
            "rating": 1,
            "content_type": "show",
            "p_start": 1762913700000,
            "vod_channel_description": "前陣子試完AUDI A3 35 TFSI advanced進化版，一直對A3很是喜愛的老爹決定再借更性能的S line版本去做公益，但他忘記這次需要載大量的物資去南投...到底A3是否能夠完成這次任務呢！一起來看看吧！"
          },
          {
            "content_id": "VOD00370485",
            "time_codes": [
              600000
            ],
            "timecode_duration": [],
            "length": 759000,
            "asset_id": "vod59791-000195M001",
            "title": "",
            "subtitle": "【特別企劃】直襲CFMOTO展間！CP值爆表 白牌到紅牌任你選！竟然不用30萬就可以入手紅牌重機！？｜CFMOTO｜",
            "ep_number": 195,
            "rating": 1,
            "content_type": "show",
            "p_start": 1762914900000,
            "vod_channel_description": "直襲CFMOTO展間，從前陣子話題不斷的PAPIO小狒狒到700c.c.紅牌應有盡有！！這一次我們請來台灣CFMOTO的產品經理幫我們介紹幾款CP值爆表的車款！"
          },
          {
            "content_id": "VOD00370486",
            "time_codes": [
              600000
            ],
            "timecode_duration": [],
            "length": 1163000,
            "asset_id": "vod59791-000196M001",
            "title": "",
            "subtitle": "【Andy老爹試駕】改了什麼最有感？曾經也擁有暴力鴨的老爹說給你聽！內裝變化這樣改就對了！小改款後改裝潛力更大！？｜TOYOTA GR YARIS｜",
            "ep_number": 196,
            "rating": 1,
            "content_type": "show",
            "p_start": 1762915800000,
            "vod_channel_description": "作為GR YARIS前車主的老爹，時隔多年再次試駕到了曾經熟悉的「車影」，而這次小改的暴力鴨對老爹來說既熟悉又陌生，多處的改動讓老爹再次為之心動！還有什麼比前車主分享更有說服力的呢！？快來聽聽老爹怎麼說吧！"
          },
          {
            "content_id": "VOD00370487",
            "time_codes": [
              600000
            ],
            "timecode_duration": [],
            "length": 637000,
            "asset_id": "vod59791-000197M001",
            "title": "",
            "subtitle": "【Andy老爹試駕】為何80%買家都直上GLC 頂規!? 百萬級距休旅CP值最高!? HYUNDAI MUFASA",
            "ep_number": 197,
            "rating": 1,
            "content_type": "show",
            "p_start": 1762917300000,
            "vod_channel_description": "現代MUFASA國產休旅終於正式登台，90萬元的預算可以買到雙12.3吋儀表、360度環景、L2主安、盲點偵測輔助等多樣配備，目前超過80%的訂單都選擇頂規車型GLC，因為又多了駕駛座６向電動椅、副駕駛快速傾倒、全景天窗、感應電動尾門等．動力部分則是統一搭載2.0L自然進氣引擎，最大馬力160匹，最大扭力19.7公斤米，搭配六速自排變速箱，平均油耗為14.8km/L。"
          },
          {
            "content_id": "VOD00370488",
            "time_codes": [
              600000
            ],
            "timecode_duration": [],
            "length": 839000,
            "asset_id": "vod59791-000198M001",
            "title": "",
            "subtitle": "【特別企劃】11年油電車心得分享 油電車款佔比越來越高? 來一趟 LEXUS 深度試乘體驗吧",
            "ep_number": 198,
            "rating": 1,
            "content_type": "show",
            "p_start": 1762918200000,
            "vod_channel_description": "今天老爹邀請到的來賓，除了是LEXUS的銷售顧問，同時也是一位開了11年LEXUS油電車車主，跟大家分享11年來的油電車用車心得，也來聊聊最近消費者對於油電車的詢問度越來越高，各種混合動力之間的該如何挑選適合自己的車款喔。"
          },
          {
            "content_id": "VOD00370489",
            "time_codes": [
              600000
            ],
            "timecode_duration": [],
            "length": 714000,
            "asset_id": "vod59791-000199M001",
            "title": "",
            "subtitle": "【特別企劃】跑賽道一年到底要花多少錢？ 統規賽使用車輛與市售版本有哪些差別？TOYOTA GAZOO Racing Corolla Cup 2025 統規賽現場直擊！",
            "ep_number": 199,
            "rating": 1,
            "content_type": "show",
            "p_start": 1762919400000,
            "vod_channel_description": "老爹這次直擊第一站TOYOTA GAZOO Racing Corolla Cup 2025統規賽現場，順便分享自己以往自費參加比賽的經驗，也邀請到參賽車手聊聊初次參賽的甘苦談！"
          },
          {
            "content_id": "VOD00370490",
            "time_codes": [],
            "timecode_duration": [],
            "length": 569000,
            "asset_id": "vod59791-000200M001",
            "title": "",
            "subtitle": "【Andy老爹試駕】PASSAT 這次只有旅行車款 滿載誠意回歸 | 2025 VW PASSAT 430 TSI R-Line Performance",
            "ep_number": 200,
            "rating": 1,
            "content_type": "show",
            "p_start": 1762920300000,
            "vod_channel_description": "Volkswagen 全新第九代 Passat Variant 正式回歸！旅行車單一車型，全面升級空間與科技。外觀設計更年輕動感，打破過去較保守的印象，改以更低趴、線條更銳利的造型登場。R-Line 車型配有 IQ.LIGHT 矩陣式 LED 頭燈與貫穿式日行燈，延續ＶＷ家族極佳的夜間識別度。新一代 Passat Variant 的尺碼明顯放大，車長達 4,917mm，軸距也來到 2,840mm，提供更寬敞的乘坐空間。"
          },
          {
            "content_id": "VOD00370491",
            "time_codes": [
              600000
            ],
            "timecode_duration": [],
            "length": 880000,
            "asset_id": "vod59791-000201M001",
            "title": "",
            "subtitle": "【新車試駕】寧靜舒適空間 互動情緒價值點滿 | 2025 MINI COUNTRYMAN E",
            "ep_number": 201,
            "rating": 1,
            "content_type": "show",
            "p_start": 1762921200000,
            "vod_channel_description": "全新MINI Countryman E搭載前置電動馬達，最大馬力達204hp，從靜止加速至100公里僅需8.6秒，其電池容量為66.5kWh，續航里程達462公里(WLTP)，滿足日常通勤和長途旅行的需求。MINI Countryman E支援最高130kW的直流快速充電，僅需30分鐘即可將電量從10% 提升至80%，大幅縮短充電時間，搭配專屬MINI APP功能，車主可輕鬆設定目標充電百分比、排程充電時間，並即時查看充電狀態，讓生活與車輛實現無縫銜接。"
          },
          {
            "content_id": "VOD00370492",
            "time_codes": [],
            "timecode_duration": [],
            "length": 347000,
            "asset_id": "vod59791-000202M001",
            "title": "",
            "subtitle": "【特別企劃】防摔衣的不可能三角－通風、防水、保暖一件搞定 防水程度堪比衝鋒衣 還能更透氣！？ ｜ MACNA TONDO四季型防摔衣",
            "ep_number": 202,
            "rating": 1,
            "content_type": "show",
            "p_start": 1762922400000,
            "vod_channel_description": "不論晴天、雨天，白天、黑夜都適合穿著的夏季透氣防摔外套Tondo。採用Fybrex材料及3D透氣網布兩種材質相互搭配，在夏季提供透氣且舒適出遊的體驗。若是遇到午後雷陣雨也不怕，Tondo有可拆卸的 Raintex ML 防水內襯讓你可以得到乾爽。肩/肘標配R.I.S.C護具，為你提供全方位的安全保障。另可額外加裝胸/背部護具，讓你防護滿滿。可額外安裝Macna專用反光背心和LED警示燈。腰部有短拉鍊及皮帶扣環，可與褲子連結，加強腰部保護性。"
          },
          {
            "content_id": "VOD00370493",
            "time_codes": [
              600000
            ],
            "timecode_duration": [],
            "length": 635000,
            "asset_id": "vod59791-000203M001",
            "title": "",
            "subtitle": "【Andy老爹試駕】600KM電耗測試 顏值小改 電池加大 售價不變! | 2025 Kia EV6 GT-line",
            "ep_number": 203,
            "rating": 1,
            "content_type": "show",
            "p_start": 1762923000000,
            "vod_channel_description": "Kia EV6小改後在外觀換上全新設計的 Star Map LED星圖日行燈與尾燈組，頂規車型GT-Line增程版還加入Dawnlight LED貫穿式中央定位燈，造型更吸睛！這次除了Light標準版的電池容量為63kWh，其餘版本電量增加到84kWh，搭載800V高壓快充系統，最高充電功率提升至260kW，10~80%充電僅需18分鐘。Andy老爹大約開了600km，並針對高速、市區的行駛環境進行測試，NEDC 667KM的最高續航里程，真的有可能嗎？"
          },
          {
            "content_id": "VOD00370494",
            "time_codes": [
              600000
            ],
            "timecode_duration": [],
            "length": 712000,
            "asset_id": "vod59791-000204M001",
            "title": "",
            "subtitle": "【Andy老爹試駕】人生第8台本田車！燃燒熱血重機魂！牽車後馬上展開西部日月潭之旅！？長程旅程下來對DCT讚不絕口！｜HONDA REBEL 1100 DCT｜",
            "ep_number": 204,
            "rating": 1,
            "content_type": "show",
            "p_start": 1762923900000,
            "vod_channel_description": "約莫半年多前老爹有前往本田展間看車後，就一直對本田重機念念不忘！終於還是抵擋不住誘惑最終決定！把REBEL 1100 DCT「嘎簽樓去啦」，還立馬跟車友們約了場日月潭之旅！在經歷長程的旅途下來，真的是對DCT讚不絕口！一起來看看老爹對於它的新車評價如何吧！"
          },
          {
            "content_id": "VOD00370495",
            "time_codes": [
              600000
            ],
            "timecode_duration": [],
            "length": 1165000,
            "asset_id": "vod59791-000205M001",
            "title": "",
            "subtitle": "【Andy老爹試駕】除了帥 更實用！大空間沒話說！DCC電子懸吊讓行路質感再躍進！後座座椅還有媲美商務艙等級的舒眠頭枕！？｜SKODA Superb Combi Sportplus 4x4｜",
            "ep_number": 205,
            "rating": 1,
            "content_type": "show",
            "p_start": 1762924800000,
            "vod_channel_description": "此次試駕的SKODA Superb Combi Sportplus 4x4，連老爹都認為是今年上市的旅行車最帥的！不只是帥氣，空間更是大到沒邊！行車質感因為DCC電子懸吊加持變更好之外，其隔音更是它的一大優點！後座座椅竟還有媲美商務艙等級的舒眠頭枕！？老爹還在影片連喊好幾次「會不會太過分！是要逼死誰！」快來一起看看吧！"
          },
          {
            "content_id": "VOD00370496",
            "time_codes": [],
            "timecode_duration": [],
            "length": 539000,
            "asset_id": "vod59791-000206M001",
            "title": "",
            "subtitle": "【Andy老爹試駕】全新PEUGEOT 408 Hybrid深度試駕！加了新世代P2架構的油電系統後實際油耗到底差多少！？行車質感與前代有何不同？｜PEUGEOT 408 Hybrid｜",
            "ep_number": 206,
            "rating": 1,
            "content_type": "show",
            "p_start": 1762926300000,
            "vod_channel_description": "身為PEUGEOT 408車主的老爹對於自己愛車的車款消息都額外的關注，對於改款後的新增了Hybrid油電系統更是饞的不得了！？有時間就立馬借了出來來個3天2夜的深度試駕！看看它改了新世代P2架構的油電系統後行車質感的差異，還順便幫大家測了實際油耗！一起來看看吧！"
          },
          {
            "content_id": "VOD00370497",
            "time_codes": [
              600000
            ],
            "timecode_duration": [],
            "length": 1138000,
            "asset_id": "vod59791-000207M001",
            "title": "",
            "subtitle": "【Andy老爹試駕】期待已久的e:HEV終於來了！油耗對標Corolla Cross動力還更優！ULTRA Seat空間實用性超乎你想像！？｜HONDA HR-V e:HEV｜",
            "ep_number": 207,
            "rating": 1,
            "content_type": "show",
            "p_start": 1762926900000,
            "vod_channel_description": "這一次的HONDA HR-V改款主要是導入大家期待已久的e:HEV電驅雙動能，讓它的油耗表現來到非常優秀的23.5km/L，而且售價也是比大家預期的還要更漂亮！空間表現更是沒話說，ULTRA Seat的實用性絕對超乎你的想像！還有什麼改動？就讓老爹好好為你介紹吧！"
          },
          {
            "content_id": "VOD00370498",
            "time_codes": [
              600000
            ],
            "timecode_duration": [],
            "length": 755000,
            "asset_id": "vod59791-000208M001",
            "title": "",
            "subtitle": "【Andy老爹試駕】 小改款馬力增加82hp 續航再多167km！ | 2025 BMW iX xDrive45 M Sport",
            "ep_number": 208,
            "rating": 1,
            "content_type": "show",
            "p_start": 1762928400000,
            "vod_channel_description": "小改款的BMW iX 在車型編成、動力、配備等方面都做了調整，入門款 iX xDrive45 Excellence 售價為338萬，中階款xDrive45 M Sport售價為368萬，頂規xDrive60 M Sport售價為488萬。這次試駕的xDrive45 M Sport 加入M Sport空力套件、Ｍ款藍色卡鉗、Ｍ款方向盤及跑車座椅等多樣配備，動力及電池容量比起改款前增加不少，最大馬力來到408hp(+82hp)，最大扭力700Nm(+70Nm)，零百加速成績為5.1秒，比小改前少了1秒．電池容量也從76.6kWh增加到100.6kWh．最高續航里程為602km(+167km)．小改款後還有哪些亮點以及操控感受如何，讓我們繼續看下去....."
          },
          {
            "content_id": "VOD00370499",
            "time_codes": [],
            "timecode_duration": [],
            "length": 157000,
            "asset_id": "vod59791-000209M001",
            "title": "",
            "subtitle": "【二輪速報】PGO iSAVR威力125 全時電推！油耗65.6km/L 首款油電機車上市！",
            "ep_number": 209,
            "rating": 1,
            "content_type": "show",
            "p_start": 1762929300000,
            "vod_channel_description": "PGO iSAVR威力125 首款油電機車上市發表！平均油耗65.6km/L，37L超大車廂空間，70公分超長座墊，前方置物空間有USB充電接口與智慧型手機卡槽。採用前碟後鼓的CBS 3.0煞車連動機制，能提升制動效率35%。上市售價為88,000元，首發優惠價格為70,000元，還享12/24期分期零利率，配合汰舊換新補助最低65,900元起即可入手。"
          },
          {
            "content_id": "VOD00370500",
            "time_codes": [],
            "timecode_duration": [],
            "length": 427000,
            "asset_id": "vod59791-000210M001",
            "title": "",
            "subtitle": "【特別企劃】畫面無遮擋！分離鏡頭超好用｜ Mio MiVue D910W 後視鏡型行車紀錄器",
            "ep_number": 210,
            "rating": 1,
            "content_type": "show",
            "p_start": 1762929600000,
            "vod_channel_description": "今天來開箱分享Mio MiVue D910W 後視鏡型的行車紀錄器，因為前鏡頭採分離式設計，不會被前檔上方的主安等裝置擋住，能無遮擋完整拍到行車畫面，整體走線也能更簡潔俐落。在機身規格的部分，搭載前後 Sony 新2代星光級感光元件，畫素來到1080P/30fps + HDR數位防眩，安全預警九合一 GPS測速警示,，SuperMP4以秒寫入，整體而言，不失為一個高性價比的後視鏡型行車紀錄器。"
          },
          {
            "content_id": "VOD00372314",
            "time_codes": [],
            "timecode_duration": [],
            "length": 503000,
            "asset_id": "vod59791-000211M001",
            "title": "",
            "subtitle": "【特別企劃】可愛彩貼藏了一缺點！！SUZUKI x 黃阿瑪的後宮生活聯名款！開著黃阿瑪IGNIS版前往貓咪景觀餐廳！｜SUZUKI IGNIS｜",
            "ep_number": 211,
            "rating": 1,
            "content_type": "show",
            "p_start": 1762930200000,
            "vod_channel_description": "繼之前與咖波的聯名款後，SUZUKI又與黃阿瑪的後宮生活聯名啦，而且這次的貼紙可謂貼好貼滿！外觀+內裝總計有5X支貓貓！而且還有非常多的小巧思唷！不過想貼的人建議一定要考量到這一點！否則會有點困擾喔！！"
          },
          {
            "content_id": "VOD00372315",
            "time_codes": [
              600000
            ],
            "timecode_duration": [],
            "length": 716000,
            "asset_id": "vod59791-000212M001",
            "title": "",
            "subtitle": "【特別企劃】美女主持人艾兒想換車了！？原本就開歐洲車的她 還有什麼其他要求呢！？｜Škoda Kamiq 豪華菁英版 TSI｜",
            "ep_number": 212,
            "rating": 1,
            "content_type": "show",
            "p_start": 1762930800000,
            "vod_channel_description": "近期與老爹常錄影的艾兒最近想換車了！原本就已經開著歐洲運動休旅的她，對於第二台車的要求極高！安全、好開、大空間、質感等等都要的要求下，老爹會怎麼挑選呢？一起跟著看下去吧！"
          },
          {
            "content_id": "VOD00372316",
            "time_codes": [],
            "timecode_duration": [],
            "length": 586000,
            "asset_id": "vod59791-000213M001",
            "title": "",
            "subtitle": "【Andy老爹試駕】雙前座竟能一鍵躺平! 加23萬選配Premium Plus套件能有多豪華? 2025 Kia Sorento Turbo-Hybrid Signature六人座",
            "ep_number": 213,
            "rating": 1,
            "content_type": "show",
            "p_start": 1762931700000,
            "vod_channel_description": "Kia Sorento Turbo-Hybrid 5+2七人座，可以再加兩萬選配尊榮六人座，讓乘客能有更舒適的體驗，今天試駕的車款再加選了23萬元的Premium Plus套件，除了有雙前座一鍵放鬆功能、駕駛座按摩椅等14項配備，還有哪些豪華功能呢？"
          },
          {
            "content_id": "VOD00372317",
            "time_codes": [
              600000
            ],
            "timecode_duration": [],
            "length": 769000,
            "asset_id": "vod59791-000214M001",
            "title": "",
            "subtitle": "【特別企劃】艾兒來試駕！看似沒什麼改動 實則內在升級幅度非常大！？以男女角度不同觀點來分析這部車！｜MAZDA CX-60 33T AWD Premium Sport｜",
            "ep_number": 214,
            "rating": 1,
            "content_type": "show",
            "p_start": 1762932600000,
            "vod_channel_description": "這次的MAZDA CX-60主要改款著重於底盤懸吊、變速系統以及隔音工程方面，豪華配備也有提升售價還不變！老爹與艾兒分別以不同的男女角度來分析這台車，究竟如何呢？我們跟著一起看下去吧！"
          }
        ],
        "total_length": 42861000,
        "focus_index": 45,
        "next_index": 46,
        "time": 329277,
        "focus_program": {
          "content_id": "VOD00370487",
          "time_codes": [
            600000
          ],
          "timecode_duration": [],
          "length": 637000,
          "asset_id": "vod59791-000197M001",
          "title": "",
          "subtitle": "【Andy老爹試駕】為何80%買家都直上GLC 頂規!? 百萬級距休旅CP值最高!? HYUNDAI MUFASA",
          "ep_number": 197,
          "rating": 1,
          "content_type": "show",
          "p_start": 1762917300000,
          "vod_channel_description": "現代MUFASA國產休旅終於正式登台，90萬元的預算可以買到雙12.3吋儀表、360度環景、L2主安、盲點偵測輔助等多樣配備，目前超過80%的訂單都選擇頂規車型GLC，因為又多了駕駛座６向電動椅、副駕駛快速傾倒、全景天窗、感應電動尾門等．動力部分則是統一搭載2.0L自然進氣引擎，最大馬力160匹，最大扭力19.7公斤米，搭配六速自排變速箱，平均油耗為14.8km/L。"
        }
      },
      "station_categories": [
        {
          "Name": "綜合",
          "EngName": "Variety",
          "MenuOrder": 4
        }
      ]
    },
    "introduction": {
      "image": "https://p-cdnstatic.svc.litv.tv/pics/vod_channel/logo_3521_ofiii216_mobile_20241104.png",
      "description": "不管是試駕報導、車用產品試用分享或是安全駕駛教室等等，「SiCAR愛車酷」都會不定期推出各式風格的汽車短片與你們分享。",
      "href_maps": []
    },
    "recommends": [],
    "ua": "Mozilla/5.0 (Macintosh; Intel Mac OS X 10_15_7) AppleWebKit/537.36 (KHTML, like Gecko) Chrome/131.0.0.0 Safari/537.36 Edg/131.0.0.0"
  },
  "__N_SSP": true
}