{
  "pageProps": {
    "contentId": "ofiii118",
    "channel": {
      "title": "深情眼",
      "no": 118,
      "charge_mode": "F",
      "content_id": "ofiii118",
      "content_type": "vod-channel",
      "epg_categories": [
        4
      ],
      "genres": [
        {
          "id": "",
          "name": "VOD_CHANNEL",
          "logo": ""
        }
      ],
      "liad_id": "VODCHNEWOFIWEB",
      "package_info_id": "VOD_CHANNEL_DELUX",
      "picture": "pics/vod_channel/logo_3903_ofiii118_tv_20251028.png",
      "provider": [
        {
          "id": "",
          "name": "世詮多媒體",
          "logo": ""
        }
      ],
      "quality": "HD",
      "station_id": "station6837",
      "trial": "",
      "selectable": 1,
      "tr_logo": "pics/vod_channel/tr_logo_1761643639.png",
      "tl_logo": "",
      "br_logo": "",
      "bl_logo": "",
      "menu_type": 1,
      "vod_channel_schedule": {
        "channel_id": 118,
        "cdn_code": "ofiii118",
        "start_time": 1763011370000,
        "programs": [
          {
            "content_id": "VOD00372968",
            "time_codes": [
              668000,
              1394000,
              2112000
            ],
            "timecode_duration": [],
            "length": 2716000,
            "asset_id": "vod79685-000001M001",
            "title": "",
            "subtitle": "第1集",
            "ep_number": 1,
            "rating": 1,
            "content_type": "drama",
            "p_start": 1762087200000,
            "vod_channel_description": "講述年過三十的葉濛職場不順，辭職後回到老家認識了弟弟李靳嶼，被對方的一雙深情眼和神秘感吸引。在相處中他們漸漸融入彼此的生活，努力經營這段得來不易的感情，卻因為一枚戒指打破他們的平靜，原來葉濛母親的離世和李靳嶼家脫不了關係。"
          },
          {
            "content_id": "VOD00372969",
            "time_codes": [
              662000,
              1340000,
              2114000
            ],
            "timecode_duration": [],
            "length": 2708000,
            "asset_id": "vod79685-000002M001",
            "title": "",
            "subtitle": "第2集",
            "ep_number": 2,
            "rating": 1,
            "content_type": "drama",
            "p_start": 1762090200000,
            "vod_channel_description": "講述年過三十的葉濛職場不順，辭職後回到老家認識了弟弟李靳嶼，被對方的一雙深情眼和神秘感吸引。在相處中他們漸漸融入彼此的生活，努力經營這段得來不易的感情，卻因為一枚戒指打破他們的平靜，原來葉濛母親的離世和李靳嶼家脫不了關係。"
          },
          {
            "content_id": "VOD00372970",
            "time_codes": [
              772000,
              1366000,
              2220000
            ],
            "timecode_duration": [],
            "length": 2799000,
            "asset_id": "vod79685-000003M001",
            "title": "",
            "subtitle": "第3集",
            "ep_number": 3,
            "rating": 1,
            "content_type": "drama",
            "p_start": 1762093200000,
            "vod_channel_description": "講述年過三十的葉濛職場不順，辭職後回到老家認識了弟弟李靳嶼，被對方的一雙深情眼和神秘感吸引。在相處中他們漸漸融入彼此的生活，努力經營這段得來不易的感情，卻因為一枚戒指打破他們的平靜，原來葉濛母親的離世和李靳嶼家脫不了關係。"
          },
          {
            "content_id": "VOD00372971",
            "time_codes": [
              628000,
              1422000,
              2246000
            ],
            "timecode_duration": [],
            "length": 2820000,
            "asset_id": "vod79685-000004M001",
            "title": "",
            "subtitle": "第4集",
            "ep_number": 4,
            "rating": 1,
            "content_type": "drama",
            "p_start": 1762096200000,
            "vod_channel_description": "講述年過三十的葉濛職場不順，辭職後回到老家認識了弟弟李靳嶼，被對方的一雙深情眼和神秘感吸引。在相處中他們漸漸融入彼此的生活，努力經營這段得來不易的感情，卻因為一枚戒指打破他們的平靜，原來葉濛母親的離世和李靳嶼家脫不了關係。"
          },
          {
            "content_id": "VOD00372972",
            "time_codes": [
              808000,
              1512000,
              2166000
            ],
            "timecode_duration": [],
            "length": 2828000,
            "asset_id": "vod79685-000005M001",
            "title": "",
            "subtitle": "第5集",
            "ep_number": 5,
            "rating": 1,
            "content_type": "drama",
            "p_start": 1762099200000,
            "vod_channel_description": "講述年過三十的葉濛職場不順，辭職後回到老家認識了弟弟李靳嶼，被對方的一雙深情眼和神秘感吸引。在相處中他們漸漸融入彼此的生活，努力經營這段得來不易的感情，卻因為一枚戒指打破他們的平靜，原來葉濛母親的離世和李靳嶼家脫不了關係。"
          },
          {
            "content_id": "VOD00372973",
            "time_codes": [
              706000,
              1473000,
              2099000
            ],
            "timecode_duration": [],
            "length": 2684000,
            "asset_id": "vod79685-000006M001",
            "title": "",
            "subtitle": "第6集",
            "ep_number": 6,
            "rating": 1,
            "content_type": "drama",
            "p_start": 1762102200000,
            "vod_channel_description": "講述年過三十的葉濛職場不順，辭職後回到老家認識了弟弟李靳嶼，被對方的一雙深情眼和神秘感吸引。在相處中他們漸漸融入彼此的生活，努力經營這段得來不易的感情，卻因為一枚戒指打破他們的平靜，原來葉濛母親的離世和李靳嶼家脫不了關係。"
          },
          {
            "content_id": "VOD00372974",
            "time_codes": [
              860000,
              1419000,
              2102000
            ],
            "timecode_duration": [],
            "length": 2748000,
            "asset_id": "vod79685-000007M001",
            "title": "",
            "subtitle": "第7集",
            "ep_number": 7,
            "rating": 1,
            "content_type": "drama",
            "p_start": 1762105200000,
            "vod_channel_description": "講述年過三十的葉濛職場不順，辭職後回到老家認識了弟弟李靳嶼，被對方的一雙深情眼和神秘感吸引。在相處中他們漸漸融入彼此的生活，努力經營這段得來不易的感情，卻因為一枚戒指打破他們的平靜，原來葉濛母親的離世和李靳嶼家脫不了關係。"
          },
          {
            "content_id": "VOD00372975",
            "time_codes": [
              774000,
              1362000,
              2119000
            ],
            "timecode_duration": [],
            "length": 2811000,
            "asset_id": "vod79685-000008M001",
            "title": "",
            "subtitle": "第8集",
            "ep_number": 8,
            "rating": 1,
            "content_type": "drama",
            "p_start": 1762108200000,
            "vod_channel_description": "講述年過三十的葉濛職場不順，辭職後回到老家認識了弟弟李靳嶼，被對方的一雙深情眼和神秘感吸引。在相處中他們漸漸融入彼此的生活，努力經營這段得來不易的感情，卻因為一枚戒指打破他們的平靜，原來葉濛母親的離世和李靳嶼家脫不了關係。"
          },
          {
            "content_id": "VOD00372976",
            "time_codes": [
              820000,
              1464000,
              2196000
            ],
            "timecode_duration": [],
            "length": 2739000,
            "asset_id": "vod79685-000009M001",
            "title": "",
            "subtitle": "第9集",
            "ep_number": 9,
            "rating": 1,
            "content_type": "drama",
            "p_start": 1762111200000,
            "vod_channel_description": "講述年過三十的葉濛職場不順，辭職後回到老家認識了弟弟李靳嶼，被對方的一雙深情眼和神秘感吸引。在相處中他們漸漸融入彼此的生活，努力經營這段得來不易的感情，卻因為一枚戒指打破他們的平靜，原來葉濛母親的離世和李靳嶼家脫不了關係。"
          },
          {
            "content_id": "VOD00372977",
            "time_codes": [
              617000,
              1524000,
              2183000
            ],
            "timecode_duration": [],
            "length": 2694000,
            "asset_id": "vod79685-000010M001",
            "title": "",
            "subtitle": "第10集",
            "ep_number": 10,
            "rating": 1,
            "content_type": "drama",
            "p_start": 1762114200000,
            "vod_channel_description": "講述年過三十的葉濛職場不順，辭職後回到老家認識了弟弟李靳嶼，被對方的一雙深情眼和神秘感吸引。在相處中他們漸漸融入彼此的生活，努力經營這段得來不易的感情，卻因為一枚戒指打破他們的平靜，原來葉濛母親的離世和李靳嶼家脫不了關係。"
          },
          {
            "content_id": "VOD00372978",
            "time_codes": [
              648000,
              1441000,
              2209000
            ],
            "timecode_duration": [],
            "length": 2697000,
            "asset_id": "vod79685-000011M001",
            "title": "",
            "subtitle": "第11集",
            "ep_number": 11,
            "rating": 1,
            "content_type": "drama",
            "p_start": 1762117200000,
            "vod_channel_description": "講述年過三十的葉濛職場不順，辭職後回到老家認識了弟弟李靳嶼，被對方的一雙深情眼和神秘感吸引。在相處中他們漸漸融入彼此的生活，努力經營這段得來不易的感情，卻因為一枚戒指打破他們的平靜，原來葉濛母親的離世和李靳嶼家脫不了關係。"
          },
          {
            "content_id": "VOD00372979",
            "time_codes": [
              723000,
              1420000,
              2160000
            ],
            "timecode_duration": [],
            "length": 2722000,
            "asset_id": "vod79685-000012M001",
            "title": "",
            "subtitle": "第12集",
            "ep_number": 12,
            "rating": 1,
            "content_type": "drama",
            "p_start": 1762120200000,
            "vod_channel_description": "講述年過三十的葉濛職場不順，辭職後回到老家認識了弟弟李靳嶼，被對方的一雙深情眼和神秘感吸引。在相處中他們漸漸融入彼此的生活，努力經營這段得來不易的感情，卻因為一枚戒指打破他們的平靜，原來葉濛母親的離世和李靳嶼家脫不了關係。"
          },
          {
            "content_id": "VOD00372980",
            "time_codes": [
              832000,
              1560000,
              2168000
            ],
            "timecode_duration": [],
            "length": 2678000,
            "asset_id": "vod79685-000013M001",
            "title": "",
            "subtitle": "第13集",
            "ep_number": 13,
            "rating": 1,
            "content_type": "drama",
            "p_start": 1762123200000,
            "vod_channel_description": "講述年過三十的葉濛職場不順，辭職後回到老家認識了弟弟李靳嶼，被對方的一雙深情眼和神秘感吸引。在相處中他們漸漸融入彼此的生活，努力經營這段得來不易的感情，卻因為一枚戒指打破他們的平靜，原來葉濛母親的離世和李靳嶼家脫不了關係。"
          },
          {
            "content_id": "VOD00372981",
            "time_codes": [
              655000,
              1401000,
              2124000
            ],
            "timecode_duration": [],
            "length": 2714000,
            "asset_id": "vod79685-000014M001",
            "title": "",
            "subtitle": "第14集",
            "ep_number": 14,
            "rating": 1,
            "content_type": "drama",
            "p_start": 1762126200000,
            "vod_channel_description": "講述年過三十的葉濛職場不順，辭職後回到老家認識了弟弟李靳嶼，被對方的一雙深情眼和神秘感吸引。在相處中他們漸漸融入彼此的生活，努力經營這段得來不易的感情，卻因為一枚戒指打破他們的平靜，原來葉濛母親的離世和李靳嶼家脫不了關係。"
          },
          {
            "content_id": "VOD00372982",
            "time_codes": [
              680000,
              1523000,
              2170000
            ],
            "timecode_duration": [],
            "length": 2753000,
            "asset_id": "vod79685-000015M001",
            "title": "",
            "subtitle": "第15集",
            "ep_number": 15,
            "rating": 1,
            "content_type": "drama",
            "p_start": 1762129200000,
            "vod_channel_description": "講述年過三十的葉濛職場不順，辭職後回到老家認識了弟弟李靳嶼，被對方的一雙深情眼和神秘感吸引。在相處中他們漸漸融入彼此的生活，努力經營這段得來不易的感情，卻因為一枚戒指打破他們的平靜，原來葉濛母親的離世和李靳嶼家脫不了關係。"
          },
          {
            "content_id": "VOD00372983",
            "time_codes": [
              706000,
              1439000,
              2091000
            ],
            "timecode_duration": [],
            "length": 2677000,
            "asset_id": "vod79685-000016M001",
            "title": "",
            "subtitle": "第16集",
            "ep_number": 16,
            "rating": 1,
            "content_type": "drama",
            "p_start": 1762132200000,
            "vod_channel_description": "講述年過三十的葉濛職場不順，辭職後回到老家認識了弟弟李靳嶼，被對方的一雙深情眼和神秘感吸引。在相處中他們漸漸融入彼此的生活，努力經營這段得來不易的感情，卻因為一枚戒指打破他們的平靜，原來葉濛母親的離世和李靳嶼家脫不了關係。"
          },
          {
            "content_id": "VOD00372984",
            "time_codes": [
              699000,
              1444000,
              2068000
            ],
            "timecode_duration": [],
            "length": 2698000,
            "asset_id": "vod79685-000017M001",
            "title": "",
            "subtitle": "第17集",
            "ep_number": 17,
            "rating": 1,
            "content_type": "drama",
            "p_start": 1762135200000,
            "vod_channel_description": "講述年過三十的葉濛職場不順，辭職後回到老家認識了弟弟李靳嶼，被對方的一雙深情眼和神秘感吸引。在相處中他們漸漸融入彼此的生活，努力經營這段得來不易的感情，卻因為一枚戒指打破他們的平靜，原來葉濛母親的離世和李靳嶼家脫不了關係。"
          },
          {
            "content_id": "VOD00372985",
            "time_codes": [
              731000,
              1371000,
              2104000
            ],
            "timecode_duration": [],
            "length": 2684000,
            "asset_id": "vod79685-000018M001",
            "title": "",
            "subtitle": "第18集",
            "ep_number": 18,
            "rating": 1,
            "content_type": "drama",
            "p_start": 1762138200000,
            "vod_channel_description": "講述年過三十的葉濛職場不順，辭職後回到老家認識了弟弟李靳嶼，被對方的一雙深情眼和神秘感吸引。在相處中他們漸漸融入彼此的生活，努力經營這段得來不易的感情，卻因為一枚戒指打破他們的平靜，原來葉濛母親的離世和李靳嶼家脫不了關係。"
          },
          {
            "content_id": "VOD00372986",
            "time_codes": [
              679000,
              1406000,
              2096000
            ],
            "timecode_duration": [],
            "length": 2841000,
            "asset_id": "vod79685-000019M001",
            "title": "",
            "subtitle": "第19集",
            "ep_number": 19,
            "rating": 1,
            "content_type": "drama",
            "p_start": 1762141200000,
            "vod_channel_description": "講述年過三十的葉濛職場不順，辭職後回到老家認識了弟弟李靳嶼，被對方的一雙深情眼和神秘感吸引。在相處中他們漸漸融入彼此的生活，努力經營這段得來不易的感情，卻因為一枚戒指打破他們的平靜，原來葉濛母親的離世和李靳嶼家脫不了關係。"
          },
          {
            "content_id": "VOD00372987",
            "time_codes": [
              627000,
              1356000,
              2227000
            ],
            "timecode_duration": [],
            "length": 2820000,
            "asset_id": "vod79685-000020M001",
            "title": "",
            "subtitle": "第20集",
            "ep_number": 20,
            "rating": 1,
            "content_type": "drama",
            "p_start": 1762144200000,
            "vod_channel_description": "講述年過三十的葉濛職場不順，辭職後回到老家認識了弟弟李靳嶼，被對方的一雙深情眼和神秘感吸引。在相處中他們漸漸融入彼此的生活，努力經營這段得來不易的感情，卻因為一枚戒指打破他們的平靜，原來葉濛母親的離世和李靳嶼家脫不了關係。"
          },
          {
            "content_id": "VOD00372988",
            "time_codes": [
              675000,
              1409000,
              2172000
            ],
            "timecode_duration": [],
            "length": 2744000,
            "asset_id": "vod79685-000021M001",
            "title": "",
            "subtitle": "第21集",
            "ep_number": 21,
            "rating": 1,
            "content_type": "drama",
            "p_start": 1762147200000,
            "vod_channel_description": "講述年過三十的葉濛職場不順，辭職後回到老家認識了弟弟李靳嶼，被對方的一雙深情眼和神秘感吸引。在相處中他們漸漸融入彼此的生活，努力經營這段得來不易的感情，卻因為一枚戒指打破他們的平靜，原來葉濛母親的離世和李靳嶼家脫不了關係。"
          },
          {
            "content_id": "VOD00372989",
            "time_codes": [
              602000,
              1473000,
              2189000
            ],
            "timecode_duration": [],
            "length": 2694000,
            "asset_id": "vod79685-000022M001",
            "title": "",
            "subtitle": "第22集",
            "ep_number": 22,
            "rating": 1,
            "content_type": "drama",
            "p_start": 1762150200000,
            "vod_channel_description": "講述年過三十的葉濛職場不順，辭職後回到老家認識了弟弟李靳嶼，被對方的一雙深情眼和神秘感吸引。在相處中他們漸漸融入彼此的生活，努力經營這段得來不易的感情，卻因為一枚戒指打破他們的平靜，原來葉濛母親的離世和李靳嶼家脫不了關係。"
          },
          {
            "content_id": "VOD00372990",
            "time_codes": [
              778000,
              1422000,
              2173000
            ],
            "timecode_duration": [],
            "length": 2704000,
            "asset_id": "vod79685-000023M001",
            "title": "",
            "subtitle": "第23集",
            "ep_number": 23,
            "rating": 1,
            "content_type": "drama",
            "p_start": 1762153200000,
            "vod_channel_description": "講述年過三十的葉濛職場不順，辭職後回到老家認識了弟弟李靳嶼，被對方的一雙深情眼和神秘感吸引。在相處中他們漸漸融入彼此的生活，努力經營這段得來不易的感情，卻因為一枚戒指打破他們的平靜，原來葉濛母親的離世和李靳嶼家脫不了關係。"
          },
          {
            "content_id": "VOD00372991",
            "time_codes": [
              683000,
              1435000,
              2254000
            ],
            "timecode_duration": [],
            "length": 2578000,
            "asset_id": "vod79685-000024M001",
            "title": "",
            "subtitle": "第24集",
            "ep_number": 24,
            "rating": 1,
            "content_type": "drama",
            "p_start": 1762156200000,
            "vod_channel_description": "講述年過三十的葉濛職場不順，辭職後回到老家認識了弟弟李靳嶼，被對方的一雙深情眼和神秘感吸引。在相處中他們漸漸融入彼此的生活，努力經營這段得來不易的感情，卻因為一枚戒指打破他們的平靜，原來葉濛母親的離世和李靳嶼家脫不了關係。"
          },
          {
            "content_id": "VOD00372992",
            "time_codes": [
              734000,
              1322000,
              2189000
            ],
            "timecode_duration": [],
            "length": 2719000,
            "asset_id": "vod79685-000025M001",
            "title": "",
            "subtitle": "第25集",
            "ep_number": 25,
            "rating": 1,
            "content_type": "drama",
            "p_start": 1762158900000,
            "vod_channel_description": "講述年過三十的葉濛職場不順，辭職後回到老家認識了弟弟李靳嶼，被對方的一雙深情眼和神秘感吸引。在相處中他們漸漸融入彼此的生活，努力經營這段得來不易的感情，卻因為一枚戒指打破他們的平靜，原來葉濛母親的離世和李靳嶼家脫不了關係。"
          },
          {
            "content_id": "VOD00372993",
            "time_codes": [
              782000,
              1526000,
              2146000
            ],
            "timecode_duration": [],
            "length": 2820000,
            "asset_id": "vod79685-000026M001",
            "title": "",
            "subtitle": "第26集",
            "ep_number": 26,
            "rating": 1,
            "content_type": "drama",
            "p_start": 1762161900000,
            "vod_channel_description": "講述年過三十的葉濛職場不順，辭職後回到老家認識了弟弟李靳嶼，被對方的一雙深情眼和神秘感吸引。在相處中他們漸漸融入彼此的生活，努力經營這段得來不易的感情，卻因為一枚戒指打破他們的平靜，原來葉濛母親的離世和李靳嶼家脫不了關係。"
          }
        ],
        "total_length": 71090000,
        "focus_index": 24,
        "next_index": 25,
        "time": 2051746,
        "focus_program": {
          "content_id": "VOD00372992",
          "time_codes": [
            734000,
            1322000,
            2189000
          ],
          "timecode_duration": [],
          "length": 2719000,
          "asset_id": "vod79685-000025M001",
          "title": "",
          "subtitle": "第25集",
          "ep_number": 25,
          "rating": 1,
          "content_type": "drama",
          "p_start": 1762158900000,
          "vod_channel_description": "講述年過三十的葉濛職場不順，辭職後回到老家認識了弟弟李靳嶼，被對方的一雙深情眼和神秘感吸引。在相處中他們漸漸融入彼此的生活，努力經營這段得來不易的感情，卻因為一枚戒指打破他們的平靜，原來葉濛母親的離世和李靳嶼家脫不了關係。"
        }
      },
      "station_categories": [
        {
          "Name": "戲劇",
          "EngName": "Drama",
          "MenuOrder": 7
        }
      ]
    },
    "introduction": {
      "image": "https://p-cdnstatic.svc.litv.tv/pics/vod_channel/logo_3022_ofiii118_mobile_20230823.png",
      "description": "",
      "href_maps": []
    },
    "recommends": [],
    "ua": "Mozilla/5.0 (Windows NT 10.0; Win64; x64) AppleWebKit/537.36 (KHTML, like Gecko) Chrome/134.0.0.0 Safari/537.36"
  },
  "__N_SSP": true
}