{
  "pageProps": {
    "contentId": "ofiii152",
    "channel": {
      "title": "我的婆婆怎麼那麼可愛",
      "no": 152,
      "charge_mode": "F",
      "content_id": "ofiii152",
      "content_type": "vod-channel",
      "epg_categories": [
        4
      ],
      "genres": [
        {
          "id": "",
          "name": "VOD_CHANNEL",
          "logo": ""
        }
      ],
      "liad_id": "VODCHNEWOFIWEB",
      "package_info_id": "VOD_CHANNEL_DELUX",
      "picture": "pics/vod_channel/logo_3027_ofiii152_tv_20250221.png",
      "provider": [
        {
          "id": "",
          "name": "公視",
          "logo": ""
        }
      ],
      "quality": "HD",
      "station_id": "station5961",
      "trial": "",
      "selectable": 1,
      "tr_logo": "",
      "tl_logo": "",
      "br_logo": "",
      "bl_logo": "",
      "menu_type": 1,
      "vod_channel_schedule": {
        "channel_id": 152,
        "cdn_code": "ofiii152",
        "start_time": 1762517768000,
        "programs": [
          {
            "content_id": "VOD00296101",
            "time_codes": [
              748000,
              1443000,
              2134000
            ],
            "timecode_duration": [],
            "length": 2879000,
            "asset_id": "vod64648-000001M001",
            "title": "",
            "subtitle": "第1集",
            "ep_number": 1,
            "rating": 1,
            "content_type": "drama",
            "p_start": 1740087300000,
            "vod_channel_description": "小鷗與珍賀齋小兒子秉信要結婚了，但衰事卻接二連三而來，婆婆蘇林彩香認為小鷗是掃把星。三年後，小鷗與秉信結婚紀念日出遊，秉信卻意外往生，夫家對小鷗更不諒解。某年中秋，不相往來的前婆婆竟來了電話，要小鷗回去吃團圓飯。"
          },
          {
            "content_id": "VOD00296102",
            "time_codes": [
              698000,
              1416000,
              14162000
            ],
            "timecode_duration": [],
            "length": 2939000,
            "asset_id": "vod64648-000002M001",
            "title": "",
            "subtitle": "第2集",
            "ep_number": 2,
            "rating": 1,
            "content_type": "drama",
            "p_start": 1740090300000,
            "vod_channel_description": "前婆婆要小鷗放棄繼承秉信保險金，小鷗只有一個條件，從此各走各的路。彩香心裡愧疚，要師傅發貴送小鷗去搭車，路上卻出車禍，只能先回珍賀齋。兒女們沒人想接傳統餅鋪，彩香也因為生意不好不想再打拼，決定要跟兒子去台北生活。"
          },
          {
            "content_id": "VOD00296103",
            "time_codes": [
              737000,
              1469000,
              2194000
            ],
            "timecode_duration": [],
            "length": 2919000,
            "asset_id": "vod64648-000003M001",
            "title": "",
            "subtitle": "第3集",
            "ep_number": 3,
            "rating": 1,
            "content_type": "drama",
            "p_start": 1740093300000,
            "vod_channel_description": "珍賀齋暫時歇業，大家共擠一車回台北，路上車子拋錨，大家怪罪小鷗帶賽，小鷗一氣之下下車。老二秉孝先前聽到媽媽有保險金，想著可以挖點錢，便將媽媽接回自家。小鷗把內衣忘在珍賀齋，發貴問他該如何處理？兩人聊起珍賀齋，想著秉信。"
          },
          {
            "content_id": "VOD00296104",
            "time_codes": [
              707000,
              1497000,
              2112000
            ],
            "timecode_duration": [],
            "length": 2989000,
            "asset_id": "vod64648-000004M001",
            "title": "",
            "subtitle": "第4集",
            "ep_number": 4,
            "rating": 1,
            "content_type": "drama",
            "p_start": 1740096300000,
            "vod_channel_description": "大美為了讓小鷗從失去丈夫的傷痛中走出來，慫恿他找尋另一段感情。小鷗參加同學會，喝醉酒後更想念秉信，打了電話給發貴，兩人對漢餅理念不合吵了起來。秉孝帶彩香四處享受，時機到了便遊說彩香投資，彩香經不起兒子步步進逼，只能拿錢出來。"
          },
          {
            "content_id": "VOD00296105",
            "time_codes": [
              711000,
              1431000,
              2168000
            ],
            "timecode_duration": [],
            "length": 2989000,
            "asset_id": "vod64648-000005M001",
            "title": "",
            "subtitle": "第5集",
            "ep_number": 5,
            "rating": 1,
            "content_type": "drama",
            "p_start": 1740099600000,
            "vod_channel_description": "彩香認為秉孝靠不住，不願再投資，秉孝就用女兒妮妮出國比賽為理由向彩香要經費，妮妮私下告訴阿媽自己沒天分。雖然珍賀齋暫時歇業，發貴卻沒閒著，他決定要重新讓珍賀齋光耀門楣。秉孝無法再用相同招數向媽媽拿錢，於是改變方針再次進擊。"
          },
          {
            "content_id": "VOD00296106",
            "time_codes": [
              767000,
              1450000,
              2135000
            ],
            "timecode_duration": [],
            "length": 2989000,
            "asset_id": "vod64648-000006M001",
            "title": "",
            "subtitle": "第6集",
            "ep_number": 6,
            "rating": 1,
            "content_type": "drama",
            "p_start": 1740102900000,
            "vod_channel_description": "大美逼著小鷗與古董商約見面。骨董商是發貴朋友陪著同去，發現對象是小鷗，兩人不說一聲便離開。小鷗在等待骨董商時，碰到大哥秉忠在欺騙女網友，當場拆穿真面目，女網友憤而離開。彩香為了脫離秉孝，堅持住在秉忠家，惹得媳婦佳純不開心。"
          },
          {
            "content_id": "VOD00296107",
            "time_codes": [
              749000,
              1426000,
              2200000
            ],
            "timecode_duration": [],
            "length": 2989000,
            "asset_id": "vod64648-000007M001",
            "title": "",
            "subtitle": "第7集",
            "ep_number": 7,
            "rating": 1,
            "content_type": "drama",
            "p_start": 1740106200000,
            "vod_channel_description": "彩香住到秉忠家，由於生活習慣與價值觀的差異，與大媳婦常鬧意見；直到參加電視節目錄影，終於爆發婆媳之間的大爭吵。秉忠因為生意出問題，希望彩香能出錢幫他。大美幫小鷗約了一個從事殯葬的網友見面，黑道海星對她很有好感。"
          },
          {
            "content_id": "VOD00296108",
            "time_codes": [
              713000,
              1433000,
              2159000
            ],
            "timecode_duration": [],
            "length": 2969000,
            "asset_id": "vod64648-000008M001",
            "title": "",
            "subtitle": "第8集",
            "ep_number": 8,
            "rating": 1,
            "content_type": "drama",
            "p_start": 1740109500000,
            "vod_channel_description": "彩香拿出兩百萬給秉忠，想不到轉眼被投資人捲款而逃，秉忠失魂落魄；但佳純無時無刻不逼著秉忠請彩香離開。小鷗被海星纏上了，只好躲起來避不見面。發貴來到了小鷗的咖啡廳，正好遇上黑道兄弟找小鷗，大美要發貴保護小鷗離開。"
          },
          {
            "content_id": "VOD00296109",
            "time_codes": [
              759000,
              1477000,
              2168000
            ],
            "timecode_duration": [],
            "length": 2999000,
            "asset_id": "vod64648-000009M001",
            "title": "",
            "subtitle": "第9集",
            "ep_number": 9,
            "rating": 1,
            "content_type": "drama",
            "p_start": 1740112800000,
            "vod_channel_description": "小鷗沒地方去，發貴只好帶她回珍賀齋；小鷗跟發貴去找坤哥做生意，在小鷗的遊說下，終於同意把女兒結婚的喜餅交給珍賀齋來做。佳純找了外傭來，要彩香讓出房間。電視播出曾國城的《誰來晚餐》節目，佳純崩潰，婆婆決定住到秉仁家去。"
          },
          {
            "content_id": "VOD00296110",
            "time_codes": [
              690000,
              1410000,
              2187000
            ],
            "timecode_duration": [],
            "length": 2999000,
            "asset_id": "vod64648-000010M001",
            "title": "",
            "subtitle": "第10集",
            "ep_number": 10,
            "rating": 1,
            "content_type": "drama",
            "p_start": 1740116100000,
            "vod_channel_description": "發貴找了幾個師傅來幫忙做餅，阿順也來了，讓小鷗發現阿順竟然是放她鴿子的古董商。秉仁終於當了導演，在大美的咖啡廳拍攝，恰巧海星來找小鷗，陰錯陽差被彩香給嚇走了。秉仁私生活浪蕩，常帶不同女人回家，彩香擔心，開始想計謀，要挖洞給他跳。"
          },
          {
            "content_id": "VOD00296111",
            "time_codes": [
              744000,
              1477000,
              2185000
            ],
            "timecode_duration": [],
            "length": 2989000,
            "asset_id": "vod64648-000011M001",
            "title": "",
            "subtitle": "第11集",
            "ep_number": 11,
            "rating": 1,
            "content_type": "drama",
            "p_start": 1740119400000,
            "vod_channel_description": "小鷗想要促成上雲與發貴，藉故讓兩人獨處，但發貴卻對這樣的安排很反感，因為他心裡已經住著別人。彩香為了讓秉仁安定下來，一起帶著小飛去動物園玩，卻換來秉仁明確告知不會結婚的消息。喜餅慘遭坤哥退貨，小鷗只能將喜餅寄賣在大美店裡，被誤會是小鷗與發貴的喜餅。"
          },
          {
            "content_id": "VOD00296112",
            "time_codes": [
              708000,
              1425000,
              2147000
            ],
            "timecode_duration": [],
            "length": 2999000,
            "asset_id": "vod64648-000012M001",
            "title": "",
            "subtitle": "第12集",
            "ep_number": 12,
            "rating": 1,
            "content_type": "drama",
            "p_start": 1740122700000,
            "vod_channel_description": "彩香又被踢皮球的送到秉愛家去，這次換秉愛遊說彩香替她男友艾力克開健身房。彩香看不慣艾力克的所做所為，替秉愛不值。小鷗回台北促銷喜餅，賺的錢送去給彩香，秉愛趁機要小鷗將彩香帶走，小鷗將她安頓在與秉信結婚時買的房子。"
          },
          {
            "content_id": "VOD00296113",
            "time_codes": [
              766000,
              1468000,
              2193000
            ],
            "timecode_duration": [],
            "length": 2999000,
            "asset_id": "vod64648-000013M001",
            "title": "",
            "subtitle": "第13集",
            "ep_number": 13,
            "rating": 1,
            "content_type": "drama",
            "p_start": 1740126000000,
            "vod_channel_description": "彩香發現秉信家裡有為她準備的水杯，她想起秉信傷心，於是離開住處，在路上閒逛，遇到來台北找她的一哥，彩香說不想回去秉信的家，一哥帶她去住青年旅社。秉愛從大美口中知道媽媽住在青年旅社，不願她和一哥在一起，把彩香帶走。"
          },
          {
            "content_id": "VOD00296114",
            "time_codes": [
              770000,
              1436000,
              2170000
            ],
            "timecode_duration": [],
            "length": 2969000,
            "asset_id": "vod64648-000014M001",
            "title": "",
            "subtitle": "第14集",
            "ep_number": 14,
            "rating": 1,
            "content_type": "drama",
            "p_start": 1740129300000,
            "vod_channel_description": "小鷗遇到跟秉信長得相似的客人，但他隔天一早就要回國，只有一個晚上的相處時間。彩香不再經營珍賀齋，要發貴另謀出路。他打算到台中做太陽餅，但搭車過頭到了台北，於是去找小鷗。小鷗帶發貴四處去品嘗有名的糕餅店，希望從中吸取情報。"
          },
          {
            "content_id": "VOD00296115",
            "time_codes": [
              753000,
              1432000,
              2194000
            ],
            "timecode_duration": [],
            "length": 2949000,
            "asset_id": "vod64648-000015M001",
            "title": "",
            "subtitle": "第15集",
            "ep_number": 15,
            "rating": 1,
            "content_type": "drama",
            "p_start": 1740132600000,
            "vod_channel_description": "小鷗帶發貴到她家住，隔天還說服大美讓發貴去店裡當甜點師傅。一哥去找上雲觀落陰，希望蘇通答應讓他照顧彩香，蘇通要一哥找繼承人經營珍賀齋。大美和小鷗、發貴吵了一架，大美的話語刺傷小鷗，小鷗傷心離開。"
          },
          {
            "content_id": "VOD00296116",
            "time_codes": [
              767000,
              1465000,
              2200000
            ],
            "timecode_duration": [],
            "length": 2999000,
            "asset_id": "vod64648-000016M001",
            "title": "",
            "subtitle": "第16集",
            "ep_number": 16,
            "rating": 1,
            "content_type": "drama",
            "p_start": 1740135900000,
            "vod_channel_description": "發貴找到麵包店的工作，但發貴看不慣麵包店偷工減料的工作模式，頭也不回的離開了。小鷗送小飛回台南，正好幫珍賀齋化解了一段災難，彩香謝謝小鷗便給了她秉信的玩具，小鷗看著玩偶和玩具，像是聽到了秉信在要她留下來一起奮鬥。"
          },
          {
            "content_id": "VOD00296117",
            "time_codes": [
              682000,
              1451000,
              2191000
            ],
            "timecode_duration": [],
            "length": 2999000,
            "asset_id": "vod64648-000017M001",
            "title": "",
            "subtitle": "第17集",
            "ep_number": 17,
            "rating": 1,
            "content_type": "drama",
            "p_start": 1740139200000,
            "vod_channel_description": "一哥的爸爸一公要做百歲大壽，壽宴要珍賀齋舉辦，大家討論活動細節，只有小鷗提出的花招最對一公的胃口，就這麼拍板定案。彩香不開心不願幫忙，小鷗找以前的師傅幫忙，卻處處被刁難，這時發貴就像有預感小鷗有麻煩似的，趕回來救場。"
          },
          {
            "content_id": "VOD00296118",
            "time_codes": [
              772000,
              1425000,
              2156000
            ],
            "timecode_duration": [],
            "length": 2989000,
            "asset_id": "vod64648-000018M001",
            "title": "",
            "subtitle": "第18集",
            "ep_number": 18,
            "rating": 1,
            "content_type": "drama",
            "p_start": 1740142500000,
            "vod_channel_description": "一公做完大壽後，彩香小鷗發貴三人都喝醉了，不知不覺簽下重開珍賀齋的協議，隔天在一哥的促成下，珍賀齋終於重新開幕。但彩香與小鷗卻還是常鬧意見。秉孝聽說了珍賀齋重新開幕的消息，找齊兄弟三人商量把小鷗趕出珍賀齋。"
          },
          {
            "content_id": "VOD00296119",
            "time_codes": [
              733000,
              1499000,
              2206000
            ],
            "timecode_duration": [],
            "length": 2999000,
            "asset_id": "vod64648-000019M001",
            "title": "",
            "subtitle": "第19集",
            "ep_number": 19,
            "rating": 1,
            "content_type": "drama",
            "p_start": 1740145800000,
            "vod_channel_description": "秉孝用上雲這塊招牌來嚇彩香，說小鷗在此三天便會有血光之災，彩香聽信害怕，整天疑神疑鬼，三天到了當然沒事發生。三兄弟沒得逞，趁著小鷗回台北，又設計了秉忠被仙人跳的遭遇，要彩香賣地契，彩香沒辦法看自己孩子束手無策，準備把地契拿出來。"
          },
          {
            "content_id": "VOD00296120",
            "time_codes": [
              748000,
              1490000,
              2117000
            ],
            "timecode_duration": [],
            "length": 2989000,
            "asset_id": "vod64648-000020M001",
            "title": "",
            "subtitle": "第20集",
            "ep_number": 20,
            "rating": 1,
            "content_type": "drama",
            "p_start": 1740149100000,
            "vod_channel_description": "小鷗拆穿三兄弟的騙局，三兄弟只能回台北。\r\n珍賀齋面臨經營困境，小鷗提出改革，加入現代化的經營方式。秉孝帶著女兒妮妮回來跟彩香道歉，暗地裡卻跟鄉親募款，說是妮妮要參加國際比賽為國爭光，募了一百多萬，秉孝拿到錢就趕緊離開。"
          },
          {
            "content_id": "VOD00296121",
            "time_codes": [
              678000,
              1481000,
              2187000
            ],
            "timecode_duration": [],
            "length": 3000000,
            "asset_id": "vod64648-000021M001",
            "title": "",
            "subtitle": "第21集",
            "ep_number": 21,
            "rating": 1,
            "content_type": "drama",
            "p_start": 1740152400000,
            "vod_channel_description": "秉孝騙不成媽媽，轉頭騙了鄉親，彩香只能一一賠罪。秉仁被房東趕出，只能回家要錢。彩香要他對珍賀齋有貢獻，才願意給錢，小鷗便派秉仁一起去做市場調查，但卻讓發貴跟彩香誤會，還找一哥陪她跟蹤秉仁與小鷗，但反倒讓人誤會彩香跟一哥偷情。"
          },
          {
            "content_id": "VOD00296122",
            "time_codes": [
              709000,
              1428000,
              2204000
            ],
            "timecode_duration": [],
            "length": 2989000,
            "asset_id": "vod64648-000022M001",
            "title": "",
            "subtitle": "第22集",
            "ep_number": 22,
            "rating": 1,
            "content_type": "drama",
            "p_start": 1740155700000,
            "vod_channel_description": "小鷗經過市場調查後，推出椪餅當明星商品，剛開始生意有起色，沒多久就又生意清淡了。彩香從某人過世的祭台上看到了一堆椪餅，才知道最近幾乎都是一哥花錢請人來買的，於是決定改推出女皇餅。一推出果然生意興隆，還接到三百盒訂單。"
          },
          {
            "content_id": "VOD00296123",
            "time_codes": [
              723000,
              1406000,
              2213000
            ],
            "timecode_duration": [],
            "length": 2979000,
            "asset_id": "vod64648-000023M001",
            "title": "",
            "subtitle": "第23集",
            "ep_number": 23,
            "rating": 1,
            "content_type": "drama",
            "p_start": 1740159000000,
            "vod_channel_description": "三百盒訂單，客人反悔取消了，原來這是某人為了要讓小鷗死心而設計的。再加上發生口蹄疫，讓加有豬肉的女皇餅更是不能再賣了。秉仁決定採用OEM的方式銷售太陽餅，彩香願意給他一次機會聽從。但OEM偷工減料，太陽餅不好吃，當然賣得不好。"
          },
          {
            "content_id": "VOD00296124",
            "time_codes": [
              740000,
              1496000,
              2145000
            ],
            "timecode_duration": [],
            "length": 2989000,
            "asset_id": "vod64648-000024M001",
            "title": "",
            "subtitle": "第24集",
            "ep_number": 24,
            "rating": 1,
            "content_type": "drama",
            "p_start": 1740162300000,
            "vod_channel_description": "奚媽與奚姊聯合秉仁用盡辦法要把小鷗帶回台北，小鷗跟媽媽約定兩年的時間，沒成功就會回家聽從安排。艾力克要離開台北到高雄健身房當店長，秉愛覺得如果有錢幫艾力克開健身房，艾力克就不用離開，於是她也開始滋長了歪腦筋。"
          },
          {
            "content_id": "VOD00296125",
            "time_codes": [
              771000,
              1448000,
              2197000
            ],
            "timecode_duration": [],
            "length": 2989000,
            "asset_id": "vod64648-000025M001",
            "title": "",
            "subtitle": "第25集",
            "ep_number": 25,
            "rating": 1,
            "content_type": "drama",
            "p_start": 1740165600000,
            "vod_channel_description": "秉愛夥同仲介，把一哥要賣250萬的房子提高到500萬，讓買方的彩香白白損失了250萬。紙包不住火，彩香還是得知了秉愛吞了她的錢，但彩香不願追究，就讓她走了。大美帶一日本記者來找小鷗，要小鷗帶記者介紹台南觀光。"
          },
          {
            "content_id": "VOD00296126",
            "time_codes": [
              736000,
              1413000,
              2166000
            ],
            "timecode_duration": [],
            "length": 2969000,
            "asset_id": "vod64648-000026M001",
            "title": "",
            "subtitle": "第26集",
            "ep_number": 26,
            "rating": 1,
            "content_type": "drama",
            "p_start": 1740168900000,
            "vod_channel_description": "小鷗帶英樹四處參觀拍照，倆人相處愉快，英樹對小鷗告白，還希望能與他一起去歐洲。發貴受到英樹的刺激，想用新口味的餅留下小鷗，更加奮發努力研發新產品。彩香請大家來試吃評價，大家都稱讚有加，唯獨小鷗覺得還是不夠好。"
          },
          {
            "content_id": "VOD00296127",
            "time_codes": [
              738000,
              1453000,
              2195000
            ],
            "timecode_duration": [],
            "length": 2989000,
            "asset_id": "vod64648-000027M001",
            "title": "",
            "subtitle": "第27集",
            "ep_number": 27,
            "rating": 1,
            "content_type": "drama",
            "p_start": 1740172200000,
            "vod_channel_description": "彩香和發貴知道英樹向小鷗告白後，深怕小鷗會跟英樹離開，無一不想盡辦法取得小鷗歡心。發貴做出土鳳梨和金鑽兩種不同内餡鳳梨酥，彩香和小鷗喜好不同，各有堅持，在爭執不下的情況，於是舉辦試吃會讓大家評選。"
          },
          {
            "content_id": "VOD00296128",
            "time_codes": [
              665000,
              1434000,
              2112000
            ],
            "timecode_duration": [],
            "length": 2999000,
            "asset_id": "vod64648-000028M001",
            "title": "",
            "subtitle": "第28集",
            "ep_number": 28,
            "rating": 1,
            "content_type": "drama",
            "p_start": 1740175500000,
            "vod_channel_description": "發貴最後靠金鑽和土鳳梨融合成的鳳梨酥，贏得在場所有人的一致認同，明星商品就這樣決定了。但彩香和小鷗又為了行銷方式僵持不下。佳純告知秉忠珍賀齋鳳梨酥大賣，秉忠在老婆的慫恿下趕回台南家裡，準備當現成的珍賀齋老闆。"
          },
          {
            "content_id": "VOD00296129",
            "time_codes": [
              710000,
              1494000,
              2109000
            ],
            "timecode_duration": [],
            "length": 2989000,
            "asset_id": "vod64648-000029M001",
            "title": "",
            "subtitle": "第29集",
            "ep_number": 29,
            "rating": 1,
            "content_type": "drama",
            "p_start": 1740178800000,
            "vod_channel_description": "小鷗要發貴去參加鳳梨酥神人大賽，發貴雖然很是猶豫，卻還是聽話去了，秉忠雖不同意卻也無權力阻止，但要求不能耽誤店裡出貨。秉忠百般製造機會，說服彩香由他全權經營珍賀齋。發貴白天工作，只能趁晚上下工練習，小鷗帶宵夜陪伴。"
          },
          {
            "content_id": "VOD00296130",
            "time_codes": [
              737000,
              1447000,
              2142000
            ],
            "timecode_duration": [],
            "length": 2989000,
            "asset_id": "vod64648-000030M001",
            "title": "",
            "subtitle": "第30集",
            "ep_number": 30,
            "rating": 1,
            "content_type": "drama",
            "p_start": 1740182100000,
            "vod_channel_description": "比賽日到了，小鷗卻因連日的勞累病倒了，所有人都到現場替發貴加油。臨近比賽時間，小鷗發現發貴竟忘了帶走比賽用的廚師服，於是她不顧自己的不舒服，緊急將制服送達，發貴才得以比賽。菠蘿蜜和阿堂離開台北麵包店，跑來投靠發貴。"
          },
          {
            "content_id": "VOD00296131",
            "time_codes": [
              762000,
              1439000,
              2131000
            ],
            "timecode_duration": [],
            "length": 2979000,
            "asset_id": "vod64648-000031M001",
            "title": "",
            "subtitle": "第31集",
            "ep_number": 31,
            "rating": 1,
            "content_type": "drama",
            "p_start": 1740185400000,
            "vod_channel_description": "秉忠雖然接了很多網路訂單，被投訴的也不少。小鷗想提升鳳梨酥的形象，改善包裝，於是她回台北，找以前秉信任職的公司諮詢設計。一哥近來感覺身體常常出狀況，拿著身體檢查報告去找醫生詢問，才知道身體長了壞東西，醫生要他盡快住院開刀。"
          },
          {
            "content_id": "VOD00296132",
            "time_codes": [
              723000,
              1442000,
              2174000
            ],
            "timecode_duration": [],
            "length": 2999000,
            "asset_id": "vod64648-000032M001",
            "title": "",
            "subtitle": "第32集",
            "ep_number": 32,
            "rating": 1,
            "content_type": "drama",
            "p_start": 1740188700000,
            "vod_channel_description": "小鷗了解鳳梨酥有很大的市場，但需要花六百萬包裝產品與形象。彩香不願意花這筆錢，宣布退休，餅店由秉忠繼承，秉忠將小鷗貶為時薪人員，小鷗決定離開珍賀齋，發貴阿堂跟進，決心自行開業。一哥替他們想了店名-深圓烘焙，小鷗申請貸款，開始裝潢店面。"
          },
          {
            "content_id": "VOD00296133",
            "time_codes": [
              753000,
              1484000,
              2124000
            ],
            "timecode_duration": [],
            "length": 2989000,
            "asset_id": "vod64648-000033M001",
            "title": "",
            "subtitle": "第33集",
            "ep_number": 33,
            "rating": 1,
            "content_type": "drama",
            "p_start": 1740192000000,
            "vod_channel_description": "發貴向小鷗表白，小鷗有些心動，氣氛正好要接吻時，卻同時想起秉信，兩人決定當朋友，全心創業。珍賀齋趕著中秋節訂單，人手不足，加上發貴已離職，鳳梨酥品質當然不好，一堆人來退貨。一哥不讓小鷗發貴知道生病的事，騙說即將要去阿根廷。"
          },
          {
            "content_id": "VOD00296134",
            "time_codes": [
              719000,
              1431000,
              2162000
            ],
            "timecode_duration": [],
            "length": 2979000,
            "asset_id": "vod64648-000034M001",
            "title": "",
            "subtitle": "第34集",
            "ep_number": 34,
            "rating": 1,
            "content_type": "drama",
            "p_start": 1740195300000,
            "vod_channel_description": "珍賀齋一過中秋後，生意一落千丈。小鷗避開中秋節這大戰場，選在中秋夜悄悄開幕，主打網路行銷，訂單慢慢增多；秉忠不甘心，用下流手段惡性競爭，毀謗深圓烘焙的鳳梨酥所使用的鳳梨有打生長激素，影響深圓烘焙的生意。秉仁持續失蹤著。"
          },
          {
            "content_id": "VOD00296135",
            "time_codes": [
              758000,
              1492000,
              2159000
            ],
            "timecode_duration": [],
            "length": 2989000,
            "asset_id": "vod64648-000035M001",
            "title": "",
            "subtitle": "第35集",
            "ep_number": 35,
            "rating": 1,
            "content_type": "drama",
            "p_start": 1740198600000,
            "vod_channel_description": "這次換秉孝出招，他到處放話發貴和小鷗私奔、還發存證信函要告發貴，說他偷走鳳梨酥配方，要讓他們停賣鳳梨酥。彩香一直找不到的秉仁，大美一通簡訊就找到了，原來是秉仁生病，不願意讓媽媽彩香擔心，所以躲起來不接電話、也不聯絡。"
          },
          {
            "content_id": "VOD00296136",
            "time_codes": [
              723000,
              1493000,
              2140000
            ],
            "timecode_duration": [],
            "length": 2999000,
            "asset_id": "vod64648-000036M001",
            "title": "",
            "subtitle": "第36集",
            "ep_number": 36,
            "rating": 1,
            "content_type": "drama",
            "p_start": 1740201900000,
            "vod_channel_description": "秉仁教大美剪接，將當初在研發鳳梨酥時所拍的影片，剪好放到網路上，造成輿論轉向，對深圓烘焙一片叫好，業績節節上升。秉孝與旅行社合作，爭取大陸觀光客，果然接到不少訂單，但師傅都不願再來珍賀齋工作。在這節骨眼上，秉孝被警察帶走了。"
          },
          {
            "content_id": "VOD00296137",
            "time_codes": [
              776000,
              1421000,
              2175000
            ],
            "timecode_duration": [],
            "length": 2999000,
            "asset_id": "vod64648-000037M001",
            "title": "",
            "subtitle": "第37集",
            "ep_number": 37,
            "rating": 1,
            "content_type": "drama",
            "p_start": 1740205200000,
            "vod_channel_description": "秉愛賣山寨版珍賀齋女兒餅，被發貴和小鷗撞見，雙方大吵一架，不歡而散。發貴送小鷗一條項鍊當生日禮物。彩香終於知道秉仁和一哥的去向，倆人都瞞著她獨自承受身體病痛，彩香痛哭失聲。菠蘿蜜爆料珍賀齋使用過期奶油，只能暫時歇業。"
          },
          {
            "content_id": "VOD00296138",
            "time_codes": [
              752000,
              1457000,
              2172000
            ],
            "timecode_duration": [],
            "length": 2969000,
            "asset_id": "vod64648-000038M001",
            "title": "",
            "subtitle": "第38集",
            "ep_number": 38,
            "rating": 1,
            "content_type": "drama",
            "p_start": 1740208500000,
            "vod_channel_description": "彩香去一哥家裡拿換洗衣物，發現一哥留了遺書。彩香決定北上，聚集所有的孩子，勸他們要腳踏實地，因為她決定不再替孩子們擔心受怕，她要放手過自己想要的生活。彩香學著一哥立下遺書，交代了身後事，並寫明將不會留遺產給任何孩子。"
          },
          {
            "content_id": "VOD00296139",
            "time_codes": [
              741000,
              1441000,
              2189000
            ],
            "timecode_duration": [],
            "length": 2999000,
            "asset_id": "vod64648-000039M001",
            "title": "",
            "subtitle": "第39集",
            "ep_number": 39,
            "rating": 1,
            "content_type": "drama",
            "p_start": 1740211800000,
            "vod_channel_description": "秉孝終於可以保釋出獄，代價是妮妮要在深圓工作三年償還保釋金。彩香將遺書寄給孩子後，就去醫院全心照顧一哥。孩子們收到後，擔心遺產著落，紛紛趕回去找彩香；找了許久終於在醫院找到，他們希望彩香能授權告深圓，求取侵權賠償金。"
          },
          {
            "content_id": "VOD00296140",
            "time_codes": [
              751000,
              1480000,
              2177000
            ],
            "timecode_duration": [],
            "length": 2989000,
            "asset_id": "vod64648-000040M001",
            "title": "",
            "subtitle": "第40集",
            "ep_number": 40,
            "rating": 1,
            "content_type": "drama",
            "p_start": 1740215100000,
            "vod_channel_description": "一哥身體突然急轉直下，被送進去急救，最後雖然急救回來，卻未脫離險境。忠孝仁回到珍賀齋，在門口看著珍賀齋招牌，感觸良深。深圓烘焙穩定成長，2年後開了分店，彩香還是深圓的大股東。小鷗決定回學校完成未完的學業。"
          }
        ],
        "total_length": 119311000,
        "focus_index": 16,
        "next_index": 17,
        "time": 2797067,
        "focus_program": {
          "content_id": "VOD00296117",
          "time_codes": [
            682000,
            1451000,
            2191000
          ],
          "timecode_duration": [],
          "length": 2999000,
          "asset_id": "vod64648-000017M001",
          "title": "",
          "subtitle": "第17集",
          "ep_number": 17,
          "rating": 1,
          "content_type": "drama",
          "p_start": 1740139200000,
          "vod_channel_description": "一哥的爸爸一公要做百歲大壽，壽宴要珍賀齋舉辦，大家討論活動細節，只有小鷗提出的花招最對一公的胃口，就這麼拍板定案。彩香不開心不願幫忙，小鷗找以前的師傅幫忙，卻處處被刁難，這時發貴就像有預感小鷗有麻煩似的，趕回來救場。"
        }
      },
      "station_categories": [
        {
          "Name": "戲劇",
          "EngName": "Drama",
          "MenuOrder": 7
        }
      ]
    },
    "introduction": {
      "image": "https://p-cdnstatic.svc.litv.tv/pics/vod_channel/logo_3027_ofiii152_mobile_20230823.png",
      "description": "",
      "href_maps": []
    },
    "recommends": [],
    "ua": "Mozilla/5.0 (Windows NT 10.0; Win64; x64) AppleWebKit/537.36 (KHTML, like Gecko) Chrome/114.0.0.0 Safari/537.36 Edg/114.0.1823.86"
  },
  "__N_SSP": true
}