{
  "pageProps": {
    "contentId": "ofiii184",
    "channel": {
      "title": "新忍者哈特利",
      "no": 184,
      "charge_mode": "F",
      "content_id": "ofiii184",
      "content_type": "vod-channel",
      "epg_categories": [
        109
      ],
      "genres": [
        {
          "id": "",
          "name": "VOD_CHANNEL",
          "logo": ""
        }
      ],
      "liad_id": "VODCHNEWCHILDOFIWEB",
      "package_info_id": "VOD_CHANNEL_DELUX",
      "picture": "pics/vod_channel/logo_3634_ofiii184_tv_20250221.png",
      "provider": [
        {
          "id": "",
          "name": "木棉花",
          "logo": ""
        }
      ],
      "quality": "HD",
      "station_id": "station6568",
      "trial": "",
      "selectable": 1,
      "tr_logo": "pics/vod_channel/tr_logo_1738923251.png",
      "tl_logo": "",
      "br_logo": "",
      "bl_logo": "",
      "menu_type": 0,
      "vod_channel_schedule": {
        "channel_id": 184,
        "cdn_code": "ofiii184",
        "start_time": 1762982400000,
        "programs": [
          {
            "content_id": "VOD00251129",
            "time_codes": [
              742000
            ],
            "timecode_duration": [],
            "length": 1470000,
            "asset_id": "vod52780-050001M001",
            "title": "",
            "subtitle": "第5季第1集 助人為快樂之本/章魚墨汁之術對抗烏賊墨汁之術",
            "ep_number": 1,
            "rating": 1,
            "content_type": "kids",
            "p_start": 1762982400000,
            "vod_channel_description": "哈特利甘藏是一名修行的伊賀流少年忍者，從伊賀到東京市區，並寄居在三葉家。作品描述哈特利與家中獨子健一的友情等，並介紹許多忍術，由於忍者出現在現代社會而引來騷動，亦牽涉到兩大忍者流派—伊賀流與甲賀流的對立。"
          },
          {
            "content_id": "VOD00251130",
            "time_codes": [
              742000
            ],
            "timecode_duration": [],
            "length": 1470000,
            "asset_id": "vod52780-050002M001",
            "title": "",
            "subtitle": "第5季第2集 三葉家的防災演習/游泳的特訓",
            "ep_number": 2,
            "rating": 1,
            "content_type": "kids",
            "p_start": 1762984200000,
            "vod_channel_description": "哈特利甘藏是一名修行的伊賀流少年忍者，從伊賀到東京市區，並寄居在三葉家。作品描述哈特利與家中獨子健一的友情等，並介紹許多忍術，由於忍者出現在現代社會而引來騷動，亦牽涉到兩大忍者流派—伊賀流與甲賀流的對立。"
          },
          {
            "content_id": "VOD00251131",
            "time_codes": [
              742000
            ],
            "timecode_duration": [],
            "length": 1470000,
            "asset_id": "vod52780-050003M001",
            "title": "",
            "subtitle": "第5季第3集 封印忍術改善生活/指引路痴的路標",
            "ep_number": 3,
            "rating": 1,
            "content_type": "kids",
            "p_start": 1762986000000,
            "vod_channel_description": "哈特利甘藏是一名修行的伊賀流少年忍者，從伊賀到東京市區，並寄居在三葉家。作品描述哈特利與家中獨子健一的友情等，並介紹許多忍術，由於忍者出現在現代社會而引來騷動，亦牽涉到兩大忍者流派—伊賀流與甲賀流的對立。"
          },
          {
            "content_id": "VOD00251132",
            "time_codes": [
              742000
            ],
            "timecode_duration": [],
            "length": 1470000,
            "asset_id": "vod52780-050004M001",
            "title": "",
            "subtitle": "第5季第4集 在跳蚤市場被賣掉的卷軸/熱血沸騰！功夫與忍術的對決",
            "ep_number": 4,
            "rating": 1,
            "content_type": "kids",
            "p_start": 1762987800000,
            "vod_channel_description": "哈特利甘藏是一名修行的伊賀流少年忍者，從伊賀到東京市區，並寄居在三葉家。作品描述哈特利與家中獨子健一的友情等，並介紹許多忍術，由於忍者出現在現代社會而引來騷動，亦牽涉到兩大忍者流派—伊賀流與甲賀流的對立。"
          },
          {
            "content_id": "VOD00251133",
            "time_codes": [
              742000
            ],
            "timecode_duration": [],
            "length": 1470000,
            "asset_id": "vod52780-050005M001",
            "title": "",
            "subtitle": "第5季第5集 用忍術大掃除/停水真令人苦惱",
            "ep_number": 5,
            "rating": 1,
            "content_type": "kids",
            "p_start": 1762989600000,
            "vod_channel_description": "哈特利甘藏是一名修行的伊賀流少年忍者，從伊賀到東京市區，並寄居在三葉家。作品描述哈特利與家中獨子健一的友情等，並介紹許多忍術，由於忍者出現在現代社會而引來騷動，亦牽涉到兩大忍者流派—伊賀流與甲賀流的對立。"
          },
          {
            "content_id": "VOD00251134",
            "time_codes": [
              742000
            ],
            "timecode_duration": [],
            "length": 1470000,
            "asset_id": "vod52780-050006M001",
            "title": "",
            "subtitle": "第5季第6集 變成熊的獅子丸/讓母親大人心情變好大作戰",
            "ep_number": 6,
            "rating": 1,
            "content_type": "kids",
            "p_start": 1762991400000,
            "vod_channel_description": "哈特利甘藏是一名修行的伊賀流少年忍者，從伊賀到東京市區，並寄居在三葉家。作品描述哈特利與家中獨子健一的友情等，並介紹許多忍術，由於忍者出現在現代社會而引來騷動，亦牽涉到兩大忍者流派—伊賀流與甲賀流的對立。"
          },
          {
            "content_id": "VOD00251135",
            "time_codes": [
              742000
            ],
            "timecode_duration": [],
            "length": 1470000,
            "asset_id": "vod52780-050007M001",
            "title": "",
            "subtitle": "第5季第7集 用忍術收集味道/抓住戀愛的攀岩",
            "ep_number": 7,
            "rating": 1,
            "content_type": "kids",
            "p_start": 1762993200000,
            "vod_channel_description": "哈特利甘藏是一名修行的伊賀流少年忍者，從伊賀到東京市區，並寄居在三葉家。作品描述哈特利與家中獨子健一的友情等，並介紹許多忍術，由於忍者出現在現代社會而引來騷動，亦牽涉到兩大忍者流派—伊賀流與甲賀流的對立。"
          },
          {
            "content_id": "VOD00251136",
            "time_codes": [
              742000
            ],
            "timecode_duration": [],
            "length": 1470000,
            "asset_id": "vod52780-050008M001",
            "title": "",
            "subtitle": "第5季第8集 煙卷的弱點是那個/軟骨功施展過頭了",
            "ep_number": 8,
            "rating": 1,
            "content_type": "kids",
            "p_start": 1762995000000,
            "vod_channel_description": "哈特利甘藏是一名修行的伊賀流少年忍者，從伊賀到東京市區，並寄居在三葉家。作品描述哈特利與家中獨子健一的友情等，並介紹許多忍術，由於忍者出現在現代社會而引來騷動，亦牽涉到兩大忍者流派—伊賀流與甲賀流的對立。"
          },
          {
            "content_id": "VOD00251137",
            "time_codes": [
              742000
            ],
            "timecode_duration": [],
            "length": 1470000,
            "asset_id": "vod52780-050009M001",
            "title": "",
            "subtitle": "第5季第9集 用忍術做分類垃圾/旋轉吧！忍者陀螺大戰",
            "ep_number": 9,
            "rating": 1,
            "content_type": "kids",
            "p_start": 1762996800000,
            "vod_channel_description": "哈特利甘藏是一名修行的伊賀流少年忍者，從伊賀到東京市區，並寄居在三葉家。作品描述哈特利與家中獨子健一的友情等，並介紹許多忍術，由於忍者出現在現代社會而引來騷動，亦牽涉到兩大忍者流派—伊賀流與甲賀流的對立。"
          },
          {
            "content_id": "VOD00251138",
            "time_codes": [
              742000
            ],
            "timecode_duration": [],
            "length": 1470000,
            "asset_id": "vod52780-050010M001",
            "title": "",
            "subtitle": "第5季第10集 睡到落枕了/想辦法瞞過母親大人",
            "ep_number": 10,
            "rating": 1,
            "content_type": "kids",
            "p_start": 1762998600000,
            "vod_channel_description": "哈特利甘藏是一名修行的伊賀流少年忍者，從伊賀到東京市區，並寄居在三葉家。作品描述哈特利與家中獨子健一的友情等，並介紹許多忍術，由於忍者出現在現代社會而引來騷動，亦牽涉到兩大忍者流派—伊賀流與甲賀流的對立。"
          },
          {
            "content_id": "VOD00251139",
            "time_codes": [
              742000
            ],
            "timecode_duration": [],
            "length": 1470000,
            "asset_id": "vod52780-050011M001",
            "title": "",
            "subtitle": "第5季第11集 健一是值日生/我們家是運動機關房屋",
            "ep_number": 11,
            "rating": 1,
            "content_type": "kids",
            "p_start": 1763000400000,
            "vod_channel_description": "哈特利甘藏是一名修行的伊賀流少年忍者，從伊賀到東京市區，並寄居在三葉家。作品描述哈特利與家中獨子健一的友情等，並介紹許多忍術，由於忍者出現在現代社會而引來騷動，亦牽涉到兩大忍者流派—伊賀流與甲賀流的對立。"
          },
          {
            "content_id": "VOD00251140",
            "time_codes": [
              742000
            ],
            "timecode_duration": [],
            "length": 1470000,
            "asset_id": "vod52780-050012M001",
            "title": "",
            "subtitle": "第5季第12集 要小心忍者感冒/開始走路後就停不下來",
            "ep_number": 12,
            "rating": 1,
            "content_type": "kids",
            "p_start": 1763002200000,
            "vod_channel_description": "哈特利甘藏是一名修行的伊賀流少年忍者，從伊賀到東京市區，並寄居在三葉家。作品描述哈特利與家中獨子健一的友情等，並介紹許多忍術，由於忍者出現在現代社會而引來騷動，亦牽涉到兩大忍者流派—伊賀流與甲賀流的對立。"
          },
          {
            "content_id": "VOD00251141",
            "time_codes": [
              742000
            ],
            "timecode_duration": [],
            "length": 1470000,
            "asset_id": "vod52780-050013M001",
            "title": "",
            "subtitle": "第5季第13集 令人想拍攝一次的美景/沒完沒了的無聲走路",
            "ep_number": 13,
            "rating": 1,
            "content_type": "kids",
            "p_start": 1763004000000,
            "vod_channel_description": "哈特利甘藏是一名修行的伊賀流少年忍者，從伊賀到東京市區，並寄居在三葉家。作品描述哈特利與家中獨子健一的友情等，並介紹許多忍術，由於忍者出現在現代社會而引來騷動，亦牽涉到兩大忍者流派—伊賀流與甲賀流的對立。"
          },
          {
            "content_id": "VOD00251142",
            "time_codes": [
              742000
            ],
            "timecode_duration": [],
            "length": 1470000,
            "asset_id": "vod52780-050014M001",
            "title": "",
            "subtitle": "第5季第14集 倉鼠逃走了/父親大人一直不停打噴嚏",
            "ep_number": 14,
            "rating": 1,
            "content_type": "kids",
            "p_start": 1763005800000,
            "vod_channel_description": "哈特利甘藏是一名修行的伊賀流少年忍者，從伊賀到東京市區，並寄居在三葉家。作品描述哈特利與家中獨子健一的友情等，並介紹許多忍術，由於忍者出現在現代社會而引來騷動，亦牽涉到兩大忍者流派—伊賀流與甲賀流的對立。"
          },
          {
            "content_id": "VOD00251143",
            "time_codes": [
              742000
            ],
            "timecode_duration": [],
            "length": 1470000,
            "asset_id": "vod52780-050015M001",
            "title": "",
            "subtitle": "第5季第15集 被掃地機器人攻擊/下意識避開眼藥水",
            "ep_number": 15,
            "rating": 1,
            "content_type": "kids",
            "p_start": 1763007600000,
            "vod_channel_description": "哈特利甘藏是一名修行的伊賀流少年忍者，從伊賀到東京市區，並寄居在三葉家。作品描述哈特利與家中獨子健一的友情等，並介紹許多忍術，由於忍者出現在現代社會而引來騷動，亦牽涉到兩大忍者流派—伊賀流與甲賀流的對立。"
          },
          {
            "content_id": "VOD00251144",
            "time_codes": [
              742000
            ],
            "timecode_duration": [],
            "length": 1470000,
            "asset_id": "vod52780-050016M001",
            "title": "",
            "subtitle": "第5季第16集 要飛得比世界第一更遠/甜蜜又苦澀的試煉",
            "ep_number": 16,
            "rating": 1,
            "content_type": "kids",
            "p_start": 1763009400000,
            "vod_channel_description": "哈特利甘藏是一名修行的伊賀流少年忍者，從伊賀到東京市區，並寄居在三葉家。作品描述哈特利與家中獨子健一的友情等，並介紹許多忍術，由於忍者出現在現代社會而引來騷動，亦牽涉到兩大忍者流派—伊賀流與甲賀流的對立。"
          },
          {
            "content_id": "VOD00251145",
            "time_codes": [
              742000
            ],
            "timecode_duration": [],
            "length": 1470000,
            "asset_id": "vod52780-050017M001",
            "title": "",
            "subtitle": "第5季第17集 五顏六色的竹蜻蜓/汽車導航與兜風",
            "ep_number": 17,
            "rating": 1,
            "content_type": "kids",
            "p_start": 1763011200000,
            "vod_channel_description": "哈特利甘藏是一名修行的伊賀流少年忍者，從伊賀到東京市區，並寄居在三葉家。作品描述哈特利與家中獨子健一的友情等，並介紹許多忍術，由於忍者出現在現代社會而引來騷動，亦牽涉到兩大忍者流派—伊賀流與甲賀流的對立。"
          },
          {
            "content_id": "VOD00251146",
            "time_codes": [
              742000
            ],
            "timecode_duration": [],
            "length": 1470000,
            "asset_id": "vod52780-050018M001",
            "title": "",
            "subtitle": "第5季第18集 父親大人要想辦法和好/蓋一棟棉花糖的房子",
            "ep_number": 18,
            "rating": 1,
            "content_type": "kids",
            "p_start": 1763013000000,
            "vod_channel_description": "哈特利甘藏是一名修行的伊賀流少年忍者，從伊賀到東京市區，並寄居在三葉家。作品描述哈特利與家中獨子健一的友情等，並介紹許多忍術，由於忍者出現在現代社會而引來騷動，亦牽涉到兩大忍者流派—伊賀流與甲賀流的對立。"
          },
          {
            "content_id": "VOD00251147",
            "time_codes": [
              742000
            ],
            "timecode_duration": [],
            "length": 1470000,
            "asset_id": "vod52780-050019M001",
            "title": "",
            "subtitle": "第5季第19集 這種殭屍真討厭/這種外星人真討厭",
            "ep_number": 19,
            "rating": 1,
            "content_type": "kids",
            "p_start": 1763014800000,
            "vod_channel_description": "哈特利甘藏是一名修行的伊賀流少年忍者，從伊賀到東京市區，並寄居在三葉家。作品描述哈特利與家中獨子健一的友情等，並介紹許多忍術，由於忍者出現在現代社會而引來騷動，亦牽涉到兩大忍者流派—伊賀流與甲賀流的對立。"
          },
          {
            "content_id": "VOD00251148",
            "time_codes": [
              742000
            ],
            "timecode_duration": [],
            "length": 1470000,
            "asset_id": "vod52780-050020M001",
            "title": "",
            "subtitle": "第5季第20集 想成為撈金魚的專家/新藏的記憶力",
            "ep_number": 20,
            "rating": 1,
            "content_type": "kids",
            "p_start": 1763016600000,
            "vod_channel_description": "哈特利甘藏是一名修行的伊賀流少年忍者，從伊賀到東京市區，並寄居在三葉家。作品描述哈特利與家中獨子健一的友情等，並介紹許多忍術，由於忍者出現在現代社會而引來騷動，亦牽涉到兩大忍者流派—伊賀流與甲賀流的對立。"
          },
          {
            "content_id": "VOD00251149",
            "time_codes": [
              742000
            ],
            "timecode_duration": [],
            "length": 1470000,
            "asset_id": "vod52780-050021M001",
            "title": "",
            "subtitle": "第5季第21集 青鳥在哪裡呢？/想變成可愛的狗",
            "ep_number": 21,
            "rating": 1,
            "content_type": "kids",
            "p_start": 1763018400000,
            "vod_channel_description": "哈特利甘藏是一名修行的伊賀流少年忍者，從伊賀到東京市區，並寄居在三葉家。作品描述哈特利與家中獨子健一的友情等，並介紹許多忍術，由於忍者出現在現代社會而引來騷動，亦牽涉到兩大忍者流派—伊賀流與甲賀流的對立。"
          },
          {
            "content_id": "VOD00251150",
            "time_codes": [
              742000
            ],
            "timecode_duration": [],
            "length": 1470000,
            "asset_id": "vod52780-050022M001",
            "title": "",
            "subtitle": "第5季第22集 被魅惑之花迷得神魂顛倒/在一片黑暗中修行",
            "ep_number": 22,
            "rating": 1,
            "content_type": "kids",
            "p_start": 1763020200000,
            "vod_channel_description": "哈特利甘藏是一名修行的伊賀流少年忍者，從伊賀到東京市區，並寄居在三葉家。作品描述哈特利與家中獨子健一的友情等，並介紹許多忍術，由於忍者出現在現代社會而引來騷動，亦牽涉到兩大忍者流派—伊賀流與甲賀流的對立。"
          },
          {
            "content_id": "VOD00251151",
            "time_codes": [
              742000
            ],
            "timecode_duration": [],
            "length": 1470000,
            "asset_id": "vod52780-050023M001",
            "title": "",
            "subtitle": "第5季第23集 無法傳遞的暗號/生物小博士",
            "ep_number": 23,
            "rating": 1,
            "content_type": "kids",
            "p_start": 1763022000000,
            "vod_channel_description": "哈特利甘藏是一名修行的伊賀流少年忍者，從伊賀到東京市區，並寄居在三葉家。作品描述哈特利與家中獨子健一的友情等，並介紹許多忍術，由於忍者出現在現代社會而引來騷動，亦牽涉到兩大忍者流派—伊賀流與甲賀流的對立。"
          },
          {
            "content_id": "VOD00251152",
            "time_codes": [
              742000
            ],
            "timecode_duration": [],
            "length": 1470000,
            "asset_id": "vod52780-050024M001",
            "title": "",
            "subtitle": "第5季第24集 老鷹的信被搶走了/恐怖的都市傳說",
            "ep_number": 24,
            "rating": 1,
            "content_type": "kids",
            "p_start": 1763023800000,
            "vod_channel_description": "哈特利甘藏是一名修行的伊賀流少年忍者，從伊賀到東京市區，並寄居在三葉家。作品描述哈特利與家中獨子健一的友情等，並介紹許多忍術，由於忍者出現在現代社會而引來騷動，亦牽涉到兩大忍者流派—伊賀流與甲賀流的對立。"
          },
          {
            "content_id": "VOD00251153",
            "time_codes": [
              742000
            ],
            "timecode_duration": [],
            "length": 1470000,
            "asset_id": "vod52780-050025M001",
            "title": "",
            "subtitle": "第5季第25集 想用傳聲筒聯繫/母親大人是淘氣鬼",
            "ep_number": 25,
            "rating": 1,
            "content_type": "kids",
            "p_start": 1763025600000,
            "vod_channel_description": "哈特利甘藏是一名修行的伊賀流少年忍者，從伊賀到東京市區，並寄居在三葉家。作品描述哈特利與家中獨子健一的友情等，並介紹許多忍術，由於忍者出現在現代社會而引來騷動，亦牽涉到兩大忍者流派—伊賀流與甲賀流的對立。"
          },
          {
            "content_id": "VOD00251154",
            "time_codes": [
              742000
            ],
            "timecode_duration": [],
            "length": 1470000,
            "asset_id": "vod52780-050026M001",
            "title": "",
            "subtitle": "第5季第26集 煙卷的家裡有兩隻貓/得到了妖刀春雨",
            "ep_number": 26,
            "rating": 1,
            "content_type": "kids",
            "p_start": 1763027400000,
            "vod_channel_description": "哈特利甘藏是一名修行的伊賀流少年忍者，從伊賀到東京市區，並寄居在三葉家。作品描述哈特利與家中獨子健一的友情等，並介紹許多忍術，由於忍者出現在現代社會而引來騷動，亦牽涉到兩大忍者流派—伊賀流與甲賀流的對立。"
          },
          {
            "content_id": "VOD00254461",
            "time_codes": [
              600000,
              1200000
            ],
            "timecode_duration": [],
            "length": 1470000,
            "asset_id": "vod52780-060001M001",
            "title": "",
            "subtitle": "第6季第1集 守護燕子的巢/製作星象儀",
            "ep_number": 1,
            "rating": 1,
            "content_type": "kids",
            "p_start": 1763029200000,
            "vod_channel_description": "哈特利甘藏是一名修行的伊賀流少年忍者，從伊賀到東京市區，並寄居在三葉家。作品描述哈特利與家中獨子健一的友情等，並介紹許多忍術，由於忍者出現在現代社會而引來騷動，亦牽涉到兩大忍者流派—伊賀流與甲賀流的對立。"
          },
          {
            "content_id": "VOD00254462",
            "time_codes": [
              600000,
              1200000
            ],
            "timecode_duration": [],
            "length": 1470000,
            "asset_id": "vod52780-060002M001",
            "title": "",
            "subtitle": "第6季第2集 想超越忍術飛鼠/新藏和獅子丸代替做家事",
            "ep_number": 2,
            "rating": 1,
            "content_type": "kids",
            "p_start": 1763031000000,
            "vod_channel_description": "哈特利甘藏是一名修行的伊賀流少年忍者，從伊賀到東京市區，並寄居在三葉家。作品描述哈特利與家中獨子健一的友情等，並介紹許多忍術，由於忍者出現在現代社會而引來騷動，亦牽涉到兩大忍者流派—伊賀流與甲賀流的對立。"
          },
          {
            "content_id": "VOD00254463",
            "time_codes": [
              600000,
              1200000
            ],
            "timecode_duration": [],
            "length": 1470000,
            "asset_id": "vod52780-060003M001",
            "title": "",
            "subtitle": "第6季第3集 在冰上自在溜冰/走到哪就丟到哪",
            "ep_number": 3,
            "rating": 1,
            "content_type": "kids",
            "p_start": 1763032800000,
            "vod_channel_description": "哈特利甘藏是一名修行的伊賀流少年忍者，從伊賀到東京市區，並寄居在三葉家。作品描述哈特利與家中獨子健一的友情等，並介紹許多忍術，由於忍者出現在現代社會而引來騷動，亦牽涉到兩大忍者流派—伊賀流與甲賀流的對立。"
          },
          {
            "content_id": "VOD00254464",
            "time_codes": [
              600000,
              1200000
            ],
            "timecode_duration": [],
            "length": 1470000,
            "asset_id": "vod52780-060004M001",
            "title": "",
            "subtitle": "第6季第4集 讓嚴厲的人吃和善年糕/尋找四葉幸運草",
            "ep_number": 4,
            "rating": 1,
            "content_type": "kids",
            "p_start": 1763034600000,
            "vod_channel_description": "哈特利甘藏是一名修行的伊賀流少年忍者，從伊賀到東京市區，並寄居在三葉家。作品描述哈特利與家中獨子健一的友情等，並介紹許多忍術，由於忍者出現在現代社會而引來騷動，亦牽涉到兩大忍者流派—伊賀流與甲賀流的對立。"
          },
          {
            "content_id": "VOD00254465",
            "time_codes": [
              600000,
              1200000
            ],
            "timecode_duration": [],
            "length": 1470000,
            "asset_id": "vod52780-060005M001",
            "title": "",
            "subtitle": "第6季第5集 幫獅子丸剃毛/持妝的效果好過頭了",
            "ep_number": 5,
            "rating": 1,
            "content_type": "kids",
            "p_start": 1763036400000,
            "vod_channel_description": "哈特利甘藏是一名修行的伊賀流少年忍者，從伊賀到東京市區，並寄居在三葉家。作品描述哈特利與家中獨子健一的友情等，並介紹許多忍術，由於忍者出現在現代社會而引來騷動，亦牽涉到兩大忍者流派—伊賀流與甲賀流的對立。"
          },
          {
            "content_id": "VOD00254466",
            "time_codes": [
              600000,
              1200000
            ],
            "timecode_duration": [],
            "length": 1470000,
            "asset_id": "vod52780-060006M001",
            "title": "",
            "subtitle": "第6季第6集 想知道真心話/忍術氣功砲",
            "ep_number": 6,
            "rating": 1,
            "content_type": "kids",
            "p_start": 1763038200000,
            "vod_channel_description": "哈特利甘藏是一名修行的伊賀流少年忍者，從伊賀到東京市區，並寄居在三葉家。作品描述哈特利與家中獨子健一的友情等，並介紹許多忍術，由於忍者出現在現代社會而引來騷動，亦牽涉到兩大忍者流派—伊賀流與甲賀流的對立。"
          },
          {
            "content_id": "VOD00254467",
            "time_codes": [
              600000,
              1200000
            ],
            "timecode_duration": [],
            "length": 1470000,
            "asset_id": "vod52780-060007M001",
            "title": "",
            "subtitle": "第6季第7集 忍術模仿聲音很有趣/新藏的道具是摺紙",
            "ep_number": 7,
            "rating": 1,
            "content_type": "kids",
            "p_start": 1763040000000,
            "vod_channel_description": "哈特利甘藏是一名修行的伊賀流少年忍者，從伊賀到東京市區，並寄居在三葉家。作品描述哈特利與家中獨子健一的友情等，並介紹許多忍術，由於忍者出現在現代社會而引來騷動，亦牽涉到兩大忍者流派—伊賀流與甲賀流的對立。"
          },
          {
            "content_id": "VOD00254468",
            "time_codes": [
              600000,
              1200000
            ],
            "timecode_duration": [],
            "length": 1470000,
            "asset_id": "vod52780-060008M001",
            "title": "",
            "subtitle": "第6季第8集 抓住老人家獵手吧！/會使用忍術的小嬰兒？",
            "ep_number": 8,
            "rating": 1,
            "content_type": "kids",
            "p_start": 1763041800000,
            "vod_channel_description": "哈特利甘藏是一名修行的伊賀流少年忍者，從伊賀到東京市區，並寄居在三葉家。作品描述哈特利與家中獨子健一的友情等，並介紹許多忍術，由於忍者出現在現代社會而引來騷動，亦牽涉到兩大忍者流派—伊賀流與甲賀流的對立。"
          },
          {
            "content_id": "VOD00254469",
            "time_codes": [
              600000,
              1200000
            ],
            "timecode_duration": [],
            "length": 1470000,
            "asset_id": "vod52780-060009M001",
            "title": "",
            "subtitle": "第6季第9集 演奏風鈴/少年劍士三葉健一",
            "ep_number": 9,
            "rating": 1,
            "content_type": "kids",
            "p_start": 1763043600000,
            "vod_channel_description": "哈特利甘藏是一名修行的伊賀流少年忍者，從伊賀到東京市區，並寄居在三葉家。作品描述哈特利與家中獨子健一的友情等，並介紹許多忍術，由於忍者出現在現代社會而引來騷動，亦牽涉到兩大忍者流派—伊賀流與甲賀流的對立。"
          },
          {
            "content_id": "VOD00254470",
            "time_codes": [
              600000,
              1200000
            ],
            "timecode_duration": [],
            "length": 1470000,
            "asset_id": "vod52780-060010M001",
            "title": "",
            "subtitle": "第6季第10集 煙卷，史上最慘的一天/少年和新藏的風車",
            "ep_number": 10,
            "rating": 1,
            "content_type": "kids",
            "p_start": 1763045400000,
            "vod_channel_description": "哈特利甘藏是一名修行的伊賀流少年忍者，從伊賀到東京市區，並寄居在三葉家。作品描述哈特利與家中獨子健一的友情等，並介紹許多忍術，由於忍者出現在現代社會而引來騷動，亦牽涉到兩大忍者流派—伊賀流與甲賀流的對立。"
          },
          {
            "content_id": "VOD00254471",
            "time_codes": [
              600000,
              1200000
            ],
            "timecode_duration": [],
            "length": 1470000,
            "asset_id": "vod52780-060011M001",
            "title": "",
            "subtitle": "第6季第11集 學書法也要腳踏實地/穿著超高的木屐賽跑",
            "ep_number": 11,
            "rating": 1,
            "content_type": "kids",
            "p_start": 1763047200000,
            "vod_channel_description": "哈特利甘藏是一名修行的伊賀流少年忍者，從伊賀到東京市區，並寄居在三葉家。作品描述哈特利與家中獨子健一的友情等，並介紹許多忍術，由於忍者出現在現代社會而引來騷動，亦牽涉到兩大忍者流派—伊賀流與甲賀流的對立。"
          },
          {
            "content_id": "VOD00254472",
            "time_codes": [
              600000,
              1200000
            ],
            "timecode_duration": [],
            "length": 1470000,
            "asset_id": "vod52780-060012M001",
            "title": "",
            "subtitle": "第6季第12集 新忍術靜電磁鐵/難纏的客人來了",
            "ep_number": 12,
            "rating": 1,
            "content_type": "kids",
            "p_start": 1763049000000,
            "vod_channel_description": "哈特利甘藏是一名修行的伊賀流少年忍者，從伊賀到東京市區，並寄居在三葉家。作品描述哈特利與家中獨子健一的友情等，並介紹許多忍術，由於忍者出現在現代社會而引來騷動，亦牽涉到兩大忍者流派—伊賀流與甲賀流的對立。"
          },
          {
            "content_id": "VOD00254473",
            "time_codes": [
              600000,
              1200000
            ],
            "timecode_duration": [],
            "length": 1470000,
            "asset_id": "vod52780-060013M001",
            "title": "",
            "subtitle": "第6季第13集 煙卷的忍者盔甲/健一要追獨家新聞",
            "ep_number": 13,
            "rating": 1,
            "content_type": "kids",
            "p_start": 1763050800000,
            "vod_channel_description": "哈特利甘藏是一名修行的伊賀流少年忍者，從伊賀到東京市區，並寄居在三葉家。作品描述哈特利與家中獨子健一的友情等，並介紹許多忍術，由於忍者出現在現代社會而引來騷動，亦牽涉到兩大忍者流派—伊賀流與甲賀流的對立。"
          },
          {
            "content_id": "VOD00254474",
            "time_codes": [
              600000,
              1200000
            ],
            "timecode_duration": [],
            "length": 1470000,
            "asset_id": "vod52780-060014M001",
            "title": "",
            "subtitle": "第6季第14集 拯救迷路的海豹/收集玩具扭蛋",
            "ep_number": 14,
            "rating": 1,
            "content_type": "kids",
            "p_start": 1763052600000,
            "vod_channel_description": "哈特利甘藏是一名修行的伊賀流少年忍者，從伊賀到東京市區，並寄居在三葉家。作品描述哈特利與家中獨子健一的友情等，並介紹許多忍術，由於忍者出現在現代社會而引來騷動，亦牽涉到兩大忍者流派—伊賀流與甲賀流的對立。"
          },
          {
            "content_id": "VOD00254475",
            "time_codes": [
              600000,
              1200000
            ],
            "timecode_duration": [],
            "length": 1470000,
            "asset_id": "vod52780-060015M001",
            "title": "",
            "subtitle": "第6季第15集 忍者除雪隊登場/雪人先生，您好啊",
            "ep_number": 15,
            "rating": 1,
            "content_type": "kids",
            "p_start": 1763054400000,
            "vod_channel_description": "哈特利甘藏是一名修行的伊賀流少年忍者，從伊賀到東京市區，並寄居在三葉家。作品描述哈特利與家中獨子健一的友情等，並介紹許多忍術，由於忍者出現在現代社會而引來騷動，亦牽涉到兩大忍者流派—伊賀流與甲賀流的對立。"
          },
          {
            "content_id": "VOD00254476",
            "time_codes": [
              600000,
              1200000
            ],
            "timecode_duration": [],
            "length": 1470000,
            "asset_id": "vod52780-060016M001",
            "title": "",
            "subtitle": "第6季第16集 打開機關門/露宿一點也不可怕",
            "ep_number": 16,
            "rating": 1,
            "content_type": "kids",
            "p_start": 1763056200000,
            "vod_channel_description": "哈特利甘藏是一名修行的伊賀流少年忍者，從伊賀到東京市區，並寄居在三葉家。作品描述哈特利與家中獨子健一的友情等，並介紹許多忍術，由於忍者出現在現代社會而引來騷動，亦牽涉到兩大忍者流派—伊賀流與甲賀流的對立。"
          },
          {
            "content_id": "VOD00254477",
            "time_codes": [
              600000,
              1200000
            ],
            "timecode_duration": [],
            "length": 1470000,
            "asset_id": "vod52780-060017M001",
            "title": "",
            "subtitle": "第6季第17集 忍術亮晶晶之術/用轉傘召喚幸福",
            "ep_number": 17,
            "rating": 1,
            "content_type": "kids",
            "p_start": 1763058000000,
            "vod_channel_description": "哈特利甘藏是一名修行的伊賀流少年忍者，從伊賀到東京市區，並寄居在三葉家。作品描述哈特利與家中獨子健一的友情等，並介紹許多忍術，由於忍者出現在現代社會而引來騷動，亦牽涉到兩大忍者流派—伊賀流與甲賀流的對立。"
          },
          {
            "content_id": "VOD00254478",
            "time_codes": [
              600000,
              1200000
            ],
            "timecode_duration": [],
            "length": 1470000,
            "asset_id": "vod52780-060018M001",
            "title": "",
            "subtitle": "第6季第18集 在高爾夫球場迷路的父親大人/新藏的貼花",
            "ep_number": 18,
            "rating": 1,
            "content_type": "kids",
            "p_start": 1763059800000,
            "vod_channel_description": "哈特利甘藏是一名修行的伊賀流少年忍者，從伊賀到東京市區，並寄居在三葉家。作品描述哈特利與家中獨子健一的友情等，並介紹許多忍術，由於忍者出現在現代社會而引來騷動，亦牽涉到兩大忍者流派—伊賀流與甲賀流的對立。"
          },
          {
            "content_id": "VOD00254479",
            "time_codes": [
              600000,
              1200000
            ],
            "timecode_duration": [],
            "length": 1470000,
            "asset_id": "vod52780-060019M001",
            "title": "",
            "subtitle": "第6季第19集 十六夜的引退宣言/用忍術影子臥底回家中",
            "ep_number": 19,
            "rating": 1,
            "content_type": "kids",
            "p_start": 1763061600000,
            "vod_channel_description": "哈特利甘藏是一名修行的伊賀流少年忍者，從伊賀到東京市區，並寄居在三葉家。作品描述哈特利與家中獨子健一的友情等，並介紹許多忍術，由於忍者出現在現代社會而引來騷動，亦牽涉到兩大忍者流派—伊賀流與甲賀流的對立。"
          },
          {
            "content_id": "VOD00254480",
            "time_codes": [
              600000,
              1200000
            ],
            "timecode_duration": [],
            "length": 1470000,
            "asset_id": "vod52780-060020M001",
            "title": "",
            "subtitle": "第6季第20集 母親大人可能是妖怪/圖畫像蝴蝶般飛舞",
            "ep_number": 20,
            "rating": 1,
            "content_type": "kids",
            "p_start": 1763063400000,
            "vod_channel_description": "哈特利甘藏是一名修行的伊賀流少年忍者，從伊賀到東京市區，並寄居在三葉家。作品描述哈特利與家中獨子健一的友情等，並介紹許多忍術，由於忍者出現在現代社會而引來騷動，亦牽涉到兩大忍者流派—伊賀流與甲賀流的對立。"
          },
          {
            "content_id": "VOD00254481",
            "time_codes": [
              600000,
              1200000
            ],
            "timecode_duration": [],
            "length": 1470000,
            "asset_id": "vod52780-060021M001",
            "title": "",
            "subtitle": "第6季第21集 青蛙會攻擊圓圈圈/搶走曬在院子裡的秘傳書吧",
            "ep_number": 21,
            "rating": 1,
            "content_type": "kids",
            "p_start": 1763065200000,
            "vod_channel_description": "哈特利甘藏是一名修行的伊賀流少年忍者，從伊賀到東京市區，並寄居在三葉家。作品描述哈特利與家中獨子健一的友情等，並介紹許多忍術，由於忍者出現在現代社會而引來騷動，亦牽涉到兩大忍者流派—伊賀流與甲賀流的對立。"
          },
          {
            "content_id": "VOD00254482",
            "time_codes": [
              600000,
              1200000
            ],
            "timecode_duration": [],
            "length": 1470000,
            "asset_id": "vod52780-060022M001",
            "title": "",
            "subtitle": "第6季第22集 腳不能碰到地板/最強？巨大的機關電風扇",
            "ep_number": 22,
            "rating": 1,
            "content_type": "kids",
            "p_start": 1763067000000,
            "vod_channel_description": "哈特利甘藏是一名修行的伊賀流少年忍者，從伊賀到東京市區，並寄居在三葉家。作品描述哈特利與家中獨子健一的友情等，並介紹許多忍術，由於忍者出現在現代社會而引來騷動，亦牽涉到兩大忍者流派—伊賀流與甲賀流的對立。"
          },
          {
            "content_id": "VOD00254483",
            "time_codes": [
              600000,
              1200000
            ],
            "timecode_duration": [],
            "length": 1470000,
            "asset_id": "vod52780-060023M001",
            "title": "",
            "subtitle": "第6季第23集 重要的蝴蝶逃走了/被睡眠癱瘓搞得暈頭轉向",
            "ep_number": 23,
            "rating": 1,
            "content_type": "kids",
            "p_start": 1763068800000,
            "vod_channel_description": "哈特利甘藏是一名修行的伊賀流少年忍者，從伊賀到東京市區，並寄居在三葉家。作品描述哈特利與家中獨子健一的友情等，並介紹許多忍術，由於忍者出現在現代社會而引來騷動，亦牽涉到兩大忍者流派—伊賀流與甲賀流的對立。"
          },
          {
            "content_id": "VOD00254484",
            "time_codes": [
              600000,
              1200000
            ],
            "timecode_duration": [],
            "length": 1470000,
            "asset_id": "vod52780-060024M001",
            "title": "",
            "subtitle": "第6季第24集 煙卷是哥哥/相撲！哈特利房間",
            "ep_number": 24,
            "rating": 1,
            "content_type": "kids",
            "p_start": 1763070600000,
            "vod_channel_description": "哈特利甘藏是一名修行的伊賀流少年忍者，從伊賀到東京市區，並寄居在三葉家。作品描述哈特利與家中獨子健一的友情等，並介紹許多忍術，由於忍者出現在現代社會而引來騷動，亦牽涉到兩大忍者流派—伊賀流與甲賀流的對立。"
          },
          {
            "content_id": "VOD00254485",
            "time_codes": [
              600000,
              1200000
            ],
            "timecode_duration": [],
            "length": 1470000,
            "asset_id": "vod52780-060025M001",
            "title": "",
            "subtitle": "第6季第25集 人力車公主殿下遊行/認真比賽踩球",
            "ep_number": 25,
            "rating": 1,
            "content_type": "kids",
            "p_start": 1763072400000,
            "vod_channel_description": "哈特利甘藏是一名修行的伊賀流少年忍者，從伊賀到東京市區，並寄居在三葉家。作品描述哈特利與家中獨子健一的友情等，並介紹許多忍術，由於忍者出現在現代社會而引來騷動，亦牽涉到兩大忍者流派—伊賀流與甲賀流的對立。"
          },
          {
            "content_id": "VOD00254486",
            "time_codes": [
              600000,
              1200000
            ],
            "timecode_duration": [],
            "length": 1470000,
            "asset_id": "vod52780-060026M001",
            "title": "",
            "subtitle": "第6季第26集 哈特利離開了/全力！接力外送披薩",
            "ep_number": 26,
            "rating": 1,
            "content_type": "kids",
            "p_start": 1763074200000,
            "vod_channel_description": "哈特利甘藏是一名修行的伊賀流少年忍者，從伊賀到東京市區，並寄居在三葉家。作品描述哈特利與家中獨子健一的友情等，並介紹許多忍術，由於忍者出現在現代社會而引來騷動，亦牽涉到兩大忍者流派—伊賀流與甲賀流的對立。"
          }
        ],
        "total_length": 76440000,
        "focus_index": 13,
        "next_index": 14,
        "time": 1051017,
        "focus_program": {
          "content_id": "VOD00251142",
          "time_codes": [
            742000
          ],
          "timecode_duration": [],
          "length": 1470000,
          "asset_id": "vod52780-050014M001",
          "title": "",
          "subtitle": "第5季第14集 倉鼠逃走了/父親大人一直不停打噴嚏",
          "ep_number": 14,
          "rating": 1,
          "content_type": "kids",
          "p_start": 1763005800000,
          "vod_channel_description": "哈特利甘藏是一名修行的伊賀流少年忍者，從伊賀到東京市區，並寄居在三葉家。作品描述哈特利與家中獨子健一的友情等，並介紹許多忍術，由於忍者出現在現代社會而引來騷動，亦牽涉到兩大忍者流派—伊賀流與甲賀流的對立。"
        }
      },
      "station_categories": [
        {
          "Name": "動漫",
          "EngName": "Animate",
          "MenuOrder": 109
        }
      ]
    },
    "introduction": null,
    "recommends": null,
    "ua": "Mozilla/5.0 (Windows NT 10.0; Win64; x64) AppleWebKit/537.36 (KHTML, like Gecko) Chrome/134.0.0.0 Safari/537.36"
  },
  "__N_SSP": true
}