{
  "pageProps": {
    "contentId": "ofiii226",
    "channel": {
      "title": "食尚玩家-天菜就醬吃",
      "no": 226,
      "charge_mode": "F",
      "content_id": "ofiii226",
      "content_type": "vod-channel",
      "epg_categories": [
        18
      ],
      "genres": [
        {
          "id": "",
          "name": "VOD_CHANNEL",
          "logo": ""
        }
      ],
      "liad_id": "VODCHNEWOFIWEB",
      "package_info_id": "VOD_CHANNEL_DELUX",
      "picture": "pics/vod_channel/logo_3575_ofiii226_tv_20250221.png",
      "provider": [
        {
          "id": "",
          "name": "TVBS 純拆",
          "logo": ""
        }
      ],
      "quality": "HD",
      "station_id": "station6509",
      "trial": "",
      "selectable": 1,
      "tr_logo": "pics/vod_channel/tr_logo_1733898719.png",
      "tl_logo": "",
      "br_logo": "",
      "bl_logo": "",
      "menu_type": 0,
      "vod_channel_schedule": {
        "channel_id": 226,
        "cdn_code": "ofiii226",
        "start_time": 1762222200000,
        "programs": [
          {
            "content_id": "VOD00339169",
            "time_codes": [
              1070000,
              1440000,
              1887000
            ],
            "timecode_duration": [],
            "length": 2851000,
            "asset_id": "vod72682-000007M001",
            "title": "",
            "subtitle": "第7集 高雄連吃帶玩套裝行程！這樣安排直接贏！",
            "ep_number": 7,
            "rating": 1,
            "content_type": "show",
            "p_start": 1762222200000,
            "vod_channel_description": "這次天菜CP要帶你到高雄玩套裝行程，這樣安排直接贏啦～包含幾十年都沒漲價的「超便宜粉圓冰」、無菜單料理的「廟口小吃店」、南臺灣第一個也是最大的「日式園區」、全台首創高雄限定的「泥漿雞」！"
          },
          {
            "content_id": "VOD00339170",
            "time_codes": [
              1011000,
              1647000,
              2268000
            ],
            "timecode_duration": [],
            "length": 2850000,
            "asset_id": "vod72682-000008M001",
            "title": "",
            "subtitle": "第8集 台北超頂好味一定要追起來！",
            "ep_number": 8,
            "rating": 1,
            "content_type": "show",
            "p_start": 1762225200000,
            "vod_channel_description": "這次天菜CP帶你吃台北超頂的好味，這幾家一定要追起來啦！像是紅到日本去的「台北排隊最長潤餅店」、一賣就是80年的「台北最強炒牛肉」、全台北唯一的「花生玉米冰」、天天爆滿大排隊的「台北第一名海南雞飯」！"
          },
          {
            "content_id": "VOD00339171",
            "time_codes": [
              1078000,
              2068000,
              2565000
            ],
            "timecode_duration": [],
            "length": 2850000,
            "asset_id": "vod72682-000009M001",
            "title": "",
            "subtitle": "第9集 最實境的澎湖天菜度假計畫！",
            "ep_number": 9,
            "rating": 1,
            "content_type": "show",
            "p_start": 1762228200000,
            "vod_channel_description": "這次天菜CP帶你玩澎湖，最實境的天菜度假計畫看這裡！可以超近距離看海景的「美人魚超夢幻城堡民宿」、澎湖當季鮮魚任你挑的「客製化專屬魚湯」、在地人口袋名單的「超人氣海鮮熱炒店」、澎湖即將失傳的「古早味傳統點心炸棗」！"
          },
          {
            "content_id": "VOD00339172",
            "time_codes": [
              955000,
              1554000,
              2136000
            ],
            "timecode_duration": [],
            "length": 2850000,
            "asset_id": "vod72682-000010M001",
            "title": "",
            "subtitle": "第10集 這集厲害了！每家都是宜蘭第一！？",
            "ep_number": 10,
            "rating": 1,
            "content_type": "show",
            "p_start": 1762231200000,
            "vod_channel_description": "這次天菜CP帶你吃遍宜蘭的第一名店家！包含50年「老字號雪花冰」，以及宜蘭唯一通過有機認證、喝溫泉長大的空心菜；更有好吃又好玩的農場，重點是還有全台唯一的「哈密瓜全餐」喔！最後更要朝聖超狂的咖啡廳，最有名的竟然是鮮魚料理？！"
          },
          {
            "content_id": "VOD00339173",
            "time_codes": [
              1077000,
              1711000,
              2406000
            ],
            "timecode_duration": [],
            "length": 2850000,
            "asset_id": "vod72682-000011M001",
            "title": "",
            "subtitle": "第11集 暑假預備備！苗栗經典路線總複習！",
            "ep_number": 11,
            "rating": 1,
            "content_type": "show",
            "p_start": 1762234200000,
            "vod_channel_description": "這次天菜CP帶你複習苗栗的經典路線！包含限定特色小吃「三角圓」、在地人的下午點心就愛這家「水煎包」、隱身在山區裡的「豪華鄉村露營車」，以及現採現吃、餐廳就在農場裡 ～"
          },
          {
            "content_id": "VOD00339596",
            "time_codes": [
              968000,
              1709000,
              2356000
            ],
            "timecode_duration": [],
            "length": 2850000,
            "asset_id": "vod72682-000012M001",
            "title": "",
            "subtitle": "第12集 新版玩法再追加！嘉義最強口袋名單七選！",
            "ep_number": 12,
            "rating": 1,
            "content_type": "show",
            "p_start": 1762237200000,
            "vod_channel_description": "這次天菜CP帶你吃嘉義最強的口袋名單！可以吃到超級多汁又超級嫩的「鵝肉」、以前竟然是開了94年的歷史外科診所「咖啡廳」、一賣就是80年的「麻糬」、東石在地人都大推的「海鮮餐廳」！"
          },
          {
            "content_id": "VOD00339919",
            "time_codes": [
              1049000,
              1812000,
              2402000
            ],
            "timecode_duration": [],
            "length": 2850000,
            "asset_id": "vod72682-000013M001",
            "title": "",
            "subtitle": "第13集 暑假搶先衝！一路吃上山玩翻我大台南！",
            "ep_number": 13,
            "rating": 1,
            "content_type": "show",
            "p_start": 1762240200000,
            "vod_channel_description": "這次天菜CP帶你暑假搶先吃翻大台南！包含開業80年的「傳承虱目魚丸」、台灣第一家「梅子雞餐廳」，每道都超級好吃～網美別錯過超美景致咖啡廳，竟藏有天空步道可以看到270度美景喔！還有只要150元就可以體驗3套禮服跟免費使用彩妝品的「美妝博物館」實在太划算了。"
          },
          {
            "content_id": "VOD00339920",
            "time_codes": [
              1063000,
              1671000,
              2362000
            ],
            "timecode_duration": [],
            "length": 2851000,
            "asset_id": "vod72682-000014M001",
            "title": "",
            "subtitle": "第14集 玩翻彰化！一路靠海玩給你看！",
            "ep_number": 14,
            "rating": 1,
            "content_type": "show",
            "p_start": 1762243200000,
            "vod_channel_description": "這次天菜CP帶你開吃彰化～傳承70年的「古早味枝仔冰」、王功必吃的在地人第一老字號「鮮蚵餐廳」 、在地人從小吃到大的銅板價「素食小吃」、坐著鐵牛車去最豐富的潮間帶「耙文蛤」 ！"
          },
          {
            "content_id": "VOD00340355",
            "time_codes": [
              1202000,
              1787000,
              2404000
            ],
            "timecode_duration": [],
            "length": 2848000,
            "asset_id": "vod72682-000015M001",
            "title": "",
            "subtitle": "第15集 跨海豪玩！刷新大小金門奢華玩法！",
            "ep_number": 15,
            "rating": 1,
            "content_type": "show",
            "p_start": 1762246200000,
            "vod_channel_description": "這次天菜CP帶你大玩金門～來金門一定要吃的「現沖溫體酒糟牛」、結合金門在地故事設計的「調酒」、金門唯一「汽水廠」，本土天然的汽水就是好喝啦！最後是滿滿的芋頭料理，「芋泥麵線」沒吃過吧？快來一起吃爆金門！"
          },
          {
            "content_id": "VOD00341559",
            "time_codes": [
              989000,
              1901000,
              2375000
            ],
            "timecode_duration": [],
            "length": 2850000,
            "asset_id": "vod72682-000017M001",
            "title": "",
            "subtitle": "第17集 今年暑假 我們在谷關好玩到爆炸！",
            "ep_number": 17,
            "rating": 1,
            "content_type": "show",
            "p_start": 1762249200000,
            "vod_channel_description": "這次天菜CP帶你吃爆谷關的美食～包含鱘龍魚、鱒魚一次吃個夠的「谷關餐廳」、融合谷關在地特色的「日式霜淇淋」、每道菜都超特別的「泰雅族料理」、超漂亮的「森林系景觀咖啡廳」！"
          },
          {
            "content_id": "VOD00341560",
            "time_codes": [
              1121000,
              1874000,
              2488000
            ],
            "timecode_duration": [],
            "length": 2850000,
            "asset_id": "vod72682-000018M001",
            "title": "",
            "subtitle": "第18集 南投嚴選！絕美秘境旅宿美食！",
            "ep_number": 18,
            "rating": 1,
            "content_type": "show",
            "p_start": 1762252200000,
            "vod_channel_description": "這次天菜CP帶你吃南投嚴選美食～包含日月潭超美「玻璃屋咖啡廳」，還有前總統蔣經國也說讚的「阿嬤茶葉蛋」，再坐著遊艇享受日月潭美景行程，其中賣著淮揚料理的「山頂餐廳」、來到埔里必吃的「日式拉麵」，通通也都不能錯過～"
          },
          {
            "content_id": "VOD00341561",
            "time_codes": [
              949000,
              1628000,
              2288000
            ],
            "timecode_duration": [],
            "length": 2848000,
            "asset_id": "vod72682-000019M001",
            "title": "",
            "subtitle": "第19集 宜蘭青春專案 揪一揪直接衝！",
            "ep_number": 19,
            "rating": 1,
            "content_type": "show",
            "p_start": 1762255200000,
            "vod_channel_description": "這次天菜CP揪你衝一波宜蘭的美食、景點！包含傳承60年的製麵技術好店、水餃不用沾醬就好吃，還有宜蘭市第一間DIY烘培店、是情侶約會的好去處，以及隱藏在鄉間小路的平價牛肉麵店、還可以吃到滿漢全席耶～最後更要在安農溪裡泛舟，有夠刺激、好玩啦！"
          },
          {
            "content_id": "VOD00341562",
            "time_codes": [
              1230000,
              1864000,
              2387000
            ],
            "timecode_duration": [],
            "length": 2850000,
            "asset_id": "vod72682-000020M001",
            "title": "",
            "subtitle": "第20集 爆吃台南！挑戰美食一級戰區！竟有必比登推介美食？",
            "ep_number": 20,
            "rating": 1,
            "content_type": "show",
            "p_start": 1762258200000,
            "vod_channel_description": "這次天菜要直衝台南美食一級戰區，帶你吃爆台南一整天～包含開店63年、安平最老「蚵仔煎店」，還有想喝就要排隊、台南「最強綠豆沙牛奶」，更要嘗嘗台灣第一位獲得必比登推薦總鋪師的手藝、平價就可以吃到的「辦桌料理」。"
          },
          {
            "content_id": "VOD00341563",
            "time_codes": [
              1005000,
              1709000,
              2212000
            ],
            "timecode_duration": [],
            "length": 2850000,
            "asset_id": "vod72682-000021M001",
            "title": "",
            "subtitle": "第21集 台北最強菜市仔美食八選！市場才吃得到的好味都在這！",
            "ep_number": 21,
            "rating": 1,
            "content_type": "show",
            "p_start": 1762261200000,
            "vod_channel_description": "這次天菜來開吃台北菜市仔的美食，包含市場才吃得到的「傳統豆花攤」，每一種料都可以吃到手工的味道！還有風靡紐約的銅板價「圓可頌」、傳承70年的「傳統糕點店」，吃都吃不膩～最後更別錯過開業超過一甲子的「復古咖啡館」，還可以吃到皇族御用的俄羅斯料理耶！"
          },
          {
            "content_id": "VOD00345877",
            "time_codes": [
              1154000,
              1541000,
              2410000
            ],
            "timecode_duration": [],
            "length": 2845000,
            "asset_id": "vod72682-000022M001",
            "title": "",
            "subtitle": "第22集 實話實說！親測南投觀光客必去的店真的厲害嗎？",
            "ep_number": 22,
            "rating": 1,
            "content_type": "show",
            "p_start": 1762264200000,
            "vod_channel_description": "這次天菜帶你來吃南投集集、水里的觀光客愛店，包含傳承三代、水里必吃的「肉圓店」，還有真材實料、老闆現擀麵皮的「北方麵食館」，以及來到車埕老街絕對不能錯過的「古法熬製冬瓜茶」！\n"
          },
          {
            "content_id": "VOD00345878",
            "time_codes": [
              1366000,
              2033000,
              2468000
            ],
            "timecode_duration": [],
            "length": 2848000,
            "asset_id": "vod72682-000023M001",
            "title": "",
            "subtitle": "第23集 台北小巷越鑽進去越有料？",
            "ep_number": 23,
            "rating": 1,
            "content_type": "show",
            "p_start": 1762267200000,
            "vod_channel_description": "這次天菜要來帶你吃台北小巷最有料的美食，包含老闆刀工超級強、開業一甲子的「眷村麵店」，還有通化街必吃的「養生甜湯」、開店不到1年的「人氣麵店」、超大份的「CP值爆表涼麵」！"
          },
          {
            "content_id": "VOD00346535",
            "time_codes": [
              988000,
              1769000,
              2421000
            ],
            "timecode_duration": [],
            "length": 2821000,
            "asset_id": "vod72682-000024M001",
            "title": "",
            "subtitle": "第24集 ⾼雄網路人氣美食！在地⼈服不服？！",
            "ep_number": 24,
            "rating": 1,
            "content_type": "show",
            "p_start": 1762270200000,
            "vod_channel_description": "這次天菜帶你來吃高雄網路人氣美食，包含苓雅區的「炒飯霸主」、鹽埕埔站必吃的在地「鴨肉意麵老店」、 限時限量的超人氣銅板「泡芙點心」通通都有～"
          },
          {
            "content_id": "VOD00349527",
            "time_codes": [
              973000,
              1578000,
              2139000
            ],
            "timecode_duration": [],
            "length": 2820000,
            "asset_id": "vod72682-000025M001",
            "title": "",
            "subtitle": "第25集 台中起秋！帶你來去夯肉吃鍋！",
            "ep_number": 25,
            "rating": 1,
            "content_type": "show",
            "p_start": 1762273200000,
            "vod_channel_description": "這次天菜帶你來吃台中火鍋大本營，包含三更半夜也能吃的「台味石頭火鍋」，還有超強「麻辣火鍋吃到飽」，頂級和牛、海鮮隨你吃！也別錯過超豐富「韓式鍋物料理」，老少咸宜都可吃 ～"
          },
          {
            "content_id": "VOD00349528",
            "time_codes": [
              1040000,
              1807000,
              2465000
            ],
            "timecode_duration": [],
            "length": 2821000,
            "asset_id": "vod72682-000026M001",
            "title": "",
            "subtitle": "第26集 衝吧越南 富國島我們來了！",
            "ep_number": 26,
            "rating": 1,
            "content_type": "show",
            "p_start": 1762276200000,
            "vod_channel_description": "這次天菜帶你吃、喝、玩爆富國島！像是金氏世界紀錄中最長的「跨海纜車」，再朝聖富國島「最大夜市」，這裡可是當地人吃海鮮大排檔的好去處呢！最後還要體驗刺激好玩又好吃的「快艇跳島遊」！"
          },
          {
            "content_id": "VOD00349529",
            "time_codes": [
              961000,
              1716000,
              2631000
            ],
            "timecode_duration": [],
            "length": 2819000,
            "asset_id": "vod72682-000027M001",
            "title": "",
            "subtitle": "第27集 秋天第一衝 東北角追蟹團！",
            "ep_number": 27,
            "rating": 1,
            "content_type": "show",
            "p_start": 1762279200000,
            "vod_channel_description": "這次天菜帶你來吃東北角秋天第一線螃蟹，包含柑仔店內滿滿的「隱藏海鮮料理」，還要去雙溪車站附近就可以吃到的「季節限定毛蟹」，另外，每道餐點都用料實在的「牛肉麵店」也不能錯過！"
          },
          {
            "content_id": "VOD00351569",
            "time_codes": [
              951000,
              1709000,
              2371000
            ],
            "timecode_duration": [],
            "length": 2850000,
            "asset_id": "vod72682-000031M001",
            "title": "",
            "subtitle": "第31集 衝吧越南！天菜富國島大爆走！",
            "ep_number": 31,
            "rating": 1,
            "content_type": "show",
            "p_start": 1762282200000,
            "vod_channel_description": "這次天菜帶你來玩翻富國島，首先來搭竹籃船欣賞原始自然生態，接著朝聖以童話故事打造的「越南版迪士尼」、24小時開放的「娛樂購物不夜城」，最後再入住擁有超豐富全方位設施的「五星級飯店」！"
          },
          {
            "content_id": "VOD00351570",
            "time_codes": [
              1028000,
              1695000,
              2390000
            ],
            "timecode_duration": [],
            "length": 2849000,
            "asset_id": "vod72682-000032M001",
            "title": "",
            "subtitle": "第32集 高雄國民美食 好店七選！",
            "ep_number": 32,
            "rating": 1,
            "content_type": "show",
            "p_start": 1762285200000,
            "vod_channel_description": "這次由卞慶華、來賓張文綺帶你來吃「高雄國民美食」名店～包含現煮現賣的「老字號綠豆湯」、不吃會後悔的隱身巷弄「銷魂臭豆腐」，以及超人氣的「排隊腿庫飯」也不能錯過，還能吃到獨門蒸蛋飯喔！"
          },
          {
            "content_id": "VOD00351571",
            "time_codes": [
              1063000,
              1576000,
              2188000
            ],
            "timecode_duration": [],
            "length": 2849000,
            "asset_id": "vod72682-000033M001",
            "title": "",
            "subtitle": "第33集 金山萬里 秋冬海鮮溫泉首選！",
            "ep_number": 33,
            "rating": 1,
            "content_type": "show",
            "p_start": 1762288200000,
            "vod_channel_description": "這次天菜帶你來金山、萬里吃，包含在漁港旁樹下的「現撈海產店」、中午就完售的萬里必買「仙草布丁」、營業到凌晨的平價「海底溫泉湯屋」！"
          },
          {
            "content_id": "VOD00353179",
            "time_codes": [
              967000,
              1781000,
              2442000
            ],
            "timecode_duration": [],
            "length": 2850000,
            "asset_id": "vod72682-000034M001",
            "title": "",
            "subtitle": "第34集 新竹湖口吃什麼最省？四線聯合省錢作戰！",
            "ep_number": 34,
            "rating": 1,
            "content_type": "show",
            "p_start": 1762291200000,
            "vod_channel_description": "《天菜就醬吃》也要來挑戰特別企畫「省錢大作戰」啦！這次天菜帶你來新竹湖口省錢吃好料，包含充滿古早味的「腳踏車芋泥」、結合在地客家元素的「超特殊口味披薩」、蟬聯4年台灣滷肉飯節嚴選店家的「波霸滷肉飯」！"
          },
          {
            "content_id": "VOD00353180",
            "time_codes": [
              990000,
              1732000,
              2423000
            ],
            "timecode_duration": [],
            "length": 2761000,
            "asset_id": "vod72682-000035M001",
            "title": "",
            "subtitle": "第35集 直接出發！沒計畫的旅行台北八里才酷！",
            "ep_number": 35,
            "rating": 1,
            "content_type": "show",
            "p_start": 1762294200000,
            "vod_channel_description": "這次天菜帶你來台北、八里，開吃總是客滿的「超銷魂皮蛋麵」、古早厝裡超霸氣「砂鍋魚頭」、台北必吃「老字號眷村菜」！"
          },
          {
            "content_id": "VOD00354156",
            "time_codes": [
              1023000,
              1710000,
              2348000
            ],
            "timecode_duration": [],
            "length": 2849000,
            "asset_id": "vod72682-000036M001",
            "title": "",
            "subtitle": "第36集 年末宜蘭最頂美食強店大盤點！",
            "ep_number": 36,
            "rating": 1,
            "content_type": "show",
            "p_start": 1762297200000,
            "vod_channel_description": "這次天菜帶你來宜蘭吃，包含在地人才知道的「隱藏版熱炒店」、晚來就買不到的「超夯奶油麵包」、辣到你不要不要的「超人氣眷村麵店」！"
          },
          {
            "content_id": "VOD00354157",
            "time_codes": [
              1004000,
              1886000,
              2516000
            ],
            "timecode_duration": [],
            "length": 2836000,
            "asset_id": "vod72682-000037M001",
            "title": "",
            "subtitle": "第37集 南投旅行 2024冬季深度遊",
            "ep_number": 37,
            "rating": 1,
            "content_type": "show",
            "p_start": 1762300200000,
            "vod_channel_description": "這次天菜帶你來南投吃，首先是內行人才知道的「銅板客家美食」，接著是能吃到活體泰國蝦的「薑母鴨店」，以及各種意想不到的「創意臭豆腐料理」也別錯過！"
          },
          {
            "content_id": "VOD00356758",
            "time_codes": [
              964000,
              1893000,
              2511000
            ],
            "timecode_duration": [],
            "length": 2850000,
            "asset_id": "vod72682-000038M001",
            "title": "",
            "subtitle": "第38集 吃爆花蓮美食！在地人秘寶全都錄",
            "ep_number": 38,
            "rating": 1,
            "content_type": "show",
            "p_start": 1762303200000,
            "vod_channel_description": "這次天菜帶你來花蓮吃，包含傳承70年的「浙江風味煎麵」、海景第一排「現撈海鮮餐廳」、東南亞風味的「人氣網美餐廳」！"
          },
          {
            "content_id": "VOD00356759",
            "time_codes": [
              1101000,
              1940000,
              2519000
            ],
            "timecode_duration": [],
            "length": 2849000,
            "asset_id": "vod72682-000039M001",
            "title": "",
            "subtitle": "第39集 彰化不敗小吃！這些你都吃過嗎？！",
            "ep_number": 39,
            "rating": 1,
            "content_type": "show",
            "p_start": 1762306200000,
            "vod_channel_description": "這次天菜帶你來彰化吃，包含「麵茶尬刨冰」老靈魂新吃法、爆料系「蚵仔蓋飯」、1個只要5元的「古早味點心」！"
          },
          {
            "content_id": "VOD00356760",
            "time_codes": [
              969000,
              1761000,
              2396000
            ],
            "timecode_duration": [],
            "length": 2834000,
            "asset_id": "vod72682-000040M001",
            "title": "",
            "subtitle": "第40集 網路傳說 來苗栗必做的六件事",
            "ep_number": 40,
            "rating": 1,
            "content_type": "show",
            "p_start": 1762309200000,
            "vod_channel_description": "這次天菜帶你來苗栗吃，開吃苗栗「隱藏版客家餐廳」、一開店就排隊的70年「老字號麵店」，最後還要體驗全台最夯的「舊山線鐵道自行車」！"
          },
          {
            "content_id": "VOD00356761",
            "time_codes": [
              1007000,
              1839000,
              2306000
            ],
            "timecode_duration": [],
            "length": 2850000,
            "asset_id": "vod72682-000041M001",
            "title": "",
            "subtitle": "第41集 桃園內行人大推！獨家旅遊路線！",
            "ep_number": 41,
            "rating": 1,
            "content_type": "show",
            "p_start": 1762312200000,
            "vod_channel_description": "這次天菜帶你來桃園，吃爆超過20種吃法的「活魚餐廳」、不黏牙的「古早味麥芽花生糖」，還要去超隱密的「日式溫泉會館」～"
          },
          {
            "content_id": "VOD00362206",
            "time_codes": [
              1008000,
              1681000,
              2607000
            ],
            "timecode_duration": [],
            "length": 2850000,
            "asset_id": "vod72682-000042M001",
            "title": "",
            "subtitle": "第42集 年假自己排 嘉義避人潮玩法！",
            "ep_number": 42,
            "rating": 1,
            "content_type": "show",
            "p_start": 1762315200000,
            "vod_channel_description": "這次天菜帶你來嘉義吃，包含可以從牛頭吃到牛尾的「豪邁牛雜湯」、沒吃等於沒來過嘉義的「多汁雞肉飯」、失傳又超費工的「祕密薄荷雞」！"
          },
          {
            "content_id": "VOD00362207",
            "time_codes": [
              966000,
              1650000,
              2369000
            ],
            "timecode_duration": [],
            "length": 2850000,
            "asset_id": "vod72682-000043M001",
            "title": "",
            "subtitle": "第43集 寒流來新竹吃萬惡熱量美食！比天高七層漢堡、台積電員工都愛蔥油餅雞、廟口老字號溫體牛肉鍋！",
            "ep_number": 43,
            "rating": 1,
            "content_type": "show",
            "p_start": 1762318200000,
            "vod_channel_description": "這次天菜帶你來新竹吃，包含快要比天高的「7層牛肉起司堡」、在地人激推的城隍廟口老字號「溫體牛肉鍋」，還有超霸氣的「澎派海鮮鍋」！"
          },
          {
            "content_id": "VOD00362208",
            "time_codes": [
              1000000,
              1647000,
              2420000
            ],
            "timecode_duration": [],
            "length": 2850000,
            "asset_id": "vod72682-000044M001",
            "title": "",
            "subtitle": "第44集 宜蘭約會寶典！情侶最愛DIY星空酒 隱藏版NO.1炒麵、50年石頭火鍋、純米手工麻糬！",
            "ep_number": 44,
            "rating": 1,
            "content_type": "show",
            "p_start": 1762321200000,
            "vod_channel_description": "這次天菜帶你來宜蘭玩，首先入住看得到龜山島日出的「超浪漫酒店」，再品嘗幸福滿滿、一吃就愛上的「超人氣麻糬」，還有吃起來暖呼呼的「石頭火鍋」老店，最後更要去從約會到結婚都可以去的「休閒釣蝦場」！"
          },
          {
            "content_id": "VOD00373300",
            "time_codes": [
              941000,
              1539000,
              2270000
            ],
            "timecode_duration": [],
            "length": 2850000,
            "asset_id": "vod72682-000045M001",
            "title": "",
            "subtitle": "第45集 跟著台南人一起吃！傳奇無名黑輪攤、快速道路下的土雞城、最火麻辣牛骨湯、百年八寶冰、60年白糖粿！",
            "ep_number": 45,
            "rating": 1,
            "content_type": "show",
            "p_start": 1762324200000,
            "vod_channel_description": "這次天菜帶你來台南吃，包含百年歷史的「銷魂火燒蝦仁飯」、隱藏在快速道路下的「超神祕黑輪攤」、在地人聚會最愛的「熟成牛肉火鍋」！\n"
          },
          {
            "content_id": "VOD00373301",
            "time_codes": [
              1142000,
              1639000,
              2256000
            ],
            "timecode_duration": [],
            "length": 2849000,
            "asset_id": "vod72682-000046M001",
            "title": "",
            "subtitle": "第46集 台北最高美食殿堂｜老饕愛蒸餃、排隊草莓大福、古早味豬排丼、現煮刀削麵、貓山王榴槤包！",
            "ep_number": 46,
            "rating": 1,
            "content_type": "show",
            "p_start": 1762327200000,
            "vod_channel_description": "這次天菜帶你來台北吃，東區上班族一定要來吃的「爆汁蒸餃」、一定要排隊的「冬天必吃草莓大福」、超道地「廣東爆炒刀削麵」！"
          },
          {
            "content_id": "VOD00373302",
            "time_codes": [
              1263000,
              1876000,
              2457000
            ],
            "timecode_duration": [],
            "length": 2850000,
            "asset_id": "vod72682-000047M001",
            "title": "",
            "subtitle": "第47集 不用人擠人日本追雪寶地！福島最強會津和牛、破冰船冰釣體驗、居酒屋喝到飽、溫泉老街泡足湯",
            "ep_number": 47,
            "rating": 1,
            "content_type": "show",
            "p_start": 1762330200000,
            "vod_channel_description": "這次天菜帶你來福島吃，嘗鮮日本「最強A5和牛」、來會津必吃的「輪箱飯」，再開箱大內宿400歲「合掌村秘境」，一次嘗遍海陸風味！"
          },
          {
            "content_id": "VOD00373303",
            "time_codes": [
              999000,
              1621000,
              2279000
            ],
            "timecode_duration": [],
            "length": 2850000,
            "asset_id": "vod72682-000048M001",
            "title": "",
            "subtitle": "第48集 雲林追櫻花！草嶺賞櫻秘境、必吃苦茶油雞，澎湃桌菜只要1000、一甲子羊肉湯、酥炸東坡肉",
            "ep_number": 48,
            "rating": 1,
            "content_type": "show",
            "p_start": 1762333200000,
            "vod_channel_description": "這次天菜帶你來雲林，開吃山景第一排賞櫻必吃「山產餐廳」、各種「羊肉料理」讓你吃到爽，再朝聖遠離都市的賞櫻秘境～"
          },
          {
            "content_id": "VOD00373304",
            "time_codes": [
              1196000,
              2019000,
              2591000
            ],
            "timecode_duration": [],
            "length": 2850000,
            "asset_id": "vod72682-000049M001",
            "title": "",
            "subtitle": "第49集 3月衝日本雪國第一私房秘境！草莓控的天堂！最強滑雪勝地、184年歷史天皇住過的溫泉旅館",
            "ep_number": 49,
            "rating": 1,
            "content_type": "show",
            "p_start": 1762336200000,
            "vod_channel_description": "這次天菜帶你來福島，吃爆17種品種任你吃到飽的「草莓」、體驗環繞山中的「滑雪天堂」，還要去日本「百年原湯秘境」泡湯賞雪景！"
          },
          {
            "content_id": "VOD00373305",
            "time_codes": [
              1291000,
              1866000,
              2365000
            ],
            "timecode_duration": [],
            "length": 2850000,
            "asset_id": "vod72682-000050M001",
            "title": "",
            "subtitle": "第50集 朝聖桃園神級美食！開店就排隊 阿嬤古早味！十元爆餡紅豆餅、站前排隊潤餅、隱密山中土雞城",
            "ep_number": 50,
            "rating": 1,
            "content_type": "show",
            "p_start": 1762339200000,
            "vod_channel_description": "這次天菜帶你來桃園，開吃超划算美食～包含只要10元就能買到３個的「紅豆餅小店」、桃園高CP值「人氣牛肉麵」，還有在虎頭山裡的「隱藏版土雞」，絕對讓你大快朵頤！"
          },
          {
            "content_id": "VOD00373306",
            "time_codes": [
              1107000,
              1813000,
              2408000
            ],
            "timecode_duration": [],
            "length": 2849000,
            "asset_id": "vod72682-000051M001",
            "title": "",
            "subtitle": "第51集 天菜教你聰明玩苗栗！百年祖傳封鴨、彈珠汽水DIY、穀倉風飯店、客製化臭豆腐、海鮮手路菜",
            "ep_number": 51,
            "rating": 1,
            "content_type": "show",
            "p_start": 1762342200000,
            "vod_channel_description": "這次天菜帶你來苗栗，走訪「彈珠汽水觀光工廠」，體驗復古童趣的汽水製程；還要入住飛牛牧場全新打造的「度假飯店」，享受與大自然共眠的放鬆時光！最後更不能錯過在地必吃的「外酥內嫩臭豆腐」，讓你一試成主顧～"
          },
          {
            "content_id": "VOD00373307",
            "time_codes": [
              1003000,
              1819000,
              2559000
            ],
            "timecode_duration": [],
            "length": 2848000,
            "asset_id": "vod72682-000052M001",
            "title": "",
            "subtitle": "第52集 台中美食戰力強！人氣麵店、排隊臭豆腐、18種湯頭烏骨雞、百年磚窯廠吃熱炒？首曝光老宅咖啡廳",
            "ep_number": 52,
            "rating": 1,
            "content_type": "show",
            "p_start": 1762345200000,
            "vod_channel_description": "這次天菜與來賓蘇宗怡帶你到台中解饞！台中美食戰力強，必吃皮Q肉香、湯頭濃郁的「鮮肉湯圓」，每一口都是滿滿幸福感；接著是擁有外酥內嫩黃金比例的「臭豆腐」，讓人一吃就上癮；還有鮮嫩多汁、煙燻入味的「鵝肉」老店，台中鵝肉界的王者非它莫屬！"
          },
          {
            "content_id": "VOD00373308",
            "time_codes": [
              1085000,
              1771000,
              2449000
            ],
            "timecode_duration": [],
            "length": 2850000,
            "asset_id": "vod72682-000053M001",
            "title": "",
            "subtitle": "第53集 紫色風暴來襲！嘉義追紫藤花！最美紫藤花秘境、太平老街草仔粿、入住夢幻山中童話木屋",
            "ep_number": 53,
            "rating": 1,
            "content_type": "show",
            "p_start": 1762348200000,
            "vod_channel_description": "這次天菜帶你來嘉義，品嘗道地風味的「越南美食」、在紫藤花海下享受悠閒的「下午茶」時光，還要朝聖壯麗的「太平雲梯」，俯瞰雲霧繚繞的夢幻山景，並體驗漫步雲端的驚喜！"
          },
          {
            "content_id": "VOD00373309",
            "time_codes": [
              1249000,
              2214000,
              2601000
            ],
            "timecode_duration": [],
            "length": 2849000,
            "asset_id": "vod72682-000054M001",
            "title": "",
            "subtitle": "第54集 南投閨蜜小旅行！山泉水鱒魚大餐、鹿谷超萌笑笑羊、山谷裡的豪華民宿、冠軍龍眼木脆皮烤雞",
            "ep_number": 54,
            "rating": 1,
            "content_type": "show",
            "p_start": 1762351200000,
            "vod_channel_description": "這次天菜帶你來南投鹿谷，沿途品嘗在地風味「甕缸雞」、香氣四溢的「米粉店」，還要去「生態景觀園區」，體驗最貼近自然的慢活旅程～"
          },
          {
            "content_id": "VOD00373310",
            "time_codes": [
              1175000,
              1949000,
              2430000
            ],
            "timecode_duration": [],
            "length": 2848000,
            "asset_id": "vod72682-000055M001",
            "title": "",
            "subtitle": "第55集 高雄人認證美食！百年碳火豬肉冬粉、彌陀最美海景咖啡廳、南臺灣最強湯包、鹽埕50年雞絲麵",
            "ep_number": 55,
            "rating": 1,
            "content_type": "show",
            "p_start": 1762354200000,
            "vod_channel_description": "這次天菜帶你來高雄，尋找最道地的街頭小吃，沿途品嘗50年「手工雞絲麵老店」、22種口味「粉漿蛋餅」和「超巨大飯糰」，還有百年傳承的「碳火冬粉」！"
          },
          {
            "content_id": "VOD00373311",
            "time_codes": [
              991000,
              1762000,
              2276000
            ],
            "timecode_duration": [],
            "length": 2849000,
            "asset_id": "vod72682-000056M001",
            "title": "",
            "subtitle": "第56集 閨蜜特搜宜蘭吸粉熱點！湖畔香魚大餐、黃金河稻獨木舟、搶先預約脆皮烤雞、全球唯一計程車博物館",
            "ep_number": 56,
            "rating": 1,
            "content_type": "show",
            "p_start": 1762357200000,
            "vod_channel_description": "這次天菜帶你來高雄，尋找最道地的街頭小吃，沿途品嘗50年「手工雞絲麵老店」、22種口味「粉漿蛋餅」和「超巨大飯糰」，還有百年傳承的「碳火冬粉」！"
          },
          {
            "content_id": "VOD00373312",
            "time_codes": [
              792000,
              1817000,
              2452000
            ],
            "timecode_duration": [],
            "length": 2850000,
            "asset_id": "vod72682-000057M001",
            "title": "",
            "subtitle": "第57集 台北真的暴好吃！吃翻公館到永康",
            "ep_number": 57,
            "rating": 1,
            "content_type": "show",
            "p_start": 1762360200000,
            "vod_channel_description": "這次天菜帶你來台北，吃網友狂推的「創新口味泡芙專賣店」，還有在地人都推薦的「40年老字號牛肉麵」，也絕對不能錯過隱藏在巷弄內的「手工製作眷村麵食」！"
          },
          {
            "content_id": "VOD00373313",
            "time_codes": [
              1153000,
              1796000,
              2494000
            ],
            "timecode_duration": [],
            "length": 2850000,
            "asset_id": "vod72682-000058M001",
            "title": "",
            "subtitle": "第58集 新北地頭舌 美食內戰開打！九種海鮮海龍王粥、高顏質含是雪花冰、老字號古早味叭哺冰",
            "ep_number": 58,
            "rating": 1,
            "content_type": "show",
            "p_start": 1762363200000,
            "vod_channel_description": "這次來跟著「林口地頭舌JR」以及「永和地頭舌林莎」，全面開吃！包含藏身在市場內的「超浮誇雪花起司冰」、超過70年的「超大顆冰淇淋老店」、林口舊街「老字號涼麵」！"
          },
          {
            "content_id": "VOD00374361",
            "time_codes": [
              1054000,
              1650000,
              2523000
            ],
            "timecode_duration": [],
            "length": 2849000,
            "asset_id": "vod72682-000059M001",
            "title": "",
            "subtitle": "第59集 彰化殺底片追花地圖！田尾地中海風咖啡館、卡哇伊土鳳梨冰沙、全台唯一燒焦麵、花旗木大道",
            "ep_number": 59,
            "rating": 1,
            "content_type": "show",
            "p_start": 1762366200000,
            "vod_channel_description": "這次天菜帶你來彰化，開吃結合花卉和藝術的「唯美咖啡館」、讓人一再回味的「火燒麵」，還要拍爆超夢幻的「粉紅花旗木大道」！"
          },
          {
            "content_id": "VOD00374362",
            "time_codes": [
              970000,
              1693000,
              2323000
            ],
            "timecode_duration": [],
            "length": 2849000,
            "asset_id": "vod72682-000060M001",
            "title": "",
            "subtitle": "第60集 台北省錢專案千元有找 萬華飽到南機場",
            "ep_number": 60,
            "rating": 1,
            "content_type": "show",
            "p_start": 1762369200000,
            "vod_channel_description": "這次天菜帶你來台北， 開吃萬華古早味宵夜「超傳奇的蛋包麵」、濃郁不死甜的「夜市飲品之王」，以及米其林認證的「一位難求雞肉飯」！"
          },
          {
            "content_id": "VOD00374363",
            "time_codes": [
              1430000,
              1946000,
              2457000
            ],
            "timecode_duration": [],
            "length": 2849000,
            "asset_id": "vod72682-000061M001",
            "title": "",
            "subtitle": "第61集 新竹人氣最高！海陸雙拼玩法！",
            "ep_number": 61,
            "rating": 1,
            "content_type": "show",
            "p_start": 1762372200000,
            "vod_channel_description": "這次天菜帶你來新竹，吃爆超豪華「帝王蟹海鮮桶」、南寮漁港旁的「超道地西班牙燉飯」，以及傳承三代「客家菜」！"
          },
          {
            "content_id": "VOD00376234",
            "time_codes": [
              1116000,
              1967000,
              2471000
            ],
            "timecode_duration": [],
            "length": 2850000,
            "asset_id": "vod72682-000062M001",
            "title": "",
            "subtitle": "第62集 苗栗期間限定！桐花火金姑雙爆擊！賽夏族部落特色的風味料理 、南庄景觀餐廳鱒魚三吃",
            "ep_number": 62,
            "rating": 1,
            "content_type": "show",
            "p_start": 1762375200000,
            "vod_channel_description": "這次天菜帶你來苗栗吃，最具部落特色的賽夏族風味料理 ，品嚐南庄景觀餐廳的鱒魚三吃，還有一天只賣 3 小時的在地老字號牛肉麵！"
          },
          {
            "content_id": "VOD00376235",
            "time_codes": [
              964000,
              1678000,
              2316000
            ],
            "timecode_duration": [],
            "length": 2850000,
            "asset_id": "vod72682-000063M001",
            "title": "",
            "subtitle": "第63集 石碇平溪攻略！十大必去總整理！",
            "ep_number": 63,
            "rating": 1,
            "content_type": "show",
            "p_start": 1762378200000,
            "vod_channel_description": "這次天菜帶你來石碇、平溪吃，包含最道地的豆腐冰老店，還要品嘗懷舊氣氛滿點的礦工食堂，還有堅持用木炭去烤的古早味鴨蛋糕！"
          },
          {
            "content_id": "VOD00376236",
            "time_codes": [
              1116000,
              1969000,
              2564000
            ],
            "timecode_duration": [],
            "length": 2849000,
            "asset_id": "vod72682-000064M001",
            "title": "",
            "subtitle": "第64集 水蜜桃假期啟動 拉拉山涼一下！朝聖無敵山景超美農場、體驗最道地泰雅文化風味火鍋",
            "ep_number": 64,
            "rating": 1,
            "content_type": "show",
            "p_start": 1762381200000,
            "vod_channel_description": "這次天菜帶你來拉拉山，朝聖坐擁無敵山景的「超美農場」，開吃主打在地山產嚴選當季食材的「人氣餐廳」，還要體驗最道地泰雅文化風味的「火鍋」！"
          },
          {
            "content_id": "VOD00376237",
            "time_codes": [
              1077000,
              2047000,
              2479000
            ],
            "timecode_duration": [],
            "length": 2850000,
            "asset_id": "vod72682-000065M001",
            "title": "",
            "subtitle": "第65集 暑假不要悶在家！南投OUTDOOR行程出發！",
            "ep_number": 65,
            "rating": 1,
            "content_type": "show",
            "p_start": 1762384200000,
            "vod_channel_description": "這次天菜帶你來南投，開吃伊達邵必吃的「原住民打獵季討餐」，體驗日月潭最新水上活動「水上腳踏車」，更要入住堪稱史上最難訂「一房難求山景民宿」！"
          },
          {
            "content_id": "VOD00376238",
            "time_codes": [
              963000,
              1767000,
              2314000
            ],
            "timecode_duration": [],
            "length": 2849000,
            "asset_id": "vod72682-000066M001",
            "title": "",
            "subtitle": "第66集 吃過「一生推」台中必追八強美食！巨無霸潤餅、米其林也推皮蛋麵、回頭率超高牛肉麵",
            "ep_number": 66,
            "rating": 1,
            "content_type": "show",
            "p_start": 1762387200000,
            "vod_channel_description": "這次天菜帶你來台中，開吃米其林推薦、一吃上癮的「皮蛋麵」，還有爆紅「巨無霸潤餅」，一顆抵2餐居然只要90元！接著，更不能錯過螞蟻人推薦、藏在巷弄裡的「火燒爆餡甜甜圈」～"
          },
          {
            "content_id": "VOD00376239",
            "time_codes": [
              943000,
              1653000,
              2272000
            ],
            "timecode_duration": [],
            "length": 2849000,
            "asset_id": "vod72682-000067M001",
            "title": "",
            "subtitle": "第67集 大來賓張再興踢館！員林「私藏」美食全曝光！",
            "ep_number": 67,
            "rating": 1,
            "content_type": "show",
            "p_start": 1762390200000,
            "vod_channel_description": "這次林莎、張再興帶你來員林，開吃超過70年歷史「冰菓室」，還有隱藏市場中「綿密消暑綠豆沙」、一位難求「異國料理餐廳」！"
          },
          {
            "content_id": "VOD00376240",
            "time_codes": [
              1350000,
              2087000,
              2535000
            ],
            "timecode_duration": [],
            "length": 2848000,
            "asset_id": "vod72682-000068M001",
            "title": "",
            "subtitle": "第68集 酷暑救星來了！爽吃台南美食八選",
            "ep_number": 68,
            "rating": 1,
            "content_type": "show",
            "p_start": 1762393200000,
            "vod_channel_description": "這次天菜帶你來台南，開吃超人氣特色「炸雞甜甜圈咖哩飯」，結合在地特色的「日式刨冰」，還要體驗台南隱藏玩法「搭遊艇看夕陽」！"
          },
          {
            "content_id": "VOD00376241",
            "time_codes": [
              1009000,
              1725000,
              2350000
            ],
            "timecode_duration": [],
            "length": 2849000,
            "asset_id": "vod72682-000069M001",
            "title": "",
            "subtitle": "第69集 地主隊帶路 「基金連線」新玩法！爽嗑老字號牛排館、朝聖老屋咖啡",
            "ep_number": 69,
            "rating": 1,
            "content_type": "show",
            "p_start": 1762396200000,
            "vod_channel_description": "這次天菜帶你來基隆金瓜石，開吃藏在深澳漁港旁的「海鮮小吃店」，還要朝聖「老屋咖啡廳」，復古氛圍讓你一秒來到日本～還有基隆的「老字號牛排館」也不能錯過，約會聚餐都超適合來這！"
          },
          {
            "content_id": "VOD00376242",
            "time_codes": [
              1030000,
              1696000,
              2482000
            ],
            "timecode_duration": [],
            "length": 2849000,
            "asset_id": "vod72682-000070M001",
            "title": "",
            "subtitle": "第70集 台中隨堂考 街頭實測爆好吃美食",
            "ep_number": 70,
            "rating": 1,
            "content_type": "show",
            "p_start": 1762399200000,
            "vod_channel_description": "這次天菜帶你來台中，開吃老字號、連藝人都愛的「滷肉飯」，還有高CP值銅板價的「豆花店」、在地人激推的「北平烤鴨」，還有台中最強「美式漢堡」，一口咬下瘋狂滴汁！"
          },
          {
            "content_id": "VOD00378824",
            "time_codes": [
              1109000,
              1792000,
              2537000
            ],
            "timecode_duration": [],
            "length": 2850000,
            "asset_id": "vod72682-000071M001",
            "title": "",
            "subtitle": "第71集 美食獵人GO！捕捉宜蘭神級好店！隱藏版噴香多汁蒸餃、爽嗑撒滿蒜末牛排",
            "ep_number": 71,
            "rating": 1,
            "content_type": "show",
            "p_start": 1762402200000,
            "vod_channel_description": "來到宜蘭，想要品味當地的美食、休閒和獨特體驗？這次就讓《天菜就醬吃》的主持人林莎、卞慶華帶大家來踩點！包含噴香多汁蒸餃、在地人瘋排蔥油餅、超狂撒滿蒜末牛排，無論是家庭聚餐還是輕鬆度假，都能滿足你的每一個需求！"
          },
          {
            "content_id": "VOD00378825",
            "time_codes": [
              918000,
              1646000,
              2376000
            ],
            "timecode_duration": [],
            "length": 2848000,
            "asset_id": "vod72682-000072M001",
            "title": "",
            "subtitle": "第72集 情人節看招！愛情戰力升溫必殺技！",
            "ep_number": 72,
            "rating": 1,
            "content_type": "show",
            "p_start": 1762405200000,
            "vod_channel_description": "這次天菜帶你來新竹，開吃絕美「景觀餐廳」，朝聖男友們的夢幻天堂，看重機吃晚餐，還有手作定情銀戒，讓你緊緊套牢他～"
          },
          {
            "content_id": "VOD00378826",
            "time_codes": [
              1037000,
              1819000,
              2488000
            ],
            "timecode_duration": [],
            "length": 2847000,
            "asset_id": "vod72682-000073M001",
            "title": "",
            "subtitle": "第73集 苗栗解壓攻略！巨無霸甘露梨、絕美星空渡假村、隱藏版鱘龍魚八吃、百年水圳豆花",
            "ep_number": 73,
            "rating": 1,
            "content_type": "show",
            "p_start": 1762408200000,
            "vod_channel_description": "這次天菜帶你來苗栗，開吃高檔露營區裡的「平價商業午餐」，品嘗全台唯一「鱘龍魚全餐無菜單料理」，還有「超美星空屋」讓你白天看瀑布、晚上看星星，最後更別錯過超放鬆的「禪意咖啡廳」，及當季「採果活動」。"
          },
          {
            "content_id": "VOD00378827",
            "time_codes": [
              990000,
              1813000,
              2343000
            ],
            "timecode_duration": [],
            "length": 2849000,
            "asset_id": "vod72682-000074M001",
            "title": "",
            "subtitle": "第74集 北海岸私房景點全曝光！奢華露營主題房、百萬海景咖啡廳、周末限定海鮮、公路旁柴燒義式料理",
            "ep_number": 74,
            "rating": 1,
            "content_type": "show",
            "p_start": 1762411200000,
            "vod_channel_description": "這次天菜帶你來北海岸，天然無菜單料理還有手作南瓜派必體驗，天元宮旁秘境玻璃屋咖啡廳絕不能錯過，北海岸預約制秘密咖啡基地，窗框內就是海景。"
          },
          {
            "content_id": "VOD00379947",
            "time_codes": [
              1241000,
              1937000,
              2377000
            ],
            "timecode_duration": [],
            "length": 2849000,
            "asset_id": "vod72682-000075M001",
            "title": "",
            "subtitle": "第75集 桃園超低調神店！手工隱藏版蛋黃酥、只賣四小時脆皮煎包、全台唯一電競旅館、有機蔬食吃到飽",
            "ep_number": 75,
            "rating": 1,
            "content_type": "show",
            "p_start": 1762414200000,
            "vod_channel_description": "這次天菜帶你來桃園，開吃低調到連導航都差點錯過的「超美味蛋黃酥」，還有羊肉控不能錯過的「羊餐廳」！以及沒有華麗招牌，卻能用甜點拐你一天的「法式甜點店」。"
          },
          {
            "content_id": "VOD00381163",
            "time_codes": [
              1261000,
              1850000,
              2425000
            ],
            "timecode_duration": [],
            "length": 2849000,
            "asset_id": "vod72682-000076M001",
            "title": "",
            "subtitle": "第76集 新竹飽到炸裂啦！城隍廟內罪惡滷肉飯！手作原汁雪花冰！學生最愛美式漢堡！純正西班牙料理餐酒館",
            "ep_number": 76,
            "rating": 1,
            "content_type": "show",
            "p_start": 1762417200000,
            "vod_channel_description": "這次天菜帶你來新竹，開吃學⽣黨最愛、平價又大分量的「美式漢堡」，還有有種餓叫阿婆怕你餓、古早味的「大分量早午餐」，更有１顆抵３顆，大到讓你懷疑人⽣的「客家湯圓」！"
          },
          {
            "content_id": "VOD00381851",
            "time_codes": [
              1099000,
              1824000,
              2411000
            ],
            "timecode_duration": [],
            "length": 2849000,
            "asset_id": "vod72682-000077M001",
            "title": "",
            "subtitle": "第77集 台南人都嚇到！海線傳奇好店！排隊１小時起跳巨無霸蚵嗲、魚塭旁的必比登",
            "ep_number": 77,
            "rating": 1,
            "content_type": "show",
            "p_start": 1762420200000,
            "vod_channel_description": "這次天菜帶你來台南，朝聖可以免費洗頭的「觀光工廠」，開吃排隊1小時起跳的「巨無霸蚵嗲」，還有促成無數姻緣連線的「冰果室」。"
          }
        ],
        "total_length": 190672000,
        "focus_index": 28,
        "next_index": 29,
        "time": 41357,
        "focus_program": {
          "content_id": "VOD00356759",
          "time_codes": [
            1101000,
            1940000,
            2519000
          ],
          "timecode_duration": [],
          "length": 2849000,
          "asset_id": "vod72682-000039M001",
          "title": "",
          "subtitle": "第39集 彰化不敗小吃！這些你都吃過嗎？！",
          "ep_number": 39,
          "rating": 1,
          "content_type": "show",
          "p_start": 1762306200000,
          "vod_channel_description": "這次天菜帶你來彰化吃，包含「麵茶尬刨冰」老靈魂新吃法、爆料系「蚵仔蓋飯」、1個只要5元的「古早味點心」！"
        }
      },
      "station_categories": [
        {
          "Name": "綜藝",
          "EngName": "Entertainment",
          "MenuOrder": 8
        }
      ]
    },
    "introduction": {
      "image": "https://p-cdnstatic.svc.litv.tv/pics/vod_channel/logo_3575_ofiii226_mobile_20241211.png",
      "description": "",
      "href_maps": []
    },
    "recommends": [],
    "ua": "Mozilla/5.0 (Windows NT 10.0; Win64; x64) AppleWebKit/537.36 (KHTML, like Gecko) Chrome/91.0.4472.124 Safari/537.36"
  },
  "__N_SSP": true
}