{
  "pageProps": {
    "contentId": "ofiii88",
    "channel": {
      "title": "啦啦隊獨家專訪",
      "no": 88,
      "charge_mode": "F",
      "content_id": "ofiii88",
      "content_type": "vod-channel",
      "epg_categories": [
        1
      ],
      "genres": [
        {
          "id": "",
          "name": "VOD_CHANNEL",
          "logo": ""
        }
      ],
      "liad_id": "VODCHNEWSPECIALOFIWEB",
      "package_info_id": "VOD_CHANNEL_DELUX",
      "picture": "pics/vod_channel/logo_3690_ofiii88_tv_20250328.png",
      "provider": [
        {
          "id": "",
          "name": "",
          "logo": ""
        }
      ],
      "quality": "HD",
      "station_id": "station6624",
      "trial": "",
      "selectable": 1,
      "tr_logo": "pics/vod_channel/tr_logo_1743144668.png",
      "tl_logo": "",
      "br_logo": "",
      "bl_logo": "",
      "menu_type": 0,
      "vod_channel_schedule": {
        "channel_id": 88,
        "cdn_code": "ofiii88",
        "start_time": 1762413000000,
        "programs": [
          {
            "content_id": "VOD00382541",
            "time_codes": [
              600000,
              1200000
            ],
            "timecode_duration": [],
            "length": 1345000,
            "asset_id": "vod39966-001119M001",
            "title": "LiTV偶像專題特企",
            "subtitle": "臺鋼雄鷹Wing Stars - 李樂,林浠專訪",
            "ep_number": 1119,
            "rating": 1,
            "content_type": "show",
            "p_start": 1762413000000,
            "vod_channel_description": "LiTV特派小編親自出馬，為粉絲們專訪諸位大明星。"
          },
          {
            "content_id": "VOD00382535",
            "time_codes": [
              600000,
              1200000
            ],
            "timecode_duration": [],
            "length": 1739000,
            "asset_id": "vod39966-001113M001",
            "title": "LiTV偶像專題特企",
            "subtitle": "臺鋼雄鷹Wing Stars - ET,米亞,尼莫專訪",
            "ep_number": 1113,
            "rating": 1,
            "content_type": "show",
            "p_start": 1762414800000,
            "vod_channel_description": "LiTV特派小編親自出馬，為粉絲們專訪諸位大明星。"
          },
          {
            "content_id": "VOD00381017",
            "time_codes": [
              600000,
              1200000
            ],
            "timecode_duration": [],
            "length": 1346000,
            "asset_id": "vod39966-001110M001",
            "title": "LiTV偶像專題特企",
            "subtitle": "臺鋼雄鷹Wing Stars - 一粒,恬魚,米妮專訪",
            "ep_number": 1110,
            "rating": 1,
            "content_type": "show",
            "p_start": 1762416900000,
            "vod_channel_description": "LiTV特派小編親自出馬，為粉絲們專訪諸位大明星。"
          },
          {
            "content_id": "VOD00381000",
            "time_codes": [
              600000
            ],
            "timecode_duration": [],
            "length": 746000,
            "asset_id": "vod39966-001093M001",
            "title": "LiTV偶像專題特企",
            "subtitle": "【獨家】無限女神 - 河智媛、禹洙漢、朴昭映、李珠熙專訪",
            "ep_number": 1093,
            "rating": 1,
            "content_type": "show",
            "p_start": 1762418700000,
            "vod_channel_description": "LiTV特派小編親自出馬，為粉絲們專訪諸位大明星。"
          },
          {
            "content_id": "VOD00377691",
            "time_codes": [],
            "timecode_duration": [],
            "length": 462000,
            "asset_id": "vod39966-001084M001",
            "title": "LiTV偶像專題特企",
            "subtitle": "臺中連莊Little witches小魔女啦啦隊 - 金吉娜專訪",
            "ep_number": 1084,
            "rating": 1,
            "content_type": "show",
            "p_start": 1762419600000,
            "vod_channel_description": "LiTV特派小編親自出馬，為粉絲們專訪諸位大明星。"
          },
          {
            "content_id": "VOD00376785",
            "time_codes": [
              600000
            ],
            "timecode_duration": [],
            "length": 950000,
            "asset_id": "vod39966-001080M001",
            "title": "LiTV偶像專題特企",
            "subtitle": "富邦悍將Fubon Angels - 丹丹,慈妹,卡洛琳專訪",
            "ep_number": 1080,
            "rating": 1,
            "content_type": "show",
            "p_start": 1762420200000,
            "vod_channel_description": "LiTV特派小編親自出馬，為粉絲們專訪諸位大明星。"
          },
          {
            "content_id": "VOD00376776",
            "time_codes": [
              600000
            ],
            "timecode_duration": [],
            "length": 600000,
            "asset_id": "vod39966-001071M001",
            "title": "LiTV偶像專題特企",
            "subtitle": "富邦悍將Fubon Angels mini - 珈嘉,貝兒,呱呱專訪",
            "ep_number": 1071,
            "rating": 1,
            "content_type": "show",
            "p_start": 1762421400000,
            "vod_channel_description": "LiTV特派小編親自出馬，為粉絲們專訪諸位大明星。"
          },
          {
            "content_id": "VOD00373756",
            "time_codes": [],
            "timecode_duration": [],
            "length": 480000,
            "asset_id": "vod39966-001069M001",
            "title": "LiTV偶像專題特企",
            "subtitle": "富邦悍將Fubon Angels mini - 小芊,許芸,Laynee,妮塔專訪",
            "ep_number": 1069,
            "rating": 1,
            "content_type": "show",
            "p_start": 1762422300000,
            "vod_channel_description": "LiTV特派小編親自出馬，為粉絲們專訪諸位大明星。"
          },
          {
            "content_id": "VOD00373754",
            "time_codes": [],
            "timecode_duration": [],
            "length": 548000,
            "asset_id": "vod39966-001067M001",
            "title": "LiTV偶像專題特企",
            "subtitle": "富邦悍將Fubon Angels mini - 艾曼達,茉綝,陳愉專訪",
            "ep_number": 1067,
            "rating": 1,
            "content_type": "show",
            "p_start": 1762422900000,
            "vod_channel_description": "LiTV特派小編親自出馬，為粉絲們專訪諸位大明星。"
          },
          {
            "content_id": "VOD00373753",
            "time_codes": [
              600000
            ],
            "timecode_duration": [],
            "length": 827000,
            "asset_id": "vod39966-001066M001",
            "title": "LiTV偶像專題特企",
            "subtitle": "《最強的身體》最強小天使 - Mika,孟潔專訪",
            "ep_number": 1066,
            "rating": 1,
            "content_type": "show",
            "p_start": 1762423800000,
            "vod_channel_description": "LiTV特派小編親自出馬，為粉絲們專訪諸位大明星。"
          },
          {
            "content_id": "VOD00371173",
            "time_codes": [
              600000
            ],
            "timecode_duration": [],
            "length": 696000,
            "asset_id": "vod39966-001033M001",
            "title": "LiTV偶像專題特企",
            "subtitle": "Rakuten Girl樂天女孩 - 廉世彬,禹洙漢,河智媛專訪",
            "ep_number": 1033,
            "rating": 1,
            "content_type": "show",
            "p_start": 1762425000000,
            "vod_channel_description": "LiTV特派小編親自出馬，為粉絲們專訪諸位大明星。"
          },
          {
            "content_id": "VOD00371179",
            "time_codes": [],
            "timecode_duration": [],
            "length": 182000,
            "asset_id": "vod39966-001039M001",
            "title": "LiTV偶像專題特企",
            "subtitle": "富邦悍將Fubon Angels -禾羽專訪",
            "ep_number": 1039,
            "rating": 1,
            "content_type": "show",
            "p_start": 1762425900000,
            "vod_channel_description": "LiTV特派小編親自出馬，為粉絲們專訪諸位大明星。"
          },
          {
            "content_id": "VOD00371178",
            "time_codes": [],
            "timecode_duration": [],
            "length": 203000,
            "asset_id": "vod39966-001038M001",
            "title": "LiTV偶像專題特企",
            "subtitle": "富邦悍將Fubon Angels -秀秀子專訪",
            "ep_number": 1038,
            "rating": 1,
            "content_type": "show",
            "p_start": 1762426200000,
            "vod_channel_description": "LiTV特派小編親自出馬，為粉絲們專訪諸位大明星。"
          },
          {
            "content_id": "VOD00371177",
            "time_codes": [],
            "timecode_duration": [],
            "length": 377000,
            "asset_id": "vod39966-001037M001",
            "title": "LiTV偶像專題特企",
            "subtitle": "富邦悍將Fubon Angels - 安娜,沁沁專訪",
            "ep_number": 1037,
            "rating": 1,
            "content_type": "show",
            "p_start": 1762426500000,
            "vod_channel_description": "LiTV特派小編親自出馬，為粉絲們專訪諸位大明星。"
          },
          {
            "content_id": "VOD00368613",
            "time_codes": [
              600000
            ],
            "timecode_duration": [],
            "length": 617000,
            "asset_id": "vod39966-001000M001",
            "title": "LiTV偶像專題特企",
            "subtitle": "中信兄弟Passion Sisters - 邊荷律,李丹妃專訪",
            "ep_number": 1000,
            "rating": 1,
            "content_type": "show",
            "p_start": 1762427100000,
            "vod_channel_description": "LiTV特派小編親自出馬，為粉絲們專訪諸位大明星。"
          },
          {
            "content_id": "VOD00368060",
            "time_codes": [],
            "timecode_duration": [],
            "length": 298000,
            "asset_id": "vod39966-000994M001",
            "title": "LiTV偶像專題特企",
            "subtitle": "甜美女神 李雅英專訪",
            "ep_number": 994,
            "rating": 1,
            "content_type": "show",
            "p_start": 1762428000000,
            "vod_channel_description": "LiTV特派小編親自出馬，為粉絲們專訪諸位大明星。"
          },
          {
            "content_id": "VOD00373009",
            "time_codes": [
              600000,
              1200000,
              1800000,
              2400000
            ],
            "timecode_duration": [],
            "length": 2650000,
            "asset_id": "vod39966-001044M001",
            "title": "LiTV偶像專題特企",
            "subtitle": "富邦悍將Fubon Angels啦啦隊發表會完整版",
            "ep_number": 1044,
            "rating": 1,
            "content_type": "show",
            "p_start": 1762428600000,
            "vod_channel_description": "LiTV特派小編親自出馬，為粉絲們專訪諸位大明星。"
          },
          {
            "content_id": "VOD00368618",
            "time_codes": [
              600000,
              1200000
            ],
            "timecode_duration": [],
            "length": 1210000,
            "asset_id": "vod39966-001005M001",
            "title": "LiTV偶像專題特企",
            "subtitle": "「洗手新日常：全民ALL IN」洗手歌徵選記者會 - 河智媛,廉世彬,禹洙漢",
            "ep_number": 1005,
            "rating": 1,
            "content_type": "show",
            "p_start": 1762431600000,
            "vod_channel_description": "LiTV特派小編親自出馬，為粉絲們專訪諸位大明星。"
          },
          {
            "content_id": "VOD00373010",
            "time_codes": [
              600000,
              1200000,
              1800000,
              2400000,
              3000000,
              3600000
            ],
            "timecode_duration": [],
            "length": 3797000,
            "asset_id": "vod39966-001045M001",
            "title": "LiTV偶像專題特企",
            "subtitle": "台鋼雄鷹Wing Stars《Cheer it up 加大》發表會",
            "ep_number": 1045,
            "rating": 1,
            "content_type": "show",
            "p_start": 1762433100000,
            "vod_channel_description": "LiTV特派小編親自出馬，為粉絲們專訪諸位大明星。"
          },
          {
            "content_id": "VOD00366636",
            "time_codes": [],
            "timecode_duration": [],
            "length": 273000,
            "asset_id": "vod39966-000974M001",
            "title": "LiTV偶像專題特企",
            "subtitle": "統一獅Uni-Girls - Mimi 趙娟週",
            "ep_number": 974,
            "rating": 1,
            "content_type": "show",
            "p_start": 1762437600000,
            "vod_channel_description": "LiTV特派小編親自出馬，為粉絲們專訪諸位大明星。"
          },
          {
            "content_id": "VOD00361522",
            "time_codes": [],
            "timecode_duration": [],
            "length": 372000,
            "asset_id": "vod39966-000931M001",
            "title": "LiTV偶像專題特企",
            "subtitle": "韓籍啦啦隊女團 2S 專訪－安芝儇,南珉貞,趙娟週,朴旻曙",
            "ep_number": 931,
            "rating": 1,
            "content_type": "show",
            "p_start": 1762438200000,
            "vod_channel_description": "LiTV特派小編親自出馬，為粉絲們專訪諸位大明星。"
          },
          {
            "content_id": "VOD00368059",
            "time_codes": [],
            "timecode_duration": [],
            "length": 389000,
            "asset_id": "vod39966-000993M001",
            "title": "LiTV偶像專題特企",
            "subtitle": "性感精靈 全恩菲專訪",
            "ep_number": 993,
            "rating": 1,
            "content_type": "show",
            "p_start": 1762438800000,
            "vod_channel_description": "LiTV特派小編親自出馬，為粉絲們專訪諸位大明星。"
          },
          {
            "content_id": "VOD00368615",
            "time_codes": [],
            "timecode_duration": [],
            "length": 327000,
            "asset_id": "vod39966-001002M001",
            "title": "LiTV偶像專題特企",
            "subtitle": "中信兄弟Passion Sisters - 妮可,曼容專訪",
            "ep_number": 1002,
            "rating": 1,
            "content_type": "show",
            "p_start": 1762439400000,
            "vod_channel_description": "LiTV特派小編親自出馬，為粉絲們專訪諸位大明星。"
          },
          {
            "content_id": "VOD00368614",
            "time_codes": [],
            "timecode_duration": [],
            "length": 585000,
            "asset_id": "vod39966-001001M001",
            "title": "LiTV偶像專題特企",
            "subtitle": "中信兄弟Passion Sisters -中信啦啦隊- 短今,小迪,凱蒂專訪",
            "ep_number": 1001,
            "rating": 1,
            "content_type": "show",
            "p_start": 1762440000000,
            "vod_channel_description": "LiTV特派小編親自出馬，為粉絲們專訪諸位大明星。"
          },
          {
            "content_id": "VOD00368065",
            "time_codes": [],
            "timecode_duration": [],
            "length": 355000,
            "asset_id": "vod39966-000999M001",
            "title": "LiTV偶像專題特企",
            "subtitle": "中信兄弟Passion Sisters - Wendy璇璇,瑄,Winnie維尼,芊芊,牛奶,衣宸,莎莎專訪",
            "ep_number": 999,
            "rating": 1,
            "content_type": "show",
            "p_start": 1762440900000,
            "vod_channel_description": "LiTV特派小編親自出馬，為粉絲們專訪諸位大明星。"
          },
          {
            "content_id": "VOD00366635",
            "time_codes": [],
            "timecode_duration": [],
            "length": 299000,
            "asset_id": "vod39966-000973M001",
            "title": "LiTV偶像專題特企",
            "subtitle": "統一獅Uni-Girls - 瑟七",
            "ep_number": 973,
            "rating": 1,
            "content_type": "show",
            "p_start": 1762441500000,
            "vod_channel_description": "LiTV特派小編親自出馬，為粉絲們專訪諸位大明星。"
          },
          {
            "content_id": "VOD00366634",
            "time_codes": [],
            "timecode_duration": [],
            "length": 586000,
            "asset_id": "vod39966-000972M001",
            "title": "LiTV偶像專題特企",
            "subtitle": "統一獅Uni-Girls - 賴賴,Yuki",
            "ep_number": 972,
            "rating": 1,
            "content_type": "show",
            "p_start": 1762442100000,
            "vod_channel_description": "LiTV特派小編親自出馬，為粉絲們專訪諸位大明星。"
          },
          {
            "content_id": "VOD00366633",
            "time_codes": [],
            "timecode_duration": [],
            "length": 257000,
            "asset_id": "vod39966-000971M001",
            "title": "LiTV偶像專題特企",
            "subtitle": "統一獅Uni-Girls - Nozomi希美,Chihiro千紘",
            "ep_number": 971,
            "rating": 1,
            "content_type": "show",
            "p_start": 1762443000000,
            "vod_channel_description": "LiTV特派小編親自出馬，為粉絲們專訪諸位大明星。"
          },
          {
            "content_id": "VOD00366254",
            "time_codes": [],
            "timecode_duration": [],
            "length": 307000,
            "asset_id": "vod39966-000963M001",
            "title": "LiTV偶像專題特企",
            "subtitle": "Dragon Beauties小龍女 - 林襄,霖霖",
            "ep_number": 963,
            "rating": 1,
            "content_type": "show",
            "p_start": 1762443600000,
            "vod_channel_description": "LiTV特派小編親自出馬，為粉絲們專訪諸位大明星。"
          },
          {
            "content_id": "VOD00366253",
            "time_codes": [],
            "timecode_duration": [],
            "length": 459000,
            "asset_id": "vod39966-000962M001",
            "title": "LiTV偶像專題特企",
            "subtitle": "Dragon Beauties小龍女 - 小映,佩霓,賴可,心璇,馬妹",
            "ep_number": 962,
            "rating": 1,
            "content_type": "show",
            "p_start": 1762444200000,
            "vod_channel_description": "LiTV特派小編親自出馬，為粉絲們專訪諸位大明星。"
          },
          {
            "content_id": "VOD00366252",
            "time_codes": [],
            "timecode_duration": [],
            "length": 325000,
            "asset_id": "vod39966-000961M001",
            "title": "LiTV偶像專題特企",
            "subtitle": "Dragon Beauties小龍女 - Yuri,菲菲",
            "ep_number": 961,
            "rating": 1,
            "content_type": "show",
            "p_start": 1762444800000,
            "vod_channel_description": "LiTV特派小編親自出馬，為粉絲們專訪諸位大明星。"
          },
          {
            "content_id": "VOD00361517",
            "time_codes": [],
            "timecode_duration": [],
            "length": 589000,
            "asset_id": "vod39966-000926M001",
            "title": "LiTV偶像專題特企",
            "subtitle": "浪LIVE電豹女專訪 - 仔仔,ANNA,海莉,語萱,NIA",
            "ep_number": 926,
            "rating": 1,
            "content_type": "show",
            "p_start": 1762445400000,
            "vod_channel_description": "LiTV特派小編親自出馬，為粉絲們專訪諸位大明星。"
          },
          {
            "content_id": "VOD00361516",
            "time_codes": [
              600000
            ],
            "timecode_duration": [],
            "length": 1106000,
            "asset_id": "vod39966-000925M001",
            "title": "LiTV偶像專題特企",
            "subtitle": "浪LIVE電豹女專訪 - 草莓,安汝,小楓,笑笑,筱緹",
            "ep_number": 925,
            "rating": 1,
            "content_type": "show",
            "p_start": 1762446300000,
            "vod_channel_description": "LiTV特派小編親自出馬，為粉絲們專訪諸位大明星。"
          },
          {
            "content_id": "VOD00361513",
            "time_codes": [
              600000,
              1200000,
              1800000
            ],
            "timecode_duration": [],
            "length": 1803000,
            "asset_id": "vod39966-000922M001",
            "title": "LiTV偶像專題特企",
            "subtitle": "韓籍啦啦隊女團 2S 記者會－安芝儇,南珉貞,趙娟週,朴旻曙",
            "ep_number": 922,
            "rating": 1,
            "content_type": "show",
            "p_start": 1762447800000,
            "vod_channel_description": "LiTV特派小編親自出馬，為粉絲們專訪諸位大明星。"
          },
          {
            "content_id": "VOD00361512",
            "time_codes": [],
            "timecode_duration": [],
            "length": 278000,
            "asset_id": "vod39966-000921M001",
            "title": "LiTV偶像專題特企",
            "subtitle": "韓籍啦啦隊女團 2S <HOW 2 SPECIAL>粉絲見面會－安芝儇,南珉貞,趙娟週,朴旻曙",
            "ep_number": 921,
            "rating": 1,
            "content_type": "show",
            "p_start": 1762449900000,
            "vod_channel_description": "LiTV特派小編親自出馬，為粉絲們專訪諸位大明星。"
          },
          {
            "content_id": "VOD00277327",
            "time_codes": [],
            "timecode_duration": [],
            "length": 188000,
            "asset_id": "vod39966-000582M001",
            "title": "LiTV偶像專題特企",
            "subtitle": "樂天女孩李多慧專訪",
            "ep_number": 582,
            "rating": 1,
            "content_type": "show",
            "p_start": 1762450500000,
            "vod_channel_description": "LiTV特派小編親自出馬，為粉絲們專訪諸位大明星。"
          },
          {
            "content_id": "VOD00358140",
            "time_codes": [
              600000,
              1200000
            ],
            "timecode_duration": [],
            "length": 1685000,
            "asset_id": "vod39966-000915M001",
            "title": "LiTV偶像專題特企",
            "subtitle": "啦啦隊女神 李珠珢媒體見面會",
            "ep_number": 915,
            "rating": 1,
            "content_type": "show",
            "p_start": 1762450800000,
            "vod_channel_description": "LiTV特派小編親自出馬，為粉絲們專訪諸位大明星。"
          },
          {
            "content_id": "VOD00350119",
            "time_codes": [
              600000
            ],
            "timecode_duration": [],
            "length": 1195000,
            "asset_id": "vod39966-000862M001",
            "title": "LiTV偶像專題特企",
            "subtitle": "樂天女孩 Yuri陳洛心(陳怡叡)",
            "ep_number": 862,
            "rating": 1,
            "content_type": "show",
            "p_start": 1762452900000,
            "vod_channel_description": "LiTV特派小編親自出馬，為粉絲們專訪諸位大明星。"
          },
          {
            "content_id": "VOD00358138",
            "time_codes": [
              600000,
              1200000,
              1800000,
              2400000,
              3000000
            ],
            "timecode_duration": [],
            "length": 3225000,
            "asset_id": "vod39966-000913M001",
            "title": "LiTV偶像專題特企",
            "subtitle": "統一獅Uni-Girls啦啦隊發表會完整版",
            "ep_number": 913,
            "rating": 1,
            "content_type": "show",
            "p_start": 1762454400000,
            "vod_channel_description": "LiTV特派小編親自出馬，為粉絲們專訪諸位大明星。"
          },
          {
            "content_id": "VOD00325355",
            "time_codes": [],
            "timecode_duration": [],
            "length": 201000,
            "asset_id": "vod39966-000698M001",
            "title": "LiTV偶像專題特企",
            "subtitle": "中信兄弟Passion Sisters 邊荷律專訪",
            "ep_number": 698,
            "rating": 1,
            "content_type": "show",
            "p_start": 1762458000000,
            "vod_channel_description": "LiTV特派小編親自出馬，為粉絲們專訪諸位大明星。"
          },
          {
            "content_id": "VOD00329084",
            "time_codes": [],
            "timecode_duration": [],
            "length": 323000,
            "asset_id": "vod39966-000701M001",
            "title": "LiTV偶像專題特企",
            "subtitle": "中信兄弟Passion Sister 李丹妃專訪",
            "ep_number": 701,
            "rating": 1,
            "content_type": "show",
            "p_start": 1762458300000,
            "vod_channel_description": "LiTV特派小編親自出馬，為粉絲們專訪諸位大明星。"
          },
          {
            "content_id": "VOD00271237",
            "time_codes": [],
            "timecode_duration": [],
            "length": 118000,
            "asset_id": "vod39966-000410M001",
            "title": "LiTV偶像專題特企",
            "subtitle": "Dragon Beauties 心璇、拉拉小專訪",
            "ep_number": 410,
            "rating": 1,
            "content_type": "show",
            "p_start": 1762458900000,
            "vod_channel_description": "12月18日，集結中華職棒5隊的啦啦隊人氣女神，在台北小巨蛋帶來亮麗的視覺饗宴！LiTV特派小編親自出馬，為粉絲們專訪味全龍拉拉隊Dragon Beauties的心璇和拉拉，聽她們分享球場大小事！"
          },
          {
            "content_id": "VOD00325356",
            "time_codes": [
              600000
            ],
            "timecode_duration": [],
            "length": 668000,
            "asset_id": "vod39966-000699M001",
            "title": "LiTV偶像專題特企",
            "subtitle": "中信兄弟Passion Sister 小安、妮可專訪",
            "ep_number": 699,
            "rating": 1,
            "content_type": "show",
            "p_start": 1762459200000,
            "vod_channel_description": "LiTV特派小編親自出馬，為粉絲們專訪諸位大明星。"
          },
          {
            "content_id": "VOD00277328",
            "time_codes": [
              600000,
              1200000,
              1800000
            ],
            "timecode_duration": [],
            "length": 2050000,
            "asset_id": "vod39966-000583M001",
            "title": "LiTV偶像專題特企",
            "subtitle": "樂天女孩李多慧",
            "ep_number": 583,
            "rating": 1,
            "content_type": "show",
            "p_start": 1762460100000,
            "vod_channel_description": "LiTV特派小編親自出馬，為粉絲們專訪諸位大明星。"
          },
          {
            "content_id": "VOD00271236",
            "time_codes": [],
            "timecode_duration": [],
            "length": 107000,
            "asset_id": "vod39966-000409M001",
            "title": "LiTV偶像專題特企",
            "subtitle": "富邦Angels 潔米、安娜小專訪",
            "ep_number": 409,
            "rating": 1,
            "content_type": "show",
            "p_start": 1762462500000,
            "vod_channel_description": "12月18日，集結中華職棒5隊的啦啦隊人氣女神，在台北小巨蛋帶來亮麗的視覺饗宴！LiTV特派小編親自出馬，為粉絲們專訪富邦Angels的潔米與安娜，聽她們分享球場大小事！"
          },
          {
            "content_id": "VOD00271239",
            "time_codes": [],
            "timecode_duration": [],
            "length": 150000,
            "asset_id": "vod39966-000412M001",
            "title": "LiTV偶像專題特企",
            "subtitle": "Passion Sisters 林可、畇二小專訪",
            "ep_number": 412,
            "rating": 1,
            "content_type": "show",
            "p_start": 1762462800000,
            "vod_channel_description": "12月18日，集結中華職棒5隊的啦啦隊人氣女神，在台北小巨蛋帶來亮麗的視覺饗宴！LiTV特派小編親自出馬，為粉絲們專訪中信兄弟拉拉隊Passion Sisters 林可與畇二，聽她們分享球場大小事！"
          }
        ],
        "total_length": 37293000,
        "focus_index": 40,
        "next_index": 41,
        "time": 5903,
        "focus_program": {
          "content_id": "VOD00329084",
          "time_codes": [],
          "timecode_duration": [],
          "length": 323000,
          "asset_id": "vod39966-000701M001",
          "title": "LiTV偶像專題特企",
          "subtitle": "中信兄弟Passion Sister 李丹妃專訪",
          "ep_number": 701,
          "rating": 1,
          "content_type": "show",
          "p_start": 1762458300000,
          "vod_channel_description": "LiTV特派小編親自出馬，為粉絲們專訪諸位大明星。"
        }
      },
      "station_categories": [
        {
          "Name": "綜合",
          "EngName": "Variety",
          "MenuOrder": 4
        }
      ]
    },
    "introduction": {
      "image": "https://p-cdnstatic.svc.litv.tv/pics/vod_channel/logo_3565_ofiii88_mobile_20241205.png",
      "description": "",
      "href_maps": []
    },
    "recommends": [],
    "ua": "Mozilla/5.0 (Windows NT 10.0; Win64; x64) AppleWebKit/537.36 (KHTML, like Gecko) Chrome/114.0.0.0 Safari/537.36 Edg/114.0.1823.86"
  },
  "__N_SSP": true
}