{
  "pageProps": {
    "contentId": "ofiii252",
    "channel": {
      "title": "放鬆的爵士午後",
      "no": 252,
      "charge_mode": "F",
      "content_id": "ofiii252",
      "content_type": "vod-channel",
      "epg_categories": [
        1
      ],
      "genres": [
        {
          "id": "",
          "name": "VOD_CHANNEL",
          "logo": ""
        }
      ],
      "liad_id": "VODCHNEWNOADOFIWEB",
      "package_info_id": "VOD_CHANNEL_DELUX",
      "picture": "pics/vod_channel/logo_3439_ofiii252_tv_20250305.png",
      "provider": [
        {
          "id": "",
          "name": "",
          "logo": ""
        }
      ],
      "quality": "HD",
      "station_id": "station6373",
      "trial": "",
      "selectable": 1,
      "tr_logo": "pics/vod_channel/tr_logo_1723794751.png",
      "tl_logo": "",
      "br_logo": "",
      "bl_logo": "",
      "menu_type": 0,
      "vod_channel_schedule": {
        "channel_id": 252,
        "cdn_code": "ofiii252",
        "start_time": 1762695600000,
        "programs": [
          {
            "content_id": "VOD00340736",
            "time_codes": [
              600000,
              1200000,
              1800000,
              2400000,
              3000000,
              3600000
            ],
            "timecode_duration": [],
            "length": 3773000,
            "asset_id": "vod73052-000001M001",
            "title": "",
            "subtitle": "【咖啡館爵士樂】",
            "ep_number": 1,
            "rating": 1,
            "content_type": "others",
            "p_start": 1762695600000,
            "vod_channel_description": "在優雅迷人的爵士樂音陪伴下，沖杯咖啡在輕鬆愜意的悠閒下午，放鬆壓力沉靜心靈\r\n#JAZZ #輕柔音樂 #重度失眠必聽 #深度睡眠音樂 #助眠音樂 #伴讀專注"
          },
          {
            "content_id": "VOD00345757",
            "time_codes": [
              600000,
              1200000,
              1800000,
              2400000,
              3000000,
              3600000
            ],
            "timecode_duration": [],
            "length": 3744000,
            "asset_id": "vod73052-000002M001",
            "title": "",
            "subtitle": "【咖啡館爵士樂-動態版】",
            "ep_number": 2,
            "rating": 1,
            "content_type": "others",
            "p_start": 1762699800000,
            "vod_channel_description": "隔著螢幕彷彿都聞到咖啡香味了。在優雅迷人的爵士樂音陪伴下，沖杯咖啡在輕鬆愜意的悠閒下午，放鬆壓力沉靜心靈\r\n#JAZZ #輕柔音樂 #重度失眠必聽 #深度睡眠音樂 #助眠音樂 #伴讀專注"
          },
          {
            "content_id": "VOD00347837",
            "time_codes": [
              600000,
              1200000,
              1800000,
              2400000,
              3000000,
              3600000
            ],
            "timecode_duration": [],
            "length": 3661000,
            "asset_id": "vod73052-000003M001",
            "title": "",
            "subtitle": "【咖啡館爵士樂-動態版2.0】",
            "ep_number": 3,
            "rating": 1,
            "content_type": "others",
            "p_start": 1762704000000,
            "vod_channel_description": "隔著螢幕彷彿都聞到咖啡香味了。在優雅迷人的爵士樂音陪伴下，沖杯咖啡在輕鬆愜意的悠閒下午，放鬆壓力沉靜心靈\n#JAZZ #輕柔音樂 #重度失眠必聽 #深度睡眠音樂 #助眠音樂 #伴讀專注"
          },
          {
            "content_id": "VOD00354613",
            "time_codes": [
              600000,
              1200000,
              1800000,
              2400000,
              3000000,
              3600000
            ],
            "timecode_duration": [],
            "length": 3729000,
            "asset_id": "vod73052-000004M001",
            "title": "",
            "subtitle": "【咖啡館爵士樂-戶外版】",
            "ep_number": 4,
            "rating": 1,
            "content_type": "others",
            "p_start": 1762708200000,
            "vod_channel_description": "隔著螢幕彷彿都聞到咖啡香味了。在優雅迷人的爵士樂音陪伴下，沖杯咖啡在輕鬆愜意的悠閒下午，放鬆壓力沉靜心靈\r\n#JAZZ #輕柔音樂 #重度失眠必聽 #深度睡眠音樂 #助眠音樂 #伴讀專注"
          },
          {
            "content_id": "VOD00369782",
            "time_codes": [
              600000,
              1200000,
              1800000,
              2400000,
              3000000,
              3600000
            ],
            "timecode_duration": [],
            "length": 3747000,
            "asset_id": "vod73052-000005M001",
            "title": "",
            "subtitle": "【咖啡館爵士樂-下雨版】",
            "ep_number": 5,
            "rating": 1,
            "content_type": "others",
            "p_start": 1762712400000,
            "vod_channel_description": "隔著螢幕彷彿都聞到咖啡香味了。在優雅迷人的爵士樂音陪伴下，沖杯咖啡在輕鬆愜意的悠閒下午，放鬆壓力沉靜心靈\r\n#JAZZ #輕柔音樂 #重度失眠必聽 #深度睡眠音樂 #助眠音樂 #伴讀專注"
          }
        ],
        "total_length": 18654000,
        "focus_index": 1,
        "next_index": 2,
        "time": 56601,
        "focus_program": {
          "content_id": "VOD00345757",
          "time_codes": [
            600000,
            1200000,
            1800000,
            2400000,
            3000000,
            3600000
          ],
          "timecode_duration": [],
          "length": 3744000,
          "asset_id": "vod73052-000002M001",
          "title": "",
          "subtitle": "【咖啡館爵士樂-動態版】",
          "ep_number": 2,
          "rating": 1,
          "content_type": "others",
          "p_start": 1762699800000,
          "vod_channel_description": "隔著螢幕彷彿都聞到咖啡香味了。在優雅迷人的爵士樂音陪伴下，沖杯咖啡在輕鬆愜意的悠閒下午，放鬆壓力沉靜心靈\r\n#JAZZ #輕柔音樂 #重度失眠必聽 #深度睡眠音樂 #助眠音樂 #伴讀專注"
        }
      },
      "station_categories": [
        {
          "Name": "綜合",
          "EngName": "Variety",
          "MenuOrder": 4
        }
      ]
    },
    "introduction": {
      "image": "https://p-cdnstatic.svc.litv.tv/pics/vod_channel/logo_3439_ofiii252_mobile_20240816.png",
      "description": "",
      "href_maps": []
    },
    "recommends": [],
    "ua": "Mozilla/5.0 (Windows NT 10.0; Win64; x64) AppleWebKit/537.36 (KHTML, like Gecko) Chrome/134.0.0.0 Safari/537.36"
  },
  "__N_SSP": true
}