{
  "pageProps": {
    "contentId": "ofiii78",
    "channel": {
      "title": "香港天王台",
      "no": 78,
      "charge_mode": "F",
      "content_id": "ofiii78",
      "content_type": "vod-channel",
      "epg_categories": [
        19
      ],
      "genres": [
        {
          "id": "",
          "name": "VOD_CHANNEL",
          "logo": ""
        }
      ],
      "liad_id": "VODCHNEWOFIWEB",
      "package_info_id": "VOD_CHANNEL_DELUX",
      "picture": "pics/vod_channel/logo_2583_ofiii78_tv_20251028.png",
      "provider": [
        {
          "id": "",
          "name": "",
          "logo": ""
        }
      ],
      "quality": "SD",
      "station_id": "station5517",
      "trial": "",
      "selectable": 1,
      "tr_logo": "pics/vod_channel/tr_logo_1761643629.png",
      "tl_logo": "",
      "br_logo": "",
      "bl_logo": "",
      "menu_type": 0,
      "vod_channel_schedule": {
        "channel_id": 78,
        "cdn_code": "ofiii78",
        "start_time": 1762977300000,
        "programs": [
          {
            "content_id": "VOD00213886",
            "time_codes": [
              917000,
              1842000,
              2732000,
              3615000,
              4484000,
              5445000,
              6329000
            ],
            "timecode_duration": [],
            "length": 6707000,
            "asset_id": "vod47070-000000M001",
            "title": "運財五福星",
            "subtitle": "How to Meet the Lucky Stars",
            "ep_number": 0,
            "rating": 3,
            "content_type": "movie",
            "p_start": 1762977300000,
            "vod_channel_description": "在一次頂級賭術大賽中，號稱東南亞第一賭王的雷天，敗於台灣黑幫「賭花」上宮飛花（宮雪花）手上，還被誣告出千，以至吞槍自殺。雷天之女慧琳誓言要為父親報仇，遂求助於父親生前在警隊中的好友華叔。華叔重新召集「五福星」幫忙，並進行賭術訓練，意圖在新一屆的賭術大賽中，讓上宮飛花身敗名裂…"
          },
          {
            "content_id": "VOD00213997",
            "time_codes": [
              882000,
              1753000,
              2764000,
              3677000,
              4598000,
              5457000
            ],
            "timecode_duration": [],
            "length": 5986000,
            "asset_id": "vod47117-000000M001",
            "title": "賭煞",
            "subtitle": "The Mighty Gambler",
            "ep_number": 0,
            "rating": 3,
            "content_type": "movie",
            "p_start": 1762984200000,
            "vod_channel_description": "地下賭場教父卓老大遭暗殺，其女卓勝男繼承領袖位置，並誓言為父報仇。事實上，卓老大之死為仇家之子狄峰所為，他意圖令卓家身敗名裂、家破人亡。狄峰要求與卓勝男進行一場賭局，賭注就是卓家名下的賭場。與此同時，與卓家有生意往來的日本山口組頭目在香港遭暗殺。一時間，卓勝男深陷兩難境地…"
          },
          {
            "content_id": "VOD00213861",
            "time_codes": [
              930000,
              1783000,
              2728000,
              3587000,
              4492000,
              5378000
            ],
            "timecode_duration": [],
            "length": 5760000,
            "asset_id": "vod47045-000000M001",
            "title": "超級無敵追女仔",
            "subtitle": "L - O - V - E ..... LOVE",
            "ep_number": 0,
            "rating": 3,
            "content_type": "movie",
            "p_start": 1762990500000,
            "vod_channel_description": "地產富豪之子馬超仁（陶大宇）不想依附豪門，遂到壽司店當學徒，隨後遇見情場高手高級（陳百祥）、狄立（林曉峰）、毛仔（葛民輝）。一班公子哥看中競選特區小姐阿菲、Money、蘇娜和Fancy，為奪美人歸，四人使出渾身解數，一場追女大戰自此展開…"
          },
          {
            "content_id": "VOD00059869",
            "time_codes": [
              882000,
              1840000,
              2681000,
              3531000,
              4554000,
              5412000,
              6238000
            ],
            "timecode_duration": [],
            "length": 6418000,
            "asset_id": "vod16740-000000M001",
            "title": "整人專家",
            "subtitle": "Tricky Brains",
            "ep_number": 0,
            "rating": 1,
            "content_type": "movie",
            "p_start": 1762996500000,
            "vod_channel_description": "胡真（周星馳）以收錢代替人戲弄他人為業，常常把人整得魂飛魄散，自稱為「整人專家」。車文杰（劉德華）升任經理當天，在公司認識了剛回國的程樂兒（關之琳），兩人感情迅速升溫，卻引起樂兒的前男友不滿，遂找了胡真來對付阿杰。胡真不僅混入車家，更進入阿杰的公司上班，藉機離間阿杰與樂兒的感情…"
          },
          {
            "content_id": "VOD00207600",
            "time_codes": [
              932000,
              1795000,
              2692000,
              3597000,
              4535000,
              5434000
            ],
            "timecode_duration": [],
            "length": 5905000,
            "asset_id": "vod45640-000000M001",
            "title": "熱血男兒之叛逆小子",
            "subtitle": "Love and the City",
            "ep_number": 0,
            "rating": 3,
            "content_type": "movie",
            "p_start": 1763003100000,
            "vod_channel_description": "自幼喪母的阿武（黎明）由父親（吳孟達）撫養長大，但父親懦弱的個性卻讓他十分鄙視，兩人的關係因此產生了裂痕。叛逆的阿武在別人介紹下認識了威哥，但他卻對威哥的女友JoJo（吳倩蓮）一見鍾情，讓他被威哥的人打了一頓。不死心的阿武，還莫名其妙捲入一起謀殺案中，更被誤以為是殺人犯而遭逮捕…"
          },
          {
            "content_id": "VOD00207644",
            "time_codes": [
              860000,
              1752000,
              2730000,
              3627000,
              4549000,
              5435000
            ],
            "timecode_duration": [],
            "length": 5797000,
            "asset_id": "vod45644-000000M001",
            "title": "一本漫畫Ⅱ摩登笑將",
            "subtitle": "My Hero 2",
            "ep_number": 0,
            "rating": 3,
            "content_type": "movie",
            "p_start": 1763009100000,
            "vod_channel_description": "張健康（張衛健）執筆的漫畫嚴重滯銷，為了尋找新的靈感讓他苦惱不已。偶然機會下，張健康從《一本漫畫闖天涯》獲得啟發，遂央求看似黑道中人的包尾達（吳孟達）帶著他蒐集江湖素材，用以創作黑道漫畫。沒想到，兩人竟意外撞見幫派火拼現場，更因此惹禍上身…"
          },
          {
            "content_id": "VOD00120486",
            "time_codes": [
              900000,
              1884000,
              2711000,
              3562000,
              4549000,
              5420000
            ],
            "timecode_duration": [],
            "length": 5744000,
            "asset_id": "vod35169-000000M001",
            "title": "贏錢專家",
            "subtitle": "Money Maker",
            "ep_number": 0,
            "rating": 3,
            "content_type": "movie",
            "p_start": 1763015100000,
            "vod_channel_description": "香港女賭神高少少（吳君如）遭泰國賭王乃猜以降頭術害死，化作冤魂，並找上茅山賭術弟子朱奮祥（王晶）替她報仇。另一方面，高少少的妹妹高豆豆（邱淑貞）也想為姊姊復仇，遂結識了朱奮祥。兩人聯手對付泰國賭王，一場賭術與茅山術之間的大戰即將展開…"
          },
          {
            "content_id": "VOD00266544",
            "time_codes": [
              876000,
              1870000,
              2739000,
              3597000,
              4456000,
              5429000
            ],
            "timecode_duration": [],
            "length": 5640000,
            "asset_id": "vod58166-000000M001",
            "title": "新少林五祖",
            "subtitle": "The New Legend Of Shaolin",
            "ep_number": 0,
            "rating": 1,
            "content_type": "movie",
            "p_start": 1763021100000,
            "vod_channel_description": "清康熙年間，少林俗家弟子洪熙官（李連杰）遭同門師兄馬寧兒出賣，全家慘遭殺害。洪熙官刺死馬寧兒後，便攜幼子浪跡天涯。8年後，少林寺至善禪師將藏寶圖紋在5個年幼的的俗家弟子背上，並委託洪熙官護送他們前往紅花會。不料，突然出現一名恐怖怪人大鬧少林寺，欲追殺5名孩子…"
          },
          {
            "content_id": "VOD00105336",
            "time_codes": [
              933000,
              1800000,
              2700000,
              3601000,
              4450000,
              5458000
            ],
            "timecode_duration": [],
            "length": 5601000,
            "asset_id": "vod33296-000000M001",
            "title": "摩登武聖",
            "subtitle": "Fist of Fury 1991 II",
            "ep_number": 0,
            "rating": 1,
            "content_type": "movie",
            "p_start": 1763026800000,
            "vod_channel_description": "劉晶（周星馳）戰勝鄭威成為新精武門掌門人，但四老將所有獎金豪賭後遁走，使得新精武門債台高築。鄭威的胞兄鄭橫刀決定率領手下赴港報仇，正值劉晶與牛皮買醉回家，結果不敵鄭橫刀等人，幾被活活打死。幸而一黑衣人從天而降擊退眾人，二人方得解脫。然劉晶受傷過重，武功盡廢，只得由牛皮的姑媽照料…"
          },
          {
            "content_id": "VOD00101476",
            "time_codes": [
              873000,
              1802000,
              2654000,
              3528000,
              4473000,
              5411000
            ],
            "timecode_duration": [],
            "length": 5637000,
            "asset_id": "vod32381-000000M001",
            "title": "齊天大聖東遊記",
            "subtitle": "A Chinese Odyssey Part One: Pandora｀s Box",
            "ep_number": 0,
            "rating": 2,
            "content_type": "movie",
            "p_start": 1763032500000,
            "vod_channel_description": "孫悟空（周星馳）護送唐三藏去西天取經，半路卻和牛魔王合謀殺害唐三藏。觀世音聞訊趕到，令悟空五百年後投胎作人，贖其罪孽。五百年後，孫悟空化身匪頭至尊寶，不巧撞見預謀吃唐僧肉的蜘蛛精春三十娘和白骨精白晶晶（莫文蔚）。五百年前曾有一段情的孫悟空和白晶晶，再度一見鍾情…"
          },
          {
            "content_id": "VOD00131784",
            "time_codes": [
              899000,
              1802000,
              2724000,
              3604000,
              4568000,
              5378000
            ],
            "timecode_duration": [],
            "length": 5712000,
            "asset_id": "vod36664-000000M001",
            "title": "莎莎嘉嘉站起來",
            "subtitle": "Sisters of the World Unite",
            "ep_number": 0,
            "rating": 1,
            "content_type": "movie",
            "p_start": 1763038200000,
            "vod_channel_description": "嘉嘉（張艾嘉）是典型家庭主婦，嫁與夫婿姚寶寶20年，育有一子。偶然間，嘉嘉發現丈夫有婚外情，在傷心之下她選擇離家，寄宿於妹妹莎莎（葉蒨文）家。與有婦之夫相戀的莎莎，不能忍受這種偷偷摸摸的關係而分手。情緒低落的她，遇上嘉嘉之子的同學Ray，Ray對莎莎展開追求，二人發生一段忘年戀…"
          },
          {
            "content_id": "VOD00106236",
            "time_codes": [
              904000,
              1812000,
              2648000,
              3584000,
              4582000,
              5359000
            ],
            "timecode_duration": [],
            "length": 5528000,
            "asset_id": "vod33540-000000M001",
            "title": "第六感奇緣之人魚傳說",
            "subtitle": "Mermaid Got Married",
            "ep_number": 0,
            "rating": 1,
            "content_type": "movie",
            "p_start": 1763044200000,
            "vod_channel_description": "教師阿志（鄭伊健）自幼怕水，一次溺水被人魚（鍾麗緹）小美所救，但小美體內的珍珠卻被阿志誤吞下肚。失去珍珠的小美無法回到大海，只好假扮學生進入學校，希望拿回珍珠。阿志得知實情後，雖然嚇了一跳，但仍和小美展開一段唯美的人魚戀。然而紙包不住火，校長獲悉小美的秘密後，決定抓住她…"
          },
          {
            "content_id": "VOD00129096",
            "time_codes": [
              860000,
              1851000,
              2761000,
              3537000,
              4476000,
              5528000
            ],
            "timecode_duration": [],
            "length": 6050000,
            "asset_id": "vod36378-000000M001",
            "title": "年年有今日",
            "subtitle": "I Will Wait for You",
            "ep_number": 0,
            "rating": 3,
            "content_type": "movie",
            "p_start": 1763049900000,
            "vod_channel_description": "為了工作，鐘有誠（梁家輝）需要到大嶼山一趟，怎知卻因颱風而遭困島上，並認識了少女慧心（袁詠儀）。有誠雖然已婚，慧心也將步入禮堂，但兩人仍舊產生了情愫。兩人深知無法擺脫家庭與彼此相守到老，只能約定每年的今天都要來島上相聚。直到第21次相聚，有誠告訴慧心他們已決定舉家移民…"
          },
          {
            "content_id": "VOD00213999",
            "time_codes": [
              919000,
              1816000,
              2729000,
              3645000,
              4456000
            ],
            "timecode_duration": [],
            "length": 5436000,
            "asset_id": "vod47119-000000M001",
            "title": "鴛鴦俠侶",
            "subtitle": "Megaforce from the Highlands",
            "ep_number": 0,
            "rating": 1,
            "content_type": "movie",
            "p_start": 1763056200000,
            "vod_channel_description": "公元6世紀，印度高僧達摩跋山涉水，從天竺來中國傳播佛家學說。人昭寺為了爭得達摩能在本寺傳經，派以黑袍為首的武僧沿途攔截達摩。然而達摩決心已定，認為只有嵩山少林寺才是立足之地。此時，建康城內，以盧大人為首的一夥奸黨準備謀害太子。緊急之下，大將天羽之妻秋琴等人保護太子前往少林寺避難…"
          }
        ],
        "total_length": 81921000,
        "focus_index": 3,
        "next_index": 4,
        "time": 1206261,
        "focus_program": {
          "content_id": "VOD00059869",
          "time_codes": [
            882000,
            1840000,
            2681000,
            3531000,
            4554000,
            5412000,
            6238000
          ],
          "timecode_duration": [],
          "length": 6418000,
          "asset_id": "vod16740-000000M001",
          "title": "整人專家",
          "subtitle": "Tricky Brains",
          "ep_number": 0,
          "rating": 1,
          "content_type": "movie",
          "p_start": 1762996500000,
          "vod_channel_description": "胡真（周星馳）以收錢代替人戲弄他人為業，常常把人整得魂飛魄散，自稱為「整人專家」。車文杰（劉德華）升任經理當天，在公司認識了剛回國的程樂兒（關之琳），兩人感情迅速升溫，卻引起樂兒的前男友不滿，遂找了胡真來對付阿杰。胡真不僅混入車家，更進入阿杰的公司上班，藉機離間阿杰與樂兒的感情…"
        }
      },
      "station_categories": [
        {
          "Name": "電影",
          "EngName": "Movie",
          "MenuOrder": 5
        }
      ]
    },
    "introduction": null,
    "recommends": null,
    "ua": "Mozilla/5.0 (Windows NT 10.0; Win64; x64) AppleWebKit/537.36 (KHTML, like Gecko) Chrome/134.0.0.0 Safari/537.36"
  },
  "__N_SSP": true
}