{
  "pageProps": {
    "contentId": "ofiii201",
    "channel": {
      "title": "大新聞大爆卦",
      "no": 201,
      "charge_mode": "F",
      "content_id": "ofiii201",
      "content_type": "vod-channel",
      "epg_categories": [
        5
      ],
      "genres": [
        {
          "id": "",
          "name": "VOD_CHANNEL",
          "logo": ""
        }
      ],
      "liad_id": "VODCHNEWOFIWEB",
      "package_info_id": "VOD_CHANNEL_DELUX",
      "picture": "pics/vod_channel/logo_2939_ofiii201_tv_20250221.png",
      "provider": [
        {
          "id": "",
          "name": "中天亞洲台",
          "logo": ""
        }
      ],
      "quality": "HD",
      "station_id": "station5873",
      "trial": "",
      "selectable": 1,
      "tr_logo": "",
      "tl_logo": "",
      "br_logo": "",
      "bl_logo": "",
      "menu_type": 0,
      "vod_channel_schedule": {
        "channel_id": 201,
        "cdn_code": "ofiii201",
        "start_time": 1762505700000,
        "programs": [
          {
            "content_id": "VOD00381403",
            "time_codes": [
              1143000,
              2096000,
              3162000,
              4084000,
              5037000
            ],
            "timecode_duration": [],
            "length": 5961000,
            "asset_id": "vod48369-001101M001",
            "title": "",
            "subtitle": "鄭麗文嗆藍獅群咬綠不只一口！卓籲吃光廚餘最蠢笑話！普發一萬綠搶功被藍戰狼嗆爆！",
            "ep_number": 1101,
            "rating": 1,
            "content_type": "show",
            "p_start": 1762505700000,
            "vod_channel_description": "《大新聞大爆卦》努力秉持著監督政府的精神，繼續在網路上努力說出事實。"
          },
          {
            "content_id": "VOD00381404",
            "time_codes": [
              1137000,
              2166000,
              3183000,
              4158000,
              5178000
            ],
            "timecode_duration": [],
            "length": 6004000,
            "asset_id": "vod48369-001102M001",
            "title": "",
            "subtitle": "郭正亮揭賴清德政府完蛋了！吳子嘉爆鄭麗文收拾綠絕招賴清德就投降！陳以信挑戰謝龍介藍好兆頭！游盈隆看壞綠2026！",
            "ep_number": 1102,
            "rating": 1,
            "content_type": "show",
            "p_start": 1762512000000,
            "vod_channel_description": "《大新聞大爆卦》努力秉持著監督政府的精神，繼續在網路上努力說出事實。"
          },
          {
            "content_id": "VOD00381405",
            "time_codes": [
              1144000,
              2097000,
              3091000,
              4104000,
              5133000
            ],
            "timecode_duration": [],
            "length": 5986000,
            "asset_id": "vod48369-001103M001",
            "title": "",
            "subtitle": "郭正亮笑DPP全黨都被批賴魯莽搞瘋了？綠想打鄭麗文中國黨反而中計了！柯志恩親兵上陣了要拿下對手的頭了！",
            "ep_number": 1103,
            "rating": 1,
            "content_type": "show",
            "p_start": 1762518300000,
            "vod_channel_description": "《大新聞大爆卦》努力秉持著監督政府的精神，繼續在網路上努力說出事實。"
          },
          {
            "content_id": "VOD00381406",
            "time_codes": [
              1139000,
              2164000
            ],
            "timecode_duration": [],
            "length": 3158000,
            "asset_id": "vod48369-001104M001",
            "title": "",
            "subtitle": "黃仁勳的輝達助蔣萬安打爆綠營詭計了！鄭麗文殺向南投斷賴續命龍脈！周玉蔻嗆王世堅又髒又醜是提拔他？",
            "ep_number": 1104,
            "rating": 1,
            "content_type": "show",
            "p_start": 1762524600000,
            "vod_channel_description": "《大新聞大爆卦》努力秉持著監督政府的精神，繼續在網路上努力說出事實。"
          },
          {
            "content_id": "VOD00381407",
            "time_codes": [
              1139000,
              2164000,
              3340000,
              4214000,
              5238000
            ],
            "timecode_duration": [],
            "length": 6134000,
            "asset_id": "vod48369-001105M001",
            "title": "",
            "subtitle": "郭正亮爆習川會談這個賴要慘了！鄭麗文率藍政黨輪替百年機遇來了！林佳龍挺林岱樺綠本命區要內亂了？",
            "ep_number": 1105,
            "rating": 1,
            "content_type": "show",
            "p_start": 1762527900000,
            "vod_channel_description": "《大新聞大爆卦》努力秉持著監督政府的精神，繼續在網路上努力說出事實。"
          },
          {
            "content_id": "VOD00381408",
            "time_codes": [
              1140000,
              2170000,
              4009000,
              4965000
            ],
            "timecode_duration": [],
            "length": 5840000,
            "asset_id": "vod48369-001106M001",
            "title": "",
            "subtitle": "郭正亮爆美這天要跟賴算大帳？鄭麗文出奇招綠全上當了？綠大咖看衰威廉2026完蛋了？",
            "ep_number": 1106,
            "rating": 1,
            "content_type": "show",
            "p_start": 1762534200000,
            "vod_channel_description": "《大新聞大爆卦》努力秉持著監督政府的精神，繼續在網路上努力說出事實。"
          },
          {
            "content_id": "VOD00381409",
            "time_codes": [
              1144000,
              2136000,
              3055000,
              4180000,
              5139000
            ],
            "timecode_duration": [],
            "length": 6054000,
            "asset_id": "vod48369-001107M001",
            "title": "",
            "subtitle": "郭正亮爆林岱樺豁出去柯志恩貴人多！鄭麗文人事布局暗藏這深意？青鳥黃明志捲命案出大事了！徐巧芯斥得綠愣了！",
            "ep_number": 1107,
            "rating": 1,
            "content_type": "show",
            "p_start": 1762540200000,
            "vod_channel_description": "《大新聞大爆卦》努力秉持著監督政府的精神，繼續在網路上努力說出事實。"
          },
          {
            "content_id": "VOD00381410",
            "time_codes": [
              1144000,
              1689000,
              2775000,
              3646000,
              4622000
            ],
            "timecode_duration": [],
            "length": 5533000,
            "asset_id": "vod48369-001108M001",
            "title": "",
            "subtitle": "鄭麗文耍翻綠大老段宜康了？馬郁雯馬檢參選專殺綠自己人了？韓國瑜嗆他的曲棍球有人幫他吞了？",
            "ep_number": 1108,
            "rating": 1,
            "content_type": "show",
            "p_start": 1762546500000,
            "vod_channel_description": "《大新聞大爆卦》努力秉持著監督政府的精神，繼續在網路上努力說出事實。"
          },
          {
            "content_id": "VOD00381411",
            "time_codes": [
              1139000,
              2164000,
              3158000,
              4091000,
              5115000
            ],
            "timecode_duration": [],
            "length": 6003000,
            "asset_id": "vod48369-001109M001",
            "title": "",
            "subtitle": "謝龍介爆賴被好兄弟陰了大傷2026！獨派要為吳音寧槓上威廉了造反了？吳怡農還沒選上就得罪自己人了？",
            "ep_number": 1109,
            "rating": 1,
            "content_type": "show",
            "p_start": 1762552200000,
            "vod_channel_description": "《大新聞大爆卦》努力秉持著監督政府的精神，繼續在網路上努力說出事實。"
          },
          {
            "content_id": "VOD00381412",
            "time_codes": [
              1138000,
              2086000,
              3139000,
              4039000,
              5056000
            ],
            "timecode_duration": [],
            "length": 5941000,
            "asset_id": "vod48369-001110M001",
            "title": "",
            "subtitle": "太子集團詐45億15萬交保燦笑！郭正亮驚爆也是詐騙受害者！吳子嘉揭鄭麗文讓賴2026輸到脫褲法！",
            "ep_number": 1110,
            "rating": 1,
            "content_type": "show",
            "p_start": 1762558500000,
            "vod_channel_description": "《大新聞大爆卦》努力秉持著監督政府的精神，繼續在網路上努力說出事實。"
          }
        ],
        "total_length": 56614000,
        "focus_index": 8,
        "next_index": 9,
        "time": 1796729,
        "focus_program": {
          "content_id": "VOD00381411",
          "time_codes": [
            1139000,
            2164000,
            3158000,
            4091000,
            5115000
          ],
          "timecode_duration": [],
          "length": 6003000,
          "asset_id": "vod48369-001109M001",
          "title": "",
          "subtitle": "謝龍介爆賴被好兄弟陰了大傷2026！獨派要為吳音寧槓上威廉了造反了？吳怡農還沒選上就得罪自己人了？",
          "ep_number": 1109,
          "rating": 1,
          "content_type": "show",
          "p_start": 1762552200000,
          "vod_channel_description": "《大新聞大爆卦》努力秉持著監督政府的精神，繼續在網路上努力說出事實。"
        }
      },
      "station_categories": [
        {
          "Name": "新聞‧財經",
          "EngName": "News & Finance",
          "MenuOrder": 3
        }
      ]
    },
    "introduction": {
      "image": "https://p-cdnstatic.svc.litv.tv/pics/vod_channel/logo_ofiii201_mobile_20230707.png",
      "description": "",
      "href_maps": []
    },
    "recommends": [],
    "ua": "Mozilla/5.0 (Windows NT 10.0; Win64; x64) AppleWebKit/537.36 (KHTML, like Gecko) Chrome/114.0.0.0 Safari/537.36 Edg/114.0.1823.86"
  },
  "__N_SSP": true
}