{
  "pageProps": {
    "contentId": "ofiii134",
    "channel": {
      "title": "法眼黑與白",
      "no": 134,
      "charge_mode": "F",
      "content_id": "ofiii134",
      "content_type": "vod-channel",
      "epg_categories": [
        18
      ],
      "genres": [
        {
          "id": "",
          "name": "VOD_CHANNEL",
          "logo": ""
        }
      ],
      "liad_id": "VODCHNEWOFIWEB",
      "package_info_id": "VOD_CHANNEL_DELUX",
      "picture": "pics/vod_channel/logo_2935_ofiii134_tv_20250221.png",
      "provider": [
        {
          "id": "",
          "name": "東森娛樂",
          "logo": ""
        }
      ],
      "quality": "HD",
      "station_id": "station5869",
      "trial": "",
      "selectable": 1,
      "tr_logo": "pics/vod_channel/tr_logo_1689822896.png",
      "tl_logo": "",
      "br_logo": "",
      "bl_logo": "",
      "menu_type": 0,
      "vod_channel_schedule": {
        "channel_id": 134,
        "cdn_code": "ofiii134",
        "start_time": 1762423200000,
        "programs": [
          {
            "content_id": "VOD00296504",
            "time_codes": [
              735000,
              1599000,
              2154000
            ],
            "timecode_duration": [],
            "length": 2860000,
            "asset_id": "vod44861-000104M001",
            "title": "",
            "subtitle": "第104集 15歲遭侵犯，委屈嫁惡狼、吃人夠夠，娘家雞飛狗跳、這款男人，挾持子凌遲妻",
            "ep_number": 104,
            "rating": 2,
            "content_type": "show",
            "p_start": 1762423200000,
            "vod_channel_description": "《法眼黑與白》是最早也唯一以科學鑑識為基礎來談刑案的節目，內容以強調鑑識證據、法醫解剖、詳細辦案過程的精神，來呈現深入報導的專業度。以探究刑事案件為主軸，並以專題方式深度報導關於酒駕、毒品、虐童等社會問題。"
          },
          {
            "content_id": "VOD00296506",
            "time_codes": [
              846000,
              1384000,
              2067000
            ],
            "timecode_duration": [],
            "length": 2824000,
            "asset_id": "vod44861-000106M001",
            "title": "",
            "subtitle": "第106集 捷運變劫運，四乘客枉死、尖叫聲四起，乘客倉皇逃、驚恐40秒，團結對抗匪",
            "ep_number": 106,
            "rating": 2,
            "content_type": "show",
            "p_start": 1762426200000,
            "vod_channel_description": "《法眼黑與白》是最早也唯一以科學鑑識為基礎來談刑案的節目，內容以強調鑑識證據、法醫解剖、詳細辦案過程的精神，來呈現深入報導的專業度。以探究刑事案件為主軸，並以專題方式深度報導關於酒駕、毒品、虐童等社會問題。"
          },
          {
            "content_id": "VOD00296507",
            "time_codes": [
              760000,
              1480000,
              2245000
            ],
            "timecode_duration": [],
            "length": 2845000,
            "asset_id": "vod44861-000107M001",
            "title": "",
            "subtitle": "第107集 找不到人，先生著急報警、提早出門赴約，就此失聯、追通聯，最後去木柵山區",
            "ep_number": 107,
            "rating": 2,
            "content_type": "show",
            "p_start": 1762429200000,
            "vod_channel_description": "《法眼黑與白》是最早也唯一以科學鑑識為基礎來談刑案的節目，內容以強調鑑識證據、法醫解剖、詳細辦案過程的精神，來呈現深入報導的專業度。以探究刑事案件為主軸，並以專題方式深度報導關於酒駕、毒品、虐童等社會問題。"
          },
          {
            "content_id": "VOD00296508",
            "time_codes": [
              730000,
              1548000,
              2130000
            ],
            "timecode_duration": [],
            "length": 2879000,
            "asset_id": "vod44861-000108M001",
            "title": "",
            "subtitle": "第108集 巧合的內急，撞見女童屍、痛徹心肝，女童死狀悽慘、寒流穿短袖，顯疏於照顧",
            "ep_number": 108,
            "rating": 2,
            "content_type": "show",
            "p_start": 1762432200000,
            "vod_channel_description": "《法眼黑與白》是最早也唯一以科學鑑識為基礎來談刑案的節目，內容以強調鑑識證據、法醫解剖、詳細辦案過程的精神，來呈現深入報導的專業度。以探究刑事案件為主軸，並以專題方式深度報導關於酒駕、毒品、虐童等社會問題。"
          },
          {
            "content_id": "VOD00296509",
            "time_codes": [
              1029000,
              1663000,
              2435000
            ],
            "timecode_duration": [],
            "length": 2839000,
            "asset_id": "vod44861-000109M001",
            "title": "",
            "subtitle": "第109集 滾燙水漫流，淹口鼻奪命、摩鐵休息，運將偕女入住、皮夾遭竊，女伴不見人影",
            "ep_number": 109,
            "rating": 2,
            "content_type": "show",
            "p_start": 1762435200000,
            "vod_channel_description": "《法眼黑與白》是最早也唯一以科學鑑識為基礎來談刑案的節目，內容以強調鑑識證據、法醫解剖、詳細辦案過程的精神，來呈現深入報導的專業度。以探究刑事案件為主軸，並以專題方式深度報導關於酒駕、毒品、虐童等社會問題。"
          },
          {
            "content_id": "VOD00296510",
            "time_codes": [
              766000,
              1530000,
              2252000
            ],
            "timecode_duration": [],
            "length": 2839000,
            "asset_id": "vod44861-000110M001",
            "title": "",
            "subtitle": "第110集 子彈亂亂飛，警疲於奔命、凶狠槍擊犯，手榴彈不離身、暗夜大圍捕，攻堅步步險",
            "ep_number": 110,
            "rating": 2,
            "content_type": "show",
            "p_start": 1762438200000,
            "vod_channel_description": "《法眼黑與白》是最早也唯一以科學鑑識為基礎來談刑案的節目，內容以強調鑑識證據、法醫解剖、詳細辦案過程的精神，來呈現深入報導的專業度。以探究刑事案件為主軸，並以專題方式深度報導關於酒駕、毒品、虐童等社會問題。"
          },
          {
            "content_id": "VOD00296511",
            "time_codes": [
              440000,
              1112000,
              1796000,
              2455000
            ],
            "timecode_duration": [],
            "length": 2855000,
            "asset_id": "vod44861-000111M001",
            "title": "",
            "subtitle": "第111集 美好清晨，阿伯瞥見怪狀、男死血泊中，生辰變忌日、神明前殺人，居民憂恐慌",
            "ep_number": 111,
            "rating": 2,
            "content_type": "show",
            "p_start": 1762441200000,
            "vod_channel_description": "《法眼黑與白》是最早也唯一以科學鑑識為基礎來談刑案的節目，內容以強調鑑識證據、法醫解剖、詳細辦案過程的精神，來呈現深入報導的專業度。以探究刑事案件為主軸，並以專題方式深度報導關於酒駕、毒品、虐童等社會問題。"
          },
          {
            "content_id": "VOD00296512",
            "time_codes": [
              955000,
              1669000,
              2197000
            ],
            "timecode_duration": [],
            "length": 2849000,
            "asset_id": "vod44861-000112M001",
            "title": "",
            "subtitle": "第112集 荒山幽谷人形，眼花看錯、半尺之差，深谷屍體卡樹枝、刀刀致命，兇嫌趕盡殺絕",
            "ep_number": 112,
            "rating": 2,
            "content_type": "show",
            "p_start": 1762444200000,
            "vod_channel_description": "《法眼黑與白》是最早也唯一以科學鑑識為基礎來談刑案的節目，內容以強調鑑識證據、法醫解剖、詳細辦案過程的精神，來呈現深入報導的專業度。以探究刑事案件為主軸，並以專題方式深度報導關於酒駕、毒品、虐童等社會問題。"
          },
          {
            "content_id": "VOD00296513",
            "time_codes": [
              1014000,
              1533000,
              2265000
            ],
            "timecode_duration": [],
            "length": 2841000,
            "asset_id": "vod44861-000113M001",
            "title": "",
            "subtitle": "第113集 躲12年真相終於大白、車主夫婦失蹤，竟無血跡、不合理，落海前車門開啟",
            "ep_number": 113,
            "rating": 2,
            "content_type": "show",
            "p_start": 1762447200000,
            "vod_channel_description": "《法眼黑與白》是最早也唯一以科學鑑識為基礎來談刑案的節目，內容以強調鑑識證據、法醫解剖、詳細辦案過程的精神，來呈現深入報導的專業度。以探究刑事案件為主軸，並以專題方式深度報導關於酒駕、毒品、虐童等社會問題。"
          },
          {
            "content_id": "VOD00296514",
            "time_codes": [
              761000,
              1715000,
              2413000
            ],
            "timecode_duration": [],
            "length": 2795000,
            "asset_id": "vod44861-000114M001",
            "title": "",
            "subtitle": "第114集 裴公探案，生死謎團活字典、往事如昨，烽火走來的法醫、臨床轉法醫，穿梭生死線",
            "ep_number": 114,
            "rating": 2,
            "content_type": "show",
            "p_start": 1762450200000,
            "vod_channel_description": "《法眼黑與白》是最早也唯一以科學鑑識為基礎來談刑案的節目，內容以強調鑑識證據、法醫解剖、詳細辦案過程的精神，來呈現深入報導的專業度。以探究刑事案件為主軸，並以專題方式深度報導關於酒駕、毒品、虐童等社會問題。"
          },
          {
            "content_id": "VOD00296515",
            "time_codes": [
              346000,
              1318000,
              1796000,
              2445000
            ],
            "timecode_duration": [],
            "length": 2869000,
            "asset_id": "vod44861-000115M001",
            "title": "",
            "subtitle": "第115集 黃金單身女，收租愜意度日、孝女無故失聯，老母憂心找人、自戕？繩結打法詭異",
            "ep_number": 115,
            "rating": 2,
            "content_type": "show",
            "p_start": 1762453200000,
            "vod_channel_description": "《法眼黑與白》是最早也唯一以科學鑑識為基礎來談刑案的節目，內容以強調鑑識證據、法醫解剖、詳細辦案過程的精神，來呈現深入報導的專業度。以探究刑事案件為主軸，並以專題方式深度報導關於酒駕、毒品、虐童等社會問題。"
          },
          {
            "content_id": "VOD00296516",
            "time_codes": [
              1144000,
              1760000,
              2218000
            ],
            "timecode_duration": [],
            "length": 2844000,
            "asset_id": "vod44861-000116M001",
            "title": "",
            "subtitle": "第116集 公墓現火團，驚聞槍擊聲、巡稻田，農夫瞥見男屍、車牌追身分，家屬悲慟認屍",
            "ep_number": 116,
            "rating": 2,
            "content_type": "show",
            "p_start": 1762456200000,
            "vod_channel_description": "《法眼黑與白》是最早也唯一以科學鑑識為基礎來談刑案的節目，內容以強調鑑識證據、法醫解剖、詳細辦案過程的精神，來呈現深入報導的專業度。以探究刑事案件為主軸，並以專題方式深度報導關於酒駕、毒品、虐童等社會問題。"
          },
          {
            "content_id": "VOD00296517",
            "time_codes": [
              655000,
              1390000,
              1991000
            ],
            "timecode_duration": [],
            "length": 2844000,
            "asset_id": "vod44861-000117M001",
            "title": "",
            "subtitle": "第117集 染毒的代價，直擊戒治所、毒海落難，慘白17歲、禁不得人激，15歲染毒",
            "ep_number": 117,
            "rating": 2,
            "content_type": "show",
            "p_start": 1762459200000,
            "vod_channel_description": "《法眼黑與白》是最早也唯一以科學鑑識為基礎來談刑案的節目，內容以強調鑑識證據、法醫解剖、詳細辦案過程的精神，來呈現深入報導的專業度。以探究刑事案件為主軸，並以專題方式深度報導關於酒駕、毒品、虐童等社會問題。"
          },
          {
            "content_id": "VOD00296518",
            "time_codes": [
              656000,
              1554000,
              2236000
            ],
            "timecode_duration": [],
            "length": 2834000,
            "asset_id": "vod44861-000118M001",
            "title": "",
            "subtitle": "第118集 女浮屍命案，驚動純樸漁村、半口式假牙，追死者身分、標籤帶路，茫茫人海追查身分",
            "ep_number": 118,
            "rating": 2,
            "content_type": "show",
            "p_start": 1762462200000,
            "vod_channel_description": "《法眼黑與白》是最早也唯一以科學鑑識為基礎來談刑案的節目，內容以強調鑑識證據、法醫解剖、詳細辦案過程的精神，來呈現深入報導的專業度。以探究刑事案件為主軸，並以專題方式深度報導關於酒駕、毒品、虐童等社會問題。"
          },
          {
            "content_id": "VOD00296519",
            "time_codes": [
              780000,
              1288000,
              1885000
            ],
            "timecode_duration": [],
            "length": 2847000,
            "asset_id": "vod44861-000119M001",
            "title": "",
            "subtitle": "第119集 有人半夜跳崖，驚動值班員警、跳崖尋死？解開崖下謎團、情侶吵架，女友負氣自殺",
            "ep_number": 119,
            "rating": 2,
            "content_type": "show",
            "p_start": 1762465200000,
            "vod_channel_description": "《法眼黑與白》是最早也唯一以科學鑑識為基礎來談刑案的節目，內容以強調鑑識證據、法醫解剖、詳細辦案過程的精神，來呈現深入報導的專業度。以探究刑事案件為主軸，並以專題方式深度報導關於酒駕、毒品、虐童等社會問題。"
          },
          {
            "content_id": "VOD00296520",
            "time_codes": [
              909000,
              1471000,
              2130000
            ],
            "timecode_duration": [],
            "length": 2857000,
            "asset_id": "vod44861-000120M001",
            "title": "",
            "subtitle": "第120集 虐殺富商主嫌，泰緬邊境落網、押解返台，情財仇追殺機、50億吸引力，富商慘遭撕票",
            "ep_number": 120,
            "rating": 2,
            "content_type": "show",
            "p_start": 1762468200000,
            "vod_channel_description": "《法眼黑與白》是最早也唯一以科學鑑識為基礎來談刑案的節目，內容以強調鑑識證據、法醫解剖、詳細辦案過程的精神，來呈現深入報導的專業度。以探究刑事案件為主軸，並以專題方式深度報導關於酒駕、毒品、虐童等社會問題。"
          },
          {
            "content_id": "VOD00296521",
            "time_codes": [
              587000,
              1276000,
              1933000
            ],
            "timecode_duration": [],
            "length": 2837000,
            "asset_id": "vod44861-000121M001",
            "title": "",
            "subtitle": "第121集 樂器行命案，音樂老師遇害、死者全身赤裸，頭部傷勢重、死者身手矯健，歹徒是誰？",
            "ep_number": 121,
            "rating": 2,
            "content_type": "show",
            "p_start": 1762471200000,
            "vod_channel_description": "《法眼黑與白》是最早也唯一以科學鑑識為基礎來談刑案的節目，內容以強調鑑識證據、法醫解剖、詳細辦案過程的精神，來呈現深入報導的專業度。以探究刑事案件為主軸，並以專題方式深度報導關於酒駕、毒品、虐童等社會問題。"
          },
          {
            "content_id": "VOD00296522",
            "time_codes": [
              463000,
              1418000,
              1961000
            ],
            "timecode_duration": [],
            "length": 2864000,
            "asset_id": "vod44861-000122M001",
            "title": "",
            "subtitle": "第122集 妹夫突失蹤，家屬急尋人、妹夫無故失蹤，姊夫驚訝、急尋行蹤，妹夫難過自責",
            "ep_number": 122,
            "rating": 2,
            "content_type": "show",
            "p_start": 1762474200000,
            "vod_channel_description": "《法眼黑與白》是最早也唯一以科學鑑識為基礎來談刑案的節目，內容以強調鑑識證據、法醫解剖、詳細辦案過程的精神，來呈現深入報導的專業度。以探究刑事案件為主軸，並以專題方式深度報導關於酒駕、毒品、虐童等社會問題。"
          },
          {
            "content_id": "VOD00296523",
            "time_codes": [
              1053000,
              1631000,
              2178000
            ],
            "timecode_duration": [],
            "length": 2866000,
            "asset_id": "vod44861-000123M001",
            "title": "",
            "subtitle": "第123集 火吞噬民宅，睡夢中驚逃、「妳在哪」父奔火場救女、父為女嗆傷，插管搏死神",
            "ep_number": 123,
            "rating": 2,
            "content_type": "show",
            "p_start": 1762477200000,
            "vod_channel_description": "《法眼黑與白》是最早也唯一以科學鑑識為基礎來談刑案的節目，內容以強調鑑識證據、法醫解剖、詳細辦案過程的精神，來呈現深入報導的專業度。以探究刑事案件為主軸，並以專題方式深度報導關於酒駕、毒品、虐童等社會問題。"
          },
          {
            "content_id": "VOD00296524",
            "time_codes": [
              1015000,
              1612000,
              2072000
            ],
            "timecode_duration": [],
            "length": 2775000,
            "asset_id": "vod44861-000124M001",
            "title": "",
            "subtitle": "第124集 破曉驚叫聲，女街頭斷魂、「我好愛妳」心碎刃摯愛、情逝難挽回，利刃刎女頸",
            "ep_number": 124,
            "rating": 2,
            "content_type": "show",
            "p_start": 1762480200000,
            "vod_channel_description": "《法眼黑與白》是最早也唯一以科學鑑識為基礎來談刑案的節目，內容以強調鑑識證據、法醫解剖、詳細辦案過程的精神，來呈現深入報導的專業度。以探究刑事案件為主軸，並以專題方式深度報導關於酒駕、毒品、虐童等社會問題。"
          },
          {
            "content_id": "VOD00296525",
            "time_codes": [
              492000,
              1934000,
              2443000
            ],
            "timecode_duration": [],
            "length": 2855000,
            "asset_id": "vod44861-000125M001",
            "title": "",
            "subtitle": "第125集 男主人突失蹤，缺角團圓飯、離奇失蹤月餘，神指引方向、續酒攤失蹤，焦急母尋兒",
            "ep_number": 125,
            "rating": 2,
            "content_type": "show",
            "p_start": 1762483200000,
            "vod_channel_description": "《法眼黑與白》是最早也唯一以科學鑑識為基礎來談刑案的節目，內容以強調鑑識證據、法醫解剖、詳細辦案過程的精神，來呈現深入報導的專業度。以探究刑事案件為主軸，並以專題方式深度報導關於酒駕、毒品、虐童等社會問題。"
          },
          {
            "content_id": "VOD00296526",
            "time_codes": [
              468000,
              1253000,
              2135000
            ],
            "timecode_duration": [],
            "length": 2860000,
            "asset_id": "vod44861-000126M001",
            "title": "",
            "subtitle": "第126集 暗夜驚魂，嘉義街頭染血、破曉驚叫聲，婦人受刀傷、刀刀致命，婦人傷勢重",
            "ep_number": 126,
            "rating": 2,
            "content_type": "show",
            "p_start": 1762486200000,
            "vod_channel_description": "《法眼黑與白》是最早也唯一以科學鑑識為基礎來談刑案的節目，內容以強調鑑識證據、法醫解剖、詳細辦案過程的精神，來呈現深入報導的專業度。以探究刑事案件為主軸，並以專題方式深度報導關於酒駕、毒品、虐童等社會問題。"
          },
          {
            "content_id": "VOD00296527",
            "time_codes": [
              815000,
              1851000,
              2342000
            ],
            "timecode_duration": [],
            "length": 2858000,
            "asset_id": "vod44861-000127M001",
            "title": "",
            "subtitle": "第127集 純樸嘉義，籠罩驚恐氛圍、神秘匿名信，揭驚人命案、手段殘忍，驚見鹽巴醃漬",
            "ep_number": 127,
            "rating": 2,
            "content_type": "show",
            "p_start": 1762489200000,
            "vod_channel_description": "《法眼黑與白》是最早也唯一以科學鑑識為基礎來談刑案的節目，內容以強調鑑識證據、法醫解剖、詳細辦案過程的精神，來呈現深入報導的專業度。以探究刑事案件為主軸，並以專題方式深度報導關於酒駕、毒品、虐童等社會問題。"
          },
          {
            "content_id": "VOD00296528",
            "time_codes": [
              537000,
              1792000,
              2521000
            ],
            "timecode_duration": [],
            "length": 2865000,
            "asset_id": "vod44861-000128M001",
            "title": "",
            "subtitle": "第128集 殺警變癱瘓",
            "ep_number": 128,
            "rating": 2,
            "content_type": "show",
            "p_start": 1762492200000,
            "vod_channel_description": "《法眼黑與白》是最早也唯一以科學鑑識為基礎來談刑案的節目，內容以強調鑑識證據、法醫解剖、詳細辦案過程的精神，來呈現深入報導的專業度。以探究刑事案件為主軸，並以專題方式深度報導關於酒駕、毒品、虐童等社會問題。"
          },
          {
            "content_id": "VOD00296529",
            "time_codes": [
              870000,
              1581000,
              2250000
            ],
            "timecode_duration": [],
            "length": 2835000,
            "asset_id": "vod44861-000129M001",
            "title": "",
            "subtitle": "第129集 役男殺女友",
            "ep_number": 129,
            "rating": 2,
            "content_type": "show",
            "p_start": 1762495200000,
            "vod_channel_description": "下班的男主人回到家門口正準備開門，卻發現家中大門遭人反鎖，他心想不對，這個時間妻子應該在家做飯的，心裡有了不祥的預感，難不成家裡遭小偷了！？他趕緊找來女兒及親友協助，進到屋子裡竟赫然發現家裡多了兩具屍體，這到底怎麼回事？"
          },
          {
            "content_id": "VOD00296530",
            "time_codes": [
              818000,
              1464000,
              2199000
            ],
            "timecode_duration": [],
            "length": 2835000,
            "asset_id": "vod44861-000130M001",
            "title": "",
            "subtitle": "第130集 毒女狠殺父、打火反被救",
            "ep_number": 130,
            "rating": 2,
            "content_type": "show",
            "p_start": 1762498200000,
            "vod_channel_description": "一名70多歲的退休老翁，在某一天竟無故失蹤，同住的兒子心急如焚到處找人，後來發現老先生陳屍在女兒的租屋處，全身共有二、三十處刀傷，死狀淒慘，究竟老翁得罪了什麼人而引來殺機？消防隊弟兄出任務，小隊長卻沒能跟同仁一起平安歸隊，這到底怎麼回事？"
          },
          {
            "content_id": "VOD00322700",
            "time_codes": [
              917000,
              1418000,
              2243000
            ],
            "timecode_duration": [],
            "length": 2848000,
            "asset_id": "vod44861-000131M001",
            "title": "",
            "subtitle": "第131集 媽媽殺兒子、逆子殺養母",
            "ep_number": 131,
            "rating": 2,
            "content_type": "show",
            "p_start": 1762501200000,
            "vod_channel_description": "一個過年前的小年夜，純樸的鎮上竟傳出自盡悲劇，警方趕到現場時當場傻眼，令人震驚的是掛在繩子上的竟然是一個小六男童，在他這個無憂無慮的年紀怎會選擇走上絕路，中間到底有什麼不為人知的內幕，且帶你掀開繩子背後的驚人真相！\n"
          },
          {
            "content_id": "VOD00322701",
            "time_codes": [
              1066000,
              1657000,
              2284000
            ],
            "timecode_duration": [],
            "length": 2815000,
            "asset_id": "vod44861-000132M001",
            "title": "",
            "subtitle": "第132集 自殺掀姦情、狠父殺賣女",
            "ep_number": 132,
            "rating": 2,
            "content_type": "show",
            "p_start": 1762504200000,
            "vod_channel_description": "一名公務人員跟妻子說去南投爬山，按照時間早該回到家，結果竟無緣無故失蹤了，警方獲報開始循線追人，經查對他的通訊軌跡，赫然發現他根本沒去過南投？！平日人煙罕至的靈骨塔，突然擁進大批警察，引發民眾議論紛紛，靈骨塔內究竟發生什麼重大案件？"
          },
          {
            "content_id": "VOD00322702",
            "time_codes": [
              640000,
              1470000,
              2195000
            ],
            "timecode_duration": [],
            "length": 2875000,
            "asset_id": "vod44861-000133M001",
            "title": "",
            "subtitle": "第133集 文大裹屍案、女魔林于如",
            "ep_number": 133,
            "rating": 2,
            "content_type": "show",
            "p_start": 1762507200000,
            "vod_channel_description": "一位經營出租套房給學生的70多歲老房東，無端遭人殺害，兇嫌將死者以床墊跟塑膠袋層層包裹，直接棄屍在走廊上，老人家跟誰結怨？事實真相究竟是什麼？台灣司法史上第4名的女死囚，她為了還賭債，害死親生母親、婆婆及丈夫詐領保險金，她的冷血及冷靜，連資深刑警都不寒而慄！"
          },
          {
            "content_id": "VOD00322703",
            "time_codes": [
              1356000,
              2064000,
              2524000
            ],
            "timecode_duration": [],
            "length": 2830000,
            "asset_id": "vod44861-000134M001",
            "title": "",
            "subtitle": "第134集 魚缸狠殺妻、劫殺退休師",
            "ep_number": 134,
            "rating": 2,
            "content_type": "show",
            "p_start": 1762510200000,
            "vod_channel_description": "一位先生清晨發現當老師的妻子不見了，他著急尋找，但越找越覺得不對勁，沒想到妻子已成了一具冰冷的屍體，而且還慘死在家中倉庫的最深處！退休女老師一早去買菜，直到天黑都沒回家，警方據報循線找到她的座車，卻見女老師全身傷痕累累陳屍在後座，這到底怎麼一回事？！"
          },
          {
            "content_id": "VOD00322704",
            "time_codes": [
              614000,
              1282000,
              2046000,
              2753000
            ],
            "timecode_duration": [],
            "length": 2810000,
            "asset_id": "vod44861-000135M001",
            "title": "",
            "subtitle": "第135集 殺恩人棄屍、躁鬱子殺父",
            "ep_number": 135,
            "rating": 2,
            "content_type": "show",
            "p_start": 1762513200000,
            "vod_channel_description": "一間免洗餐具業者，某天老闆娘竟和一名男子人間蒸發，老闆報警尋人，警方追查發現帶走老闆娘的男子，竟出現在南部的一間彩券行，他到底是誰？老闆娘人又在哪裡？一名50歲的男子陳屍家中，頭部遭鐵槌重擊致死，警方調查發現該男子已婚，但卻將小三接回家住，案發後小三也無故失蹤了，這到底怎麼一回事？"
          },
          {
            "content_id": "VOD00322705",
            "time_codes": [
              776000,
              1363000,
              2146000,
              2821000
            ],
            "timecode_duration": [],
            "length": 2875000,
            "asset_id": "vod44861-000136M001",
            "title": "",
            "subtitle": "第136集 貢寮毒冤魂、富農割喉亡",
            "ep_number": 136,
            "rating": 2,
            "content_type": "show",
            "p_start": 1762516200000,
            "vod_channel_description": "位在新莊新泰路上的一處社區，平時治安良好，連竊盜案都很少發生，没想到警察查戶口竟還查到了一件殘忍的恐怖虐殺！？南投草屯的深山裡，一位老農夫被家人發現倒在自家倉庫外，頸部全是刀傷已氣絕身亡，而當時家人及外傭共三人在家，卻沒人察覺異狀？"
          },
          {
            "content_id": "VOD00322706",
            "time_codes": [
              479000,
              1345000,
              1970000,
              2803000
            ],
            "timecode_duration": [],
            "length": 2855000,
            "asset_id": "vod44861-000137M001",
            "title": "",
            "subtitle": "第137集 變心切三塊、警殺黑小孩、動物法醫學",
            "ep_number": 137,
            "rating": 2,
            "content_type": "show",
            "p_start": 1762519200000,
            "vod_channel_description": "台南仁德淳樸小鎮寧靜午後，小狗『胖胖』田野間閒晃，晃著晃著竟叼出怪東西回家，主人心想不會吧！定睛一瞧竟是女人的手臂！？警方接獲通報心頭一震，慘了是分屍命案。人死了有法醫聆聽死者的聲音，有冤申冤讓真相得以大白。那動物呢？『阿河』一頭河馬接連重摔，這麼摔死，死就死了嗎？"
          },
          {
            "content_id": "VOD00322707",
            "time_codes": [
              501000,
              1076000,
              1683000,
              2451000
            ],
            "timecode_duration": [],
            "length": 2860000,
            "asset_id": "vod44861-000138M001",
            "title": "",
            "subtitle": "第138集 汐止無頭屍、殺嬰賴少年",
            "ep_number": 138,
            "rating": 2,
            "content_type": "show",
            "p_start": 1762522200000,
            "vod_channel_description": "他叫阿輝，一家4口住在汐止，平時生活作習正常，但這天下班後就再也沒回家！那天回家路上到底遇上什麼麻煩？初秋微涼的早晨，婦人抱著一個2歲大的小女娃衝進急診室，婦人說孩子撞到頭，最後顱內出血沒能救回來。但醫生愈看愈不對勁，這哪像是摔傷造成的，追下去兇手竟然直指同一個屋簷下的15歲少年？"
          },
          {
            "content_id": "VOD00322708",
            "time_codes": [
              621000,
              1378000,
              1921000
            ],
            "timecode_duration": [],
            "length": 2820000,
            "asset_id": "vod44861-000139M001",
            "title": "",
            "subtitle": "第139集 黑道輓歌「陳福祥輓歌」、暗黑廖國豪、女屍綁眠床",
            "ep_number": 139,
            "rating": 2,
            "content_type": "show",
            "p_start": 1762525200000,
            "vod_channel_description": "台中一家生技公司大白天傳出一連串槍擊聲，槍手三進三出短短85秒奪走2條人命！一個高一女生放學回家，竟看到母親全身赤裸倒臥血泊中，她再也等不到母親的一桌飯菜，她想知道是誰闖進來要了母親的命？且看警方如何抽絲剝繭，尋找這些破案的關鍵？"
          },
          {
            "content_id": "VOD00322709",
            "time_codes": [
              699000,
              1608000,
              2193000
            ],
            "timecode_duration": [],
            "length": 2870000,
            "asset_id": "vod44861-000140M001",
            "title": "",
            "subtitle": "第140集 碎念狠殺母、運將涵洞死、惡女殺乾爹",
            "ep_number": 140,
            "rating": 2,
            "content_type": "show",
            "p_start": 1762528200000,
            "vod_channel_description": "單純的埔里小鎮的素食餐館竟然出人命？女兒下班回家，竟看到母親倒臥在血泊中，屋內被翻得亂七八糟，到底發生了什麼事？嘉義市一名計程車運匠，一天接了叫車電話外出載客，卻從此人間蒸發。家屬心急如焚報案找人，不料尋人啟事變成命案，他竟然頭中二槍，渾身是傷被丟棄在荒涼的涵洞裡。"
          },
          {
            "content_id": "VOD00322710",
            "time_codes": [
              830000,
              1324000,
              1923000
            ],
            "timecode_duration": [],
            "length": 2840000,
            "asset_id": "vod44861-000141M001",
            "title": "",
            "subtitle": "第141集 身障女難逃死劫 單純市府雇員 陳屍套房",
            "ep_number": 141,
            "rating": 2,
            "content_type": "show",
            "p_start": 1762531200000,
            "vod_channel_description": "一位單純的市府女雇員，單身、罹患小兒麻痺，但個性開朗。這一天她無故沒來上班，就此跟外界斷了音訊，是發生了什麼事？高雄楠梓新興區，一天之內兩地連續傳出37聲槍響，警方疲於奔命抓了6個人，全案指向賭場糾紛的利益糾葛？"
          },
          {
            "content_id": "VOD00322711",
            "time_codes": [
              696000,
              1388000,
              2208000
            ],
            "timecode_duration": [],
            "length": 2776000,
            "asset_id": "vod44861-000142M001",
            "title": "",
            "subtitle": "第142集 六囚挾典獄長 寧靜午後爆槍響 大寮監獄暴動",
            "ep_number": 142,
            "rating": 2,
            "content_type": "show",
            "p_start": 1762534200000,
            "vod_channel_description": "寧靜午後爆槍響，大寮監獄暴動，1把剪刀10把槍，六囚差點接管了整座監獄，他們控訴不當對待、他們抗議沒有未來…事件落幕前，他們擁抱副典獄長、互道再見、與親訣別…慘烈的結局之外，有誰知道他們曾犯的過錯？有誰聽過受害者的心痛？又有誰能了解受害者的恐懼呢？"
          },
          {
            "content_id": "VOD00322712",
            "time_codes": [
              650000,
              1525000,
              2184000
            ],
            "timecode_duration": [],
            "length": 2808000,
            "asset_id": "vod44861-000143M001",
            "title": "",
            "subtitle": "第143集 國道護欄裸屍 快速路驚魂 赤裸男綁路邊",
            "ep_number": 143,
            "rating": 2,
            "content_type": "show",
            "p_start": 1762537200000,
            "vod_channel_description": "彰化台76線東西向快速道路，駕駛開車經過，看到路旁護欄是一具幾乎全裸的男子，是車禍路倒還是喝醉酒？高雄義大醫院外面大馬路，ㄧ整排計程車等著接客人，奇怪了前面這部車停了好久，一點動靜也沒有，沒想到運匠渾身是血陳屍在車上，這又是怎麼一回事？"
          },
          {
            "content_id": "VOD00322713",
            "time_codes": [
              809000,
              1625000,
              2223000
            ],
            "timecode_duration": [],
            "length": 2818000,
            "asset_id": "vod44861-000144M001",
            "title": "",
            "subtitle": "第144集 虐殺新鮮人、浴缸奇女屍、綁最久人質",
            "ep_number": 144,
            "rating": 2,
            "content_type": "show",
            "p_start": 1762540200000,
            "vod_channel_description": "一部黑色休旅車上發現一具用棉被包裹著的男性遺體，警方以車追人，找到車主發現那是他剛要上大學的兒子，他不是跟朋友中秋節出去烤肉，怎會死在自己的車上？華燈初上的板橋南雅夜市，住商混合大樓裡頭，一名40多歲的女房客，躺在浴缸旁邊沒氣了，是意外溺斃？還是一場命案正無聲無息上演呢？"
          },
          {
            "content_id": "VOD00322714",
            "time_codes": [
              798000,
              1512000,
              2182000
            ],
            "timecode_duration": [],
            "length": 2858000,
            "asset_id": "vod44861-000145M001",
            "title": "",
            "subtitle": "第145集 鐵工門前死、八千殺孝女、史上最貪檢",
            "ep_number": 145,
            "rating": 2,
            "content_type": "show",
            "p_start": 1762543200000,
            "vod_channel_description": "一名鐵工小陳下班回家，兩槍被打死在家門口！他差兩步就要進家門了，是多大的深仇大恨，要用這樣的近距離行刑式的槍殺！？那一年快過端午節了，也是大賣場最忙碌的時候，一向認真乖巧的收銀員阿如，卻無故曠職。手機沒接、租屋處也找不到人，怎會無故失蹤了，人到底去哪？"
          },
          {
            "content_id": "VOD00199865",
            "time_codes": [
              907000,
              1748000,
              2295000
            ],
            "timecode_duration": [],
            "length": 2984000,
            "asset_id": "vod44861-000206M001",
            "title": "",
            "subtitle": "第206集 縱火燒爸爸",
            "ep_number": 206,
            "rating": 2,
            "content_type": "show",
            "p_start": 1762546200000,
            "vod_channel_description": "《法眼黑與白》是最早也唯一以科學鑑識為基礎來談刑案的節目，內容以強調鑑識證據、法醫解剖、詳細辦案過程的精神，來呈現深入報導的專業度。以探究刑事案件為主軸，並以專題方式深度報導關於酒駕、毒品、虐童等社會問題。"
          },
          {
            "content_id": "VOD00199866",
            "time_codes": [
              905000,
              1814000,
              2280000
            ],
            "timecode_duration": [],
            "length": 2994000,
            "asset_id": "vod44861-000207M001",
            "title": "",
            "subtitle": "第207集 台大生情殺、前夫殺情夫",
            "ep_number": 207,
            "rating": 2,
            "content_type": "show",
            "p_start": 1762549500000,
            "vod_channel_description": "《法眼黑與白》是最早也唯一以科學鑑識為基礎來談刑案的節目，內容以強調鑑識證據、法醫解剖、詳細辦案過程的精神，來呈現深入報導的專業度。以探究刑事案件為主軸，並以專題方式深度報導關於酒駕、毒品、虐童等社會問題。"
          },
          {
            "content_id": "VOD00199867",
            "time_codes": [
              900000,
              1819000,
              2395000
            ],
            "timecode_duration": [],
            "length": 2979000,
            "asset_id": "vod44861-000208M001",
            "title": "",
            "subtitle": "第208集 託夢找亡父、一百萬滅門、女女兩百刀",
            "ep_number": 208,
            "rating": 2,
            "content_type": "show",
            "p_start": 1762552800000,
            "vod_channel_description": "《法眼黑與白》是最早也唯一以科學鑑識為基礎來談刑案的節目，內容以強調鑑識證據、法醫解剖、詳細辦案過程的精神，來呈現深入報導的專業度。以探究刑事案件為主軸，並以專題方式深度報導關於酒駕、毒品、虐童等社會問題。"
          },
          {
            "content_id": "VOD00199868",
            "time_codes": [
              923000,
              1809000,
              2371000
            ],
            "timecode_duration": [],
            "length": 3003000,
            "asset_id": "vod44861-000209M001",
            "title": "",
            "subtitle": "第209集 女運將劫殺",
            "ep_number": 209,
            "rating": 2,
            "content_type": "show",
            "p_start": 1762556100000,
            "vod_channel_description": "《法眼黑與白》是最早也唯一以科學鑑識為基礎來談刑案的節目，內容以強調鑑識證據、法醫解剖、詳細辦案過程的精神，來呈現深入報導的專業度。以探究刑事案件為主軸，並以專題方式深度報導關於酒駕、毒品、虐童等社會問題。"
          },
          {
            "content_id": "VOD00199869",
            "time_codes": [
              918000,
              1841000,
              2468000
            ],
            "timecode_duration": [],
            "length": 2984000,
            "asset_id": "vod44861-000210M001",
            "title": "",
            "subtitle": "第210集 嘉義醃頭顱、鄰居殺百刀、賣車被焚屍",
            "ep_number": 210,
            "rating": 2,
            "content_type": "show",
            "p_start": 1762559400000,
            "vod_channel_description": "《法眼黑與白》是最早也唯一以科學鑑識為基礎來談刑案的節目，內容以強調鑑識證據、法醫解剖、詳細辦案過程的精神，來呈現深入報導的專業度。以探究刑事案件為主軸，並以專題方式深度報導關於酒駕、毒品、虐童等社會問題。"
          },
          {
            "content_id": "VOD00199870",
            "time_codes": [
              906000,
              1824000,
              2357000
            ],
            "timecode_duration": [],
            "length": 3060000,
            "asset_id": "vod44861-000211M001",
            "title": "",
            "subtitle": "第211集 殺警變癱瘓、芝加哥屠殺",
            "ep_number": 211,
            "rating": 2,
            "content_type": "show",
            "p_start": 1762562700000,
            "vod_channel_description": "《法眼黑與白》是最早也唯一以科學鑑識為基礎來談刑案的節目，內容以強調鑑識證據、法醫解剖、詳細辦案過程的精神，來呈現深入報導的專業度。以探究刑事案件為主軸，並以專題方式深度報導關於酒駕、毒品、虐童等社會問題。"
          },
          {
            "content_id": "VOD00199871",
            "time_codes": [
              906000,
              1850000,
              2467000
            ],
            "timecode_duration": [],
            "length": 3110000,
            "asset_id": "vod44861-000212M001",
            "title": "",
            "subtitle": "第212集 役男殺女友、網交變白骨",
            "ep_number": 212,
            "rating": 2,
            "content_type": "show",
            "p_start": 1762566000000,
            "vod_channel_description": "《法眼黑與白》是最早也唯一以科學鑑識為基礎來談刑案的節目，內容以強調鑑識證據、法醫解剖、詳細辦案過程的精神，來呈現深入報導的專業度。以探究刑事案件為主軸，並以專題方式深度報導關於酒駕、毒品、虐童等社會問題。"
          },
          {
            "content_id": "VOD00199872",
            "time_codes": [
              917000,
              1846000,
              2314000
            ],
            "timecode_duration": [],
            "length": 3115000,
            "asset_id": "vod44861-000213M001",
            "title": "",
            "subtitle": "第213集 毒女狠殺父、恐怖奪命情人、打火反被救",
            "ep_number": 213,
            "rating": 2,
            "content_type": "show",
            "p_start": 1762569300000,
            "vod_channel_description": "《法眼黑與白》是最早也唯一以科學鑑識為基礎來談刑案的節目，內容以強調鑑識證據、法醫解剖、詳細辦案過程的精神，來呈現深入報導的專業度。以探究刑事案件為主軸，並以專題方式深度報導關於酒駕、毒品、虐童等社會問題。"
          },
          {
            "content_id": "VOD00199873",
            "time_codes": [
              905000,
              1816000,
              2426000
            ],
            "timecode_duration": [],
            "length": 3010000,
            "asset_id": "vod44861-000214M001",
            "title": "",
            "subtitle": "第214集 媽媽殺兒子、逆子殺養母",
            "ep_number": 214,
            "rating": 2,
            "content_type": "show",
            "p_start": 1762572600000,
            "vod_channel_description": "《法眼黑與白》是最早也唯一以科學鑑識為基礎來談刑案的節目，內容以強調鑑識證據、法醫解剖、詳細辦案過程的精神，來呈現深入報導的專業度。以探究刑事案件為主軸，並以專題方式深度報導關於酒駕、毒品、虐童等社會問題。"
          },
          {
            "content_id": "VOD00199874",
            "time_codes": [
              935000,
              1810000,
              2325000
            ],
            "timecode_duration": [],
            "length": 3120000,
            "asset_id": "vod44861-000215M001",
            "title": "",
            "subtitle": "第215集 自殺掀姦情、狠父殺賣女",
            "ep_number": 215,
            "rating": 2,
            "content_type": "show",
            "p_start": 1762575900000,
            "vod_channel_description": "《法眼黑與白》是最早也唯一以科學鑑識為基礎來談刑案的節目，內容以強調鑑識證據、法醫解剖、詳細辦案過程的精神，來呈現深入報導的專業度。以探究刑事案件為主軸，並以專題方式深度報導關於酒駕、毒品、虐童等社會問題。"
          },
          {
            "content_id": "VOD00199875",
            "time_codes": [
              765000,
              1587000,
              2918000
            ],
            "timecode_duration": [],
            "length": 2980000,
            "asset_id": "vod44861-000216M001",
            "title": "",
            "subtitle": "第216集 文大裹屍案、女魔林于如、一萬塊殺人",
            "ep_number": 216,
            "rating": 2,
            "content_type": "show",
            "p_start": 1762579200000,
            "vod_channel_description": "《法眼黑與白》是最早也唯一以科學鑑識為基礎來談刑案的節目，內容以強調鑑識證據、法醫解剖、詳細辦案過程的精神，來呈現深入報導的專業度。以探究刑事案件為主軸，並以專題方式深度報導關於酒駕、毒品、虐童等社會問題。"
          },
          {
            "content_id": "VOD00199876",
            "time_codes": [
              1525000,
              2684000,
              2925000
            ],
            "timecode_duration": [],
            "length": 2991000,
            "asset_id": "vod44861-000217M001",
            "title": "",
            "subtitle": "第217集 魚缸狠殺妻、殺退休師、殺人埋摩鐵",
            "ep_number": 217,
            "rating": 2,
            "content_type": "show",
            "p_start": 1762582500000,
            "vod_channel_description": "《法眼黑與白》是最早也唯一以科學鑑識為基礎來談刑案的節目，內容以強調鑑識證據、法醫解剖、詳細辦案過程的精神，來呈現深入報導的專業度。以探究刑事案件為主軸，並以專題方式深度報導關於酒駕、毒品、虐童等社會問題。"
          },
          {
            "content_id": "VOD00199877",
            "time_codes": [
              1447000,
              2211000,
              2920000
            ],
            "timecode_duration": [],
            "length": 2981000,
            "asset_id": "vod44861-000218M001",
            "title": "",
            "subtitle": "第218集 殺恩人棄屍、躁鬱子殺父",
            "ep_number": 218,
            "rating": 2,
            "content_type": "show",
            "p_start": 1762585800000,
            "vod_channel_description": "《法眼黑與白》是最早也唯一以科學鑑識為基礎來談刑案的節目，內容以強調鑑識證據、法醫解剖、詳細辦案過程的精神，來呈現深入報導的專業度。以探究刑事案件為主軸，並以專題方式深度報導關於酒駕、毒品、虐童等社會問題。"
          },
          {
            "content_id": "VOD00199878",
            "time_codes": [
              1474000,
              2259000,
              2938000
            ],
            "timecode_duration": [],
            "length": 3008000,
            "asset_id": "vod44861-000219M001",
            "title": "",
            "subtitle": "第219集 貢寮毒冤魂、富農割喉亡",
            "ep_number": 219,
            "rating": 2,
            "content_type": "show",
            "p_start": 1762589100000,
            "vod_channel_description": "《法眼黑與白》是最早也唯一以科學鑑識為基礎來談刑案的節目，內容以強調鑑識證據、法醫解剖、詳細辦案過程的精神，來呈現深入報導的專業度。以探究刑事案件為主軸，並以專題方式深度報導關於酒駕、毒品、虐童等社會問題。"
          },
          {
            "content_id": "VOD00199879",
            "time_codes": [
              1464000,
              2092000,
              2923000
            ],
            "timecode_duration": [],
            "length": 2981000,
            "asset_id": "vod44861-000220M001",
            "title": "",
            "subtitle": "第220集 變心切三塊、警殺黑小孩、動物法醫學",
            "ep_number": 220,
            "rating": 2,
            "content_type": "show",
            "p_start": 1762592400000,
            "vod_channel_description": "《法眼黑與白》是最早也唯一以科學鑑識為基礎來談刑案的節目，內容以強調鑑識證據、法醫解剖、詳細辦案過程的精神，來呈現深入報導的專業度。以探究刑事案件為主軸，並以專題方式深度報導關於酒駕、毒品、虐童等社會問題。"
          },
          {
            "content_id": "VOD00199880",
            "time_codes": [
              1798000,
              2584000,
              2947000
            ],
            "timecode_duration": [],
            "length": 2995000,
            "asset_id": "vod44861-000221M001",
            "title": "",
            "subtitle": "第221集 汐止無頭屍、殺嬰賴少年、菜販父殺子",
            "ep_number": 221,
            "rating": 2,
            "content_type": "show",
            "p_start": 1762595700000,
            "vod_channel_description": "《法眼黑與白》是最早也唯一以科學鑑識為基礎來談刑案的節目，內容以強調鑑識證據、法醫解剖、詳細辦案過程的精神，來呈現深入報導的專業度。以探究刑事案件為主軸，並以專題方式深度報導關於酒駕、毒品、虐童等社會問題。"
          },
          {
            "content_id": "VOD00199881",
            "time_codes": [
              1482000,
              2030000,
              2902000
            ],
            "timecode_duration": [],
            "length": 2975000,
            "asset_id": "vod44861-000222M001",
            "title": "",
            "subtitle": "第222集 陳福祥輓歌、暗黑廖國豪、女屍綁眠床",
            "ep_number": 222,
            "rating": 2,
            "content_type": "show",
            "p_start": 1762599000000,
            "vod_channel_description": "《法眼黑與白》是最早也唯一以科學鑑識為基礎來談刑案的節目，內容以強調鑑識證據、法醫解剖、詳細辦案過程的精神，來呈現深入報導的專業度。以探究刑事案件為主軸，並以專題方式深度報導關於酒駕、毒品、虐童等社會問題。"
          },
          {
            "content_id": "VOD00199882",
            "time_codes": [
              1466000,
              2398000,
              2913000
            ],
            "timecode_duration": [],
            "length": 2985000,
            "asset_id": "vod44861-000223M001",
            "title": "",
            "subtitle": "第223集 碎念狠殺母、運將涵洞死、惡女殺乾爹",
            "ep_number": 223,
            "rating": 2,
            "content_type": "show",
            "p_start": 1762602300000,
            "vod_channel_description": "《法眼黑與白》是最早也唯一以科學鑑識為基礎來談刑案的節目，內容以強調鑑識證據、法醫解剖、詳細辦案過程的精神，來呈現深入報導的專業度。以探究刑事案件為主軸，並以專題方式深度報導關於酒駕、毒品、虐童等社會問題。"
          },
          {
            "content_id": "VOD00199883",
            "time_codes": [
              1554000,
              2258000,
              2862000
            ],
            "timecode_duration": [],
            "length": 2982000,
            "asset_id": "vod44861-000224M001",
            "title": "",
            "subtitle": "第224集 賊少年刺頸、加蚋慶死劫、夫買凶殺",
            "ep_number": 224,
            "rating": 2,
            "content_type": "show",
            "p_start": 1762605600000,
            "vod_channel_description": "《法眼黑與白》是最早也唯一以科學鑑識為基礎來談刑案的節目，內容以強調鑑識證據、法醫解剖、詳細辦案過程的精神，來呈現深入報導的專業度。以探究刑事案件為主軸，並以專題方式深度報導關於酒駕、毒品、虐童等社會問題。"
          },
          {
            "content_id": "VOD00199884",
            "time_codes": [
              902000,
              1718000,
              2290000
            ],
            "timecode_duration": [],
            "length": 2927000,
            "asset_id": "vod44861-000225M001",
            "title": "",
            "subtitle": "第225集 對峙全記錄、暴動像瘟疫、控訴靳竹生、抓拿靳竹生、女會計焚屍",
            "ep_number": 225,
            "rating": 2,
            "content_type": "show",
            "p_start": 1762608900000,
            "vod_channel_description": "《法眼黑與白》是最早也唯一以科學鑑識為基礎來談刑案的節目，內容以強調鑑識證據、法醫解剖、詳細辦案過程的精神，來呈現深入報導的專業度。以探究刑事案件為主軸，並以專題方式深度報導關於酒駕、毒品、虐童等社會問題。"
          },
          {
            "content_id": "VOD00199885",
            "time_codes": [
              767000,
              1609000,
              2382000
            ],
            "timecode_duration": [],
            "length": 2979000,
            "asset_id": "vod44861-000226M001",
            "title": "",
            "subtitle": "第226集 國道綁吊屍、逼車奪一命、舞女殺運將、消防搏死神",
            "ep_number": 226,
            "rating": 2,
            "content_type": "show",
            "p_start": 1762611900000,
            "vod_channel_description": "《法眼黑與白》是最早也唯一以科學鑑識為基礎來談刑案的節目，內容以強調鑑識證據、法醫解剖、詳細辦案過程的精神，來呈現深入報導的專業度。以探究刑事案件為主軸，並以專題方式深度報導關於酒駕、毒品、虐童等社會問題。"
          },
          {
            "content_id": "VOD00199886",
            "time_codes": [
              891000,
              1820000,
              2418000
            ],
            "timecode_duration": [],
            "length": 2995000,
            "asset_id": "vod44861-000227M001",
            "title": "",
            "subtitle": "第227集 虐殺新鮮人、浴缸奇女屍、綁最久人質",
            "ep_number": 227,
            "rating": 2,
            "content_type": "show",
            "p_start": 1762615200000,
            "vod_channel_description": "《法眼黑與白》是最早也唯一以科學鑑識為基礎來談刑案的節目，內容以強調鑑識證據、法醫解剖、詳細辦案過程的精神，來呈現深入報導的專業度。以探究刑事案件為主軸，並以專題方式深度報導關於酒駕、毒品、虐童等社會問題。"
          },
          {
            "content_id": "VOD00199887",
            "time_codes": [
              807000,
              1645000,
              2592000
            ],
            "timecode_duration": [],
            "length": 3018000,
            "asset_id": "vod44861-000228M001",
            "title": "",
            "subtitle": "第228集 鐵工門前死、八千殺孝女、史上最貪檢",
            "ep_number": 228,
            "rating": 2,
            "content_type": "show",
            "p_start": 1762618500000,
            "vod_channel_description": "《法眼黑與白》是最早也唯一以科學鑑識為基礎來談刑案的節目，內容以強調鑑識證據、法醫解剖、詳細辦案過程的精神，來呈現深入報導的專業度。以探究刑事案件為主軸，並以專題方式深度報導關於酒駕、毒品、虐童等社會問題。"
          },
          {
            "content_id": "VOD00199888",
            "time_codes": [
              885000,
              1877000,
              2355000
            ],
            "timecode_duration": [],
            "length": 2984000,
            "asset_id": "vod44861-000229M001",
            "title": "",
            "subtitle": "第229集 八卦陣焚屍、劫殺國文師",
            "ep_number": 229,
            "rating": 2,
            "content_type": "show",
            "p_start": 1762621800000,
            "vod_channel_description": "《法眼黑與白》是最早也唯一以科學鑑識為基礎來談刑案的節目，內容以強調鑑識證據、法醫解剖、詳細辦案過程的精神，來呈現深入報導的專業度。以探究刑事案件為主軸，並以專題方式深度報導關於酒駕、毒品、虐童等社會問題。"
          },
          {
            "content_id": "VOD00199890",
            "time_codes": [
              928000,
              1764000,
              2440000
            ],
            "timecode_duration": [],
            "length": 2963000,
            "asset_id": "vod44861-000231M001",
            "title": "",
            "subtitle": "第231集 陳龍綺冤罪、陸女殺小開",
            "ep_number": 231,
            "rating": 2,
            "content_type": "show",
            "p_start": 1762625100000,
            "vod_channel_description": "《法眼黑與白》是最早也唯一以科學鑑識為基礎來談刑案的節目，內容以強調鑑識證據、法醫解剖、詳細辦案過程的精神，來呈現深入報導的專業度。以探究刑事案件為主軸，並以專題方式深度報導關於酒駕、毒品、虐童等社會問題。"
          },
          {
            "content_id": "VOD00199891",
            "time_codes": [
              907000,
              1788000,
              2489000
            ],
            "timecode_duration": [],
            "length": 2988000,
            "asset_id": "vod44861-000232M001",
            "title": "",
            "subtitle": "第232集 捉拿美國博、炒股槍殺亡、偷情白骨劫",
            "ep_number": 232,
            "rating": 2,
            "content_type": "show",
            "p_start": 1762628400000,
            "vod_channel_description": "《法眼黑與白》是最早也唯一以科學鑑識為基礎來談刑案的節目，內容以強調鑑識證據、法醫解剖、詳細辦案過程的精神，來呈現深入報導的專業度。以探究刑事案件為主軸，並以專題方式深度報導關於酒駕、毒品、虐童等社會問題。"
          },
          {
            "content_id": "VOD00199892",
            "time_codes": [
              734000,
              1459000,
              2130000
            ],
            "timecode_duration": [],
            "length": 2992000,
            "asset_id": "vod44861-000233M001",
            "title": "",
            "subtitle": "第233集 徐自強冤獄、殘忍黃主旺、馬伕縱火殺",
            "ep_number": 233,
            "rating": 2,
            "content_type": "show",
            "p_start": 1762631700000,
            "vod_channel_description": "《法眼黑與白》是最早也唯一以科學鑑識為基礎來談刑案的節目，內容以強調鑑識證據、法醫解剖、詳細辦案過程的精神，來呈現深入報導的專業度。以探究刑事案件為主軸，並以專題方式深度報導關於酒駕、毒品、虐童等社會問題。"
          },
          {
            "content_id": "VOD00199893",
            "time_codes": [
              793000,
              1537000,
              2492000
            ],
            "timecode_duration": [],
            "length": 2987000,
            "asset_id": "vod44861-000234M001",
            "title": "",
            "subtitle": "第234集 呂炳宏冤情、南化雙屍案、人死丟眷村",
            "ep_number": 234,
            "rating": 2,
            "content_type": "show",
            "p_start": 1762635000000,
            "vod_channel_description": "《法眼黑與白》是最早也唯一以科學鑑識為基礎來談刑案的節目，內容以強調鑑識證據、法醫解剖、詳細辦案過程的精神，來呈現深入報導的專業度。以探究刑事案件為主軸，並以專題方式深度報導關於酒駕、毒品、虐童等社會問題。"
          },
          {
            "content_id": "VOD00199894",
            "time_codes": [
              874000,
              1694000,
              2407000
            ],
            "timecode_duration": [],
            "length": 2995000,
            "asset_id": "vod44861-000235M001",
            "title": "",
            "subtitle": "第235集 殺警陳新發、10年破姦殺、蔡學良冤死",
            "ep_number": 235,
            "rating": 2,
            "content_type": "show",
            "p_start": 1762638300000,
            "vod_channel_description": "《法眼黑與白》是最早也唯一以科學鑑識為基礎來談刑案的節目，內容以強調鑑識證據、法醫解剖、詳細辦案過程的精神，來呈現深入報導的專業度。以探究刑事案件為主軸，並以專題方式深度報導關於酒駕、毒品、虐童等社會問題。"
          },
          {
            "content_id": "VOD00199895",
            "time_codes": [
              909000,
              1882000,
              2350000
            ],
            "timecode_duration": [],
            "length": 2990000,
            "asset_id": "vod44861-000236M001",
            "title": "",
            "subtitle": "第236集 劉煥榮悲歌、直播殺妻女、裴起林法醫",
            "ep_number": 236,
            "rating": 2,
            "content_type": "show",
            "p_start": 1762641600000,
            "vod_channel_description": "《法眼黑與白》是最早也唯一以科學鑑識為基礎來談刑案的節目，內容以強調鑑識證據、法醫解剖、詳細辦案過程的精神，來呈現深入報導的專業度。以探究刑事案件為主軸，並以專題方式深度報導關於酒駕、毒品、虐童等社會問題。"
          },
          {
            "content_id": "VOD00199896",
            "time_codes": [
              838000,
              1688000,
              2241000
            ],
            "timecode_duration": [],
            "length": 2992000,
            "asset_id": "vod44861-000237M001",
            "title": "",
            "subtitle": "第237集 緝捕黃鴻寓、醫學生情殺、后豐大橋冤",
            "ep_number": 237,
            "rating": 2,
            "content_type": "show",
            "p_start": 1762644900000,
            "vod_channel_description": "《法眼黑與白》是最早也唯一以科學鑑識為基礎來談刑案的節目，內容以強調鑑識證據、法醫解剖、詳細辦案過程的精神，來呈現深入報導的專業度。以探究刑事案件為主軸，並以專題方式深度報導關於酒駕、毒品、虐童等社會問題。"
          },
          {
            "content_id": "VOD00199898",
            "time_codes": [
              821000,
              1790000,
              2407000
            ],
            "timecode_duration": [],
            "length": 2990000,
            "asset_id": "vod44861-000239M001",
            "title": "",
            "subtitle": "第239集 越獄徐開喜、新化母子死、職業被綁人",
            "ep_number": 239,
            "rating": 2,
            "content_type": "show",
            "p_start": 1762648200000,
            "vod_channel_description": "《法眼黑與白》是最早也唯一以科學鑑識為基礎來談刑案的節目，內容以強調鑑識證據、法醫解剖、詳細辦案過程的精神，來呈現深入報導的專業度。以探究刑事案件為主軸，並以專題方式深度報導關於酒駕、毒品、虐童等社會問題。"
          },
          {
            "content_id": "VOD00199899",
            "time_codes": [
              1003000,
              1789000,
              2285000
            ],
            "timecode_duration": [],
            "length": 2970000,
            "asset_id": "vod44861-000240M001",
            "title": "",
            "subtitle": "第240集 殺警胡關寶、虐殺國二女、擄童焚屍案",
            "ep_number": 240,
            "rating": 2,
            "content_type": "show",
            "p_start": 1762651500000,
            "vod_channel_description": "《法眼黑與白》是最早也唯一以科學鑑識為基礎來談刑案的節目，內容以強調鑑識證據、法醫解剖、詳細辦案過程的精神，來呈現深入報導的專業度。以探究刑事案件為主軸，並以專題方式深度報導關於酒駕、毒品、虐童等社會問題。"
          },
          {
            "content_id": "VOD00199900",
            "time_codes": [
              983000,
              1856000,
              2370000
            ],
            "timecode_duration": [],
            "length": 2990000,
            "asset_id": "vod44861-000241M001",
            "title": "",
            "subtitle": "第241集 穿山甲龍欄、北投童割喉、殺前妻冤案",
            "ep_number": 241,
            "rating": 2,
            "content_type": "show",
            "p_start": 1762654800000,
            "vod_channel_description": "《法眼黑與白》是最早也唯一以科學鑑識為基礎來談刑案的節目，內容以強調鑑識證據、法醫解剖、詳細辦案過程的精神，來呈現深入報導的專業度。以探究刑事案件為主軸，並以專題方式深度報導關於酒駕、毒品、虐童等社會問題。"
          },
          {
            "content_id": "VOD00199901",
            "time_codes": [
              803000,
              1586000,
              2457000
            ],
            "timecode_duration": [],
            "length": 2975000,
            "asset_id": "vod44861-000242M001",
            "title": "",
            "subtitle": "第242集 凶狠鄭太吉、鄭性澤冤案、鑑識高鐵案",
            "ep_number": 242,
            "rating": 2,
            "content_type": "show",
            "p_start": 1762658100000,
            "vod_channel_description": "《法眼黑與白》是最早也唯一以科學鑑識為基礎來談刑案的節目，內容以強調鑑識證據、法醫解剖、詳細辦案過程的精神，來呈現深入報導的專業度。以探究刑事案件為主軸，並以專題方式深度報導關於酒駕、毒品、虐童等社會問題。"
          },
          {
            "content_id": "VOD00199902",
            "time_codes": [
              1401000,
              2186000,
              2612000
            ],
            "timecode_duration": [],
            "length": 2986000,
            "asset_id": "vod44861-000243M001",
            "title": "",
            "subtitle": "第243集 殺女童摺屍、林清岳弒親、鑑識高章肇、彈道一線牽",
            "ep_number": 243,
            "rating": 2,
            "content_type": "show",
            "p_start": 1762661400000,
            "vod_channel_description": "《法眼黑與白》是最早也唯一以科學鑑識為基礎來談刑案的節目，內容以強調鑑識證據、法醫解剖、詳細辦案過程的精神，來呈現深入報導的專業度。以探究刑事案件為主軸，並以專題方式深度報導關於酒駕、毒品、虐童等社會問題。"
          },
          {
            "content_id": "VOD00199903",
            "time_codes": [
              960000,
              2157000,
              2670000
            ],
            "timecode_duration": [],
            "length": 2986000,
            "asset_id": "vod44861-000244M001",
            "title": "",
            "subtitle": "第244集 軍火許金德、開膛殺陸女、鑑識陳錦民、活埋老村長",
            "ep_number": 244,
            "rating": 2,
            "content_type": "show",
            "p_start": 1762664700000,
            "vod_channel_description": "《法眼黑與白》是最早也唯一以科學鑑識為基礎來談刑案的節目，內容以強調鑑識證據、法醫解剖、詳細辦案過程的精神，來呈現深入報導的專業度。以探究刑事案件為主軸，並以專題方式深度報導關於酒駕、毒品、虐童等社會問題。"
          },
          {
            "content_id": "VOD00199904",
            "time_codes": [
              894000,
              1479000,
              2345000
            ],
            "timecode_duration": [],
            "length": 2980000,
            "asset_id": "vod44861-000245M001",
            "title": "",
            "subtitle": "第245集 毒梟黃上豐、水泥封女童、鑑識李文福",
            "ep_number": 245,
            "rating": 2,
            "content_type": "show",
            "p_start": 1762668000000,
            "vod_channel_description": "《法眼黑與白》是最早也唯一以科學鑑識為基礎來談刑案的節目，內容以強調鑑識證據、法醫解剖、詳細辦案過程的精神，來呈現深入報導的專業度。以探究刑事案件為主軸，並以專題方式深度報導關於酒駕、毒品、虐童等社會問題。"
          },
          {
            "content_id": "VOD00199905",
            "time_codes": [
              1300000,
              1827000,
              2538000
            ],
            "timecode_duration": [],
            "length": 2985000,
            "asset_id": "vod44861-000246M001",
            "title": "",
            "subtitle": "第246集 獵馬楊瑞和、惡警擄富商、首匪李師科、女女兩百刀",
            "ep_number": 246,
            "rating": 2,
            "content_type": "show",
            "p_start": 1762671300000,
            "vod_channel_description": "《法眼黑與白》是最早也唯一以科學鑑識為基礎來談刑案的節目，內容以強調鑑識證據、法醫解剖、詳細辦案過程的精神，來呈現深入報導的專業度。以探究刑事案件為主軸，並以專題方式深度報導關於酒駕、毒品、虐童等社會問題。"
          },
          {
            "content_id": "VOD00199906",
            "time_codes": [
              1267000,
              2115000,
              2933000
            ],
            "timecode_duration": [],
            "length": 2995000,
            "asset_id": "vod44861-000247M001",
            "title": "",
            "subtitle": "第247集 野溪殺母子、鄧如雯人生、地理廟緝凶",
            "ep_number": 247,
            "rating": 2,
            "content_type": "show",
            "p_start": 1762674600000,
            "vod_channel_description": "《法眼黑與白》是最早也唯一以科學鑑識為基礎來談刑案的節目，內容以強調鑑識證據、法醫解剖、詳細辦案過程的精神，來呈現深入報導的專業度。以探究刑事案件為主軸，並以專題方式深度報導關於酒駕、毒品、虐童等社會問題。"
          },
          {
            "content_id": "VOD00199907",
            "time_codes": [
              1245000,
              1725000,
              2921000
            ],
            "timecode_duration": [],
            "length": 3002000,
            "asset_id": "vod44861-000248M001",
            "title": "",
            "subtitle": "第248集 無屍首定罪、退休警殺弟、鐵砂達人死",
            "ep_number": 248,
            "rating": 2,
            "content_type": "show",
            "p_start": 1762677900000,
            "vod_channel_description": "《法眼黑與白》是最早也唯一以科學鑑識為基礎來談刑案的節目，內容以強調鑑識證據、法醫解剖、詳細辦案過程的精神，來呈現深入報導的專業度。以探究刑事案件為主軸，並以專題方式深度報導關於酒駕、毒品、虐童等社會問題。"
          },
          {
            "content_id": "VOD00199908",
            "time_codes": [
              803000,
              1744000,
              2480000
            ],
            "timecode_duration": [],
            "length": 2990000,
            "asset_id": "vod44861-000249M001",
            "title": "",
            "subtitle": "第249集 殺警林宗誠、棄屍兩百里、趙寅昌分屍",
            "ep_number": 249,
            "rating": 2,
            "content_type": "show",
            "p_start": 1762681200000,
            "vod_channel_description": "《法眼黑與白》是最早也唯一以科學鑑識為基礎來談刑案的節目，內容以強調鑑識證據、法醫解剖、詳細辦案過程的精神，來呈現深入報導的專業度。以探究刑事案件為主軸，並以專題方式深度報導關於酒駕、毒品、虐童等社會問題。"
          },
          {
            "content_id": "VOD00199909",
            "time_codes": [
              1317000,
              1817000,
              2302000
            ],
            "timecode_duration": [],
            "length": 2985000,
            "asset_id": "vod44861-000250M001",
            "title": "",
            "subtitle": "第250集 176刀狠殺女、魔鬼律師懺、惡魔吳新華",
            "ep_number": 250,
            "rating": 2,
            "content_type": "show",
            "p_start": 1762684500000,
            "vod_channel_description": "《法眼黑與白》是最早也唯一以科學鑑識為基礎來談刑案的節目，內容以強調鑑識證據、法醫解剖、詳細辦案過程的精神，來呈現深入報導的專業度。以探究刑事案件為主軸，並以專題方式深度報導關於酒駕、毒品、虐童等社會問題。"
          },
          {
            "content_id": "VOD00226996",
            "time_codes": [
              842000,
              1984000,
              2447000
            ],
            "timecode_duration": [],
            "length": 2982000,
            "asset_id": "vod44861-000251M001",
            "title": "",
            "subtitle": "第251集 恐怖曹阿明、假救妻詐保、惡狠連國文、豬腸破撕票",
            "ep_number": 251,
            "rating": 2,
            "content_type": "show",
            "p_start": 1762687800000,
            "vod_channel_description": "《法眼黑與白》是最早也唯一以科學鑑識為基礎來談刑案的節目，內容以強調鑑識證據、法醫解剖、詳細辦案過程的精神，來呈現深入報導的專業度。以探究刑事案件為主軸，並以專題方式深度報導關於酒駕、毒品、虐童等社會問題。"
          },
          {
            "content_id": "VOD00226997",
            "time_codes": [
              1397000,
              1798000,
              2493000
            ],
            "timecode_duration": [],
            "length": 2980000,
            "asset_id": "vod44861-000252M001",
            "title": "",
            "subtitle": "第252集 乾爹擄殺女、網狼殺少女、金門李昌鈺",
            "ep_number": 252,
            "rating": 2,
            "content_type": "show",
            "p_start": 1762691100000,
            "vod_channel_description": "《法眼黑與白》是最早也唯一以科學鑑識為基礎來談刑案的節目，內容以強調鑑識證據、法醫解剖、詳細辦案過程的精神，來呈現深入報導的專業度。以探究刑事案件為主軸，並以專題方式深度報導關於酒駕、毒品、虐童等社會問題。"
          },
          {
            "content_id": "VOD00226998",
            "time_codes": [
              1113000,
              1627000,
              2357000
            ],
            "timecode_duration": [],
            "length": 3003000,
            "asset_id": "vod44861-000253M001",
            "title": "",
            "subtitle": "第253集 夫婦割喉劫、血滴破虐殺、鄒族湯英伸",
            "ep_number": 253,
            "rating": 2,
            "content_type": "show",
            "p_start": 1762694400000,
            "vod_channel_description": "《法眼黑與白》是最早也唯一以科學鑑識為基礎來談刑案的節目，內容以強調鑑識證據、法醫解剖、詳細辦案過程的精神，來呈現深入報導的專業度。以探究刑事案件為主軸，並以專題方式深度報導關於酒駕、毒品、虐童等社會問題。"
          },
          {
            "content_id": "VOD00226999",
            "time_codes": [
              951000,
              1727000,
              2624000
            ],
            "timecode_duration": [],
            "length": 3000000,
            "asset_id": "vod44861-000254M001",
            "title": "",
            "subtitle": "第254集 人堡殺三人、劫殺醫檢師、道士殺父妻、陸戰殺女友",
            "ep_number": 254,
            "rating": 2,
            "content_type": "show",
            "p_start": 1762697700000,
            "vod_channel_description": "《法眼黑與白》是最早也唯一以科學鑑識為基礎來談刑案的節目，內容以強調鑑識證據、法醫解剖、詳細辦案過程的精神，來呈現深入報導的專業度。以探究刑事案件為主軸，並以專題方式深度報導關於酒駕、毒品、虐童等社會問題。"
          },
          {
            "content_id": "VOD00227000",
            "time_codes": [
              1166000,
              1475000,
              2084000
            ],
            "timecode_duration": [],
            "length": 3001000,
            "asset_id": "vod44861-000255M001",
            "title": "",
            "subtitle": "第255集 屏東女乾屍、骨董商命案、歸仁雙屍冤",
            "ep_number": 255,
            "rating": 2,
            "content_type": "show",
            "p_start": 1762701000000,
            "vod_channel_description": "《法眼黑與白》是最早也唯一以科學鑑識為基礎來談刑案的節目，內容以強調鑑識證據、法醫解剖、詳細辦案過程的精神，來呈現深入報導的專業度。以探究刑事案件為主軸，並以專題方式深度報導關於酒駕、毒品、虐童等社會問題。"
          },
          {
            "content_id": "VOD00227001",
            "time_codes": [
              1051000,
              1710000,
              2309000
            ],
            "timecode_duration": [],
            "length": 2976000,
            "asset_id": "vod44861-000256M001",
            "title": "",
            "subtitle": "第256集 吳曉蕙命案、盧正冤死案",
            "ep_number": 256,
            "rating": 2,
            "content_type": "show",
            "p_start": 1762704300000,
            "vod_channel_description": "《法眼黑與白》是最早也唯一以科學鑑識為基礎來談刑案的節目，內容以強調鑑識證據、法醫解剖、詳細辦案過程的精神，來呈現深入報導的專業度。以探究刑事案件為主軸，並以專題方式深度報導關於酒駕、毒品、虐童等社會問題。"
          },
          {
            "content_id": "VOD00227003",
            "time_codes": [
              889000,
              1556000,
              2038000
            ],
            "timecode_duration": [],
            "length": 2976000,
            "asset_id": "vod44861-000258M001",
            "title": "",
            "subtitle": "第258集 中橫兩桶屍、詐保奪兩命、薛球陳益華",
            "ep_number": 258,
            "rating": 2,
            "content_type": "show",
            "p_start": 1762707600000,
            "vod_channel_description": "《法眼黑與白》是最早也唯一以科學鑑識為基礎來談刑案的節目，內容以強調鑑識證據、法醫解剖、詳細辦案過程的精神，來呈現深入報導的專業度。以探究刑事案件為主軸，並以專題方式深度報導關於酒駕、毒品、虐童等社會問題。"
          },
          {
            "content_id": "VOD00227004",
            "time_codes": [
              1322000,
              2065000,
              2647000
            ],
            "timecode_duration": [],
            "length": 2991000,
            "asset_id": "vod44861-000259M001",
            "title": "",
            "subtitle": "第259集 少年桶屍冤、租屋隨機殺、指紋林鐵筆",
            "ep_number": 259,
            "rating": 2,
            "content_type": "show",
            "p_start": 1762710900000,
            "vod_channel_description": "《法眼黑與白》是最早也唯一以科學鑑識為基礎來談刑案的節目，內容以強調鑑識證據、法醫解剖、詳細辦案過程的精神，來呈現深入報導的專業度。以探究刑事案件為主軸，並以專題方式深度報導關於酒駕、毒品、虐童等社會問題。"
          },
          {
            "content_id": "VOD00227005",
            "time_codes": [
              1179000,
              1677000,
              2176000
            ],
            "timecode_duration": [],
            "length": 2990000,
            "asset_id": "vod44861-000260M001",
            "title": "",
            "subtitle": "第260集 宜雙屍命案、白玫瑰奇案、盤商夫婦死",
            "ep_number": 260,
            "rating": 2,
            "content_type": "show",
            "p_start": 1762714200000,
            "vod_channel_description": "《法眼黑與白》是最早也唯一以科學鑑識為基礎來談刑案的節目，內容以強調鑑識證據、法醫解剖、詳細辦案過程的精神，來呈現深入報導的專業度。以探究刑事案件為主軸，並以專題方式深度報導關於酒駕、毒品、虐童等社會問題。"
          },
          {
            "content_id": "VOD00227006",
            "time_codes": [
              1115000,
              1710000,
              2528000
            ],
            "timecode_duration": [],
            "length": 2967000,
            "asset_id": "vod44861-000261M001",
            "title": "",
            "subtitle": "第261集 竹林姦表妹、阻愛殺62刀、教練摧女童",
            "ep_number": 261,
            "rating": 2,
            "content_type": "show",
            "p_start": 1762717500000,
            "vod_channel_description": "《法眼黑與白》是最早也唯一以科學鑑識為基礎來談刑案的節目，內容以強調鑑識證據、法醫解剖、詳細辦案過程的精神，來呈現深入報導的專業度。以探究刑事案件為主軸，並以專題方式深度報導關於酒駕、毒品、虐童等社會問題。"
          },
          {
            "content_id": "VOD00227007",
            "time_codes": [
              697000,
              1422000,
              2062000
            ],
            "timecode_duration": [],
            "length": 3001000,
            "asset_id": "vod44861-000262M001",
            "title": "",
            "subtitle": "第262集 兩裸屍丟橋、溪州白骨案",
            "ep_number": 262,
            "rating": 2,
            "content_type": "show",
            "p_start": 1762720800000,
            "vod_channel_description": "《法眼黑與白》是最早也唯一以科學鑑識為基礎來談刑案的節目，內容以強調鑑識證據、法醫解剖、詳細辦案過程的精神，來呈現深入報導的專業度。以探究刑事案件為主軸，並以專題方式深度報導關於酒駕、毒品、虐童等社會問題。"
          },
          {
            "content_id": "VOD00227008",
            "time_codes": [
              1428000,
              2078000,
              2553000
            ],
            "timecode_duration": [],
            "length": 2980000,
            "asset_id": "vod44861-000263M001",
            "title": "",
            "subtitle": "第263集 豬籠捆父女、譏笑窮燒死、偷情白骨劫",
            "ep_number": 263,
            "rating": 2,
            "content_type": "show",
            "p_start": 1762724100000,
            "vod_channel_description": "《法眼黑與白》是最早也唯一以科學鑑識為基礎來談刑案的節目，內容以強調鑑識證據、法醫解剖、詳細辦案過程的精神，來呈現深入報導的專業度。以探究刑事案件為主軸，並以專題方式深度報導關於酒駕、毒品、虐童等社會問題。"
          }
        ],
        "total_length": 281257000,
        "focus_index": 45,
        "next_index": 46,
        "time": 438225,
        "focus_program": {
          "content_id": "VOD00199869",
          "time_codes": [
            918000,
            1841000,
            2468000
          ],
          "timecode_duration": [],
          "length": 2984000,
          "asset_id": "vod44861-000210M001",
          "title": "",
          "subtitle": "第210集 嘉義醃頭顱、鄰居殺百刀、賣車被焚屍",
          "ep_number": 210,
          "rating": 2,
          "content_type": "show",
          "p_start": 1762559400000,
          "vod_channel_description": "《法眼黑與白》是最早也唯一以科學鑑識為基礎來談刑案的節目，內容以強調鑑識證據、法醫解剖、詳細辦案過程的精神，來呈現深入報導的專業度。以探究刑事案件為主軸，並以專題方式深度報導關於酒駕、毒品、虐童等社會問題。"
        }
      },
      "station_categories": [
        {
          "Name": "綜藝",
          "EngName": "Entertainment",
          "MenuOrder": 8
        }
      ]
    },
    "introduction": {
      "image": "https://p-cdnstatic.svc.litv.tv/pics/vod_channel/logo_ofiii134_mobile_20230707.png",
      "description": "《法眼黑與白》是最早也唯一以科學鑑識為基礎來談刑案的節目，內容以強調鑑識證據、法醫解剖、詳細辦案過程的精神，來呈現深入報導的專業度。以探究刑事案件為主軸，並以專題方式深度報導關於酒駕、毒品、虐童等社會問題。",
      "href_maps": []
    },
    "recommends": [],
    "ua": "Mozilla/5.0 (Windows NT 10.0; Win64; x64) AppleWebKit/537.36 (KHTML, like Gecko) Chrome/114.0.0.0 Safari/537.36 Edg/114.0.1823.86"
  },
  "__N_SSP": true
}