{
  "pageProps": {
    "contentId": "ofiii111",
    "channel": {
      "title": "倚天屠龍記 2019",
      "no": 111,
      "charge_mode": "F",
      "content_id": "ofiii111",
      "content_type": "vod-channel",
      "epg_categories": [
        4
      ],
      "genres": [
        {
          "id": "",
          "name": "VOD_CHANNEL",
          "logo": ""
        }
      ],
      "liad_id": "VODCHNEWOFIWEB",
      "package_info_id": "VOD_CHANNEL_DELUX",
      "picture": "pics/vod_channel/logo_3206_ofiii111_tv_20250221.png",
      "provider": [
        {
          "id": "",
          "name": "世詮多媒體",
          "logo": ""
        }
      ],
      "quality": "HD",
      "station_id": "station6140",
      "trial": "",
      "selectable": 1,
      "tr_logo": "pics/vod_channel/tr_logo_1704434230.png",
      "tl_logo": "",
      "br_logo": "",
      "bl_logo": "",
      "menu_type": 1,
      "vod_channel_schedule": {
        "channel_id": 111,
        "cdn_code": "ofiii111",
        "start_time": 1762833080000,
        "programs": [
          {
            "content_id": "VOD00183203",
            "time_codes": [
              788000,
              1493000,
              2223000
            ],
            "timecode_duration": [],
            "length": 2779000,
            "asset_id": "vod43061-000001M001",
            "title": "",
            "subtitle": "第1集",
            "ep_number": 1,
            "rating": 1,
            "content_type": "drama",
            "p_start": 1751860200000,
            "vod_channel_description": "以金庸小說《倚天屠龍記》為藍本改編。以武當五俠張翠山與明教殷素素之子張無忌（曾舜晞）的成長為主軸，講述江湖上的門派之間的恩怨情仇，以及張無忌和峨眉女俠周芷若（祝緒丹）、蒙古郡主趙敏（陳鈺琪）之間的愛恨糾葛。"
          },
          {
            "content_id": "VOD00183204",
            "time_codes": [
              752000,
              1436000,
              2113000
            ],
            "timecode_duration": [],
            "length": 2742000,
            "asset_id": "vod43061-000002M001",
            "title": "",
            "subtitle": "第2集",
            "ep_number": 2,
            "rating": 1,
            "content_type": "drama",
            "p_start": 1751863200000,
            "vod_channel_description": "以金庸小說《倚天屠龍記》為藍本改編。以武當五俠張翠山與明教殷素素之子張無忌（曾舜晞）的成長為主軸，講述江湖上的門派之間的恩怨情仇，以及張無忌和峨眉女俠周芷若（祝緒丹）、蒙古郡主趙敏（陳鈺琪）之間的愛恨糾葛。"
          },
          {
            "content_id": "VOD00183205",
            "time_codes": [
              698000,
              1509000,
              2169000
            ],
            "timecode_duration": [],
            "length": 2777000,
            "asset_id": "vod43061-000003M001",
            "title": "",
            "subtitle": "第3集",
            "ep_number": 3,
            "rating": 1,
            "content_type": "drama",
            "p_start": 1751866200000,
            "vod_channel_description": "以金庸小說《倚天屠龍記》為藍本改編。以武當五俠張翠山與明教殷素素之子張無忌（曾舜晞）的成長為主軸，講述江湖上的門派之間的恩怨情仇，以及張無忌和峨眉女俠周芷若（祝緒丹）、蒙古郡主趙敏（陳鈺琪）之間的愛恨糾葛。"
          },
          {
            "content_id": "VOD00183206",
            "time_codes": [
              732000,
              1546000,
              2164000
            ],
            "timecode_duration": [],
            "length": 2780000,
            "asset_id": "vod43061-000004M001",
            "title": "",
            "subtitle": "第4集",
            "ep_number": 4,
            "rating": 1,
            "content_type": "drama",
            "p_start": 1751869200000,
            "vod_channel_description": "以金庸小說《倚天屠龍記》為藍本改編。以武當五俠張翠山與明教殷素素之子張無忌（曾舜晞）的成長為主軸，講述江湖上的門派之間的恩怨情仇，以及張無忌和峨眉女俠周芷若（祝緒丹）、蒙古郡主趙敏（陳鈺琪）之間的愛恨糾葛。"
          },
          {
            "content_id": "VOD00183207",
            "time_codes": [
              783000,
              1535000,
              2237000
            ],
            "timecode_duration": [],
            "length": 2796000,
            "asset_id": "vod43061-000005M001",
            "title": "",
            "subtitle": "第5集",
            "ep_number": 5,
            "rating": 1,
            "content_type": "drama",
            "p_start": 1751872200000,
            "vod_channel_description": "以金庸小說《倚天屠龍記》為藍本改編。以武當五俠張翠山與明教殷素素之子張無忌（曾舜晞）的成長為主軸，講述江湖上的門派之間的恩怨情仇，以及張無忌和峨眉女俠周芷若（祝緒丹）、蒙古郡主趙敏（陳鈺琪）之間的愛恨糾葛。"
          },
          {
            "content_id": "VOD00183208",
            "time_codes": [
              784000,
              1510000,
              2211000
            ],
            "timecode_duration": [],
            "length": 2759000,
            "asset_id": "vod43061-000006M001",
            "title": "",
            "subtitle": "第6集",
            "ep_number": 6,
            "rating": 1,
            "content_type": "drama",
            "p_start": 1751875200000,
            "vod_channel_description": "以金庸小說《倚天屠龍記》為藍本改編。以武當五俠張翠山與明教殷素素之子張無忌（曾舜晞）的成長為主軸，講述江湖上的門派之間的恩怨情仇，以及張無忌和峨眉女俠周芷若（祝緒丹）、蒙古郡主趙敏（陳鈺琪）之間的愛恨糾葛。"
          },
          {
            "content_id": "VOD00183209",
            "time_codes": [
              720000,
              1440000,
              2190000
            ],
            "timecode_duration": [],
            "length": 2766000,
            "asset_id": "vod43061-000007M001",
            "title": "",
            "subtitle": "第7集",
            "ep_number": 7,
            "rating": 1,
            "content_type": "drama",
            "p_start": 1751878200000,
            "vod_channel_description": "以金庸小說《倚天屠龍記》為藍本改編。以武當五俠張翠山與明教殷素素之子張無忌（曾舜晞）的成長為主軸，講述江湖上的門派之間的恩怨情仇，以及張無忌和峨眉女俠周芷若（祝緒丹）、蒙古郡主趙敏（陳鈺琪）之間的愛恨糾葛。"
          },
          {
            "content_id": "VOD00183210",
            "time_codes": [
              792000,
              1452000,
              2241000
            ],
            "timecode_duration": [],
            "length": 2791000,
            "asset_id": "vod43061-000008M001",
            "title": "",
            "subtitle": "第8集",
            "ep_number": 8,
            "rating": 1,
            "content_type": "drama",
            "p_start": 1751881200000,
            "vod_channel_description": "以金庸小說《倚天屠龍記》為藍本改編。以武當五俠張翠山與明教殷素素之子張無忌（曾舜晞）的成長為主軸，講述江湖上的門派之間的恩怨情仇，以及張無忌和峨眉女俠周芷若（祝緒丹）、蒙古郡主趙敏（陳鈺琪）之間的愛恨糾葛。"
          },
          {
            "content_id": "VOD00183211",
            "time_codes": [
              735000,
              1488000,
              2242000
            ],
            "timecode_duration": [],
            "length": 2780000,
            "asset_id": "vod43061-000009M001",
            "title": "",
            "subtitle": "第9集",
            "ep_number": 9,
            "rating": 1,
            "content_type": "drama",
            "p_start": 1751884200000,
            "vod_channel_description": "以金庸小說《倚天屠龍記》為藍本改編。以武當五俠張翠山與明教殷素素之子張無忌（曾舜晞）的成長為主軸，講述江湖上的門派之間的恩怨情仇，以及張無忌和峨眉女俠周芷若（祝緒丹）、蒙古郡主趙敏（陳鈺琪）之間的愛恨糾葛。"
          },
          {
            "content_id": "VOD00183212",
            "time_codes": [
              695000,
              1495000,
              2240000
            ],
            "timecode_duration": [],
            "length": 2795000,
            "asset_id": "vod43061-000010M001",
            "title": "",
            "subtitle": "第10集",
            "ep_number": 10,
            "rating": 1,
            "content_type": "drama",
            "p_start": 1751887200000,
            "vod_channel_description": "以金庸小說《倚天屠龍記》為藍本改編。以武當五俠張翠山與明教殷素素之子張無忌（曾舜晞）的成長為主軸，講述江湖上的門派之間的恩怨情仇，以及張無忌和峨眉女俠周芷若（祝緒丹）、蒙古郡主趙敏（陳鈺琪）之間的愛恨糾葛。"
          },
          {
            "content_id": "VOD00183213",
            "time_codes": [
              794000,
              1450000,
              2176000
            ],
            "timecode_duration": [],
            "length": 2732000,
            "asset_id": "vod43061-000011M001",
            "title": "",
            "subtitle": "第11集",
            "ep_number": 11,
            "rating": 1,
            "content_type": "drama",
            "p_start": 1751890200000,
            "vod_channel_description": "以金庸小說《倚天屠龍記》為藍本改編。以武當五俠張翠山與明教殷素素之子張無忌（曾舜晞）的成長為主軸，講述江湖上的門派之間的恩怨情仇，以及張無忌和峨眉女俠周芷若（祝緒丹）、蒙古郡主趙敏（陳鈺琪）之間的愛恨糾葛。"
          },
          {
            "content_id": "VOD00183214",
            "time_codes": [
              772000,
              1482000,
              2250000
            ],
            "timecode_duration": [],
            "length": 2796000,
            "asset_id": "vod43061-000012M001",
            "title": "",
            "subtitle": "第12集",
            "ep_number": 12,
            "rating": 1,
            "content_type": "drama",
            "p_start": 1751893200000,
            "vod_channel_description": "以金庸小說《倚天屠龍記》為藍本改編。以武當五俠張翠山與明教殷素素之子張無忌（曾舜晞）的成長為主軸，講述江湖上的門派之間的恩怨情仇，以及張無忌和峨眉女俠周芷若（祝緒丹）、蒙古郡主趙敏（陳鈺琪）之間的愛恨糾葛。"
          },
          {
            "content_id": "VOD00183215",
            "time_codes": [
              761000,
              1468000,
              2197000
            ],
            "timecode_duration": [],
            "length": 2730000,
            "asset_id": "vod43061-000013M001",
            "title": "",
            "subtitle": "第13集",
            "ep_number": 13,
            "rating": 1,
            "content_type": "drama",
            "p_start": 1751896200000,
            "vod_channel_description": "以金庸小說《倚天屠龍記》為藍本改編。以武當五俠張翠山與明教殷素素之子張無忌（曾舜晞）的成長為主軸，講述江湖上的門派之間的恩怨情仇，以及張無忌和峨眉女俠周芷若（祝緒丹）、蒙古郡主趙敏（陳鈺琪）之間的愛恨糾葛。"
          },
          {
            "content_id": "VOD00183216",
            "time_codes": [
              701000,
              1491000,
              2253000
            ],
            "timecode_duration": [],
            "length": 2769000,
            "asset_id": "vod43061-000014M001",
            "title": "",
            "subtitle": "第14集",
            "ep_number": 14,
            "rating": 1,
            "content_type": "drama",
            "p_start": 1751899200000,
            "vod_channel_description": "以金庸小說《倚天屠龍記》為藍本改編。以武當五俠張翠山與明教殷素素之子張無忌（曾舜晞）的成長為主軸，講述江湖上的門派之間的恩怨情仇，以及張無忌和峨眉女俠周芷若（祝緒丹）、蒙古郡主趙敏（陳鈺琪）之間的愛恨糾葛。"
          },
          {
            "content_id": "VOD00183217",
            "time_codes": [
              715000,
              1475000,
              2177000
            ],
            "timecode_duration": [],
            "length": 2767000,
            "asset_id": "vod43061-000015M001",
            "title": "",
            "subtitle": "第15集",
            "ep_number": 15,
            "rating": 1,
            "content_type": "drama",
            "p_start": 1751902200000,
            "vod_channel_description": "以金庸小說《倚天屠龍記》為藍本改編。以武當五俠張翠山與明教殷素素之子張無忌（曾舜晞）的成長為主軸，講述江湖上的門派之間的恩怨情仇，以及張無忌和峨眉女俠周芷若（祝緒丹）、蒙古郡主趙敏（陳鈺琪）之間的愛恨糾葛。"
          },
          {
            "content_id": "VOD00183218",
            "time_codes": [
              702000,
              1556000,
              2162000
            ],
            "timecode_duration": [],
            "length": 2715000,
            "asset_id": "vod43061-000016M001",
            "title": "",
            "subtitle": "第16集",
            "ep_number": 16,
            "rating": 1,
            "content_type": "drama",
            "p_start": 1751905200000,
            "vod_channel_description": "以金庸小說《倚天屠龍記》為藍本改編。以武當五俠張翠山與明教殷素素之子張無忌（曾舜晞）的成長為主軸，講述江湖上的門派之間的恩怨情仇，以及張無忌和峨眉女俠周芷若（祝緒丹）、蒙古郡主趙敏（陳鈺琪）之間的愛恨糾葛。"
          },
          {
            "content_id": "VOD00183219",
            "time_codes": [
              792000,
              1480000,
              2197000
            ],
            "timecode_duration": [],
            "length": 2795000,
            "asset_id": "vod43061-000017M001",
            "title": "",
            "subtitle": "第17集",
            "ep_number": 17,
            "rating": 1,
            "content_type": "drama",
            "p_start": 1751908200000,
            "vod_channel_description": "以金庸小說《倚天屠龍記》為藍本改編。以武當五俠張翠山與明教殷素素之子張無忌（曾舜晞）的成長為主軸，講述江湖上的門派之間的恩怨情仇，以及張無忌和峨眉女俠周芷若（祝緒丹）、蒙古郡主趙敏（陳鈺琪）之間的愛恨糾葛。"
          },
          {
            "content_id": "VOD00183220",
            "time_codes": [
              716000,
              1456000,
              2192000
            ],
            "timecode_duration": [],
            "length": 2753000,
            "asset_id": "vod43061-000018M001",
            "title": "",
            "subtitle": "第18集",
            "ep_number": 18,
            "rating": 1,
            "content_type": "drama",
            "p_start": 1751911200000,
            "vod_channel_description": "以金庸小說《倚天屠龍記》為藍本改編。以武當五俠張翠山與明教殷素素之子張無忌（曾舜晞）的成長為主軸，講述江湖上的門派之間的恩怨情仇，以及張無忌和峨眉女俠周芷若（祝緒丹）、蒙古郡主趙敏（陳鈺琪）之間的愛恨糾葛。"
          },
          {
            "content_id": "VOD00183221",
            "time_codes": [
              714000,
              1472000,
              2163000
            ],
            "timecode_duration": [],
            "length": 2764000,
            "asset_id": "vod43061-000019M001",
            "title": "",
            "subtitle": "第19集",
            "ep_number": 19,
            "rating": 1,
            "content_type": "drama",
            "p_start": 1751914200000,
            "vod_channel_description": "以金庸小說《倚天屠龍記》為藍本改編。以武當五俠張翠山與明教殷素素之子張無忌（曾舜晞）的成長為主軸，講述江湖上的門派之間的恩怨情仇，以及張無忌和峨眉女俠周芷若（祝緒丹）、蒙古郡主趙敏（陳鈺琪）之間的愛恨糾葛。"
          },
          {
            "content_id": "VOD00183222",
            "time_codes": [
              691000,
              1466000,
              2146000
            ],
            "timecode_duration": [],
            "length": 2765000,
            "asset_id": "vod43061-000020M001",
            "title": "",
            "subtitle": "第20集",
            "ep_number": 20,
            "rating": 1,
            "content_type": "drama",
            "p_start": 1751917200000,
            "vod_channel_description": "以金庸小說《倚天屠龍記》為藍本改編。以武當五俠張翠山與明教殷素素之子張無忌（曾舜晞）的成長為主軸，講述江湖上的門派之間的恩怨情仇，以及張無忌和峨眉女俠周芷若（祝緒丹）、蒙古郡主趙敏（陳鈺琪）之間的愛恨糾葛。"
          },
          {
            "content_id": "VOD00183223",
            "time_codes": [
              714000,
              1460000,
              2191000
            ],
            "timecode_duration": [],
            "length": 2679000,
            "asset_id": "vod43061-000021M001",
            "title": "",
            "subtitle": "第21集",
            "ep_number": 21,
            "rating": 1,
            "content_type": "drama",
            "p_start": 1751920200000,
            "vod_channel_description": "以金庸小說《倚天屠龍記》為藍本改編。以武當五俠張翠山與明教殷素素之子張無忌（曾舜晞）的成長為主軸，講述江湖上的門派之間的恩怨情仇，以及張無忌和峨眉女俠周芷若（祝緒丹）、蒙古郡主趙敏（陳鈺琪）之間的愛恨糾葛。"
          },
          {
            "content_id": "VOD00183224",
            "time_codes": [
              728000,
              1544000,
              2197000
            ],
            "timecode_duration": [],
            "length": 2659000,
            "asset_id": "vod43061-000022M001",
            "title": "",
            "subtitle": "第22集",
            "ep_number": 22,
            "rating": 1,
            "content_type": "drama",
            "p_start": 1751923200000,
            "vod_channel_description": "以金庸小說《倚天屠龍記》為藍本改編。以武當五俠張翠山與明教殷素素之子張無忌（曾舜晞）的成長為主軸，講述江湖上的門派之間的恩怨情仇，以及張無忌和峨眉女俠周芷若（祝緒丹）、蒙古郡主趙敏（陳鈺琪）之間的愛恨糾葛。"
          },
          {
            "content_id": "VOD00183225",
            "time_codes": [
              707000,
              1472000,
              2202000
            ],
            "timecode_duration": [],
            "length": 2793000,
            "asset_id": "vod43061-000023M001",
            "title": "",
            "subtitle": "第23集",
            "ep_number": 23,
            "rating": 1,
            "content_type": "drama",
            "p_start": 1751926200000,
            "vod_channel_description": "以金庸小說《倚天屠龍記》為藍本改編。以武當五俠張翠山與明教殷素素之子張無忌（曾舜晞）的成長為主軸，講述江湖上的門派之間的恩怨情仇，以及張無忌和峨眉女俠周芷若（祝緒丹）、蒙古郡主趙敏（陳鈺琪）之間的愛恨糾葛。"
          },
          {
            "content_id": "VOD00183226",
            "time_codes": [
              710000,
              1530000,
              2133000
            ],
            "timecode_duration": [],
            "length": 2789000,
            "asset_id": "vod43061-000024M001",
            "title": "",
            "subtitle": "第24集",
            "ep_number": 24,
            "rating": 1,
            "content_type": "drama",
            "p_start": 1751929200000,
            "vod_channel_description": "以金庸小說《倚天屠龍記》為藍本改編。以武當五俠張翠山與明教殷素素之子張無忌（曾舜晞）的成長為主軸，講述江湖上的門派之間的恩怨情仇，以及張無忌和峨眉女俠周芷若（祝緒丹）、蒙古郡主趙敏（陳鈺琪）之間的愛恨糾葛。"
          },
          {
            "content_id": "VOD00183227",
            "time_codes": [
              780000,
              1470000,
              2136000
            ],
            "timecode_duration": [],
            "length": 2655000,
            "asset_id": "vod43061-000025M001",
            "title": "",
            "subtitle": "第25集",
            "ep_number": 25,
            "rating": 1,
            "content_type": "drama",
            "p_start": 1751932200000,
            "vod_channel_description": "以金庸小說《倚天屠龍記》為藍本改編。以武當五俠張翠山與明教殷素素之子張無忌（曾舜晞）的成長為主軸，講述江湖上的門派之間的恩怨情仇，以及張無忌和峨眉女俠周芷若（祝緒丹）、蒙古郡主趙敏（陳鈺琪）之間的愛恨糾葛。"
          },
          {
            "content_id": "VOD00183228",
            "time_codes": [
              740000,
              1475000,
              2178000
            ],
            "timecode_duration": [],
            "length": 2779000,
            "asset_id": "vod43061-000026M001",
            "title": "",
            "subtitle": "第26集",
            "ep_number": 26,
            "rating": 1,
            "content_type": "drama",
            "p_start": 1751935200000,
            "vod_channel_description": "以金庸小說《倚天屠龍記》為藍本改編。以武當五俠張翠山與明教殷素素之子張無忌（曾舜晞）的成長為主軸，講述江湖上的門派之間的恩怨情仇，以及張無忌和峨眉女俠周芷若（祝緒丹）、蒙古郡主趙敏（陳鈺琪）之間的愛恨糾葛。"
          },
          {
            "content_id": "VOD00183229",
            "time_codes": [
              724000,
              1444000,
              2135000
            ],
            "timecode_duration": [],
            "length": 2741000,
            "asset_id": "vod43061-000027M001",
            "title": "",
            "subtitle": "第27集",
            "ep_number": 27,
            "rating": 1,
            "content_type": "drama",
            "p_start": 1751938200000,
            "vod_channel_description": "以金庸小說《倚天屠龍記》為藍本改編。以武當五俠張翠山與明教殷素素之子張無忌（曾舜晞）的成長為主軸，講述江湖上的門派之間的恩怨情仇，以及張無忌和峨眉女俠周芷若（祝緒丹）、蒙古郡主趙敏（陳鈺琪）之間的愛恨糾葛。"
          },
          {
            "content_id": "VOD00183230",
            "time_codes": [
              792000,
              1451000,
              2150000
            ],
            "timecode_duration": [],
            "length": 2761000,
            "asset_id": "vod43061-000028M001",
            "title": "",
            "subtitle": "第28集",
            "ep_number": 28,
            "rating": 1,
            "content_type": "drama",
            "p_start": 1751941200000,
            "vod_channel_description": "以金庸小說《倚天屠龍記》為藍本改編。以武當五俠張翠山與明教殷素素之子張無忌（曾舜晞）的成長為主軸，講述江湖上的門派之間的恩怨情仇，以及張無忌和峨眉女俠周芷若（祝緒丹）、蒙古郡主趙敏（陳鈺琪）之間的愛恨糾葛。"
          },
          {
            "content_id": "VOD00183231",
            "time_codes": [
              823000,
              1488000,
              2138000
            ],
            "timecode_duration": [],
            "length": 2687000,
            "asset_id": "vod43061-000029M001",
            "title": "",
            "subtitle": "第29集",
            "ep_number": 29,
            "rating": 1,
            "content_type": "drama",
            "p_start": 1751944200000,
            "vod_channel_description": "以金庸小說《倚天屠龍記》為藍本改編。以武當五俠張翠山與明教殷素素之子張無忌（曾舜晞）的成長為主軸，講述江湖上的門派之間的恩怨情仇，以及張無忌和峨眉女俠周芷若（祝緒丹）、蒙古郡主趙敏（陳鈺琪）之間的愛恨糾葛。"
          },
          {
            "content_id": "VOD00183232",
            "time_codes": [
              737000,
              1490000,
              2150000
            ],
            "timecode_duration": [],
            "length": 2753000,
            "asset_id": "vod43061-000030M001",
            "title": "",
            "subtitle": "第30集",
            "ep_number": 30,
            "rating": 1,
            "content_type": "drama",
            "p_start": 1751947200000,
            "vod_channel_description": "以金庸小說《倚天屠龍記》為藍本改編。以武當五俠張翠山與明教殷素素之子張無忌（曾舜晞）的成長為主軸，講述江湖上的門派之間的恩怨情仇，以及張無忌和峨眉女俠周芷若（祝緒丹）、蒙古郡主趙敏（陳鈺琪）之間的愛恨糾葛。"
          },
          {
            "content_id": "VOD00183233",
            "time_codes": [
              784000,
              1501000,
              2122000
            ],
            "timecode_duration": [],
            "length": 2645000,
            "asset_id": "vod43061-000031M001",
            "title": "",
            "subtitle": "第31集",
            "ep_number": 31,
            "rating": 1,
            "content_type": "drama",
            "p_start": 1751950200000,
            "vod_channel_description": "以金庸小說《倚天屠龍記》為藍本改編。以武當五俠張翠山與明教殷素素之子張無忌（曾舜晞）的成長為主軸，講述江湖上的門派之間的恩怨情仇，以及張無忌和峨眉女俠周芷若（祝緒丹）、蒙古郡主趙敏（陳鈺琪）之間的愛恨糾葛。"
          },
          {
            "content_id": "VOD00183234",
            "time_codes": [
              702000,
              1481000,
              2190000
            ],
            "timecode_duration": [],
            "length": 2741000,
            "asset_id": "vod43061-000032M001",
            "title": "",
            "subtitle": "第32集",
            "ep_number": 32,
            "rating": 1,
            "content_type": "drama",
            "p_start": 1751953200000,
            "vod_channel_description": "以金庸小說《倚天屠龍記》為藍本改編。以武當五俠張翠山與明教殷素素之子張無忌（曾舜晞）的成長為主軸，講述江湖上的門派之間的恩怨情仇，以及張無忌和峨眉女俠周芷若（祝緒丹）、蒙古郡主趙敏（陳鈺琪）之間的愛恨糾葛。"
          },
          {
            "content_id": "VOD00183235",
            "time_codes": [
              735000,
              1455000,
              2176000
            ],
            "timecode_duration": [],
            "length": 2763000,
            "asset_id": "vod43061-000033M001",
            "title": "",
            "subtitle": "第33集",
            "ep_number": 33,
            "rating": 1,
            "content_type": "drama",
            "p_start": 1751956200000,
            "vod_channel_description": "以金庸小說《倚天屠龍記》為藍本改編。以武當五俠張翠山與明教殷素素之子張無忌（曾舜晞）的成長為主軸，講述江湖上的門派之間的恩怨情仇，以及張無忌和峨眉女俠周芷若（祝緒丹）、蒙古郡主趙敏（陳鈺琪）之間的愛恨糾葛。"
          },
          {
            "content_id": "VOD00183236",
            "time_codes": [
              695000,
              1495000,
              2218000
            ],
            "timecode_duration": [],
            "length": 2727000,
            "asset_id": "vod43061-000034M001",
            "title": "",
            "subtitle": "第34集",
            "ep_number": 34,
            "rating": 1,
            "content_type": "drama",
            "p_start": 1751959200000,
            "vod_channel_description": "以金庸小說《倚天屠龍記》為藍本改編。以武當五俠張翠山與明教殷素素之子張無忌（曾舜晞）的成長為主軸，講述江湖上的門派之間的恩怨情仇，以及張無忌和峨眉女俠周芷若（祝緒丹）、蒙古郡主趙敏（陳鈺琪）之間的愛恨糾葛。"
          },
          {
            "content_id": "VOD00183237",
            "time_codes": [
              731000,
              1486000,
              2116000
            ],
            "timecode_duration": [],
            "length": 2683000,
            "asset_id": "vod43061-000035M001",
            "title": "",
            "subtitle": "第35集",
            "ep_number": 35,
            "rating": 1,
            "content_type": "drama",
            "p_start": 1751962200000,
            "vod_channel_description": "以金庸小說《倚天屠龍記》為藍本改編。以武當五俠張翠山與明教殷素素之子張無忌（曾舜晞）的成長為主軸，講述江湖上的門派之間的恩怨情仇，以及張無忌和峨眉女俠周芷若（祝緒丹）、蒙古郡主趙敏（陳鈺琪）之間的愛恨糾葛。"
          },
          {
            "content_id": "VOD00183238",
            "time_codes": [
              766000,
              1461000,
              2153000
            ],
            "timecode_duration": [],
            "length": 2796000,
            "asset_id": "vod43061-000036M001",
            "title": "",
            "subtitle": "第36集",
            "ep_number": 36,
            "rating": 1,
            "content_type": "drama",
            "p_start": 1751965200000,
            "vod_channel_description": "以金庸小說《倚天屠龍記》為藍本改編。以武當五俠張翠山與明教殷素素之子張無忌（曾舜晞）的成長為主軸，講述江湖上的門派之間的恩怨情仇，以及張無忌和峨眉女俠周芷若（祝緒丹）、蒙古郡主趙敏（陳鈺琪）之間的愛恨糾葛。"
          },
          {
            "content_id": "VOD00183239",
            "time_codes": [
              832000,
              1441000,
              2134000
            ],
            "timecode_duration": [],
            "length": 2695000,
            "asset_id": "vod43061-000037M001",
            "title": "",
            "subtitle": "第37集",
            "ep_number": 37,
            "rating": 1,
            "content_type": "drama",
            "p_start": 1751968200000,
            "vod_channel_description": "以金庸小說《倚天屠龍記》為藍本改編。以武當五俠張翠山與明教殷素素之子張無忌（曾舜晞）的成長為主軸，講述江湖上的門派之間的恩怨情仇，以及張無忌和峨眉女俠周芷若（祝緒丹）、蒙古郡主趙敏（陳鈺琪）之間的愛恨糾葛。"
          },
          {
            "content_id": "VOD00183240",
            "time_codes": [
              702000,
              1556000,
              2225000
            ],
            "timecode_duration": [],
            "length": 2720000,
            "asset_id": "vod43061-000038M001",
            "title": "",
            "subtitle": "第38集",
            "ep_number": 38,
            "rating": 1,
            "content_type": "drama",
            "p_start": 1751971200000,
            "vod_channel_description": "以金庸小說《倚天屠龍記》為藍本改編。以武當五俠張翠山與明教殷素素之子張無忌（曾舜晞）的成長為主軸，講述江湖上的門派之間的恩怨情仇，以及張無忌和峨眉女俠周芷若（祝緒丹）、蒙古郡主趙敏（陳鈺琪）之間的愛恨糾葛。"
          },
          {
            "content_id": "VOD00183241",
            "time_codes": [
              744000,
              1513000,
              2250000
            ],
            "timecode_duration": [],
            "length": 2728000,
            "asset_id": "vod43061-000039M001",
            "title": "",
            "subtitle": "第39集",
            "ep_number": 39,
            "rating": 1,
            "content_type": "drama",
            "p_start": 1751974200000,
            "vod_channel_description": "以金庸小說《倚天屠龍記》為藍本改編。以武當五俠張翠山與明教殷素素之子張無忌（曾舜晞）的成長為主軸，講述江湖上的門派之間的恩怨情仇，以及張無忌和峨眉女俠周芷若（祝緒丹）、蒙古郡主趙敏（陳鈺琪）之間的愛恨糾葛。"
          },
          {
            "content_id": "VOD00183242",
            "time_codes": [
              753000,
              1470000,
              2214000
            ],
            "timecode_duration": [],
            "length": 2744000,
            "asset_id": "vod43061-000040M001",
            "title": "",
            "subtitle": "第40集",
            "ep_number": 40,
            "rating": 1,
            "content_type": "drama",
            "p_start": 1751977200000,
            "vod_channel_description": "以金庸小說《倚天屠龍記》為藍本改編。以武當五俠張翠山與明教殷素素之子張無忌（曾舜晞）的成長為主軸，講述江湖上的門派之間的恩怨情仇，以及張無忌和峨眉女俠周芷若（祝緒丹）、蒙古郡主趙敏（陳鈺琪）之間的愛恨糾葛。"
          },
          {
            "content_id": "VOD00183243",
            "time_codes": [
              682000,
              1484000,
              2233000
            ],
            "timecode_duration": [],
            "length": 2704000,
            "asset_id": "vod43061-000041M001",
            "title": "",
            "subtitle": "第41集",
            "ep_number": 41,
            "rating": 1,
            "content_type": "drama",
            "p_start": 1751980200000,
            "vod_channel_description": "以金庸小說《倚天屠龍記》為藍本改編。以武當五俠張翠山與明教殷素素之子張無忌（曾舜晞）的成長為主軸，講述江湖上的門派之間的恩怨情仇，以及張無忌和峨眉女俠周芷若（祝緒丹）、蒙古郡主趙敏（陳鈺琪）之間的愛恨糾葛。"
          },
          {
            "content_id": "VOD00183244",
            "time_codes": [
              753000,
              1430000,
              2225000
            ],
            "timecode_duration": [],
            "length": 2764000,
            "asset_id": "vod43061-000042M001",
            "title": "",
            "subtitle": "第42集",
            "ep_number": 42,
            "rating": 1,
            "content_type": "drama",
            "p_start": 1751983200000,
            "vod_channel_description": "以金庸小說《倚天屠龍記》為藍本改編。以武當五俠張翠山與明教殷素素之子張無忌（曾舜晞）的成長為主軸，講述江湖上的門派之間的恩怨情仇，以及張無忌和峨眉女俠周芷若（祝緒丹）、蒙古郡主趙敏（陳鈺琪）之間的愛恨糾葛。"
          },
          {
            "content_id": "VOD00183245",
            "time_codes": [
              780000,
              1407000,
              2208000
            ],
            "timecode_duration": [],
            "length": 2672000,
            "asset_id": "vod43061-000043M001",
            "title": "",
            "subtitle": "第43集",
            "ep_number": 43,
            "rating": 1,
            "content_type": "drama",
            "p_start": 1751986200000,
            "vod_channel_description": "以金庸小說《倚天屠龍記》為藍本改編。以武當五俠張翠山與明教殷素素之子張無忌（曾舜晞）的成長為主軸，講述江湖上的門派之間的恩怨情仇，以及張無忌和峨眉女俠周芷若（祝緒丹）、蒙古郡主趙敏（陳鈺琪）之間的愛恨糾葛。"
          },
          {
            "content_id": "VOD00183246",
            "time_codes": [
              771000,
              1453000,
              2143000
            ],
            "timecode_duration": [],
            "length": 2737000,
            "asset_id": "vod43061-000044M001",
            "title": "",
            "subtitle": "第44集",
            "ep_number": 44,
            "rating": 1,
            "content_type": "drama",
            "p_start": 1751989200000,
            "vod_channel_description": "以金庸小說《倚天屠龍記》為藍本改編。以武當五俠張翠山與明教殷素素之子張無忌（曾舜晞）的成長為主軸，講述江湖上的門派之間的恩怨情仇，以及張無忌和峨眉女俠周芷若（祝緒丹）、蒙古郡主趙敏（陳鈺琪）之間的愛恨糾葛。"
          },
          {
            "content_id": "VOD00183247",
            "time_codes": [
              803000,
              1473000,
              2241000
            ],
            "timecode_duration": [],
            "length": 2701000,
            "asset_id": "vod43061-000045M001",
            "title": "",
            "subtitle": "第45集",
            "ep_number": 45,
            "rating": 1,
            "content_type": "drama",
            "p_start": 1751992200000,
            "vod_channel_description": "以金庸小說《倚天屠龍記》為藍本改編。以武當五俠張翠山與明教殷素素之子張無忌（曾舜晞）的成長為主軸，講述江湖上的門派之間的恩怨情仇，以及張無忌和峨眉女俠周芷若（祝緒丹）、蒙古郡主趙敏（陳鈺琪）之間的愛恨糾葛。"
          },
          {
            "content_id": "VOD00183248",
            "time_codes": [
              729000,
              1454000,
              2237000
            ],
            "timecode_duration": [],
            "length": 2698000,
            "asset_id": "vod43061-000046M001",
            "title": "",
            "subtitle": "第46集",
            "ep_number": 46,
            "rating": 1,
            "content_type": "drama",
            "p_start": 1751995200000,
            "vod_channel_description": "以金庸小說《倚天屠龍記》為藍本改編。以武當五俠張翠山與明教殷素素之子張無忌（曾舜晞）的成長為主軸，講述江湖上的門派之間的恩怨情仇，以及張無忌和峨眉女俠周芷若（祝緒丹）、蒙古郡主趙敏（陳鈺琪）之間的愛恨糾葛。"
          },
          {
            "content_id": "VOD00183249",
            "time_codes": [
              804000,
              1488000,
              2212000
            ],
            "timecode_duration": [],
            "length": 2673000,
            "asset_id": "vod43061-000047M001",
            "title": "",
            "subtitle": "第47集",
            "ep_number": 47,
            "rating": 1,
            "content_type": "drama",
            "p_start": 1751998200000,
            "vod_channel_description": "以金庸小說《倚天屠龍記》為藍本改編。以武當五俠張翠山與明教殷素素之子張無忌（曾舜晞）的成長為主軸，講述江湖上的門派之間的恩怨情仇，以及張無忌和峨眉女俠周芷若（祝緒丹）、蒙古郡主趙敏（陳鈺琪）之間的愛恨糾葛。"
          },
          {
            "content_id": "VOD00183250",
            "time_codes": [
              721000,
              1468000,
              2270000
            ],
            "timecode_duration": [],
            "length": 2775000,
            "asset_id": "vod43061-000048M001",
            "title": "",
            "subtitle": "第48集",
            "ep_number": 48,
            "rating": 1,
            "content_type": "drama",
            "p_start": 1752001200000,
            "vod_channel_description": "以金庸小說《倚天屠龍記》為藍本改編。以武當五俠張翠山與明教殷素素之子張無忌（曾舜晞）的成長為主軸，講述江湖上的門派之間的恩怨情仇，以及張無忌和峨眉女俠周芷若（祝緒丹）、蒙古郡主趙敏（陳鈺琪）之間的愛恨糾葛。"
          },
          {
            "content_id": "VOD00183251",
            "time_codes": [
              769000,
              1414000,
              2160000
            ],
            "timecode_duration": [],
            "length": 2758000,
            "asset_id": "vod43061-000049M001",
            "title": "",
            "subtitle": "第49集",
            "ep_number": 49,
            "rating": 1,
            "content_type": "drama",
            "p_start": 1752004200000,
            "vod_channel_description": "以金庸小說《倚天屠龍記》為藍本改編。以武當五俠張翠山與明教殷素素之子張無忌（曾舜晞）的成長為主軸，講述江湖上的門派之間的恩怨情仇，以及張無忌和峨眉女俠周芷若（祝緒丹）、蒙古郡主趙敏（陳鈺琪）之間的愛恨糾葛。"
          },
          {
            "content_id": "VOD00183252",
            "time_codes": [
              732000,
              1414000,
              2257000
            ],
            "timecode_duration": [],
            "length": 2790000,
            "asset_id": "vod43061-000050M001",
            "title": "",
            "subtitle": "第50集",
            "ep_number": 50,
            "rating": 1,
            "content_type": "drama",
            "p_start": 1752007200000,
            "vod_channel_description": "以金庸小說《倚天屠龍記》為藍本改編。以武當五俠張翠山與明教殷素素之子張無忌（曾舜晞）的成長為主軸，講述江湖上的門派之間的恩怨情仇，以及張無忌和峨眉女俠周芷若（祝緒丹）、蒙古郡主趙敏（陳鈺琪）之間的愛恨糾葛。"
          }
        ],
        "total_length": 137161000,
        "focus_index": 26,
        "next_index": 27,
        "time": 1796753,
        "focus_program": {
          "content_id": "VOD00183229",
          "time_codes": [
            724000,
            1444000,
            2135000
          ],
          "timecode_duration": [],
          "length": 2741000,
          "asset_id": "vod43061-000027M001",
          "title": "",
          "subtitle": "第27集",
          "ep_number": 27,
          "rating": 1,
          "content_type": "drama",
          "p_start": 1751938200000,
          "vod_channel_description": "以金庸小說《倚天屠龍記》為藍本改編。以武當五俠張翠山與明教殷素素之子張無忌（曾舜晞）的成長為主軸，講述江湖上的門派之間的恩怨情仇，以及張無忌和峨眉女俠周芷若（祝緒丹）、蒙古郡主趙敏（陳鈺琪）之間的愛恨糾葛。"
        }
      },
      "station_categories": [
        {
          "Name": "戲劇",
          "EngName": "Drama",
          "MenuOrder": 7
        }
      ]
    },
    "introduction": {
      "image": "https://p-cdnstatic.svc.litv.tv/pics/vod_channel/logo_3206_ofiii111_mobile_20240105.png",
      "description": "",
      "href_maps": []
    },
    "recommends": [],
    "ua": "Mozilla/5.0 (Macintosh; Intel Mac OS X 10_15_7) AppleWebKit/537.36 (KHTML, like Gecko) Chrome/131.0.0.0 Safari/537.36 Edg/131.0.0.0"
  },
  "__N_SSP": true
}