{
  "pageProps": {
    "contentId": "ofiii123",
    "channel": {
      "title": "三十而已",
      "no": 123,
      "charge_mode": "F",
      "content_id": "ofiii123",
      "content_type": "vod-channel",
      "epg_categories": [
        4
      ],
      "genres": [
        {
          "id": "",
          "name": "VOD_CHANNEL",
          "logo": ""
        }
      ],
      "liad_id": "VODCHNEWOFIWEB",
      "package_info_id": "VOD_CHANNEL_DELUX",
      "picture": "pics/vod_channel/logo_3748_ofiii123_tv_20250529.png",
      "provider": [
        {
          "id": "",
          "name": "時代影像",
          "logo": ""
        }
      ],
      "quality": "HD",
      "station_id": "station6682",
      "trial": "",
      "selectable": 1,
      "tr_logo": "pics/vod_channel/tr_logo_1748484554.png",
      "tl_logo": "",
      "br_logo": "",
      "bl_logo": "",
      "menu_type": 1,
      "vod_channel_schedule": {
        "channel_id": 123,
        "cdn_code": "ofiii123",
        "start_time": 1762171131000,
        "programs": [
          {
            "content_id": "VOD00190343",
            "time_codes": [
              778000,
              1473000,
              2179000
            ],
            "timecode_duration": [],
            "length": 2723000,
            "asset_id": "vod43738-000001M001",
            "title": "",
            "subtitle": "第1集",
            "ep_number": 1,
            "rating": 1,
            "content_type": "drama",
            "p_start": 1748874900000,
            "vod_channel_description": "《三十而已》陸劇線上看。顧佳(童瑤)她是令人艷羨的金字塔上層，把老公從煙花設計師打造成「許總」，也把自己打造成裡外一把手的全職太太。王漫妮(江疏影)則是特立獨行的叛逆者，深信自己既有顏值又有腦子，永遠值得更好的。鍾曉芹(毛曉彤)是個平凡妻子，但流產跟生活隔闔漸漸壓垮婚姻..."
          },
          {
            "content_id": "VOD00190344",
            "time_codes": [
              723000,
              1442000,
              2186000
            ],
            "timecode_duration": [],
            "length": 2675000,
            "asset_id": "vod43738-000002M001",
            "title": "",
            "subtitle": "第2集",
            "ep_number": 2,
            "rating": 1,
            "content_type": "drama",
            "p_start": 1748877900000,
            "vod_channel_description": "顧佳她是令人艷羨的金字塔上層，把老公從煙花設計師打造成「許總」，也把自己打造成裡外一把手的全職太太。然而這個家有了入侵者。王漫妮則是特立獨行的叛逆者，深信自己既有顏值又有腦子，永遠值得更好的。鍾曉芹是個平凡妻子，但流產跟生活隔闔漸漸壓垮婚姻..."
          },
          {
            "content_id": "VOD00190345",
            "time_codes": [
              742000,
              1445000,
              2228000
            ],
            "timecode_duration": [],
            "length": 2780000,
            "asset_id": "vod43738-000003M001",
            "title": "",
            "subtitle": "第3集",
            "ep_number": 3,
            "rating": 1,
            "content_type": "drama",
            "p_start": 1748880900000,
            "vod_channel_description": "顧佳她是令人艷羨的金字塔上層，把老公從煙花設計師打造成「許總」，也把自己打造成裡外一把手的全職太太。然而這個家有了入侵者。王漫妮則是特立獨行的叛逆者，深信自己既有顏值又有腦子，永遠值得更好的。鍾曉芹是個平凡妻子，但流產跟生活隔闔漸漸壓垮婚姻..."
          },
          {
            "content_id": "VOD00190346",
            "time_codes": [
              730000,
              1468000,
              2166000
            ],
            "timecode_duration": [],
            "length": 0,
            "asset_id": "vod43738-000004M001",
            "title": "",
            "subtitle": "第4集",
            "ep_number": 4,
            "rating": 1,
            "content_type": "drama",
            "p_start": 1748883900000,
            "vod_channel_description": "顧佳她是令人艷羨的金字塔上層，把老公從煙花設計師打造成「許總」，也把自己打造成裡外一把手的全職太太。然而這個家有了入侵者。王漫妮則是特立獨行的叛逆者，深信自己既有顏值又有腦子，永遠值得更好的。鍾曉芹是個平凡妻子，但流產跟生活隔闔漸漸壓垮婚姻..."
          },
          {
            "content_id": "VOD00190347",
            "time_codes": [
              748000,
              1450000,
              2192000
            ],
            "timecode_duration": [],
            "length": 2822000,
            "asset_id": "vod43738-000005M001",
            "title": "",
            "subtitle": "第5集",
            "ep_number": 5,
            "rating": 1,
            "content_type": "drama",
            "p_start": 1748884200000,
            "vod_channel_description": "顧佳她是令人艷羨的金字塔上層，把老公從煙花設計師打造成「許總」，也把自己打造成裡外一把手的全職太太。然而這個家有了入侵者。王漫妮則是特立獨行的叛逆者，深信自己既有顏值又有腦子，永遠值得更好的。鍾曉芹是個平凡妻子，但流產跟生活隔闔漸漸壓垮婚姻..."
          },
          {
            "content_id": "VOD00190348",
            "time_codes": [
              749000,
              1467000,
              2179000
            ],
            "timecode_duration": [],
            "length": 2705000,
            "asset_id": "vod43738-000006M001",
            "title": "",
            "subtitle": "第6集",
            "ep_number": 6,
            "rating": 1,
            "content_type": "drama",
            "p_start": 1748887200000,
            "vod_channel_description": "顧佳她是令人艷羨的金字塔上層，把老公從煙花設計師打造成「許總」，也把自己打造成裡外一把手的全職太太。然而這個家有了入侵者。王漫妮則是特立獨行的叛逆者，深信自己既有顏值又有腦子，永遠值得更好的。鍾曉芹是個平凡妻子，但流產跟生活隔闔漸漸壓垮婚姻..."
          },
          {
            "content_id": "VOD00190349",
            "time_codes": [
              767000,
              1456000,
              2163000
            ],
            "timecode_duration": [],
            "length": 2556000,
            "asset_id": "vod43738-000007M001",
            "title": "",
            "subtitle": "第7集",
            "ep_number": 7,
            "rating": 1,
            "content_type": "drama",
            "p_start": 1748890200000,
            "vod_channel_description": "顧佳她是令人艷羨的金字塔上層，把老公從煙花設計師打造成「許總」，也把自己打造成裡外一把手的全職太太。然而這個家有了入侵者。王漫妮則是特立獨行的叛逆者，深信自己既有顏值又有腦子，永遠值得更好的。鍾曉芹是個平凡妻子，但流產跟生活隔闔漸漸壓垮婚姻..."
          },
          {
            "content_id": "VOD00190350",
            "time_codes": [
              756000,
              1460000,
              2185000
            ],
            "timecode_duration": [],
            "length": 2748000,
            "asset_id": "vod43738-000008M001",
            "title": "",
            "subtitle": "第8集",
            "ep_number": 8,
            "rating": 1,
            "content_type": "drama",
            "p_start": 1748892900000,
            "vod_channel_description": "顧佳她是令人艷羨的金字塔上層，把老公從煙花設計師打造成「許總」，也把自己打造成裡外一把手的全職太太。然而這個家有了入侵者。王漫妮則是特立獨行的叛逆者，深信自己既有顏值又有腦子，永遠值得更好的。鍾曉芹是個平凡妻子，但流產跟生活隔闔漸漸壓垮婚姻..."
          },
          {
            "content_id": "VOD00190351",
            "time_codes": [
              778000,
              1477000,
              2228000
            ],
            "timecode_duration": [],
            "length": 2655000,
            "asset_id": "vod43738-000009M001",
            "title": "",
            "subtitle": "第9集",
            "ep_number": 9,
            "rating": 1,
            "content_type": "drama",
            "p_start": 1748895900000,
            "vod_channel_description": "顧佳她是令人艷羨的金字塔上層，把老公從煙花設計師打造成「許總」，也把自己打造成裡外一把手的全職太太。然而這個家有了入侵者。王漫妮則是特立獨行的叛逆者，深信自己既有顏值又有腦子，永遠值得更好的。鍾曉芹是個平凡妻子，但流產跟生活隔闔漸漸壓垮婚姻..."
          },
          {
            "content_id": "VOD00190352",
            "time_codes": [
              739000,
              1487000,
              2198000
            ],
            "timecode_duration": [],
            "length": 2587000,
            "asset_id": "vod43738-000010M001",
            "title": "",
            "subtitle": "第10集",
            "ep_number": 10,
            "rating": 1,
            "content_type": "drama",
            "p_start": 1748898900000,
            "vod_channel_description": "顧佳她是令人艷羨的金字塔上層，把老公從煙花設計師打造成「許總」，也把自己打造成裡外一把手的全職太太。然而這個家有了入侵者。王漫妮則是特立獨行的叛逆者，深信自己既有顏值又有腦子，永遠值得更好的。鍾曉芹是個平凡妻子，但流產跟生活隔闔漸漸壓垮婚姻..."
          },
          {
            "content_id": "VOD00190353",
            "time_codes": [
              770000,
              1480000,
              2176000
            ],
            "timecode_duration": [],
            "length": 2896000,
            "asset_id": "vod43738-000011M001",
            "title": "",
            "subtitle": "第11集",
            "ep_number": 11,
            "rating": 1,
            "content_type": "drama",
            "p_start": 1748901600000,
            "vod_channel_description": "顧佳她是令人艷羨的金字塔上層，把老公從煙花設計師打造成「許總」，也把自己打造成裡外一把手的全職太太。然而這個家有了入侵者。王漫妮則是特立獨行的叛逆者，深信自己既有顏值又有腦子，永遠值得更好的。鍾曉芹是個平凡妻子，但流產跟生活隔闔漸漸壓垮婚姻..."
          },
          {
            "content_id": "VOD00190354",
            "time_codes": [
              746000,
              1456000,
              2161000
            ],
            "timecode_duration": [],
            "length": 2798000,
            "asset_id": "vod43738-000012M001",
            "title": "",
            "subtitle": "第12集",
            "ep_number": 12,
            "rating": 1,
            "content_type": "drama",
            "p_start": 1748904600000,
            "vod_channel_description": "顧佳她是令人艷羨的金字塔上層，把老公從煙花設計師打造成「許總」，也把自己打造成裡外一把手的全職太太。然而這個家有了入侵者。王漫妮則是特立獨行的叛逆者，深信自己既有顏值又有腦子，永遠值得更好的。鍾曉芹是個平凡妻子，但流產跟生活隔闔漸漸壓垮婚姻..."
          },
          {
            "content_id": "VOD00190355",
            "time_codes": [
              722000,
              1460000,
              2205000
            ],
            "timecode_duration": [],
            "length": 2761000,
            "asset_id": "vod43738-000013M001",
            "title": "",
            "subtitle": "第13集",
            "ep_number": 13,
            "rating": 1,
            "content_type": "drama",
            "p_start": 1748907600000,
            "vod_channel_description": "顧佳她是令人艷羨的金字塔上層，把老公從煙花設計師打造成「許總」，也把自己打造成裡外一把手的全職太太。然而這個家有了入侵者。王漫妮則是特立獨行的叛逆者，深信自己既有顏值又有腦子，永遠值得更好的。鍾曉芹是個平凡妻子，但流產跟生活隔闔漸漸壓垮婚姻..."
          },
          {
            "content_id": "VOD00190356",
            "time_codes": [
              712000,
              1454000,
              2108000
            ],
            "timecode_duration": [],
            "length": 2771000,
            "asset_id": "vod43738-000014M001",
            "title": "",
            "subtitle": "第14集",
            "ep_number": 14,
            "rating": 1,
            "content_type": "drama",
            "p_start": 1748910600000,
            "vod_channel_description": "顧佳她是令人艷羨的金字塔上層，把老公從煙花設計師打造成「許總」，也把自己打造成裡外一把手的全職太太。然而這個家有了入侵者。王漫妮則是特立獨行的叛逆者，深信自己既有顏值又有腦子，永遠值得更好的。鍾曉芹是個平凡妻子，但流產跟生活隔闔漸漸壓垮婚姻..."
          },
          {
            "content_id": "VOD00190357",
            "time_codes": [
              778000,
              1446000,
              2217000
            ],
            "timecode_duration": [],
            "length": 2798000,
            "asset_id": "vod43738-000015M001",
            "title": "",
            "subtitle": "第15集",
            "ep_number": 15,
            "rating": 1,
            "content_type": "drama",
            "p_start": 1748913600000,
            "vod_channel_description": "顧佳她是令人艷羨的金字塔上層，把老公從煙花設計師打造成「許總」，也把自己打造成裡外一把手的全職太太。然而這個家有了入侵者。王漫妮則是特立獨行的叛逆者，深信自己既有顏值又有腦子，永遠值得更好的。鍾曉芹是個平凡妻子，但流產跟生活隔闔漸漸壓垮婚姻..."
          },
          {
            "content_id": "VOD00190358",
            "time_codes": [
              676000,
              1393000,
              2245000
            ],
            "timecode_duration": [],
            "length": 2626000,
            "asset_id": "vod43738-000016M001",
            "title": "",
            "subtitle": "第16集",
            "ep_number": 16,
            "rating": 1,
            "content_type": "drama",
            "p_start": 1748916600000,
            "vod_channel_description": "顧佳她是令人艷羨的金字塔上層，把老公從煙花設計師打造成「許總」，也把自己打造成裡外一把手的全職太太。然而這個家有了入侵者。王漫妮則是特立獨行的叛逆者，深信自己既有顏值又有腦子，永遠值得更好的。鍾曉芹是個平凡妻子，但流產跟生活隔闔漸漸壓垮婚姻..."
          },
          {
            "content_id": "VOD00190359",
            "time_codes": [
              716000,
              1397000,
              2194000
            ],
            "timecode_duration": [],
            "length": 2672000,
            "asset_id": "vod43738-000017M001",
            "title": "",
            "subtitle": "第17集",
            "ep_number": 17,
            "rating": 1,
            "content_type": "drama",
            "p_start": 1748919300000,
            "vod_channel_description": "顧佳她是令人艷羨的金字塔上層，把老公從煙花設計師打造成「許總」，也把自己打造成裡外一把手的全職太太。然而這個家有了入侵者。王漫妮則是特立獨行的叛逆者，深信自己既有顏值又有腦子，永遠值得更好的。鍾曉芹是個平凡妻子，但流產跟生活隔闔漸漸壓垮婚姻..."
          },
          {
            "content_id": "VOD00190360",
            "time_codes": [
              745000,
              1385000,
              2144000
            ],
            "timecode_duration": [],
            "length": 2645000,
            "asset_id": "vod43738-000018M001",
            "title": "",
            "subtitle": "第18集",
            "ep_number": 18,
            "rating": 1,
            "content_type": "drama",
            "p_start": 1748922300000,
            "vod_channel_description": "顧佳她是令人艷羨的金字塔上層，把老公從煙花設計師打造成「許總」，也把自己打造成裡外一把手的全職太太。然而這個家有了入侵者。王漫妮則是特立獨行的叛逆者，深信自己既有顏值又有腦子，永遠值得更好的。鍾曉芹是個平凡妻子，但流產跟生活隔闔漸漸壓垮婚姻..."
          },
          {
            "content_id": "VOD00190361",
            "time_codes": [
              725000,
              1420000,
              2153000
            ],
            "timecode_duration": [],
            "length": 2724000,
            "asset_id": "vod43738-000019M001",
            "title": "",
            "subtitle": "第19集",
            "ep_number": 19,
            "rating": 1,
            "content_type": "drama",
            "p_start": 1748925300000,
            "vod_channel_description": "顧佳她是令人艷羨的金字塔上層，把老公從煙花設計師打造成「許總」，也把自己打造成裡外一把手的全職太太。然而這個家有了入侵者。王漫妮則是特立獨行的叛逆者，深信自己既有顏值又有腦子，永遠值得更好的。鍾曉芹是個平凡妻子，但流產跟生活隔闔漸漸壓垮婚姻..."
          },
          {
            "content_id": "VOD00190362",
            "time_codes": [
              822000,
              1450000,
              2132000
            ],
            "timecode_duration": [],
            "length": 2609000,
            "asset_id": "vod43738-000020M001",
            "title": "",
            "subtitle": "第20集",
            "ep_number": 20,
            "rating": 1,
            "content_type": "drama",
            "p_start": 1748928300000,
            "vod_channel_description": "顧佳她是令人艷羨的金字塔上層，把老公從煙花設計師打造成「許總」，也把自己打造成裡外一把手的全職太太。然而這個家有了入侵者。王漫妮則是特立獨行的叛逆者，深信自己既有顏值又有腦子，永遠值得更好的。鍾曉芹是個平凡妻子，但流產跟生活隔闔漸漸壓垮婚姻..."
          },
          {
            "content_id": "VOD00190363",
            "time_codes": [
              828000,
              1402000,
              2173000
            ],
            "timecode_duration": [],
            "length": 2766000,
            "asset_id": "vod43738-000021M001",
            "title": "",
            "subtitle": "第21集",
            "ep_number": 21,
            "rating": 1,
            "content_type": "drama",
            "p_start": 1748931000000,
            "vod_channel_description": "顧佳她是令人艷羨的金字塔上層，把老公從煙花設計師打造成「許總」，也把自己打造成裡外一把手的全職太太。然而這個家有了入侵者。王漫妮則是特立獨行的叛逆者，深信自己既有顏值又有腦子，永遠值得更好的。鍾曉芹是個平凡妻子，但流產跟生活隔闔漸漸壓垮婚姻..."
          },
          {
            "content_id": "VOD00190364",
            "time_codes": [
              732000,
              1420000,
              2144000
            ],
            "timecode_duration": [],
            "length": 2712000,
            "asset_id": "vod43738-000022M001",
            "title": "",
            "subtitle": "第22集",
            "ep_number": 22,
            "rating": 1,
            "content_type": "drama",
            "p_start": 1748934000000,
            "vod_channel_description": "顧佳她是令人艷羨的金字塔上層，把老公從煙花設計師打造成「許總」，也把自己打造成裡外一把手的全職太太。然而這個家有了入侵者。王漫妮則是特立獨行的叛逆者，深信自己既有顏值又有腦子，永遠值得更好的。鍾曉芹是個平凡妻子，但流產跟生活隔闔漸漸壓垮婚姻..."
          },
          {
            "content_id": "VOD00190365",
            "time_codes": [
              665000,
              1388000,
              2131000
            ],
            "timecode_duration": [],
            "length": 2657000,
            "asset_id": "vod43738-000023M001",
            "title": "",
            "subtitle": "第23集",
            "ep_number": 23,
            "rating": 1,
            "content_type": "drama",
            "p_start": 1748937000000,
            "vod_channel_description": "顧佳她是令人艷羨的金字塔上層，把老公從煙花設計師打造成「許總」，也把自己打造成裡外一把手的全職太太。然而這個家有了入侵者。王漫妮則是特立獨行的叛逆者，深信自己既有顏值又有腦子，永遠值得更好的。鍾曉芹是個平凡妻子，但流產跟生活隔闔漸漸壓垮婚姻..."
          },
          {
            "content_id": "VOD00190366",
            "time_codes": [
              730000,
              1380000,
              2162000
            ],
            "timecode_duration": [],
            "length": 2551000,
            "asset_id": "vod43738-000024M001",
            "title": "",
            "subtitle": "第24集",
            "ep_number": 24,
            "rating": 1,
            "content_type": "drama",
            "p_start": 1748940000000,
            "vod_channel_description": "顧佳她是令人艷羨的金字塔上層，把老公從煙花設計師打造成「許總」，也把自己打造成裡外一把手的全職太太。然而這個家有了入侵者。王漫妮則是特立獨行的叛逆者，深信自己既有顏值又有腦子，永遠值得更好的。鍾曉芹是個平凡妻子，但流產跟生活隔闔漸漸壓垮婚姻..."
          },
          {
            "content_id": "VOD00190367",
            "time_codes": [
              720000,
              1404000,
              2170000
            ],
            "timecode_duration": [],
            "length": 2709000,
            "asset_id": "vod43738-000025M001",
            "title": "",
            "subtitle": "第25集",
            "ep_number": 25,
            "rating": 1,
            "content_type": "drama",
            "p_start": 1748942700000,
            "vod_channel_description": "顧佳她是令人艷羨的金字塔上層，把老公從煙花設計師打造成「許總」，也把自己打造成裡外一把手的全職太太。然而這個家有了入侵者。王漫妮則是特立獨行的叛逆者，深信自己既有顏值又有腦子，永遠值得更好的。鍾曉芹是個平凡妻子，但流產跟生活隔闔漸漸壓垮婚姻..."
          },
          {
            "content_id": "VOD00190368",
            "time_codes": [
              684000,
              1515000,
              2206000
            ],
            "timecode_duration": [],
            "length": 2656000,
            "asset_id": "vod43738-000026M001",
            "title": "",
            "subtitle": "第26集",
            "ep_number": 26,
            "rating": 1,
            "content_type": "drama",
            "p_start": 1748945700000,
            "vod_channel_description": "顧佳她是令人艷羨的金字塔上層，把老公從煙花設計師打造成「許總」，也把自己打造成裡外一把手的全職太太。然而這個家有了入侵者。王漫妮則是特立獨行的叛逆者，深信自己既有顏值又有腦子，永遠值得更好的。鍾曉芹是個平凡妻子，但流產跟生活隔闔漸漸壓垮婚姻..."
          },
          {
            "content_id": "VOD00190369",
            "time_codes": [
              782000,
              1490000,
              2120000
            ],
            "timecode_duration": [],
            "length": 2757000,
            "asset_id": "vod43738-000027M001",
            "title": "",
            "subtitle": "第27集",
            "ep_number": 27,
            "rating": 1,
            "content_type": "drama",
            "p_start": 1748948700000,
            "vod_channel_description": "顧佳她是令人艷羨的金字塔上層，把老公從煙花設計師打造成「許總」，也把自己打造成裡外一把手的全職太太。然而這個家有了入侵者。王漫妮則是特立獨行的叛逆者，深信自己既有顏值又有腦子，永遠值得更好的。鍾曉芹是個平凡妻子，但流產跟生活隔闔漸漸壓垮婚姻..."
          },
          {
            "content_id": "VOD00190370",
            "time_codes": [
              787000,
              1385000,
              2146000
            ],
            "timecode_duration": [],
            "length": 2708000,
            "asset_id": "vod43738-000028M001",
            "title": "",
            "subtitle": "第28集",
            "ep_number": 28,
            "rating": 1,
            "content_type": "drama",
            "p_start": 1748951700000,
            "vod_channel_description": "顧佳她是令人艷羨的金字塔上層，把老公從煙花設計師打造成「許總」，也把自己打造成裡外一把手的全職太太。然而這個家有了入侵者。王漫妮則是特立獨行的叛逆者，深信自己既有顏值又有腦子，永遠值得更好的。鍾曉芹是個平凡妻子，但流產跟生活隔闔漸漸壓垮婚姻..."
          },
          {
            "content_id": "VOD00190371",
            "time_codes": [
              683000,
              1464000,
              2155000
            ],
            "timecode_duration": [],
            "length": 2664000,
            "asset_id": "vod43738-000029M001",
            "title": "",
            "subtitle": "第29集",
            "ep_number": 29,
            "rating": 1,
            "content_type": "drama",
            "p_start": 1748954700000,
            "vod_channel_description": "顧佳她是令人艷羨的金字塔上層，把老公從煙花設計師打造成「許總」，也把自己打造成裡外一把手的全職太太。然而這個家有了入侵者。王漫妮則是特立獨行的叛逆者，深信自己既有顏值又有腦子，永遠值得更好的。鍾曉芹是個平凡妻子，但流產跟生活隔闔漸漸壓垮婚姻..."
          },
          {
            "content_id": "VOD00190372",
            "time_codes": [
              673000,
              1480000,
              2133000
            ],
            "timecode_duration": [],
            "length": 2738000,
            "asset_id": "vod43738-000030M001",
            "title": "",
            "subtitle": "第30集",
            "ep_number": 30,
            "rating": 1,
            "content_type": "drama",
            "p_start": 1748957700000,
            "vod_channel_description": "顧佳她是令人艷羨的金字塔上層，把老公從煙花設計師打造成「許總」，也把自己打造成裡外一把手的全職太太。然而這個家有了入侵者。王漫妮則是特立獨行的叛逆者，深信自己既有顏值又有腦子，永遠值得更好的。鍾曉芹是個平凡妻子，但流產跟生活隔闔漸漸壓垮婚姻..."
          },
          {
            "content_id": "VOD00190373",
            "time_codes": [
              668000,
              1448000,
              2098000
            ],
            "timecode_duration": [],
            "length": 2724000,
            "asset_id": "vod43738-000031M001",
            "title": "",
            "subtitle": "第31集",
            "ep_number": 31,
            "rating": 1,
            "content_type": "drama",
            "p_start": 1748960700000,
            "vod_channel_description": "顧佳她是令人艷羨的金字塔上層，把老公從煙花設計師打造成「許總」，也把自己打造成裡外一把手的全職太太。然而這個家有了入侵者。王漫妮則是特立獨行的叛逆者，深信自己既有顏值又有腦子，永遠值得更好的。鍾曉芹是個平凡妻子，但流產跟生活隔闔漸漸壓垮婚姻..."
          },
          {
            "content_id": "VOD00190374",
            "time_codes": [
              665000,
              1371000,
              2067000
            ],
            "timecode_duration": [],
            "length": 2765000,
            "asset_id": "vod43738-000032M001",
            "title": "",
            "subtitle": "第32集",
            "ep_number": 32,
            "rating": 1,
            "content_type": "drama",
            "p_start": 1748963700000,
            "vod_channel_description": "顧佳她是令人艷羨的金字塔上層，把老公從煙花設計師打造成「許總」，也把自己打造成裡外一把手的全職太太。然而這個家有了入侵者。王漫妮則是特立獨行的叛逆者，深信自己既有顏值又有腦子，永遠值得更好的。鍾曉芹是個平凡妻子，但流產跟生活隔闔漸漸壓垮婚姻..."
          },
          {
            "content_id": "VOD00190375",
            "time_codes": [
              674000,
              1433000,
              2226000
            ],
            "timecode_duration": [],
            "length": 2682000,
            "asset_id": "vod43738-000033M001",
            "title": "",
            "subtitle": "第33集",
            "ep_number": 33,
            "rating": 1,
            "content_type": "drama",
            "p_start": 1748966700000,
            "vod_channel_description": "顧佳她是令人艷羨的金字塔上層，把老公從煙花設計師打造成「許總」，也把自己打造成裡外一把手的全職太太。然而這個家有了入侵者。王漫妮則是特立獨行的叛逆者，深信自己既有顏值又有腦子，永遠值得更好的。鍾曉芹是個平凡妻子，但流產跟生活隔闔漸漸壓垮婚姻..."
          },
          {
            "content_id": "VOD00190376",
            "time_codes": [
              685000,
              1494000,
              2220000
            ],
            "timecode_duration": [],
            "length": 2743000,
            "asset_id": "vod43738-000034M001",
            "title": "",
            "subtitle": "第34集",
            "ep_number": 34,
            "rating": 1,
            "content_type": "drama",
            "p_start": 1748969700000,
            "vod_channel_description": "顧佳她是令人艷羨的金字塔上層，把老公從煙花設計師打造成「許總」，也把自己打造成裡外一把手的全職太太。然而這個家有了入侵者。王漫妮則是特立獨行的叛逆者，深信自己既有顏值又有腦子，永遠值得更好的。鍾曉芹是個平凡妻子，但流產跟生活隔闔漸漸壓垮婚姻..."
          },
          {
            "content_id": "VOD00190377",
            "time_codes": [
              753000,
              1449000,
              2280000
            ],
            "timecode_duration": [],
            "length": 2729000,
            "asset_id": "vod43738-000035M001",
            "title": "",
            "subtitle": "第35集",
            "ep_number": 35,
            "rating": 1,
            "content_type": "drama",
            "p_start": 1748972700000,
            "vod_channel_description": "顧佳她是令人艷羨的金字塔上層，把老公從煙花設計師打造成「許總」，也把自己打造成裡外一把手的全職太太。然而這個家有了入侵者。王漫妮則是特立獨行的叛逆者，深信自己既有顏值又有腦子，永遠值得更好的。鍾曉芹是個平凡妻子，但流產跟生活隔闔漸漸壓垮婚姻..."
          },
          {
            "content_id": "VOD00190378",
            "time_codes": [
              704000,
              1483000,
              2210000
            ],
            "timecode_duration": [],
            "length": 2706000,
            "asset_id": "vod43738-000036M001",
            "title": "",
            "subtitle": "第36集",
            "ep_number": 36,
            "rating": 1,
            "content_type": "drama",
            "p_start": 1748975700000,
            "vod_channel_description": "顧佳她是令人艷羨的金字塔上層，把老公從煙花設計師打造成「許總」，也把自己打造成裡外一把手的全職太太。然而這個家有了入侵者。王漫妮則是特立獨行的叛逆者，深信自己既有顏值又有腦子，永遠值得更好的。鍾曉芹是個平凡妻子，但流產跟生活隔闔漸漸壓垮婚姻..."
          },
          {
            "content_id": "VOD00190379",
            "time_codes": [
              708000,
              1420000,
              2220000
            ],
            "timecode_duration": [],
            "length": 2719000,
            "asset_id": "vod43738-000037M001",
            "title": "",
            "subtitle": "第37集",
            "ep_number": 37,
            "rating": 1,
            "content_type": "drama",
            "p_start": 1748978700000,
            "vod_channel_description": "顧佳她是令人艷羨的金字塔上層，把老公從煙花設計師打造成「許總」，也把自己打造成裡外一把手的全職太太。然而這個家有了入侵者。王漫妮則是特立獨行的叛逆者，深信自己既有顏值又有腦子，永遠值得更好的。鍾曉芹是個平凡妻子，但流產跟生活隔闔漸漸壓垮婚姻..."
          },
          {
            "content_id": "VOD00190380",
            "time_codes": [
              766000,
              1494000,
              2252000
            ],
            "timecode_duration": [],
            "length": 2689000,
            "asset_id": "vod43738-000038M001",
            "title": "",
            "subtitle": "第38集",
            "ep_number": 38,
            "rating": 1,
            "content_type": "drama",
            "p_start": 1748981700000,
            "vod_channel_description": "顧佳她是令人艷羨的金字塔上層，把老公從煙花設計師打造成「許總」，也把自己打造成裡外一把手的全職太太。然而這個家有了入侵者。王漫妮則是特立獨行的叛逆者，深信自己既有顏值又有腦子，永遠值得更好的。鍾曉芹是個平凡妻子，但流產跟生活隔闔漸漸壓垮婚姻..."
          },
          {
            "content_id": "VOD00190381",
            "time_codes": [
              720000,
              1505000,
              2126000
            ],
            "timecode_duration": [],
            "length": 2641000,
            "asset_id": "vod43738-000039M001",
            "title": "",
            "subtitle": "第39集",
            "ep_number": 39,
            "rating": 1,
            "content_type": "drama",
            "p_start": 1748984700000,
            "vod_channel_description": "顧佳她是令人艷羨的金字塔上層，把老公從煙花設計師打造成「許總」，也把自己打造成裡外一把手的全職太太。然而這個家有了入侵者。王漫妮則是特立獨行的叛逆者，深信自己既有顏值又有腦子，永遠值得更好的。鍾曉芹是個平凡妻子，但流產跟生活隔闔漸漸壓垮婚姻..."
          },
          {
            "content_id": "VOD00190382",
            "time_codes": [
              725000,
              1460000,
              2170000
            ],
            "timecode_duration": [],
            "length": 2664000,
            "asset_id": "vod43738-000040M001",
            "title": "",
            "subtitle": "第40集",
            "ep_number": 40,
            "rating": 1,
            "content_type": "drama",
            "p_start": 1748987700000,
            "vod_channel_description": "顧佳她是令人艷羨的金字塔上層，把老公從煙花設計師打造成「許總」，也把自己打造成裡外一把手的全職太太。然而這個家有了入侵者。王漫妮則是特立獨行的叛逆者，深信自己既有顏值又有腦子，永遠值得更好的。鍾曉芹是個平凡妻子，但流產跟生活隔闔漸漸壓垮婚姻..."
          },
          {
            "content_id": "VOD00190383",
            "time_codes": [
              682000,
              1458000,
              2211000
            ],
            "timecode_duration": [],
            "length": 2670000,
            "asset_id": "vod43738-000041M001",
            "title": "",
            "subtitle": "第41集",
            "ep_number": 41,
            "rating": 1,
            "content_type": "drama",
            "p_start": 1748990700000,
            "vod_channel_description": "顧佳她是令人艷羨的金字塔上層，把老公從煙花設計師打造成「許總」，也把自己打造成裡外一把手的全職太太。然而這個家有了入侵者。王漫妮則是特立獨行的叛逆者，深信自己既有顏值又有腦子，永遠值得更好的。鍾曉芹是個平凡妻子，但流產跟生活隔闔漸漸壓垮婚姻..."
          },
          {
            "content_id": "VOD00190384",
            "time_codes": [
              730000,
              1426000,
              2232000
            ],
            "timecode_duration": [],
            "length": 2689000,
            "asset_id": "vod43738-000042M001",
            "title": "",
            "subtitle": "第42集",
            "ep_number": 42,
            "rating": 1,
            "content_type": "drama",
            "p_start": 1748993700000,
            "vod_channel_description": "顧佳她是令人艷羨的金字塔上層，把老公從煙花設計師打造成「許總」，也把自己打造成裡外一把手的全職太太。然而這個家有了入侵者。王漫妮則是特立獨行的叛逆者，深信自己既有顏值又有腦子，永遠值得更好的。鍾曉芹是個平凡妻子，但流產跟生活隔闔漸漸壓垮婚姻..."
          },
          {
            "content_id": "VOD00190385",
            "time_codes": [
              775000,
              1534000,
              2210000
            ],
            "timecode_duration": [],
            "length": 2753000,
            "asset_id": "vod43738-000043M001",
            "title": "",
            "subtitle": "第43集",
            "ep_number": 43,
            "rating": 1,
            "content_type": "drama",
            "p_start": 1748996700000,
            "vod_channel_description": "顧佳她是令人艷羨的金字塔上層，把老公從煙花設計師打造成「許總」，也把自己打造成裡外一把手的全職太太。然而這個家有了入侵者。王漫妮則是特立獨行的叛逆者，深信自己既有顏值又有腦子，永遠值得更好的。鍾曉芹是個平凡妻子，但流產跟生活隔闔漸漸壓垮婚姻..."
          }
        ],
        "total_length": 113643000,
        "focus_index": 5,
        "next_index": 6,
        "time": 1890429,
        "focus_program": {
          "content_id": "VOD00190348",
          "time_codes": [
            749000,
            1467000,
            2179000
          ],
          "timecode_duration": [],
          "length": 2705000,
          "asset_id": "vod43738-000006M001",
          "title": "",
          "subtitle": "第6集",
          "ep_number": 6,
          "rating": 1,
          "content_type": "drama",
          "p_start": 1748887200000,
          "vod_channel_description": "顧佳她是令人艷羨的金字塔上層，把老公從煙花設計師打造成「許總」，也把自己打造成裡外一把手的全職太太。然而這個家有了入侵者。王漫妮則是特立獨行的叛逆者，深信自己既有顏值又有腦子，永遠值得更好的。鍾曉芹是個平凡妻子，但流產跟生活隔闔漸漸壓垮婚姻..."
        }
      },
      "station_categories": [
        {
          "Name": "戲劇",
          "EngName": "Drama",
          "MenuOrder": 7
        }
      ]
    },
    "introduction": {
      "image": "https://p-cdnstatic.svc.litv.tv/pics/vod_channel/logo_3513_ofiii123_mobile_20241104.png",
      "description": "",
      "href_maps": []
    },
    "recommends": [],
    "ua": "Mozilla/5.0 (Windows NT 10.0; Win64; x64) AppleWebKit/537.36 (KHTML, like Gecko) Chrome/141.0.0.0 Safari/537.36"
  },
  "__N_SSP": true
}