{
  "pageProps": {
    "contentId": "ofiii137",
    "channel": {
      "title": "女人我最大",
      "no": 137,
      "charge_mode": "F",
      "content_id": "ofiii137",
      "content_type": "vod-channel",
      "epg_categories": [
        18
      ],
      "genres": [
        {
          "id": "",
          "name": "VOD_CHANNEL",
          "logo": ""
        }
      ],
      "liad_id": "VODCHNEWOFIWEB",
      "package_info_id": "VOD_CHANNEL_DELUX",
      "picture": "pics/vod_channel/logo_3571_ofiii137_tv_20250221.png",
      "provider": [
        {
          "id": "",
          "name": "TVBS 純拆",
          "logo": ""
        }
      ],
      "quality": "HD",
      "station_id": "station6505",
      "trial": "",
      "selectable": 1,
      "tr_logo": "pics/vod_channel/tr_logo_1733898736.png",
      "tl_logo": "",
      "br_logo": "",
      "bl_logo": "",
      "menu_type": 0,
      "vod_channel_schedule": {
        "channel_id": 137,
        "cdn_code": "ofiii137",
        "start_time": 1761906900000,
        "programs": [
          {
            "content_id": "VOD00352562",
            "time_codes": [
              816000,
              1682000,
              2414000
            ],
            "timecode_duration": [],
            "length": 2850000,
            "asset_id": "vod9700-005308M001",
            "title": "",
            "subtitle": "第5308集 頂部流行新趨勢 最新飾品缺一不可",
            "ep_number": 5308,
            "rating": 1,
            "content_type": "show",
            "p_start": 1761906900000,
            "vod_channel_description": "給你最豐富的時尚資訊、頂級美容保養，跟你聊最煽情的兩性話題。每一集都有藝人現身說法，或做現場示範，提供最新潮的流行元素，幫你變得更健康、更美麗，恢復年輕的自信光采！"
          },
          {
            "content_id": "VOD00362263",
            "time_codes": [
              726000,
              1789000,
              2277000
            ],
            "timecode_duration": [],
            "length": 2839000,
            "asset_id": "vod9700-005310M001",
            "title": "",
            "subtitle": "第5310集 別以為年輕就不會  姐姐困擾多你中招了嗎",
            "ep_number": 5310,
            "rating": 1,
            "content_type": "show",
            "p_start": 1761909900000,
            "vod_channel_description": "給你最豐富的時尚資訊、頂級美容保養，跟你聊最煽情的兩性話題。每一集都有藝人現身說法，或做現場示範，提供最新潮的流行元素，幫你變得更健康、更美麗，恢復年輕的自信光采！"
          },
          {
            "content_id": "VOD00362264",
            "time_codes": [
              828000,
              1479000,
              2207000
            ],
            "timecode_duration": [],
            "length": 2849000,
            "asset_id": "vod9700-005311M001",
            "title": "",
            "subtitle": "第5311集 你不懂我？我才不懂你！ 老外搞不懂台灣這些事",
            "ep_number": 5311,
            "rating": 1,
            "content_type": "show",
            "p_start": 1761912900000,
            "vod_channel_description": "給你最豐富的時尚資訊、頂級美容保養，跟你聊最煽情的兩性話題。每一集都有藝人現身說法，或做現場示範，提供最新潮的流行元素，幫你變得更健康、更美麗，恢復年輕的自信光采！"
          },
          {
            "content_id": "VOD00362265",
            "time_codes": [
              764000,
              1670000,
              2050000
            ],
            "timecode_duration": [],
            "length": 2851000,
            "asset_id": "vod9700-005313M001",
            "title": "",
            "subtitle": "第5313集 男人是一種脆弱的生物  說穿了就是愛面子",
            "ep_number": 5313,
            "rating": 1,
            "content_type": "show",
            "p_start": 1761915900000,
            "vod_channel_description": "給你最豐富的時尚資訊、頂級美容保養，跟你聊最煽情的兩性話題。每一集都有藝人現身說法，或做現場示範，提供最新潮的流行元素，幫你變得更健康、更美麗，恢復年輕的自信光采！"
          },
          {
            "content_id": "VOD00362266",
            "time_codes": [
              783000,
              1552000,
              2070000
            ],
            "timecode_duration": [],
            "length": 2840000,
            "asset_id": "vod9700-005314M001",
            "title": "",
            "subtitle": "第5314集 2025流行外套首選 此生必須擁有一件",
            "ep_number": 5314,
            "rating": 1,
            "content_type": "show",
            "p_start": 1761918900000,
            "vod_channel_description": "給你最豐富的時尚資訊、頂級美容保養，跟你聊最煽情的兩性話題。每一集都有藝人現身說法，或做現場示範，提供最新潮的流行元素，幫你變得更健康、更美麗，恢復年輕的自信光采！"
          },
          {
            "content_id": "VOD00362267",
            "time_codes": [
              691000,
              1593000,
              2016000
            ],
            "timecode_duration": [],
            "length": 2847000,
            "asset_id": "vod9700-005315M001",
            "title": "",
            "subtitle": "第5315集 年底活動多 趁機變美一波",
            "ep_number": 5315,
            "rating": 1,
            "content_type": "show",
            "p_start": 1761921900000,
            "vod_channel_description": "給你最豐富的時尚資訊、頂級美容保養，跟你聊最煽情的兩性話題。每一集都有藝人現身說法，或做現場示範，提供最新潮的流行元素，幫你變得更健康、更美麗，恢復年輕的自信光采！"
          },
          {
            "content_id": "VOD00362268",
            "time_codes": [
              809000,
              1701000,
              2055000
            ],
            "timecode_duration": [],
            "length": 2850000,
            "asset_id": "vod9700-005317M001",
            "title": "",
            "subtitle": "第5317集 是幫我？還是來毀滅我？ 12星座誰適合一起工作",
            "ep_number": 5317,
            "rating": 1,
            "content_type": "show",
            "p_start": 1761924900000,
            "vod_channel_description": "給你最豐富的時尚資訊、頂級美容保養，跟你聊最煽情的兩性話題。每一集都有藝人現身說法，或做現場示範，提供最新潮的流行元素，幫你變得更健康、更美麗，恢復年輕的自信光采！"
          },
          {
            "content_id": "VOD00362270",
            "time_codes": [
              823000,
              1808000,
              2423000
            ],
            "timecode_duration": [],
            "length": 2841000,
            "asset_id": "vod9700-005324M001",
            "title": "",
            "subtitle": "第5324集 你還在流行Y2K嗎? Y3K未來感穿搭正夯",
            "ep_number": 5324,
            "rating": 1,
            "content_type": "show",
            "p_start": 1761927900000,
            "vod_channel_description": "給你最豐富的時尚資訊、頂級美容保養，跟你聊最煽情的兩性話題。每一集都有藝人現身說法，或做現場示範，提供最新潮的流行元素，幫你變得更健康、更美麗，恢復年輕的自信光采！"
          },
          {
            "content_id": "VOD00362271",
            "time_codes": [
              791000,
              1598000,
              2100000
            ],
            "timecode_duration": [],
            "length": 2844000,
            "asset_id": "vod9700-005326M001",
            "title": "",
            "subtitle": "第5326集 天寒進補時刻 各國鍋物暖心又暖胃",
            "ep_number": 5326,
            "rating": 1,
            "content_type": "show",
            "p_start": 1761930900000,
            "vod_channel_description": "給你最豐富的時尚資訊、頂級美容保養，跟你聊最煽情的兩性話題。每一集都有藝人現身說法，或做現場示範，提供最新潮的流行元素，幫你變得更健康、更美麗，恢復年輕的自信光采！"
          },
          {
            "content_id": "VOD00362272",
            "time_codes": [
              677000,
              1306000,
              1886000
            ],
            "timecode_duration": [],
            "length": 2850000,
            "asset_id": "vod9700-005329M001",
            "title": "",
            "subtitle": "第5329集 聖誕交換禮物想好沒？ 還是不是朋友看今天!",
            "ep_number": 5329,
            "rating": 1,
            "content_type": "show",
            "p_start": 1761933900000,
            "vod_channel_description": "給你最豐富的時尚資訊、頂級美容保養，跟你聊最煽情的兩性話題。每一集都有藝人現身說法，或做現場示範，提供最新潮的流行元素，幫你變得更健康、更美麗，恢復年輕的自信光采！"
          },
          {
            "content_id": "VOD00365436",
            "time_codes": [
              796000,
              1556000,
              2503000
            ],
            "timecode_duration": [],
            "length": 2850000,
            "asset_id": "vod9700-005331M001",
            "title": "",
            "subtitle": "第5331集 一年一次愛無限  年末義賣大會快來+1",
            "ep_number": 5331,
            "rating": 1,
            "content_type": "show",
            "p_start": 1761936900000,
            "vod_channel_description": "給你最豐富的時尚資訊、頂級美容保養，跟你聊最煽情的兩性話題。每一集都有藝人現身說法，或做現場示範，提供最新潮的流行元素，幫你變得更健康、更美麗，恢復年輕的自信光采！"
          },
          {
            "content_id": "VOD00365437",
            "time_codes": [
              670000,
              1590000,
              2261000
            ],
            "timecode_duration": [],
            "length": 2839000,
            "asset_id": "vod9700-005333M001",
            "title": "",
            "subtitle": "第5333集 金牌之夜 台灣隊長來了",
            "ep_number": 5333,
            "rating": 1,
            "content_type": "show",
            "p_start": 1761939900000,
            "vod_channel_description": "給你最豐富的時尚資訊、頂級美容保養，跟你聊最煽情的兩性話題。每一集都有藝人現身說法，或做現場示範，提供最新潮的流行元素，幫你變得更健康、更美麗，恢復年輕的自信光采！"
          },
          {
            "content_id": "VOD00365438",
            "time_codes": [
              690000,
              1608000,
              2560000
            ],
            "timecode_duration": [],
            "length": 2849000,
            "asset_id": "vod9700-005334M001",
            "title": "",
            "subtitle": "第5334集 老少女的影後  他們私下這面你看過嗎",
            "ep_number": 5334,
            "rating": 1,
            "content_type": "show",
            "p_start": 1761942900000,
            "vod_channel_description": "給你最豐富的時尚資訊、頂級美容保養，跟你聊最煽情的兩性話題。每一集都有藝人現身說法，或做現場示範，提供最新潮的流行元素，幫你變得更健康、更美麗，恢復年輕的自信光采！"
          },
          {
            "content_id": "VOD00365439",
            "time_codes": [
              801000,
              1635000,
              2093000
            ],
            "timecode_duration": [],
            "length": 2849000,
            "asset_id": "vod9700-005336M001",
            "title": "",
            "subtitle": "第5336集 真的心太累 鬧事小人拜託放過我！",
            "ep_number": 5336,
            "rating": 1,
            "content_type": "show",
            "p_start": 1761945900000,
            "vod_channel_description": "給你最豐富的時尚資訊、頂級美容保養，跟你聊最煽情的兩性話題。每一集都有藝人現身說法，或做現場示範，提供最新潮的流行元素，幫你變得更健康、更美麗，恢復年輕的自信光采！"
          },
          {
            "content_id": "VOD00365440",
            "time_codes": [
              717000,
              1688000,
              2124000
            ],
            "timecode_duration": [],
            "length": 2839000,
            "asset_id": "vod9700-005337M001",
            "title": "",
            "subtitle": "第5337集 毛起來過冬天 愛漂亮不怕腫一圈",
            "ep_number": 5337,
            "rating": 1,
            "content_type": "show",
            "p_start": 1761948900000,
            "vod_channel_description": "給你最豐富的時尚資訊、頂級美容保養，跟你聊最煽情的兩性話題。每一集都有藝人現身說法，或做現場示範，提供最新潮的流行元素，幫你變得更健康、更美麗，恢復年輕的自信光采！"
          },
          {
            "content_id": "VOD00365441",
            "time_codes": [
              704000,
              1606000,
              2396000
            ],
            "timecode_duration": [],
            "length": 2834000,
            "asset_id": "vod9700-005341M001",
            "title": "",
            "subtitle": "第5341集 不同國家都能用 時尚圍巾不收嗎?",
            "ep_number": 5341,
            "rating": 1,
            "content_type": "show",
            "p_start": 1761951900000,
            "vod_channel_description": "給你最豐富的時尚資訊、頂級美容保養，跟你聊最煽情的兩性話題。每一集都有藝人現身說法，或做現場示範，提供最新潮的流行元素，幫你變得更健康、更美麗，恢復年輕的自信光采！"
          },
          {
            "content_id": "VOD00365442",
            "time_codes": [
              766000,
              1505000,
              2202000
            ],
            "timecode_duration": [],
            "length": 2850000,
            "asset_id": "vod9700-005342M001",
            "title": "",
            "subtitle": "第5342集 才30而已 你的身體未老先衰了嗎",
            "ep_number": 5342,
            "rating": 1,
            "content_type": "show",
            "p_start": 1761954900000,
            "vod_channel_description": "給你最豐富的時尚資訊、頂級美容保養，跟你聊最煽情的兩性話題。每一集都有藝人現身說法，或做現場示範，提供最新潮的流行元素，幫你變得更健康、更美麗，恢復年輕的自信光采！"
          },
          {
            "content_id": "VOD00365443",
            "time_codes": [
              693000,
              1573000,
              2202000
            ],
            "timecode_duration": [],
            "length": 2850000,
            "asset_id": "vod9700-005343M001",
            "title": "",
            "subtitle": "第5343集 買到不一定賺到 盤子王買的是一種態度",
            "ep_number": 5343,
            "rating": 1,
            "content_type": "show",
            "p_start": 1761957900000,
            "vod_channel_description": "給你最豐富的時尚資訊、頂級美容保養，跟你聊最煽情的兩性話題。每一集都有藝人現身說法，或做現場示範，提供最新潮的流行元素，幫你變得更健康、更美麗，恢復年輕的自信光采！"
          },
          {
            "content_id": "VOD00365444",
            "time_codes": [
              793000,
              1630000,
              2208000
            ],
            "timecode_duration": [],
            "length": 2837000,
            "asset_id": "vod9700-005344M001",
            "title": "",
            "subtitle": "第5344集 Z世代你看懂了嗎?  妹子想的跟你不一樣",
            "ep_number": 5344,
            "rating": 1,
            "content_type": "show",
            "p_start": 1761960900000,
            "vod_channel_description": "給你最豐富的時尚資訊、頂級美容保養，跟你聊最煽情的兩性話題。每一集都有藝人現身說法，或做現場示範，提供最新潮的流行元素，幫你變得更健康、更美麗，恢復年輕的自信光采！"
          },
          {
            "content_id": "VOD00365445",
            "time_codes": [
              721000,
              1578000,
              2335000
            ],
            "timecode_duration": [],
            "length": 2850000,
            "asset_id": "vod9700-005347M001",
            "title": "",
            "subtitle": "第5347集 快丟了這些親家母紅  安可拉紅超夯你有了沒?",
            "ep_number": 5347,
            "rating": 1,
            "content_type": "show",
            "p_start": 1761963900000,
            "vod_channel_description": "給你最豐富的時尚資訊、頂級美容保養，跟你聊最煽情的兩性話題。每一集都有藝人現身說法，或做現場示範，提供最新潮的流行元素，幫你變得更健康、更美麗，恢復年輕的自信光采！"
          },
          {
            "content_id": "VOD00368487",
            "time_codes": [
              755000,
              1448000,
              2355000
            ],
            "timecode_duration": [],
            "length": 2845000,
            "asset_id": "vod9700-005348M001",
            "title": "",
            "subtitle": "第5348集 女大年終吃尾牙囉! 小龍年吃好料過好年",
            "ep_number": 5348,
            "rating": 1,
            "content_type": "show",
            "p_start": 1761966900000,
            "vod_channel_description": "給你最豐富的時尚資訊、頂級美容保養，跟你聊最煽情的兩性話題。每一集都有藝人現身說法，或做現場示範，提供最新潮的流行元素，幫你變得更健康、更美麗，恢復年輕的自信光采！"
          },
          {
            "content_id": "VOD00368488",
            "time_codes": [
              827000,
              1643000,
              2365000
            ],
            "timecode_duration": [],
            "length": 2850000,
            "asset_id": "vod9700-005349M001",
            "title": "",
            "subtitle": "第5349集 沒跟上流行醜一年 2025髮型髮色趨勢",
            "ep_number": 5349,
            "rating": 1,
            "content_type": "show",
            "p_start": 1761969900000,
            "vod_channel_description": "給你最豐富的時尚資訊、頂級美容保養，跟你聊最煽情的兩性話題。每一集都有藝人現身說法，或做現場示範，提供最新潮的流行元素，幫你變得更健康、更美麗，恢復年輕的自信光采！"
          },
          {
            "content_id": "VOD00368489",
            "time_codes": [
              858000,
              1868000,
              2231000
            ],
            "timecode_duration": [],
            "length": 2841000,
            "asset_id": "vod9700-005350M001",
            "title": "",
            "subtitle": "第5350集 姐買東西不做選擇! 只要新的都幫我都包下來",
            "ep_number": 5350,
            "rating": 1,
            "content_type": "show",
            "p_start": 1761972900000,
            "vod_channel_description": "給你最豐富的時尚資訊、頂級美容保養，跟你聊最煽情的兩性話題。每一集都有藝人現身說法，或做現場示範，提供最新潮的流行元素，幫你變得更健康、更美麗，恢復年輕的自信光采！"
          },
          {
            "content_id": "VOD00368490",
            "time_codes": [
              979000,
              1625000,
              2261000
            ],
            "timecode_duration": [],
            "length": 2846000,
            "asset_id": "vod9700-005352M001",
            "title": "",
            "subtitle": "第5352集 蛇年好運皮夾 本人愛用已購入",
            "ep_number": 5352,
            "rating": 1,
            "content_type": "show",
            "p_start": 1761975900000,
            "vod_channel_description": "給你最豐富的時尚資訊、頂級美容保養，跟你聊最煽情的兩性話題。每一集都有藝人現身說法，或做現場示範，提供最新潮的流行元素，幫你變得更健康、更美麗，恢復年輕的自信光采！"
          },
          {
            "content_id": "VOD00368491",
            "time_codes": [
              824000,
              1559000,
              2153000
            ],
            "timecode_duration": [],
            "length": 2844000,
            "asset_id": "vod9700-005353M001",
            "title": "",
            "subtitle": "第5353集 巴恩風到底在流行什麼 超潮單品!時髦一整年",
            "ep_number": 5353,
            "rating": 1,
            "content_type": "show",
            "p_start": 1761978900000,
            "vod_channel_description": "給你最豐富的時尚資訊、頂級美容保養，跟你聊最煽情的兩性話題。每一集都有藝人現身說法，或做現場示範，提供最新潮的流行元素，幫你變得更健康、更美麗，恢復年輕的自信光采！"
          },
          {
            "content_id": "VOD00368492",
            "time_codes": [
              993000,
              1334000,
              2138000
            ],
            "timecode_duration": [],
            "length": 2849000,
            "asset_id": "vod9700-005354M001",
            "title": "",
            "subtitle": "第5354集 我的開工就是比你漂亮  彩妝新品專櫃開架全都有",
            "ep_number": 5354,
            "rating": 1,
            "content_type": "show",
            "p_start": 1761981900000,
            "vod_channel_description": "給你最豐富的時尚資訊、頂級美容保養，跟你聊最煽情的兩性話題。每一集都有藝人現身說法，或做現場示範，提供最新潮的流行元素，幫你變得更健康、更美麗，恢復年輕的自信光采！"
          },
          {
            "content_id": "VOD00368493",
            "time_codes": [
              770000,
              1565000,
              2287000
            ],
            "timecode_duration": [],
            "length": 2850000,
            "asset_id": "vod9700-005355M001",
            "title": "",
            "subtitle": "第5355集 是占位子還是收藏品!? 你看不懂的都是我的寶",
            "ep_number": 5355,
            "rating": 1,
            "content_type": "show",
            "p_start": 1761984900000,
            "vod_channel_description": "給你最豐富的時尚資訊、頂級美容保養，跟你聊最煽情的兩性話題。每一集都有藝人現身說法，或做現場示範，提供最新潮的流行元素，幫你變得更健康、更美麗，恢復年輕的自信光采！"
          },
          {
            "content_id": "VOD00368494",
            "time_codes": [
              683000,
              1498000,
              2370000
            ],
            "timecode_duration": [],
            "length": 2847000,
            "asset_id": "vod9700-005356M001",
            "title": "",
            "subtitle": "第5356集 在地人深藏的旅遊清單 看完直接訂機票!",
            "ep_number": 5356,
            "rating": 1,
            "content_type": "show",
            "p_start": 1761987900000,
            "vod_channel_description": "給你最豐富的時尚資訊、頂級美容保養，跟你聊最煽情的兩性話題。每一集都有藝人現身說法，或做現場示範，提供最新潮的流行元素，幫你變得更健康、更美麗，恢復年輕的自信光采！"
          },
          {
            "content_id": "VOD00368495",
            "time_codes": [
              928000,
              1560000,
              2285000
            ],
            "timecode_duration": [],
            "length": 2849000,
            "asset_id": "vod9700-005357M001",
            "title": "",
            "subtitle": "第5357集 2025超夯捲髮圖鑑 不管長中短都能跟上流行",
            "ep_number": 5357,
            "rating": 1,
            "content_type": "show",
            "p_start": 1761990900000,
            "vod_channel_description": "給你最豐富的時尚資訊、頂級美容保養，跟你聊最煽情的兩性話題。每一集都有藝人現身說法，或做現場示範，提供最新潮的流行元素，幫你變得更健康、更美麗，恢復年輕的自信光采！"
          },
          {
            "content_id": "VOD00368496",
            "time_codes": [
              682000,
              1469000,
              2323000
            ],
            "timecode_duration": [],
            "length": 2850000,
            "asset_id": "vod9700-005358M001",
            "title": "",
            "subtitle": "第5358集 顏值不夠飾品來救 盤點最新流行飾品",
            "ep_number": 5358,
            "rating": 1,
            "content_type": "show",
            "p_start": 1761993900000,
            "vod_channel_description": "給你最豐富的時尚資訊、頂級美容保養，跟你聊最煽情的兩性話題。每一集都有藝人現身說法，或做現場示範，提供最新潮的流行元素，幫你變得更健康、更美麗，恢復年輕的自信光采！"
          },
          {
            "content_id": "VOD00368497",
            "time_codes": [
              832000,
              1534000,
              2224000
            ],
            "timecode_duration": [],
            "length": 2849000,
            "asset_id": "vod9700-005359M001",
            "title": "",
            "subtitle": "第5359集 我的鞋比我還要紅 2025大勢潮鞋",
            "ep_number": 5359,
            "rating": 1,
            "content_type": "show",
            "p_start": 1761996900000,
            "vod_channel_description": "給你最豐富的時尚資訊、頂級美容保養，跟你聊最煽情的兩性話題。每一集都有藝人現身說法，或做現場示範，提供最新潮的流行元素，幫你變得更健康、更美麗，恢復年輕的自信光采！"
          },
          {
            "content_id": "VOD00368498",
            "time_codes": [
              719000,
              1381000,
              2351000
            ],
            "timecode_duration": [],
            "length": 2850000,
            "asset_id": "vod9700-005360M001",
            "title": "",
            "subtitle": "第5360集 離婚不過是種選擇  簽字後我走花路",
            "ep_number": 5360,
            "rating": 1,
            "content_type": "show",
            "p_start": 1761999900000,
            "vod_channel_description": "給你最豐富的時尚資訊、頂級美容保養，跟你聊最煽情的兩性話題。每一集都有藝人現身說法，或做現場示範，提供最新潮的流行元素，幫你變得更健康、更美麗，恢復年輕的自信光采！"
          },
          {
            "content_id": "VOD00368499",
            "time_codes": [
              907000,
              1509000,
              2057000
            ],
            "timecode_duration": [],
            "length": 2845000,
            "asset_id": "vod9700-005363M001",
            "title": "",
            "subtitle": "第5363集 這個群老公不要看？ 女人情報交換大會!",
            "ep_number": 5363,
            "rating": 1,
            "content_type": "show",
            "p_start": 1762002900000,
            "vod_channel_description": "給你最豐富的時尚資訊、頂級美容保養，跟你聊最煽情的兩性話題。每一集都有藝人現身說法，或做現場示範，提供最新潮的流行元素，幫你變得更健康、更美麗，恢復年輕的自信光采！"
          },
          {
            "content_id": "VOD00368500",
            "time_codes": [
              829000,
              1576000,
              2318000
            ],
            "timecode_duration": [],
            "length": 2849000,
            "asset_id": "vod9700-005371M001",
            "title": "",
            "subtitle": "第5371集 藍教主帶你搶！ 這單品人人有，沒有…還算時尚咖？",
            "ep_number": 5371,
            "rating": 1,
            "content_type": "show",
            "p_start": 1762005900000,
            "vod_channel_description": "給你最豐富的時尚資訊、頂級美容保養，跟你聊最煽情的兩性話題。每一集都有藝人現身說法，或做現場示範，提供最新潮的流行元素，幫你變得更健康、更美麗，恢復年輕的自信光采！"
          },
          {
            "content_id": "VOD00368501",
            "time_codes": [
              728000,
              1544000,
              2370000
            ],
            "timecode_duration": [],
            "length": 2850000,
            "asset_id": "vod9700-005376M001",
            "title": "",
            "subtitle": "第5376集 GD買菜？你也能當市場時尚王！",
            "ep_number": 5376,
            "rating": 1,
            "content_type": "show",
            "p_start": 1762008900000,
            "vod_channel_description": "給你最豐富的時尚資訊、頂級美容保養，跟你聊最煽情的兩性話題。每一集都有藝人現身說法，或做現場示範，提供最新潮的流行元素，幫你變得更健康、更美麗，恢復年輕的自信光采！"
          },
          {
            "content_id": "VOD00368502",
            "time_codes": [
              811000,
              1614000,
              2411000
            ],
            "timecode_duration": [],
            "length": 2841000,
            "asset_id": "vod9700-005378M001",
            "title": "",
            "subtitle": "第5378集 一戴臉小還能氣勢增 2025大勢墨鏡",
            "ep_number": 5378,
            "rating": 1,
            "content_type": "show",
            "p_start": 1762011900000,
            "vod_channel_description": "給你最豐富的時尚資訊、頂級美容保養，跟你聊最煽情的兩性話題。每一集都有藝人現身說法，或做現場示範，提供最新潮的流行元素，幫你變得更健康、更美麗，恢復年輕的自信光采！"
          },
          {
            "content_id": "VOD00368503",
            "time_codes": [
              780000,
              1544000,
              2287000
            ],
            "timecode_duration": [],
            "length": 2847000,
            "asset_id": "vod9700-005380M001",
            "title": "",
            "subtitle": "第5380集 早春流行外套 解決過渡期的尷尬氣溫",
            "ep_number": 5380,
            "rating": 1,
            "content_type": "show",
            "p_start": 1762014900000,
            "vod_channel_description": "給你最豐富的時尚資訊、頂級美容保養，跟你聊最煽情的兩性話題。每一集都有藝人現身說法，或做現場示範，提供最新潮的流行元素，幫你變得更健康、更美麗，恢復年輕的自信光采！"
          },
          {
            "content_id": "VOD00368504",
            "time_codes": [
              1196000,
              1495000,
              2158000
            ],
            "timecode_duration": [],
            "length": 2843000,
            "asset_id": "vod9700-005382M001",
            "title": "",
            "subtitle": "第5382集 厚底鞋OUT不夠薄我不穿 大家都在瘋穿薄底鞋",
            "ep_number": 5382,
            "rating": 1,
            "content_type": "show",
            "p_start": 1762017900000,
            "vod_channel_description": "給你最豐富的時尚資訊、頂級美容保養，跟你聊最煽情的兩性話題。每一集都有藝人現身說法，或做現場示範，提供最新潮的流行元素，幫你變得更健康、更美麗，恢復年輕的自信光采！"
          },
          {
            "content_id": "VOD00368505",
            "time_codes": [
              843000,
              1602000,
              2327000
            ],
            "timecode_duration": [],
            "length": 2845000,
            "asset_id": "vod9700-005383M001",
            "title": "",
            "subtitle": "第5383集 你是惡鄰磁鐵嗎?  是不是我沒做善事才遇到",
            "ep_number": 5383,
            "rating": 1,
            "content_type": "show",
            "p_start": 1762020900000,
            "vod_channel_description": "給你最豐富的時尚資訊、頂級美容保養，跟你聊最煽情的兩性話題。每一集都有藝人現身說法，或做現場示範，提供最新潮的流行元素，幫你變得更健康、更美麗，恢復年輕的自信光采！"
          },
          {
            "content_id": "VOD00368506",
            "time_codes": [
              806000,
              1618000,
              2266000
            ],
            "timecode_duration": [],
            "length": 2843000,
            "asset_id": "vod9700-005384M001",
            "title": "",
            "subtitle": "第5384集 拒繳智商稅  「脆」上的爆紅好物",
            "ep_number": 5384,
            "rating": 1,
            "content_type": "show",
            "p_start": 1762023900000,
            "vod_channel_description": "給你最豐富的時尚資訊、頂級美容保養，跟你聊最煽情的兩性話題。每一集都有藝人現身說法，或做現場示範，提供最新潮的流行元素，幫你變得更健康、更美麗，恢復年輕的自信光采！"
          },
          {
            "content_id": "VOD00368507",
            "time_codes": [
              833000,
              1497000,
              2195000
            ],
            "timecode_duration": [],
            "length": 2845000,
            "asset_id": "vod9700-005385M001",
            "title": "",
            "subtitle": "第5385集 要確欸!你要這樣出門?  這些潮流我真的看不懂",
            "ep_number": 5385,
            "rating": 1,
            "content_type": "show",
            "p_start": 1762026900000,
            "vod_channel_description": "給你最豐富的時尚資訊、頂級美容保養，跟你聊最煽情的兩性話題。每一集都有藝人現身說法，或做現場示範，提供最新潮的流行元素，幫你變得更健康、更美麗，恢復年輕的自信光采！"
          },
          {
            "content_id": "VOD00368508",
            "time_codes": [
              851000,
              1728000,
              2028000
            ],
            "timecode_duration": [],
            "length": 2845000,
            "asset_id": "vod9700-005389M001",
            "title": "",
            "subtitle": "第5389集 經典不敗時尚! 2025丹寧牛仔新趨勢",
            "ep_number": 5389,
            "rating": 1,
            "content_type": "show",
            "p_start": 1762029900000,
            "vod_channel_description": "給你最豐富的時尚資訊、頂級美容保養，跟你聊最煽情的兩性話題。每一集都有藝人現身說法，或做現場示範，提供最新潮的流行元素，幫你變得更健康、更美麗，恢復年輕的自信光采！"
          },
          {
            "content_id": "VOD00368509",
            "time_codes": [
              680000,
              1450000,
              2030000
            ],
            "timecode_duration": [],
            "length": 2845000,
            "asset_id": "vod9700-005390M001",
            "title": "",
            "subtitle": "第5390集 人生最高級的炫富 不是財富而是健康",
            "ep_number": 5390,
            "rating": 1,
            "content_type": "show",
            "p_start": 1762032900000,
            "vod_channel_description": "給你最豐富的時尚資訊、頂級美容保養，跟你聊最煽情的兩性話題。每一集都有藝人現身說法，或做現場示範，提供最新潮的流行元素，幫你變得更健康、更美麗，恢復年輕的自信光采！"
          },
          {
            "content_id": "VOD00368510",
            "time_codes": [
              768000,
              1761000,
              2129000
            ],
            "timecode_duration": [],
            "length": 2845000,
            "asset_id": "vod9700-005393M001",
            "title": "",
            "subtitle": "第5393集 透視潮流得體不DIRTY！你就是穿搭界的YYDS！",
            "ep_number": 5393,
            "rating": 1,
            "content_type": "show",
            "p_start": 1762035900000,
            "vod_channel_description": "給你最豐富的時尚資訊、頂級美容保養，跟你聊最煽情的兩性話題。每一集都有藝人現身說法，或做現場示範，提供最新潮的流行元素，幫你變得更健康、更美麗，恢復年輕的自信光采！"
          },
          {
            "content_id": "VOD00368511",
            "time_codes": [
              835000,
              1357000,
              2189000
            ],
            "timecode_duration": [],
            "length": 2845000,
            "asset_id": "vod9700-005395M001",
            "title": "",
            "subtitle": "第5395集 臺北時裝週AW25 時尚永續無盡!",
            "ep_number": 5395,
            "rating": 1,
            "content_type": "show",
            "p_start": 1762038900000,
            "vod_channel_description": "給你最豐富的時尚資訊、頂級美容保養，跟你聊最煽情的兩性話題。每一集都有藝人現身說法，或做現場示範，提供最新潮的流行元素，幫你變得更健康、更美麗，恢復年輕的自信光采！"
          },
          {
            "content_id": "VOD00368512",
            "time_codes": [
              770000,
              1646000,
              2342000
            ],
            "timecode_duration": [],
            "length": 2845000,
            "asset_id": "vod9700-005407M001",
            "title": "",
            "subtitle": "第5407集 別再小廢包！ 巴黎時裝週大包逆襲跟上沒",
            "ep_number": 5407,
            "rating": 1,
            "content_type": "show",
            "p_start": 1762041900000,
            "vod_channel_description": "給你最豐富的時尚資訊、頂級美容保養，跟你聊最煽情的兩性話題。每一集都有藝人現身說法，或做現場示範，提供最新潮的流行元素，幫你變得更健康、更美麗，恢復年輕的自信光采！"
          },
          {
            "content_id": "VOD00368513",
            "time_codes": [
              784000,
              1723000,
              2154000
            ],
            "timecode_duration": [],
            "length": 2845000,
            "asset_id": "vod9700-005408M001",
            "title": "",
            "subtitle": "第5408集 醜衣也能這麼潮？手把手教你舊衣一秒變香",
            "ep_number": 5408,
            "rating": 1,
            "content_type": "show",
            "p_start": 1762044900000,
            "vod_channel_description": "給你最豐富的時尚資訊、頂級美容保養，跟你聊最煽情的兩性話題。每一集都有藝人現身說法，或做現場示範，提供最新潮的流行元素，幫你變得更健康、更美麗，恢復年輕的自信光采！"
          },
          {
            "content_id": "VOD00368514",
            "time_codes": [
              907000,
              1586000,
              2109000
            ],
            "timecode_duration": [],
            "length": 2835000,
            "asset_id": "vod9700-005409M001",
            "title": "",
            "subtitle": "第5409集 夏天懶得想搭配？ 一件洋裝幫你撐全場",
            "ep_number": 5409,
            "rating": 1,
            "content_type": "show",
            "p_start": 1762047900000,
            "vod_channel_description": "給你最豐富的時尚資訊、頂級美容保養，跟你聊最煽情的兩性話題。每一集都有藝人現身說法，或做現場示範，提供最新潮的流行元素，幫你變得更健康、更美麗，恢復年輕的自信光采！"
          },
          {
            "content_id": "VOD00371475",
            "time_codes": [
              804000,
              1559000,
              2286000
            ],
            "timecode_duration": [],
            "length": 2845000,
            "asset_id": "vod9700-005410M001",
            "title": "",
            "subtitle": "第5410集 下班只想奔回家 這些裝潢比飯店還厲害",
            "ep_number": 5410,
            "rating": 1,
            "content_type": "show",
            "p_start": 1762050900000,
            "vod_channel_description": "給你最豐富的時尚資訊、頂級美容保養，跟你聊最煽情的兩性話題。每一集都有藝人現身說法，或做現場示範，提供最新潮的流行元素，幫你變得更健康、更美麗，恢復年輕的自信光采！"
          },
          {
            "content_id": "VOD00371476",
            "time_codes": [
              771000,
              1644000,
              2077000
            ],
            "timecode_duration": [],
            "length": 2836000,
            "asset_id": "vod9700-005411M001",
            "title": "",
            "subtitle": "第5411集 質感天花板！來賓的品味讓人跪著看",
            "ep_number": 5411,
            "rating": 1,
            "content_type": "show",
            "p_start": 1762053900000,
            "vod_channel_description": "給你最豐富的時尚資訊、頂級美容保養，跟你聊最煽情的兩性話題。每一集都有藝人現身說法，或做現場示範，提供最新潮的流行元素，幫你變得更健康、更美麗，恢復年輕的自信光采！"
          },
          {
            "content_id": "VOD00371477",
            "time_codes": [
              772000,
              1524000,
              2343000
            ],
            "timecode_duration": [],
            "length": 2845000,
            "asset_id": "vod9700-005412M001",
            "title": "",
            "subtitle": "第5412集 巨無霸美食來襲！ 每一口都超過你想像",
            "ep_number": 5412,
            "rating": 1,
            "content_type": "show",
            "p_start": 1762056900000,
            "vod_channel_description": "給你最豐富的時尚資訊、頂級美容保養，跟你聊最煽情的兩性話題。每一集都有藝人現身說法，或做現場示範，提供最新潮的流行元素，幫你變得更健康、更美麗，恢復年輕的自信光采！"
          },
          {
            "content_id": "VOD00371478",
            "time_codes": [
              754000,
              1543000,
              2186000
            ],
            "timecode_duration": [],
            "length": 2845000,
            "asset_id": "vod9700-005413M001",
            "title": "",
            "subtitle": "第5413集 舊包估價中！  買對快樂一時跌價心痛一世",
            "ep_number": 5413,
            "rating": 1,
            "content_type": "show",
            "p_start": 1762059900000,
            "vod_channel_description": "給你最豐富的時尚資訊、頂級美容保養，跟你聊最煽情的兩性話題。每一集都有藝人現身說法，或做現場示範，提供最新潮的流行元素，幫你變得更健康、更美麗，恢復年輕的自信光采！"
          },
          {
            "content_id": "VOD00371479",
            "time_codes": [
              738000,
              1593000,
              2433000
            ],
            "timecode_duration": [],
            "length": 2845000,
            "asset_id": "vod9700-005414M001",
            "title": "",
            "subtitle": "第5414集 高齡產子是奇蹟還挑戰? 他們如何突破重重關卡",
            "ep_number": 5414,
            "rating": 1,
            "content_type": "show",
            "p_start": 1762062900000,
            "vod_channel_description": "給你最豐富的時尚資訊、頂級美容保養，跟你聊最煽情的兩性話題。每一集都有藝人現身說法，或做現場示範，提供最新潮的流行元素，幫你變得更健康、更美麗，恢復年輕的自信光采！"
          },
          {
            "content_id": "VOD00371480",
            "time_codes": [
              753000,
              1564000,
              2100000
            ],
            "timecode_duration": [],
            "length": 2845000,
            "asset_id": "vod9700-005416M001",
            "title": "",
            "subtitle": "第5416集 跟歐膩一起爆買思密達  韓流新品買到剁手！",
            "ep_number": 5416,
            "rating": 1,
            "content_type": "show",
            "p_start": 1762065900000,
            "vod_channel_description": "給你最豐富的時尚資訊、頂級美容保養，跟你聊最煽情的兩性話題。每一集都有藝人現身說法，或做現場示範，提供最新潮的流行元素，幫你變得更健康、更美麗，恢復年輕的自信光采！"
          },
          {
            "content_id": "VOD00371481",
            "time_codes": [
              772000,
              1567000,
              2248000
            ],
            "timecode_duration": [],
            "length": 2845000,
            "asset_id": "vod9700-005417M001",
            "title": "",
            "subtitle": "第5417集 頂級之夜  馬場工藝鑄就傳奇逸品",
            "ep_number": 5417,
            "rating": 1,
            "content_type": "show",
            "p_start": 1762068900000,
            "vod_channel_description": "給你最豐富的時尚資訊、頂級美容保養，跟你聊最煽情的兩性話題。每一集都有藝人現身說法，或做現場示範，提供最新潮的流行元素，幫你變得更健康、更美麗，恢復年輕的自信光采！"
          },
          {
            "content_id": "VOD00371482",
            "time_codes": [
              808000,
              1509000,
              2234000
            ],
            "timecode_duration": [],
            "length": 2846000,
            "asset_id": "vod9700-005418M001",
            "title": "",
            "subtitle": "第5418集 雨天不能放棄時尚  這些單品美到出水也不怕",
            "ep_number": 5418,
            "rating": 1,
            "content_type": "show",
            "p_start": 1762071900000,
            "vod_channel_description": "給你最豐富的時尚資訊、頂級美容保養，跟你聊最煽情的兩性話題。每一集都有藝人現身說法，或做現場示範，提供最新潮的流行元素，幫你變得更健康、更美麗，恢復年輕的自信光采！"
          },
          {
            "content_id": "VOD00371483",
            "time_codes": [
              854000,
              1583000,
              2348000
            ],
            "timecode_duration": [],
            "length": 2845000,
            "asset_id": "vod9700-005422M001",
            "title": "",
            "subtitle": "第5422集 明星的草是你的寶！ 二手拍賣會誰能標到快樂？",
            "ep_number": 5422,
            "rating": 1,
            "content_type": "show",
            "p_start": 1762074900000,
            "vod_channel_description": "給你最豐富的時尚資訊、頂級美容保養，跟你聊最煽情的兩性話題。每一集都有藝人現身說法，或做現場示範，提供最新潮的流行元素，幫你變得更健康、更美麗，恢復年輕的自信光采！"
          },
          {
            "content_id": "VOD00371484",
            "time_codes": [
              933000,
              1541000,
              1907000
            ],
            "timecode_duration": [],
            "length": 2846000,
            "asset_id": "vod9700-005424M001",
            "title": "",
            "subtitle": "第5424集 拜六禮拜的走跳必備！ 讓你從早美到晚不翻車！",
            "ep_number": 5424,
            "rating": 1,
            "content_type": "show",
            "p_start": 1762077900000,
            "vod_channel_description": "給你最豐富的時尚資訊、頂級美容保養，跟你聊最煽情的兩性話題。每一集都有藝人現身說法，或做現場示範，提供最新潮的流行元素，幫你變得更健康、更美麗，恢復年輕的自信光采！"
          },
          {
            "content_id": "VOD00371485",
            "time_codes": [
              867000,
              1569000,
              1949000
            ],
            "timecode_duration": [],
            "length": 2845000,
            "asset_id": "vod9700-005428M001",
            "title": "",
            "subtitle": "第5428集 日幣瘋狂跳水！ 再不去日本你的錢包會哭",
            "ep_number": 5428,
            "rating": 1,
            "content_type": "show",
            "p_start": 1762080900000,
            "vod_channel_description": "給你最豐富的時尚資訊、頂級美容保養，跟你聊最煽情的兩性話題。每一集都有藝人現身說法，或做現場示範，提供最新潮的流行元素，幫你變得更健康、更美麗，恢復年輕的自信光采！"
          },
          {
            "content_id": "VOD00372857",
            "time_codes": [
              719000,
              1594000,
              2354000
            ],
            "timecode_duration": [],
            "length": 2845000,
            "asset_id": "vod9700-005429M001",
            "title": "",
            "subtitle": "第5429集 誰的衣櫃在搞我？ 不是換裝是換人設",
            "ep_number": 5429,
            "rating": 1,
            "content_type": "show",
            "p_start": 1762083900000,
            "vod_channel_description": "給你最豐富的時尚資訊、頂級美容保養，跟你聊最煽情的兩性話題。每一集都有藝人現身說法，或做現場示範，提供最新潮的流行元素，幫你變得更健康、更美麗，恢復年輕的自信光采！"
          },
          {
            "content_id": "VOD00372858",
            "time_codes": [
              808000,
              1696000,
              2313000
            ],
            "timecode_duration": [],
            "length": 2845000,
            "asset_id": "vod9700-005430M001",
            "title": "",
            "subtitle": "第5430集 時尚不必靠爆買！ 百變穿搭從一件單品開始",
            "ep_number": 5430,
            "rating": 1,
            "content_type": "show",
            "p_start": 1762086900000,
            "vod_channel_description": "給你最豐富的時尚資訊、頂級美容保養，跟你聊最煽情的兩性話題。每一集都有藝人現身說法，或做現場示範，提供最新潮的流行元素，幫你變得更健康、更美麗，恢復年輕的自信光采！"
          },
          {
            "content_id": "VOD00372859",
            "time_codes": [
              845000,
              1414000,
              2278000
            ],
            "timecode_duration": [],
            "length": 2845000,
            "asset_id": "vod9700-005431M001",
            "title": "",
            "subtitle": "第5431集 後背解放雙手、肩背有氣場  女神們的選包哲學",
            "ep_number": 5431,
            "rating": 1,
            "content_type": "show",
            "p_start": 1762089900000,
            "vod_channel_description": "給你最豐富的時尚資訊、頂級美容保養，跟你聊最煽情的兩性話題。每一集都有藝人現身說法，或做現場示範，提供最新潮的流行元素，幫你變得更健康、更美麗，恢復年輕的自信光采！"
          },
          {
            "content_id": "VOD00372860",
            "time_codes": [
              789000,
              1613000,
              2325000
            ],
            "timecode_duration": [],
            "length": 2845000,
            "asset_id": "vod9700-005432M001",
            "title": "",
            "subtitle": "第5432集 明星賺到國外去!  海外房產是你的金雞母?",
            "ep_number": 5432,
            "rating": 1,
            "content_type": "show",
            "p_start": 1762092900000,
            "vod_channel_description": "給你最豐富的時尚資訊、頂級美容保養，跟你聊最煽情的兩性話題。每一集都有藝人現身說法，或做現場示範，提供最新潮的流行元素，幫你變得更健康、更美麗，恢復年輕的自信光采！"
          },
          {
            "content_id": "VOD00373331",
            "time_codes": [
              819000,
              1702000,
              2198000
            ],
            "timecode_duration": [],
            "length": 2845000,
            "asset_id": "vod9700-005433M001",
            "title": "",
            "subtitle": "第5433集 解放腳趾也要時髦在線 夏日穿涼鞋不踩雷",
            "ep_number": 5433,
            "rating": 1,
            "content_type": "show",
            "p_start": 1762095900000,
            "vod_channel_description": "給你最豐富的時尚資訊、頂級美容保養，跟你聊最煽情的兩性話題。每一集都有藝人現身說法，或做現場示範，提供最新潮的流行元素，幫你變得更健康、更美麗，恢復年輕的自信光采！"
          },
          {
            "content_id": "VOD00373332",
            "time_codes": [
              867000,
              1844000,
              2209000
            ],
            "timecode_duration": [],
            "length": 2845000,
            "asset_id": "vod9700-005435M001",
            "title": "",
            "subtitle": "第5435集 頂級之夜   風格女王的不朽傳承",
            "ep_number": 5435,
            "rating": 1,
            "content_type": "show",
            "p_start": 1762098900000,
            "vod_channel_description": "給你最豐富的時尚資訊、頂級美容保養，跟你聊最煽情的兩性話題。每一集都有藝人現身說法，或做現場示範，提供最新潮的流行元素，幫你變得更健康、更美麗，恢復年輕的自信光采！"
          },
          {
            "content_id": "VOD00373333",
            "time_codes": [
              783000,
              1943000,
              2359000
            ],
            "timecode_duration": [],
            "length": 2845000,
            "asset_id": "vod9700-005437M001",
            "title": "",
            "subtitle": "第5437集 妝容扛得住出場不失誤 日韓泰彩妝大亂鬥",
            "ep_number": 5437,
            "rating": 1,
            "content_type": "show",
            "p_start": 1762101900000,
            "vod_channel_description": "給你最豐富的時尚資訊、頂級美容保養，跟你聊最煽情的兩性話題。每一集都有藝人現身說法，或做現場示範，提供最新潮的流行元素，幫你變得更健康、更美麗，恢復年輕的自信光采！"
          },
          {
            "content_id": "VOD00373334",
            "time_codes": [
              973000,
              1938000,
              2427000
            ],
            "timecode_duration": [],
            "length": 2838000,
            "asset_id": "vod9700-005439M001",
            "title": "",
            "subtitle": "第5439集 夏日歐若系正夯 服裝彩妝你GET沒?",
            "ep_number": 5439,
            "rating": 1,
            "content_type": "show",
            "p_start": 1762104900000,
            "vod_channel_description": "給你最豐富的時尚資訊、頂級美容保養，跟你聊最煽情的兩性話題。每一集都有藝人現身說法，或做現場示範，提供最新潮的流行元素，幫你變得更健康、更美麗，恢復年輕的自信光采！"
          },
          {
            "content_id": "VOD00373335",
            "time_codes": [
              774000,
              1488000,
              2016000
            ],
            "timecode_duration": [],
            "length": 2845000,
            "asset_id": "vod9700-005440M001",
            "title": "",
            "subtitle": "第5440集 末日求生術 你活下來了嗎?",
            "ep_number": 5440,
            "rating": 1,
            "content_type": "show",
            "p_start": 1762107900000,
            "vod_channel_description": "給你最豐富的時尚資訊、頂級美容保養，跟你聊最煽情的兩性話題。每一集都有藝人現身說法，或做現場示範，提供最新潮的流行元素，幫你變得更健康、更美麗，恢復年輕的自信光采！"
          },
          {
            "content_id": "VOD00373336",
            "time_codes": [
              817000,
              1612000,
              2559000
            ],
            "timecode_duration": [],
            "length": 2845000,
            "asset_id": "vod9700-005441M001",
            "title": "",
            "subtitle": "第5441集 愛最大! 身為同志路上的笑與淚",
            "ep_number": 5441,
            "rating": 1,
            "content_type": "show",
            "p_start": 1762110900000,
            "vod_channel_description": "給你最豐富的時尚資訊、頂級美容保養，跟你聊最煽情的兩性話題。每一集都有藝人現身說法，或做現場示範，提供最新潮的流行元素，幫你變得更健康、更美麗，恢復年輕的自信光采！"
          },
          {
            "content_id": "VOD00373337",
            "time_codes": [
              789000,
              1467000,
              2196000
            ],
            "timecode_duration": [],
            "length": 2845000,
            "asset_id": "vod9700-005444M001",
            "title": "",
            "subtitle": "第5444集 現代人的焦慮大禮包  裡面裝的全是煩惱",
            "ep_number": 5444,
            "rating": 1,
            "content_type": "show",
            "p_start": 1762113900000,
            "vod_channel_description": "給你最豐富的時尚資訊、頂級美容保養，跟你聊最煽情的兩性話題。每一集都有藝人現身說法，或做現場示範，提供最新潮的流行元素，幫你變得更健康、更美麗，恢復年輕的自信光采！"
          },
          {
            "content_id": "VOD00373338",
            "time_codes": [
              712000,
              1516000,
              2455000
            ],
            "timecode_duration": [],
            "length": 2841000,
            "asset_id": "vod9700-005446M001",
            "title": "",
            "subtitle": "第5446集 演唱會戰袍大解析！這樣讓GD一眼就看見你?",
            "ep_number": 5446,
            "rating": 1,
            "content_type": "show",
            "p_start": 1762116900000,
            "vod_channel_description": "給你最豐富的時尚資訊、頂級美容保養，跟你聊最煽情的兩性話題。每一集都有藝人現身說法，或做現場示範，提供最新潮的流行元素，幫你變得更健康、更美麗，恢復年輕的自信光采！"
          },
          {
            "content_id": "VOD00373339",
            "time_codes": [
              1075000,
              2092000,
              2587000
            ],
            "timecode_duration": [],
            "length": 2845000,
            "asset_id": "vod9700-005448M001",
            "title": "",
            "subtitle": "第5448集 嚇！夏！夏！夏日大作戰！ 明星教你擺脫蚊蟲潮濕異味",
            "ep_number": 5448,
            "rating": 1,
            "content_type": "show",
            "p_start": 1762119900000,
            "vod_channel_description": "給你最豐富的時尚資訊、頂級美容保養，跟你聊最煽情的兩性話題。每一集都有藝人現身說法，或做現場示範，提供最新潮的流行元素，幫你變得更健康、更美麗，恢復年輕的自信光采！"
          },
          {
            "content_id": "VOD00375227",
            "time_codes": [
              742000,
              1525000,
              2545000
            ],
            "timecode_duration": [],
            "length": 2844000,
            "asset_id": "vod9700-005449M001",
            "title": "",
            "subtitle": "第5449集 不顯美不出門  桃花盛開就從穿搭開始！",
            "ep_number": 5449,
            "rating": 1,
            "content_type": "show",
            "p_start": 1762122900000,
            "vod_channel_description": "給你最豐富的時尚資訊、頂級美容保養，跟你聊最煽情的兩性話題。每一集都有藝人現身說法，或做現場示範，提供最新潮的流行元素，幫你變得更健康、更美麗，恢復年輕的自信光采！"
          },
          {
            "content_id": "VOD00375228",
            "time_codes": [
              862000,
              1636000,
              2474000
            ],
            "timecode_duration": [],
            "length": 2842000,
            "asset_id": "vod9700-005450M001",
            "title": "",
            "subtitle": "第5450集 驚！便利商店這樣吃會上癮   小心！你回不去了！",
            "ep_number": 5450,
            "rating": 1,
            "content_type": "show",
            "p_start": 1762125900000,
            "vod_channel_description": "給你最豐富的時尚資訊、頂級美容保養，跟你聊最煽情的兩性話題。每一集都有藝人現身說法，或做現場示範，提供最新潮的流行元素，幫你變得更健康、更美麗，恢復年輕的自信光采！"
          },
          {
            "content_id": "VOD00375229",
            "time_codes": [
              749000,
              1464000,
              2396000
            ],
            "timecode_duration": [],
            "length": 2845000,
            "asset_id": "vod9700-005451M001",
            "title": "",
            "subtitle": "第5451集 夏日小白鞋的逆襲  沒有怎麼混穿搭圈？",
            "ep_number": 5451,
            "rating": 1,
            "content_type": "show",
            "p_start": 1762128900000,
            "vod_channel_description": "給你最豐富的時尚資訊、頂級美容保養，跟你聊最煽情的兩性話題。每一集都有藝人現身說法，或做現場示範，提供最新潮的流行元素，幫你變得更健康、更美麗，恢復年輕的自信光采！"
          },
          {
            "content_id": "VOD00375230",
            "time_codes": [
              700000,
              1555000,
              2500000
            ],
            "timecode_duration": [],
            "length": 2845000,
            "asset_id": "vod9700-005452M001",
            "title": "",
            "subtitle": "第5452集 潮流曬娃大會 你入坑了沒？",
            "ep_number": 5452,
            "rating": 1,
            "content_type": "show",
            "p_start": 1762131900000,
            "vod_channel_description": "給你最豐富的時尚資訊、頂級美容保養，跟你聊最煽情的兩性話題。每一集都有藝人現身說法，或做現場示範，提供最新潮的流行元素，幫你變得更健康、更美麗，恢復年輕的自信光采！"
          },
          {
            "content_id": "VOD00375231",
            "time_codes": [
              823000,
              1627000,
              2520000
            ],
            "timecode_duration": [],
            "length": 2845000,
            "asset_id": "vod9700-005453M001",
            "title": "",
            "subtitle": "第5453集 夏日限定！ 女星們的S曲線養成術",
            "ep_number": 5453,
            "rating": 1,
            "content_type": "show",
            "p_start": 1762134900000,
            "vod_channel_description": "給你最豐富的時尚資訊、頂級美容保養，跟你聊最煽情的兩性話題。每一集都有藝人現身說法，或做現場示範，提供最新潮的流行元素，幫你變得更健康、更美麗，恢復年輕的自信光采！"
          },
          {
            "content_id": "VOD00375232",
            "time_codes": [
              874000,
              1609000,
              2370000
            ],
            "timecode_duration": [],
            "length": 2845000,
            "asset_id": "vod9700-005454M001",
            "title": "",
            "subtitle": "第5454集 女星改造企劃  時尚變身還是慘不忍睹？",
            "ep_number": 5454,
            "rating": 1,
            "content_type": "show",
            "p_start": 1762137900000,
            "vod_channel_description": "給你最豐富的時尚資訊、頂級美容保養，跟你聊最煽情的兩性話題。每一集都有藝人現身說法，或做現場示範，提供最新潮的流行元素，幫你變得更健康、更美麗，恢復年輕的自信光采！"
          },
          {
            "content_id": "VOD00376791",
            "time_codes": [
              719000,
              1496000,
              2560000
            ],
            "timecode_duration": [],
            "length": 2844000,
            "asset_id": "vod9700-005456M001",
            "title": "",
            "subtitle": "第5456集 救命啊熱爆了！ 夏日猛男肌情消暑",
            "ep_number": 5456,
            "rating": 1,
            "content_type": "show",
            "p_start": 1762140900000,
            "vod_channel_description": "給你最豐富的時尚資訊、頂級美容保養，跟你聊最煽情的兩性話題。每一集都有藝人現身說法，或做現場示範，提供最新潮的流行元素，幫你變得更健康、更美麗，恢復年輕的自信光采！"
          },
          {
            "content_id": "VOD00376792",
            "time_codes": [
              782000,
              1599000,
              2472000
            ],
            "timecode_duration": [],
            "length": 2837000,
            "asset_id": "vod9700-005457M001",
            "title": "",
            "subtitle": "第5457集 台灣竟是詐騙天堂!？ 你被榨乾了嗎?",
            "ep_number": 5457,
            "rating": 1,
            "content_type": "show",
            "p_start": 1762143900000,
            "vod_channel_description": "給你最豐富的時尚資訊、頂級美容保養，跟你聊最煽情的兩性話題。每一集都有藝人現身說法，或做現場示範，提供最新潮的流行元素，幫你變得更健康、更美麗，恢復年輕的自信光采！"
          },
          {
            "content_id": "VOD00376793",
            "time_codes": [
              744000,
              1480000,
              2548000
            ],
            "timecode_duration": [],
            "length": 2845000,
            "asset_id": "vod9700-005458M001",
            "title": "",
            "subtitle": "第5458集 母胎單身大作戰  戀愛0經驗也能脫單?",
            "ep_number": 5458,
            "rating": 1,
            "content_type": "show",
            "p_start": 1762146900000,
            "vod_channel_description": "給你最豐富的時尚資訊、頂級美容保養，跟你聊最煽情的兩性話題。每一集都有藝人現身說法，或做現場示範，提供最新潮的流行元素，幫你變得更健康、更美麗，恢復年輕的自信光采！"
          },
          {
            "content_id": "VOD00376794",
            "time_codes": [
              739000,
              1514000,
              2456000
            ],
            "timecode_duration": [],
            "length": 2844000,
            "asset_id": "vod9700-005461M001",
            "title": "",
            "subtitle": "第5461集 告別窮鬼體質！ 2025下半年財運錢包這樣挑",
            "ep_number": 5461,
            "rating": 1,
            "content_type": "show",
            "p_start": 1762149900000,
            "vod_channel_description": "給你最豐富的時尚資訊、頂級美容保養，跟你聊最煽情的兩性話題。每一集都有藝人現身說法，或做現場示範，提供最新潮的流行元素，幫你變得更健康、更美麗，恢復年輕的自信光采！"
          },
          {
            "content_id": "VOD00376795",
            "time_codes": [
              888000,
              1585000,
              2546000
            ],
            "timecode_duration": [],
            "length": 2845000,
            "asset_id": "vod9700-005463M001",
            "title": "",
            "subtitle": "第5463集 猛男今晚不只撩身體  更撫慰你的靈魂",
            "ep_number": 5463,
            "rating": 1,
            "content_type": "show",
            "p_start": 1762152900000,
            "vod_channel_description": "給你最豐富的時尚資訊、頂級美容保養，跟你聊最煽情的兩性話題。每一集都有藝人現身說法，或做現場示範，提供最新潮的流行元素，幫你變得更健康、更美麗，恢復年輕的自信光采！"
          },
          {
            "content_id": "VOD00376796",
            "time_codes": [
              701000,
              1569000,
              2449000
            ],
            "timecode_duration": [],
            "length": 2841000,
            "asset_id": "vod9700-005464M001",
            "title": "",
            "subtitle": "第5464集 別再看了就是你!  再瘦一點就完美",
            "ep_number": 5464,
            "rating": 1,
            "content_type": "show",
            "p_start": 1762155900000,
            "vod_channel_description": "給你最豐富的時尚資訊、頂級美容保養，跟你聊最煽情的兩性話題。每一集都有藝人現身說法，或做現場示範，提供最新潮的流行元素，幫你變得更健康、更美麗，恢復年輕的自信光采！"
          },
          {
            "content_id": "VOD00376797",
            "time_codes": [
              787000,
              1563000,
              2507000
            ],
            "timecode_duration": [],
            "length": 2845000,
            "asset_id": "vod9700-005465M001",
            "title": "",
            "subtitle": "第5465集 詭門開了！今夜不只涼！是發寒",
            "ep_number": 5465,
            "rating": 1,
            "content_type": "show",
            "p_start": 1762158900000,
            "vod_channel_description": "給你最豐富的時尚資訊、頂級美容保養，跟你聊最煽情的兩性話題。每一集都有藝人現身說法，或做現場示範，提供最新潮的流行元素，幫你變得更健康、更美麗，恢復年輕的自信光采！"
          },
          {
            "content_id": "VOD00376798",
            "time_codes": [
              983000,
              1844000,
              2281000
            ],
            "timecode_duration": [],
            "length": 2845000,
            "asset_id": "vod9700-005466M001",
            "title": "",
            "subtitle": "第5466集 可以當尤物   誰要當黃臉婆!",
            "ep_number": 5466,
            "rating": 1,
            "content_type": "show",
            "p_start": 1762161900000,
            "vod_channel_description": "給你最豐富的時尚資訊、頂級美容保養，跟你聊最煽情的兩性話題。每一集都有藝人現身說法，或做現場示範，提供最新潮的流行元素，幫你變得更健康、更美麗，恢復年輕的自信光采！"
          },
          {
            "content_id": "VOD00376799",
            "time_codes": [
              1004000,
              2033000,
              2484000
            ],
            "timecode_duration": [],
            "length": 2845000,
            "asset_id": "vod9700-005469M001",
            "title": "",
            "subtitle": "第5469集 關稅一變 買房變陷阱？  這些風險你想過嗎？",
            "ep_number": 5469,
            "rating": 1,
            "content_type": "show",
            "p_start": 1762164900000,
            "vod_channel_description": "給你最豐富的時尚資訊、頂級美容保養，跟你聊最煽情的兩性話題。每一集都有藝人現身說法，或做現場示範，提供最新潮的流行元素，幫你變得更健康、更美麗，恢復年輕的自信光采！"
          },
          {
            "content_id": "VOD00376800",
            "time_codes": [
              881000,
              1602000,
              2447000
            ],
            "timecode_duration": [],
            "length": 2845000,
            "asset_id": "vod9700-005472M001",
            "title": "",
            "subtitle": "第5472集 不是老了！是進化   女人的下一個階段",
            "ep_number": 5472,
            "rating": 1,
            "content_type": "show",
            "p_start": 1762167900000,
            "vod_channel_description": "給你最豐富的時尚資訊、頂級美容保養，跟你聊最煽情的兩性話題。每一集都有藝人現身說法，或做現場示範，提供最新潮的流行元素，幫你變得更健康、更美麗，恢復年輕的自信光采！"
          },
          {
            "content_id": "VOD00378480",
            "time_codes": [
              758000,
              1605000,
              2404000
            ],
            "timecode_duration": [],
            "length": 2845000,
            "asset_id": "vod9700-005473M001",
            "title": "",
            "subtitle": "第5473集 明明30歲卻被說像阿姨  是體態出賣你！",
            "ep_number": 5473,
            "rating": 1,
            "content_type": "show",
            "p_start": 1762170900000,
            "vod_channel_description": "給你最豐富的時尚資訊、頂級美容保養，跟你聊最煽情的兩性話題。每一集都有藝人現身說法，或做現場示範，提供最新潮的流行元素，幫你變得更健康、更美麗，恢復年輕的自信光采！"
          },
          {
            "content_id": "VOD00378812",
            "time_codes": [
              797000,
              1617000,
              2508000
            ],
            "timecode_duration": [],
            "length": 2841000,
            "asset_id": "vod9700-005477M001",
            "title": "",
            "subtitle": "第5477集 昔日醜小鴨成時尚天花板  逆風翻盤全紀錄",
            "ep_number": 5477,
            "rating": 1,
            "content_type": "show",
            "p_start": 1762173900000,
            "vod_channel_description": "給你最豐富的時尚資訊、頂級美容保養，跟你聊最煽情的兩性話題。每一集都有藝人現身說法，或做現場示範，提供最新潮的流行元素，幫你變得更健康、更美麗，恢復年輕的自信光采！"
          },
          {
            "content_id": "VOD00379954",
            "time_codes": [
              881000,
              1929000,
              2435000
            ],
            "timecode_duration": [],
            "length": 2845000,
            "asset_id": "vod9700-005483M001",
            "title": "",
            "subtitle": "第5483集 中性風正流行！懂穿搭的人不問性別",
            "ep_number": 5483,
            "rating": 1,
            "content_type": "show",
            "p_start": 1762176900000,
            "vod_channel_description": "給你最豐富的時尚資訊、頂級美容保養，跟你聊最煽情的兩性話題。每一集都有藝人現身說法，或做現場示範，提供最新潮的流行元素，幫你變得更健康、更美麗，恢復年輕的自信光采！"
          },
          {
            "content_id": "VOD00381168",
            "time_codes": [
              810000,
              1587000,
              2572000
            ],
            "timecode_duration": [],
            "length": 2845000,
            "asset_id": "vod9700-005485M001",
            "title": "",
            "subtitle": "第5485集 排到天荒地老？ 這些東西真的值得搶！",
            "ep_number": 5485,
            "rating": 1,
            "content_type": "show",
            "p_start": 1762179900000,
            "vod_channel_description": "給你最豐富的時尚資訊、頂級美容保養，跟你聊最煽情的兩性話題。每一集都有藝人現身說法，或做現場示範，提供最新潮的流行元素，幫你變得更健康、更美麗，恢復年輕的自信光采！"
          },
          {
            "content_id": "VOD00381169",
            "time_codes": [
              800000,
              1613000,
              2506000
            ],
            "timecode_duration": [],
            "length": 2844000,
            "asset_id": "vod9700-005486M001",
            "title": "",
            "subtitle": "第5486集 美貌在消失？原來是NG習慣惹的禍",
            "ep_number": 5486,
            "rating": 1,
            "content_type": "show",
            "p_start": 1762182900000,
            "vod_channel_description": "給你最豐富的時尚資訊、頂級美容保養，跟你聊最煽情的兩性話題。每一集都有藝人現身說法，或做現場示範，提供最新潮的流行元素，幫你變得更健康、更美麗，恢復年輕的自信光采！"
          },
          {
            "content_id": "VOD00381170",
            "time_codes": [
              793000,
              1485000,
              2512000
            ],
            "timecode_duration": [],
            "length": 2845000,
            "asset_id": "vod9700-005487M001",
            "title": "",
            "subtitle": "第5487集 甜言蜜語還是奪命咒？ 遇恐怖情人能全身而退嗎",
            "ep_number": 5487,
            "rating": 1,
            "content_type": "show",
            "p_start": 1762185900000,
            "vod_channel_description": "給你最豐富的時尚資訊、頂級美容保養，跟你聊最煽情的兩性話題。每一集都有藝人現身說法，或做現場示範，提供最新潮的流行元素，幫你變得更健康、更美麗，恢復年輕的自信光采！"
          },
          {
            "content_id": "VOD00381171",
            "time_codes": [
              895000,
              1606000,
              2429000
            ],
            "timecode_duration": [],
            "length": 2834000,
            "asset_id": "vod9700-005488M001",
            "title": "",
            "subtitle": "第5488集 一家烤肉能萬家香?  女星中秋也要拚",
            "ep_number": 5488,
            "rating": 1,
            "content_type": "show",
            "p_start": 1762188900000,
            "vod_channel_description": "給你最豐富的時尚資訊、頂級美容保養，跟你聊最煽情的兩性話題。每一集都有藝人現身說法，或做現場示範，提供最新潮的流行元素，幫你變得更健康、更美麗，恢復年輕的自信光采！"
          },
          {
            "content_id": "VOD00381856",
            "time_codes": [
              683000,
              1400000,
              2405000
            ],
            "timecode_duration": [],
            "length": 2845000,
            "asset_id": "vod9700-005491M001",
            "title": "",
            "subtitle": "第5491集 最難駕馭色逆襲！ 2025秋冬深焙棕爆紅穿搭術",
            "ep_number": 5491,
            "rating": 1,
            "content_type": "show",
            "p_start": 1762191900000,
            "vod_channel_description": "給你最豐富的時尚資訊、頂級美容保養，跟你聊最煽情的兩性話題。每一集都有藝人現身說法，或做現場示範，提供最新潮的流行元素，幫你變得更健康、更美麗，恢復年輕的自信光采！"
          }
        ],
        "total_length": 273099000,
        "focus_index": 21,
        "next_index": 22,
        "time": 2282658,
        "focus_program": {
          "content_id": "VOD00368488",
          "time_codes": [
            827000,
            1643000,
            2365000
          ],
          "timecode_duration": [],
          "length": 2850000,
          "asset_id": "vod9700-005349M001",
          "title": "",
          "subtitle": "第5349集 沒跟上流行醜一年 2025髮型髮色趨勢",
          "ep_number": 5349,
          "rating": 1,
          "content_type": "show",
          "p_start": 1761969900000,
          "vod_channel_description": "給你最豐富的時尚資訊、頂級美容保養，跟你聊最煽情的兩性話題。每一集都有藝人現身說法，或做現場示範，提供最新潮的流行元素，幫你變得更健康、更美麗，恢復年輕的自信光采！"
        }
      },
      "station_categories": [
        {
          "Name": "綜藝",
          "EngName": "Entertainment",
          "MenuOrder": 8
        }
      ]
    },
    "introduction": {
      "image": "https://p-cdnstatic.svc.litv.tv/pics/vod_channel/logo_3571_ofiii137_mobile_20241211.png",
      "description": "",
      "href_maps": []
    },
    "recommends": [],
    "ua": "Mozilla/5.0 (Windows NT 10.0; Win64; x64) AppleWebKit/537.36 (KHTML, like Gecko) Chrome/91.0.4472.124 Safari/537.36"
  },
  "__N_SSP": true
}