{
  "pageProps": {
    "contentId": "ofiii146",
    "channel": {
      "title": "白雪公主非死不可",
      "no": 146,
      "charge_mode": "F",
      "content_id": "ofiii146",
      "content_type": "vod-channel",
      "epg_categories": [
        4
      ],
      "genres": [
        {
          "id": "",
          "name": "VOD_CHANNEL",
          "logo": ""
        }
      ],
      "liad_id": "VODCHNEWOFIWEB",
      "package_info_id": "VOD_CHANNEL_DELUX",
      "picture": "pics/vod_channel/logo_3515_ofiii146_tv_20250225.png",
      "provider": [
        {
          "id": "",
          "name": "世詮多媒體",
          "logo": ""
        }
      ],
      "quality": "HD",
      "station_id": "station6449",
      "trial": "",
      "selectable": 1,
      "tr_logo": "pics/vod_channel/tr_logo_1730699941.png",
      "tl_logo": "",
      "br_logo": "",
      "bl_logo": "",
      "menu_type": 1,
      "vod_channel_schedule": {
        "channel_id": 146,
        "cdn_code": "ofiii146",
        "start_time": 1762243482000,
        "programs": [
          {
            "content_id": "VOD00345681",
            "time_codes": [
              740000,
              1428000,
              2161000,
              2877000
            ],
            "timecode_duration": [],
            "length": 3830000,
            "asset_id": "vod73925-000001M001",
            "title": "",
            "subtitle": "第1集",
            "ep_number": 1,
            "rating": 1,
            "content_type": "drama",
            "p_start": 1740483900000,
            "vod_channel_description": "背負了殺人罪前科的青年正宇，出獄後面對遭到顛覆的人生、滿懷敵意的鄰里、不再親暱的摯友與家人，仍舊試圖為自己翻案，重新發掘十年前案發當天的真相。"
          },
          {
            "content_id": "VOD00345682",
            "time_codes": [
              676000,
              1419000,
              2202000,
              2941000
            ],
            "timecode_duration": [],
            "length": 3841000,
            "asset_id": "vod73925-000002M001",
            "title": "",
            "subtitle": "第2集",
            "ep_number": 2,
            "rating": 1,
            "content_type": "drama",
            "p_start": 1740487800000,
            "vod_channel_description": "背負了殺人罪前科的青年正宇，出獄後面對遭到顛覆的人生、滿懷敵意的鄰里、不再親暱的摯友與家人，仍舊試圖為自己翻案，重新發掘十年前案發當天的真相。"
          },
          {
            "content_id": "VOD00345683",
            "time_codes": [
              684000,
              1416000,
              2123000,
              2837000
            ],
            "timecode_duration": [],
            "length": 3833000,
            "asset_id": "vod73925-000003M001",
            "title": "",
            "subtitle": "第3集",
            "ep_number": 3,
            "rating": 1,
            "content_type": "drama",
            "p_start": 1740492000000,
            "vod_channel_description": "背負了殺人罪前科的青年正宇，出獄後面對遭到顛覆的人生、滿懷敵意的鄰里、不再親暱的摯友與家人，仍舊試圖為自己翻案，重新發掘十年前案發當天的真相。"
          },
          {
            "content_id": "VOD00345684",
            "time_codes": [
              784000,
              1381000,
              2165000,
              2987000
            ],
            "timecode_duration": [],
            "length": 3812000,
            "asset_id": "vod73925-000004M001",
            "title": "",
            "subtitle": "第4集",
            "ep_number": 4,
            "rating": 1,
            "content_type": "drama",
            "p_start": 1740495900000,
            "vod_channel_description": "背負了殺人罪前科的青年正宇，出獄後面對遭到顛覆的人生、滿懷敵意的鄰里、不再親暱的摯友與家人，仍舊試圖為自己翻案，重新發掘十年前案發當天的真相。"
          },
          {
            "content_id": "VOD00345685",
            "time_codes": [
              717000,
              1383000,
              2139000,
              2907000
            ],
            "timecode_duration": [],
            "length": 3840000,
            "asset_id": "vod73925-000005M001",
            "title": "",
            "subtitle": "第5集",
            "ep_number": 5,
            "rating": 1,
            "content_type": "drama",
            "p_start": 1740499800000,
            "vod_channel_description": "背負了殺人罪前科的青年正宇，出獄後面對遭到顛覆的人生、滿懷敵意的鄰里、不再親暱的摯友與家人，仍舊試圖為自己翻案，重新發掘十年前案發當天的真相。"
          },
          {
            "content_id": "VOD00345686",
            "time_codes": [
              735000,
              1488000,
              2158000,
              2900000
            ],
            "timecode_duration": [],
            "length": 3914000,
            "asset_id": "vod73925-000006M001",
            "title": "",
            "subtitle": "第6集",
            "ep_number": 6,
            "rating": 1,
            "content_type": "drama",
            "p_start": 1740503700000,
            "vod_channel_description": "背負了殺人罪前科的青年正宇，出獄後面對遭到顛覆的人生、滿懷敵意的鄰里、不再親暱的摯友與家人，仍舊試圖為自己翻案，重新發掘十年前案發當天的真相。"
          },
          {
            "content_id": "VOD00345687",
            "time_codes": [
              686000,
              1467000,
              2159000,
              2871000
            ],
            "timecode_duration": [],
            "length": 3922000,
            "asset_id": "vod73925-000007M001",
            "title": "",
            "subtitle": "第7集",
            "ep_number": 7,
            "rating": 1,
            "content_type": "drama",
            "p_start": 1740507900000,
            "vod_channel_description": "背負了殺人罪前科的青年正宇，出獄後面對遭到顛覆的人生、滿懷敵意的鄰里、不再親暱的摯友與家人，仍舊試圖為自己翻案，重新發掘十年前案發當天的真相。"
          },
          {
            "content_id": "VOD00345688",
            "time_codes": [
              736000,
              1400000,
              2160000,
              2869000
            ],
            "timecode_duration": [],
            "length": 3820000,
            "asset_id": "vod73925-000008M001",
            "title": "",
            "subtitle": "第8集",
            "ep_number": 8,
            "rating": 1,
            "content_type": "drama",
            "p_start": 1740512100000,
            "vod_channel_description": "背負了殺人罪前科的青年正宇，出獄後面對遭到顛覆的人生、滿懷敵意的鄰里、不再親暱的摯友與家人，仍舊試圖為自己翻案，重新發掘十年前案發當天的真相。"
          },
          {
            "content_id": "VOD00345689",
            "time_codes": [
              719000,
              1422000,
              2166000,
              2883000
            ],
            "timecode_duration": [],
            "length": 3937000,
            "asset_id": "vod73925-000009M001",
            "title": "",
            "subtitle": "第9集",
            "ep_number": 9,
            "rating": 1,
            "content_type": "drama",
            "p_start": 1740516000000,
            "vod_channel_description": "背負了殺人罪前科的青年正宇，出獄後面對遭到顛覆的人生、滿懷敵意的鄰里、不再親暱的摯友與家人，仍舊試圖為自己翻案，重新發掘十年前案發當天的真相。"
          },
          {
            "content_id": "VOD00345690",
            "time_codes": [
              714000,
              1409000,
              2147000,
              2932000
            ],
            "timecode_duration": [],
            "length": 3837000,
            "asset_id": "vod73925-000010M001",
            "title": "",
            "subtitle": "第10集",
            "ep_number": 10,
            "rating": 1,
            "content_type": "drama",
            "p_start": 1740520200000,
            "vod_channel_description": "背負了殺人罪前科的青年正宇，出獄後面對遭到顛覆的人生、滿懷敵意的鄰里、不再親暱的摯友與家人，仍舊試圖為自己翻案，重新發掘十年前案發當天的真相。"
          },
          {
            "content_id": "VOD00345691",
            "time_codes": [
              709000,
              1433000,
              2189000,
              2942000
            ],
            "timecode_duration": [],
            "length": 3907000,
            "asset_id": "vod73925-000011M001",
            "title": "",
            "subtitle": "第11集",
            "ep_number": 11,
            "rating": 1,
            "content_type": "drama",
            "p_start": 1740524100000,
            "vod_channel_description": "背負了殺人罪前科的青年正宇，出獄後面對遭到顛覆的人生、滿懷敵意的鄰里、不再親暱的摯友與家人，仍舊試圖為自己翻案，重新發掘十年前案發當天的真相。"
          },
          {
            "content_id": "VOD00345692",
            "time_codes": [
              673000,
              1451000,
              2153000,
              2926000
            ],
            "timecode_duration": [],
            "length": 3840000,
            "asset_id": "vod73925-000012M001",
            "title": "",
            "subtitle": "第12集",
            "ep_number": 12,
            "rating": 1,
            "content_type": "drama",
            "p_start": 1740528300000,
            "vod_channel_description": "背負了殺人罪前科的青年正宇，出獄後面對遭到顛覆的人生、滿懷敵意的鄰里、不再親暱的摯友與家人，仍舊試圖為自己翻案，重新發掘十年前案發當天的真相。"
          },
          {
            "content_id": "VOD00345693",
            "time_codes": [
              693000,
              1491000,
              2126000,
              2857000
            ],
            "timecode_duration": [],
            "length": 3902000,
            "asset_id": "vod73925-000013M001",
            "title": "",
            "subtitle": "第13集",
            "ep_number": 13,
            "rating": 1,
            "content_type": "drama",
            "p_start": 1740532200000,
            "vod_channel_description": "背負了殺人罪前科的青年正宇，出獄後面對遭到顛覆的人生、滿懷敵意的鄰里、不再親暱的摯友與家人，仍舊試圖為自己翻案，重新發掘十年前案發當天的真相。"
          },
          {
            "content_id": "VOD00345694",
            "time_codes": [
              726000,
              1526000,
              2264000,
              2968000
            ],
            "timecode_duration": [],
            "length": 3759000,
            "asset_id": "vod73925-000014M001",
            "title": "",
            "subtitle": "第14集",
            "ep_number": 14,
            "rating": 1,
            "content_type": "drama",
            "p_start": 1740536400000,
            "vod_channel_description": "背負了殺人罪前科的青年正宇，出獄後面對遭到顛覆的人生、滿懷敵意的鄰里、不再親暱的摯友與家人，仍舊試圖為自己翻案，重新發掘十年前案發當天的真相。"
          }
        ],
        "total_length": 53994000,
        "focus_index": 0,
        "next_index": 1,
        "time": 2669763,
        "focus_program": {
          "content_id": "VOD00345681",
          "time_codes": [
            740000,
            1428000,
            2161000,
            2877000
          ],
          "timecode_duration": [],
          "length": 3830000,
          "asset_id": "vod73925-000001M001",
          "title": "",
          "subtitle": "第1集",
          "ep_number": 1,
          "rating": 1,
          "content_type": "drama",
          "p_start": 1740483900000,
          "vod_channel_description": "背負了殺人罪前科的青年正宇，出獄後面對遭到顛覆的人生、滿懷敵意的鄰里、不再親暱的摯友與家人，仍舊試圖為自己翻案，重新發掘十年前案發當天的真相。"
        }
      },
      "station_categories": [
        {
          "Name": "戲劇",
          "EngName": "Drama",
          "MenuOrder": 7
        }
      ]
    },
    "introduction": {
      "image": "https://p-cdnstatic.svc.litv.tv/pics/vod_channel/logo_3515_ofiii146_mobile_20241104.png",
      "description": "",
      "href_maps": []
    },
    "recommends": [],
    "ua": "Mozilla/5.0 (Windows NT 10.0; Win64; x64) AppleWebKit/537.36 (KHTML, like Gecko) Chrome/114.0.0.0 Safari/537.36 Edg/114.0.1823.86"
  },
  "__N_SSP": true
}